{
    "corr_B0_M_tau_M": 0.6135305160040496,
    "lambda_tau|BDT-0.3": -0.0036483281113943193,
    "lambda_tau|BDT-0.3_err": 0.0004142859991191548,
    "mu_tau|BDT-0.3": 1968.6277376942605,
    "mu_tau|BDT-0.3_err": 0.17277133763098015,
    "n_bkg_tau|BDT-0.3": 7811.96757689185,
    "n_bkg_tau|BDT-0.3_err": 128.52158417527548,
    "n_sig_tau|BDT-0.3": 6429.082267404527,
    "n_sig_tau|BDT-0.3_err": 123.03065708188932,
    "sigma_tau|BDT-0.3": 9.245990572557758,
    "sigma_tau|BDT-0.3_err": 0.17416549243641868
}