{
    "corr_B0_M_tau_M": 0.5787649659835215,
    "lambda_tau|BDT0.15": -0.003936647675175365,
    "lambda_tau|BDT0.15_err": 0.00077215641380161,
    "mu_tau|BDT0.15": 1968.6725092371125,
    "mu_tau|BDT0.15_err": 0.24591629109205632,
    "n_bkg_tau|BDT0.15": 2262.354809560238,
    "n_bkg_tau|BDT0.15_err": 68.945732626973,
    "n_sig_tau|BDT0.15": 2640.558346838837,
    "n_sig_tau|BDT0.15_err": 71.63783895000404,
    "sigma_tau|BDT0.15": 9.11102034665499,
    "sigma_tau|BDT0.15_err": 0.24174213628379634
}