{
    "lambda_ga|-0.24": -0.0024897242605181006,
    "lambda_ga|-0.24_err": 0.00010165821855425193,
    "mu_ga|-0.24": 1968.6330848673044,
    "mu_ga|-0.24_err": 0.16850498454974724,
    "n_bkg_ga|-0.24": 46833.73921617092,
    "n_bkg_ga|-0.24_err": 264.2754089803821,
    "n_sig_ga|-0.24": 10424.46368201205,
    "n_sig_ga|-0.24_err": 183.17692871280593,
    "sigma_ga|-0.24": 9.410993828233572,
    "sigma_ga|-0.24_err": 0.1745615084985427
}