{
    "frac|BDT0.5": 0.41029080554496256,
    "frac|BDT0.5_err": 0.02170971892618369,
    "lambda|BDT0.5": -0.002022281756124858,
    "lambda|BDT0.5_err": 0.00040783516619710567,
    "mu|BDT0.5": 5278.911024036034,
    "mu|BDT0.5_err": 0.0847554807823623,
    "n_B": 676.8911244131805,
    "n_B_err": 37.170100509054286,
    "n_bkg|BDT0.5": 2609.9664391440447,
    "n_bkg|BDT0.5_err": 143.32100299342264,
    "n_sig|BDT0.5": 41387.99128508305,
    "n_sig|BDT0.5_err": 240.14709083735647,
    "sigmaL|BDT0.5": 10.82952556744005,
    "sigmaL|BDT0.5_err": 0.23523471185431627,
    "sigmaR|BDT0.5": 17.4157198135662,
    "sigmaR|BDT0.5_err": 0.21859707260279862
}