{
    "alphaL": 2.032652256499463,
    "alphaL_err": 0.10811892347545604,
    "alphaR": -1.7656247571047547,
    "alphaR_err": 0.12613877170369692,
    "frac": 0.47021665759394515,
    "frac_err": 0.04041873773542381,
    "lambda": -0.00031530633140561064,
    "lambda_err": 0.00018674057021720068,
    "mu": 5278.9001545132705,
    "mu_err": 0.09162907067112346,
    "nL": 0.4368034417751325,
    "nL_err": 0.13304237519522985,
    "n_bkg": 27248.095520198513,
    "n_bkg_err": 654.1584449640179,
    "n_sig": 54571.35670100774,
    "n_sig_err": 1230.2663228649958,
    "r_bkgK": 0.034754054837981975,
    "r_bkgK_err": 0.015311718614009403,
    "sigmaL": 11.111050402214012,
    "sigmaL_err": 0.33450919573692756,
    "sigmaR": 18.903210285557556,
    "sigmaR_err": 0.6053190234608756
}