{
    "frac|BDT-2.75": 0.43998884855941167,
    "frac|BDT-2.75_err": 0.021947588776377945,
    "lambda|BDT-2.75": -0.0012667433030106728,
    "lambda|BDT-2.75_err": 0.00017221084165806844,
    "mu|BDT-2.75": 5278.896291213006,
    "mu|BDT-2.75_err": 0.07815694441726927,
    "n_B": 2482.153376540821,
    "n_B_err": 54.584092076155365,
    "n_bkg|BDT-2.75": 9928.077637010918,
    "n_bkg|BDT-2.75_err": 218.32458420963766,
    "n_sig|BDT-2.75": 53522.71917956247,
    "n_sig|BDT-2.75_err": 297.4093045224418,
    "sigmaL|BDT-2.75": 10.98758867324398,
    "sigmaL|BDT-2.75_err": 0.21941191076879885,
    "sigmaR|BDT-2.75": 18.475985650909042,
    "sigmaR|BDT-2.75_err": 0.25836866953591764
}