{
    "corr_B0_M_tau_M": 0.0501149448312069,
    "lambda_tau|BDT-7": -0.003589278026791944,
    "lambda_tau|BDT-7_err": 0.00037448350087953414,
    "mu_tau|BDT-7": 1968.5868310987598,
    "mu_tau|BDT-7_err": 0.17339791132718885,
    "n_bkg_tau|BDT-7": 9528.059493337822,
    "n_bkg_tau|BDT-7_err": 140.9637923653855,
    "n_sig_tau|BDT-7": 6788.913258335572,
    "n_sig_tau|BDT-7_err": 130.89189802028824,
    "sigma_tau|BDT-7": 9.252583001339612,
    "sigma_tau|BDT-7_err": 0.17439713564767492
}