{
    "corr_B0_M_tau_M": 0.04952066449835501,
    "lambda_tau|BDT-7.5": -0.003536540200369802,
    "lambda_tau|BDT-7.5_err": 0.0003702494691249809,
    "mu_tau|BDT-7.5": 1968.5933292277914,
    "mu_tau|BDT-7.5_err": 0.1733869883355799,
    "n_bkg_tau|BDT-7.5": 9729.460610099995,
    "n_bkg_tau|BDT-7.5_err": 142.0048208836954,
    "n_sig_tau|BDT-7.5": 6783.523720652686,
    "n_sig_tau|BDT-7.5_err": 131.23247935888108,
    "sigma_tau|BDT-7.5": 9.216725259396183,
    "sigma_tau|BDT-7.5_err": 0.17416314675142774
}