{
    "frac|BDT0.15": 0.4079086640070028,
    "frac|BDT0.15_err": 0.061461267797766714,
    "lambda|BDT0.15": -0.00475459942940336,
    "lambda|BDT0.15_err": 0.0005273463797973882,
    "mu|BDT0.15": 5279.9502548584205,
    "mu|BDT0.15_err": 0.1445948030030738,
    "n_B": 1485.8292881656885,
    "n_B_err": 120.75434842911018,
    "n_bkg2|BDT0.15": 122.05295067356516,
    "n_bkg2|BDT0.15_err": 60.84784223794777,
    "n_bkg|BDT0.15": 3700.8875776434193,
    "n_bkg|BDT0.15_err": 300.7736296539366,
    "n_sig|BDT0.15": 24936.14421981886,
    "n_sig|BDT0.15_err": 233.2753142656865,
    "r_bkgK|BDT0.15": 0.011289409469661817,
    "r_bkgK|BDT0.15_err": 0.010951064784740557,
    "sigma2|BDT0.15": 33.302113335783964,
    "sigma2|BDT0.15_err": 8.285445081038795,
    "sigmaL|BDT0.15": 13.01388327427512,
    "sigmaL|BDT0.15_err": 0.6537339166949904,
    "sigmaR|BDT0.15": 21.511151904293648,
    "sigmaR|BDT0.15_err": 0.48342176913670293
}