{
    "lambda_B0Ds|BDT0.2": -0.014315606697542477,
    "lambda_B0Ds|BDT0.2_err": 0.01775738656376492,
    "mu_B0Ds|BDT0.2": 5280.426419389779,
    "mu_B0Ds|BDT0.2_err": 0.9376432247005325,
    "n_bkg2_B0Ds|BDT0.2": 232.86269355620036,
    "n_bkg2_B0Ds|BDT0.2_err": 86.69582619696739,
    "n_bkg_B0Ds|BDT0.2": 75.63902133390171,
    "n_bkg_B0Ds|BDT0.2_err": 99.2767446670859,
    "n_sig_B0Ds|BDT0.2": 583.817636359298,
    "n_sig_B0Ds|BDT0.2_err": 33.21346102855584,
    "sigma2_B0Ds|BDT0.2": 68.78847832036381,
    "sigma2_B0Ds|BDT0.2_err": 8.006486908999042,
    "sigma_B0Ds|BDT0.2": 15.109886266312945,
    "sigma_B0Ds|BDT0.2_err": 1.3688382778661499
}