{
    "corr_B0_M_tau_M": 0.05222442272325243,
    "lambda_tau|BDT0": -0.004237978209723611,
    "lambda_tau|BDT0_err": 0.0005378295495451069,
    "mu_tau|BDT0": 1968.5944357423791,
    "mu_tau|BDT0_err": 0.18959441409310057,
    "n_bkg_tau|BDT0": 4647.526768629375,
    "n_bkg_tau|BDT0_err": 98.98471848740093,
    "n_sig_tau|BDT0": 4642.469277484708,
    "n_sig_tau|BDT0_err": 98.976440376927,
    "sigma_tau|BDT0": 9.015373952621104,
    "sigma_tau|BDT0_err": 0.19260124222205321
}