{
    "alphaL|0": 1.252205589711957,
    "alphaL|0_err": 0.017230882037285955,
    "lambda|0": -0.0011490352868312086,
    "lambda|0_err": 0.00013869866786342635,
    "mu2|0": 5057.6712552623,
    "mu2|0_err": 1.7587204731469865,
    "mu|0": 5279.503969438807,
    "mu|0_err": 0.08059332314043559,
    "nL|0": 1.6598661541298665,
    "nL|0_err": 0.027039304914271114,
    "n_bkg2|0": 28518.697297538838,
    "n_bkg2|0_err": 672.6364384316969,
    "n_bkg|0": 39115.92218423667,
    "n_bkg|0_err": 1044.8722504198056,
    "n_sig|0": 97117.23725856448,
    "n_sig|0_err": 525.9988807973115,
    "sigma2|0": 59.000091900317045,
    "sigma2|0_err": 0.04667703669700981,
    "sigma|0": 17.589724536803473,
    "sigma|0_err": 0.0942557456018103
}