{
    "frac|BDT-0.05": 0.3643585097322849,
    "frac|BDT-0.05_err": 0.03631733425680401,
    "lambda|BDT-0.05": -0.0021621932951682663,
    "lambda|BDT-0.05_err": 0.00023000671238517485,
    "mu|BDT-0.05": 5279.612193408636,
    "mu|BDT-0.05_err": 0.1096540901823736,
    "n_B": 2175.412514103576,
    "n_B2": 2844.2550545193503,
    "n_B2_err": 89.08054799422885,
    "n_B_err": 68.13275713861661,
    "n_bkg2|BDT-0.05": 282.5993881994526,
    "n_bkg2|BDT-0.05_err": 77.0882383483594,
    "n_bkg|BDT-0.05": 8829.84613142037,
    "n_bkg|BDT-0.05_err": 276.5460611001955,
    "n_sig|BDT-0.05": 42165.76084623103,
    "n_sig|BDT-0.05_err": 283.79555020836443,
    "sigma2|BDT-0.05": 34.84359040353928,
    "sigma2|BDT-0.05_err": 5.266574567704028,
    "sigmaL|BDT-0.05": 13.179798894006442,
    "sigmaL|BDT-0.05_err": 0.42299692699533775,
    "sigmaR|BDT-0.05": 21.704996653008067,
    "sigmaR|BDT-0.05_err": 0.36390916710962223
}