{
    "frac|BDT0.275": 0.3237050213593161,
    "frac|BDT0.275_err": 0.06014208534928617,
    "lambda|BDT0.275": -0.003946652696761135,
    "lambda|BDT0.275_err": 0.0006520918387530726,
    "mu|BDT0.275": 5279.615012635036,
    "mu|BDT0.275_err": 0.20687026152490684,
    "n_B": 242.32685455756408,
    "n_B2": 317.601247730703,
    "n_B2_err": 31.393525881212042,
    "n_B_err": 23.95297384573268,
    "n_bkg2|BDT0.275": 73.71522914788905,
    "n_bkg2|BDT0.275_err": 23.808460163307295,
    "n_bkg|BDT0.275": 927.695493586567,
    "n_bkg|BDT0.275_err": 91.69873448509833,
    "n_sig|BDT0.275": 11017.743361711586,
    "n_sig|BDT0.275_err": 125.04421749488175,
    "sigmaL|BDT0.275": 12.755170481587058,
    "sigmaL|BDT0.275_err": 0.7712038881547946,
    "sigmaR|BDT0.275": 21.129231470470835,
    "sigmaR|BDT0.275_err": 0.5311397325229671
}