{
    "frac|BDT-0.325": 0.4257267914164062,
    "frac|BDT-0.325_err": 0.03509492633247615,
    "lambda|BDT-0.325": -0.000982299247680814,
    "lambda|BDT-0.325_err": 0.00016475727175449035,
    "mu|BDT-0.325": 5279.497958668902,
    "mu|BDT-0.325_err": 0.10431678373266284,
    "n_B": 4454.78375819437,
    "n_B2": 5819.611673680817,
    "n_B2_err": 120.56641310875455,
    "n_B_err": 92.29091716370941,
    "n_bkg2|BDT-0.325": 472.30833720087116,
    "n_bkg2|BDT-0.325_err": 119.17535486404088,
    "n_bkg|BDT-0.325": 19196.584482120423,
    "n_bkg|BDT-0.325_err": 397.70064820915695,
    "n_sig|BDT-0.325": 50778.90021285655,
    "n_sig|BDT-0.325_err": 353.2080358013984,
    "sigma2|BDT-0.325": 37.73849682590823,
    "sigma2|BDT-0.325_err": 5.680110223186406,
    "sigmaL|BDT-0.325": 13.679602599407545,
    "sigmaL|BDT-0.325_err": 0.3767917537196227,
    "sigmaR|BDT-0.325": 22.802749522575304,
    "sigmaR|BDT-0.325_err": 0.43677334056646716
}