{
    "lambda_tau|0.3": -0.0025901100040509077,
    "lambda_tau|0.3_err": 0.00039838132709678993,
    "lambda|0.3": -0.001684554060371905,
    "lambda|0.3_err": 0.0007302593817471437,
    "mu2|0.3": 5064.450881991339,
    "mu2|0.3_err": 3.422968373471512,
    "mu_tau|0.3": 1968.151562032638,
    "mu_tau|0.3_err": 0.39595008852923474,
    "mu|0.3": 5279.494106040111,
    "mu|0.3_err": 0.16165203415495258,
    "n_bkg2|0.3": 4918.468402655624,
    "n_bkg2|0.3_err": 175.20151377925248,
    "n_bkgK|0.3": 232.86578685060036,
    "n_bkgK|0.3_err": 130.89019282847528,
    "n_bkg_tau|0.3": 3067.0986538457264,
    "n_bkg_tau|0.3_err": 68.17457612993432,
    "n_bkg|0.3": 1940.4547769385824,
    "n_bkg|0.3_err": 273.75389576401466,
    "n_sig_tau|0.3": 1327.1685138933083,
    "n_sig_tau|0.3_err": 53.99700644252003,
    "n_sig|0.3": 17760.28713276372,
    "n_sig|0.3_err": 166.4309498332807,
    "sigma2|0.3": 51.73983190010395,
    "sigma2|0.3_err": 2.633728533315512,
    "sigma_tau|0.3": 9.363934357427016,
    "sigma_tau|0.3_err": 0.4057218332439361,
    "sigma|0.3": 17.80525206689205,
    "sigma|0.3_err": 0.15557418031130876
}