{
    "lambda_ga|0.02": -0.002689458966117559,
    "lambda_ga|0.02_err": 0.000147218938102323,
    "mu_ga|0.02": 1968.5906002413467,
    "mu_ga|0.02_err": 0.18259420746504876,
    "n_bkg_ga|0.02": 22387.446717721872,
    "n_bkg_ga|0.02_err": 183.3201737556336,
    "n_sig_ga|0.02": 7069.097333282312,
    "n_sig_ga|0.02_err": 135.34683008541538,
    "sigma_ga|0.02": 9.27820933222868,
    "sigma_ga|0.02_err": 0.18912156560889315
}