{
    "corr_B0_M_tau_M": 0.05716669696749031,
    "lambda_tau|BDT0.1": -0.0042304763696971465,
    "lambda_tau|BDT0.1_err": 0.0006507222800153365,
    "mu_tau|BDT0.1": 1968.601829458951,
    "mu_tau|BDT0.1_err": 0.2133725274109786,
    "n_bkg_tau|BDT0.1": 3188.8446992246013,
    "n_bkg_tau|BDT0.1_err": 82.11129231351974,
    "n_sig_tau|BDT0.1": 3579.3232484269915,
    "n_sig_tau|BDT0.1_err": 84.47210908389371,
    "sigma_tau|BDT0.1": 9.106645693905623,
    "sigma_tau|BDT0.1_err": 0.21165672244024084
}