{
    "corr_B0_M_tau_M": 0.04812281576884032,
    "lambda_tau|BDT-0.45": -0.0036832209599524943,
    "lambda_tau|BDT-0.45_err": 0.0003905015047627955,
    "mu_tau|BDT-0.45": 1968.6356173558522,
    "mu_tau|BDT-0.45_err": 0.1731857286462414,
    "n_bkg_tau|BDT-0.45": 8782.304843325333,
    "n_bkg_tau|BDT-0.45_err": 135.60557085766888,
    "n_sig_tau|BDT-0.45": 6641.555174137712,
    "n_sig_tau|BDT-0.45_err": 127.47895791607783,
    "sigma_tau|BDT-0.45": 9.259401145899513,
    "sigma_tau|BDT-0.45_err": 0.17379133596195454
}