{
    "corr_B0_M_tau_M": 0.045957685743507705,
    "lambda_tau|BDT-0.26": -0.0037182916591127413,
    "lambda_tau|BDT-0.26_err": 0.0004252079419972155,
    "mu_tau|BDT-0.26": 1968.57978239143,
    "mu_tau|BDT-0.26_err": 0.17292322329601156,
    "n_bkg_tau|BDT-0.26": 7431.1409554013235,
    "n_bkg_tau|BDT-0.26_err": 125.65624103728094,
    "n_sig_tau|BDT-0.26": 6367.807838449383,
    "n_sig_tau|BDT-0.26_err": 121.37429959367721,
    "sigma_tau|BDT-0.26": 9.27829160657478,
    "sigma_tau|BDT-0.26_err": 0.1735189859692131
}