{
    "corr_B0_M_tau_M": 0.08025551722804557,
    "lambda_tau|BDT0.375": -0.0077086041897301266,
    "lambda_tau|BDT0.375_err": 0.002319958497981486,
    "mu_tau|BDT0.375": 1967.9829668309908,
    "mu_tau|BDT0.375_err": 0.7538271830589663,
    "n_bkg_tau|BDT0.375": 280.31575652509633,
    "n_bkg_tau|BDT0.375_err": 25.96049786959746,
    "n_sig_tau|BDT0.375": 350.7175187519107,
    "n_sig_tau|BDT0.375_err": 27.284093658079065,
    "sigma_tau|BDT0.375": 9.992101186640927,
    "sigma_tau|BDT0.375_err": 0.7620508901569631
}