{
    "corr_B0_M_tau_M": 0.04934763331438591,
    "lambda_tau|BDT-0.425": -0.0037080713436170405,
    "lambda_tau|BDT-0.425_err": 0.0003930911021880845,
    "mu_tau|BDT-0.425": 1968.6422494587785,
    "mu_tau|BDT-0.425_err": 0.17249384509051063,
    "n_bkg_tau|BDT-0.425": 8662.174682586861,
    "n_bkg_tau|BDT-0.425_err": 134.4838425756234,
    "n_sig_tau|BDT-0.425": 6611.552639634187,
    "n_sig_tau|BDT-0.425_err": 126.64062882730478,
    "sigma_tau|BDT-0.425": 9.229957044168934,
    "sigma_tau|BDT-0.425_err": 0.17287424317965938
}