{
    "corr_B0_M_tau_M": 0.05181163919936683,
    "lambda_tau|BDT0.25": -0.005279189192030674,
    "lambda_tau|BDT0.25_err": 0.0010687897434940043,
    "mu_tau|BDT0.25": 1968.5412262298432,
    "mu_tau|BDT0.25_err": 0.34260372580314785,
    "n_bkg_tau|BDT0.25": 1222.3832298828831,
    "n_bkg_tau|BDT0.25_err": 52.0304610085147,
    "n_sig_tau|BDT0.25": 1491.628575866488,
    "n_sig_tau|BDT0.25_err": 54.53960446698782,
    "sigma_tau|BDT0.25": 9.508838827717906,
    "sigma_tau|BDT0.25_err": 0.3370407706332606
}