{
    "corr_B0_M_tau_M": 0.049059871737117566,
    "lambda_tau|BDT-0.37": -0.0038328294897554006,
    "lambda_tau|BDT-0.37_err": 0.0004021170706397938,
    "mu_tau|BDT-0.37": 1968.622692605476,
    "mu_tau|BDT-0.37_err": 0.17170149917198718,
    "n_bkg_tau|BDT-0.37": 8291.235779371858,
    "n_bkg_tau|BDT-0.37_err": 131.8715573032067,
    "n_sig_tau|BDT-0.37": 6568.6494676983975,
    "n_sig_tau|BDT-0.37_err": 125.17352477546017,
    "sigma_tau|BDT-0.37": 9.229490511964235,
    "sigma_tau|BDT-0.37_err": 0.1720600597166931
}