{
    "frac|BDT-1.75": 0.42360686987050095,
    "frac|BDT-1.75_err": 0.020863999432285858,
    "info_fit": "------------------------------------------------------------------\n| FCN = -3.27e+05               |     Ncalls=105 (105 total)     |\n| EDM = 1.05e-05 (Goal: 0.001)  |            up = 0.5            |\n------------------------------------------------------------------\n|  Valid Min.   | Valid Param.  | Above EDM | Reached call limit |\n------------------------------------------------------------------\n|     True      |     True      |   False   |       False        |\n------------------------------------------------------------------\n| Hesse failed  |   Has cov.    | Accurate  | Pos. def. | Forced |\n------------------------------------------------------------------\n|     False     |     True      |   True    |   True    | False  |\n------------------------------------------------------------------",
    "lambda|BDT-1.75": -0.0017868595310216173,
    "lambda|BDT-1.75_err": 0.0002457084243297384,
    "mu|BDT-1.75": 5278.857296899365,
    "mu|BDT-1.75_err": 0.07741655668351737,
    "n_B": 1506.222179925294,
    "n_B_err": 48.91114064793626,
    "n_bkg|BDT-1.75": 5837.913763489893,
    "n_bkg|BDT-1.75_err": 189.57297600725764,
    "n_sig|BDT-1.75": 52898.742927760955,
    "n_sig|BDT-1.75_err": 283.92452751398935,
    "sigmaL|BDT-1.75": 10.923898980243848,
    "sigmaL|BDT-1.75_err": 0.22007697520750916,
    "sigmaR|BDT-1.75": 18.164739123425008,
    "sigmaR|BDT-1.75_err": 0.22834567496195352
}