{
    "frac|BDT1": 0.3857696028413208,
    "frac|BDT1_err": 0.020222569060873438,
    "info_fit": "------------------------------------------------------------------\n| FCN = -2.557e+05              |     Ncalls=106 (106 total)     |\n| EDM = 2.42e-05 (Goal: 0.001)  |            up = 0.5            |\n------------------------------------------------------------------\n|  Valid Min.   | Valid Param.  | Above EDM | Reached call limit |\n------------------------------------------------------------------\n|     True      |     True      |   False   |       False        |\n------------------------------------------------------------------\n| Hesse failed  |   Has cov.    | Accurate  | Pos. def. | Forced |\n------------------------------------------------------------------\n|     False     |     True      |   True    |   True    | False  |\n------------------------------------------------------------------",
    "lambda|BDT1": -0.002868704632125532,
    "lambda|BDT1_err": 0.00046272980756267986,
    "mu|BDT1": 5278.8467371326315,
    "mu|BDT1_err": 0.08211400815755966,
    "n_B": 549.1959187948844,
    "n_B_err": 36.5592893960191,
    "n_bkg|BDT1": 2037.560520891539,
    "n_bkg|BDT1_err": 135.63787019509635,
    "n_sig|BDT1": 44416.62882977145,
    "n_sig|BDT1_err": 243.2617653806056,
    "sigmaL|BDT1": 10.705086898916818,
    "sigmaL|BDT1_err": 0.23552348363615053,
    "sigmaR|BDT1": 17.40392491260342,
    "sigmaR|BDT1_err": 0.19656869759992807
}