{
    "fit_ok": true,
    "frac;660": 0.4138340216767016,
    "frac;660_err": 0.020183814033559917,
    "info_fit": "------------------------------------------------------------------\n| FCN = -3.199e+05              |     Ncalls=118 (118 total)     |\n| EDM = 0.000506 (Goal: 0.001)  |            up = 0.5            |\n------------------------------------------------------------------\n|  Valid Min.   | Valid Param.  | Above EDM | Reached call limit |\n------------------------------------------------------------------\n|     True      |     True      |   False   |       False        |\n------------------------------------------------------------------\n| Hesse failed  |   Has cov.    | Accurate  | Pos. def. | Forced |\n------------------------------------------------------------------\n|     False     |     True      |   True    |   True    | False  |\n------------------------------------------------------------------",
    "info_params": "name            value    minuit_hesse    at limit\n----------  ---------  --------------  ----------\nn_sig;660       52310     +/- 2.8e+02       False\u001b[0m\nn_bkg;660        4873     +/- 1.8e+02       False\u001b[0m\nfrac;660       0.4138     +/-    0.02       False\u001b[0m\nmu;660           5279     +/-   0.078       False\u001b[0m\nsigmaL;660      10.85     +/-    0.22       False\u001b[0m\nsigmaR;660      18.07     +/-    0.22       False\u001b[0m\nlambda;660  -0.001744     +/- 0.00028       False\u001b[0m",
    "lambda;660": -0.0017442034226767822,
    "lambda;660_err": 0.0002758312213316856,
    "mu;660": 5278.857464446239,
    "mu;660_err": 0.07755540367552725,
    "n_bkg;660": 4873.307825759063,
    "n_bkg;660_err": 177.82942756684662,
    "n_sig;660": 52313.6612821558,
    "n_sig;660_err": 276.80876349546395,
    "r_params": {
        "alphaL": 2.02992217591786,
        "alphaL_Kpipi": 0.25500147300093906,
        "alphaR": -1.7778067363088699,
        "alphaR_Kpipi": -3.3301105097142636,
        "fraction_Kpipi": 0.8718719628546181,
        "muL_Kpipi": 5213.092190558127,
        "muR_Kpipi": 5184.563961179935,
        "nL": 0.4354740104546931,
        "nL_Kpipi": 4.363520256721864,
        "nR": 5.840596424652496,
        "nR_Kpipi": 0.00010415084860700389,
        "r_bkgK": 0.03796518441407136,
        "sigmaL_Kpipi": 19.30157570346994,
        "sigmaR_Kpipi": 38.2564080474533
    },
    "sigmaL;660": 10.847000550352256,
    "sigmaL;660_err": 0.222846894782806,
    "sigmaR;660": 18.06713018480277,
    "sigmaR;660_err": 0.21615605472068544
}