{
    "fit_ok": true,
    "frac;914": 0.7406974417779943,
    "frac;914_err": 0.017218464260271186,
    "info_fit": "------------------------------------------------------------------\n| FCN = -3.199e+05              |     Ncalls=103 (103 total)     |\n| EDM = 3.96e-05 (Goal: 0.001)  |            up = 0.5            |\n------------------------------------------------------------------\n|  Valid Min.   | Valid Param.  | Above EDM | Reached call limit |\n------------------------------------------------------------------\n|     True      |     True      |   False   |       False        |\n------------------------------------------------------------------\n| Hesse failed  |   Has cov.    | Accurate  | Pos. def. | Forced |\n------------------------------------------------------------------\n|     False     |     True      |   True    |   True    | False  |\n------------------------------------------------------------------",
    "info_params": "name            value    minuit_hesse    at limit\n----------  ---------  --------------  ----------\nn_sig;914       52050     +/- 2.6e+02       False\u001b[0m\nn_bkg;914        5287     +/- 1.4e+02       False\u001b[0m\nfrac;914       0.7407     +/-   0.017       False\u001b[0m\nmu;914           5279     +/-   0.077       False\u001b[0m\nsigmaL;914      13.19     +/-    0.14       False\u001b[0m\nsigmaR;914      22.29     +/-    0.59       False\u001b[0m\nlambda;914  -0.003318     +/- 0.00019       False\u001b[0m",
    "lambda;914": -0.003318187405138784,
    "lambda;914_err": 0.00019329137159559523,
    "mu;914": 5278.789373239238,
    "mu;914_err": 0.07659678483803582,
    "n_bkg;914": 5286.7827192565455,
    "n_bkg;914_err": 144.4757240729794,
    "n_sig;914": 52048.695340019134,
    "n_sig;914_err": 257.52705969740106,
    "r_params": {
        "alphaL": 2.1415257037789988,
        "alphaL_Kpipi": 0.23984147888569726,
        "alphaR": -1.578193078462907,
        "alphaR_Kpipi": -3.45169511727099,
        "fraction_Kpipi": 0.8861855867303668,
        "muL_Kpipi": 5214.656416664541,
        "muR_Kpipi": 5183.074248990296,
        "nL": 0.798612147159564,
        "nL_Kpipi": 4.413073505098077,
        "nR": 2.5248284256881997,
        "nR_Kpipi": 1.3686501931786665e-08,
        "r_bkgK": 0.035341458516519916,
        "sigmaL_Kpipi": 19.133710600596434,
        "sigmaR_Kpipi": 39.32384704379869
    },
    "sigmaL;914": 13.189413556293111,
    "sigmaL;914_err": 0.13653168922639197,
    "sigmaR;914": 22.290217489624204,
    "sigmaR;914_err": 0.5913006018284152
}