{
    "fit_ok": true,
    "frac;5": 0.6038442640060885,
    "frac;5_err": 0.02074596879662634,
    "info_fit": "------------------------------------------------------------------\n| FCN = -3.199e+05              |     Ncalls=106 (106 total)     |\n| EDM = 2.95e-05 (Goal: 0.001)  |            up = 0.5            |\n------------------------------------------------------------------\n|  Valid Min.   | Valid Param.  | Above EDM | Reached call limit |\n------------------------------------------------------------------\n|     True      |     True      |   False   |       False        |\n------------------------------------------------------------------\n| Hesse failed  |   Has cov.    | Accurate  | Pos. def. | Forced |\n------------------------------------------------------------------\n|     False     |     True      |   True    |   True    | False  |\n------------------------------------------------------------------",
    "info_params": "name          value    minuit_hesse    at limit\n--------  ---------  --------------  ----------\nn_sig;5       52530     +/- 2.7e+02       False\u001b[0m\nn_bkg;5        4790     +/- 1.6e+02       False\u001b[0m\nfrac;5       0.6038     +/-   0.021       False\u001b[0m\nmu;5           5279     +/-   0.076       False\u001b[0m\nsigmaL;5      12.24     +/-    0.17       False\u001b[0m\nsigmaR;5      20.19     +/-    0.38       False\u001b[0m\nlambda;5  -0.002276     +/- 0.00024       False\u001b[0m",
    "lambda;5": -0.002276188315796915,
    "lambda;5_err": 0.0002447151267073784,
    "mu;5": 5278.802896308608,
    "mu;5_err": 0.0764966271374322,
    "n_bkg;5": 4789.6989325109735,
    "n_bkg;5_err": 157.82686440414972,
    "n_sig;5": 52528.67910525386,
    "n_sig;5_err": 266.5098757488721,
    "r_params": {
        "alphaL": 2.1604171344258125,
        "alphaL_Kpipi": 0.23984147888569726,
        "alphaR": -1.7307404851115327,
        "alphaR_Kpipi": -3.45169511727099,
        "fraction_Kpipi": 0.8861855867303668,
        "muL_Kpipi": 5214.656416664541,
        "muR_Kpipi": 5183.074248990296,
        "nL": 0.5099721176987501,
        "nL_Kpipi": 4.413073505098077,
        "nR": 2.983727243450943,
        "nR_Kpipi": 1.3686501931786665e-08,
        "r_bkgK": 0.035341458516519916,
        "sigmaL_Kpipi": 19.133710600596434,
        "sigmaR_Kpipi": 39.32384704379869
    },
    "sigmaL;5": 12.239444122630214,
    "sigmaL;5_err": 0.1656122904562434,
    "sigmaR;5": 20.189661112077886,
    "sigmaR;5_err": 0.3806998442971089
}