{
    "fit_ok": true,
    "frac;205": 0.3711020485883523,
    "frac;205_err": 0.019167333477966758,
    "info_fit": "------------------------------------------------------------------\n| FCN = -3.199e+05              |     Ncalls=104 (104 total)     |\n| EDM = 0.000121 (Goal: 0.001)  |            up = 0.5            |\n------------------------------------------------------------------\n|  Valid Min.   | Valid Param.  | Above EDM | Reached call limit |\n------------------------------------------------------------------\n|     True      |     True      |   False   |       False        |\n------------------------------------------------------------------\n| Hesse failed  |   Has cov.    | Accurate  | Pos. def. | Forced |\n------------------------------------------------------------------\n|     False     |     True      |   True    |   True    | False  |\n------------------------------------------------------------------",
    "info_params": "name            value    minuit_hesse    at limit\n----------  ---------  --------------  ----------\nn_sig;205       52450     +/- 2.8e+02       False\u001b[0m\nn_bkg;205        4870     +/- 1.8e+02       False\u001b[0m\nfrac;205       0.3711     +/-   0.019       False\u001b[0m\nmu;205           5279     +/-   0.077       False\u001b[0m\nsigmaL;205       10.4     +/-    0.24       False\u001b[0m\nsigmaR;205      17.86     +/-     0.2       False\u001b[0m\nlambda;205  -0.001657     +/- 0.00029       False\u001b[0m",
    "lambda;205": -0.0016566799888722006,
    "lambda;205_err": 0.0002866593746931752,
    "mu;205": 5278.857543703391,
    "mu;205_err": 0.07735035275177024,
    "n_bkg;205": 4869.691722616617,
    "n_bkg;205_err": 183.87406789957444,
    "n_sig;205": 52448.21631184224,
    "n_sig;205_err": 281.12464662439606,
    "r_params": {
        "alphaL": 2.118648118472493,
        "alphaL_Kpipi": 0.23984147888569726,
        "alphaR": -1.887206584566591,
        "alphaR_Kpipi": -3.45169511727099,
        "fraction_Kpipi": 0.8861855867303668,
        "muL_Kpipi": 5214.656416664541,
        "muR_Kpipi": 5183.074248990296,
        "nL": 0.28102147933262195,
        "nL_Kpipi": 4.413073505098077,
        "nR": 5.295673632228228,
        "nR_Kpipi": 1.3686501931786665e-08,
        "r_bkgK": 0.035341458516519916,
        "sigmaL_Kpipi": 19.133710600596434,
        "sigmaR_Kpipi": 39.32384704379869
    },
    "sigmaL;205": 10.400835355184213,
    "sigmaL;205_err": 0.24316190509371924,
    "sigmaR;205": 17.86315854344597,
    "sigmaR;205_err": 0.19598238587169373
}