{
    "fit_ok": true,
    "frac;1457": 0.488992018107777,
    "frac;1457_err": 0.021514507796506335,
    "info_fit": "------------------------------------------------------------------\n| FCN = -3.199e+05              |     Ncalls=106 (106 total)     |\n| EDM = 6.3e-06 (Goal: 0.001)   |            up = 0.5            |\n------------------------------------------------------------------\n|  Valid Min.   | Valid Param.  | Above EDM | Reached call limit |\n------------------------------------------------------------------\n|     True      |     True      |   False   |       False        |\n------------------------------------------------------------------\n| Hesse failed  |   Has cov.    | Accurate  | Pos. def. | Forced |\n------------------------------------------------------------------\n|     False     |     True      |   True    |   True    | False  |\n------------------------------------------------------------------",
    "info_params": "name             value    minuit_hesse    at limit\n-----------  ---------  --------------  ----------\nn_sig;1457       52500     +/- 2.8e+02       False\u001b[0m\nn_bkg;1457        5451     +/- 1.9e+02       False\u001b[0m\nfrac;1457        0.489     +/-   0.022       False\u001b[0m\nmu;1457           5279     +/-   0.077       False\u001b[0m\nsigmaL;1457       11.4     +/-     0.2       False\u001b[0m\nsigmaR;1457      18.55     +/-    0.26       False\u001b[0m\nlambda;1457  -0.002551     +/- 0.00025       False\u001b[0m",
    "lambda;1457": -0.0025509956733700268,
    "lambda;1457_err": 0.0002487995514211418,
    "mu;1457": 5278.878476404879,
    "mu;1457_err": 0.07723063189095465,
    "n_bkg;1457": 5450.598570986352,
    "n_bkg;1457_err": 186.60472979455952,
    "n_sig;1457": 52497.29960794551,
    "n_sig;1457_err": 284.2401531025109,
    "r_params": {
        "alphaL": 2.02992217591786,
        "alphaL_Kpipi": 0.26283728716454513,
        "alphaR": -1.7778067363088699,
        "alphaR_Kpipi": -3.563860542743412,
        "fraction_Kpipi": 0.9050008634472295,
        "muL_Kpipi": 5215.785346032623,
        "muR_Kpipi": 5184.464657171343,
        "nL": 0.4354740104546931,
        "nL_Kpipi": 4.6215633523455235,
        "nR": 5.840596424652496,
        "nR_Kpipi": 0.00020175011187008557,
        "r_bkgK": 0.023358569981892285,
        "sigmaL_Kpipi": 19.50020315515991,
        "sigmaR_Kpipi": 36.83282912703111
    },
    "sigmaL;1457": 11.40130834528983,
    "sigmaL;1457_err": 0.19788606564241684,
    "sigmaR;1457": 18.552959827257496,
    "sigmaR;1457_err": 0.2626888493097445
}