{
    "fit_ok": true,
    "frac;411": 0.4165040544177393,
    "frac;411_err": 0.02024271717225276,
    "info_fit": "------------------------------------------------------------------\n| FCN = -3.199e+05              |     Ncalls=121 (121 total)     |\n| EDM = 0.000414 (Goal: 0.001)  |            up = 0.5            |\n------------------------------------------------------------------\n|  Valid Min.   | Valid Param.  | Above EDM | Reached call limit |\n------------------------------------------------------------------\n|     True      |     True      |   False   |       False        |\n------------------------------------------------------------------\n| Hesse failed  |   Has cov.    | Accurate  | Pos. def. | Forced |\n------------------------------------------------------------------\n|     False     |     True      |   True    |   True    | False  |\n------------------------------------------------------------------",
    "info_params": "name            value    minuit_hesse    at limit\n----------  ---------  --------------  ----------\nn_sig;411       52310     +/- 2.8e+02       False\u001b[0m\nn_bkg;411        4904     +/- 1.8e+02       False\u001b[0m\nfrac;411       0.4165     +/-    0.02       False\u001b[0m\nmu;411           5279     +/-   0.078       False\u001b[0m\nsigmaL;411      10.87     +/-    0.22       False\u001b[0m\nsigmaR;411      18.07     +/-    0.22       False\u001b[0m\nlambda;411  -0.001785     +/- 0.00027       False\u001b[0m",
    "lambda;411": -0.0017845501294130317,
    "lambda;411_err": 0.0002744481183847678,
    "mu;411": 5278.859441258112,
    "mu;411_err": 0.0775203240871024,
    "n_bkg;411": 4904.4423685679,
    "n_bkg;411_err": 178.41961136442026,
    "n_sig;411": 52310.81964361112,
    "n_sig;411_err": 277.198000296662,
    "r_params": {
        "alphaL": 2.02992217591786,
        "alphaL_Kpipi": 0.23425105815904126,
        "alphaR": -1.7778067363088699,
        "alphaR_Kpipi": -3.5627475937072592,
        "fraction_Kpipi": 0.8611473486980364,
        "muL_Kpipi": 5214.242772070099,
        "muR_Kpipi": 5183.9441463615185,
        "nL": 0.4354740104546931,
        "nL_Kpipi": 4.5008036316029845,
        "nR": 5.840596424652496,
        "nR_Kpipi": 8.198154568535081e-05,
        "r_bkgK": 0.037425604748160674,
        "sigmaL_Kpipi": 18.58069393346736,
        "sigmaR_Kpipi": 42.20560233423848
    },
    "sigmaL;411": 10.871056355258393,
    "sigmaL;411_err": 0.22130016779012085,
    "sigmaR;411": 18.072778852448486,
    "sigmaR;411_err": 0.21749401783903197
}