{
    "fit_ok": true,
    "frac;262": 0.4260285227966251,
    "frac;262_err": 0.020508182871009334,
    "info_fit": "------------------------------------------------------------------\n| FCN = -3.199e+05              |     Ncalls=105 (105 total)     |\n| EDM = 0.000864 (Goal: 0.001)  |            up = 0.5            |\n------------------------------------------------------------------\n|  Valid Min.   | Valid Param.  | Above EDM | Reached call limit |\n------------------------------------------------------------------\n|     True      |     True      |   False   |       False        |\n------------------------------------------------------------------\n| Hesse failed  |   Has cov.    | Accurate  | Pos. def. | Forced |\n------------------------------------------------------------------\n|     False     |     True      |   True    |   True    | False  |\n------------------------------------------------------------------",
    "info_params": "name            value    minuit_hesse    at limit\n----------  ---------  --------------  ----------\nn_sig;262       52350     +/- 2.8e+02       False\u001b[0m\nn_bkg;262        5000     +/- 1.8e+02       False\u001b[0m\nfrac;262        0.426     +/-   0.021       False\u001b[0m\nmu;262           5279     +/-   0.077       False\u001b[0m\nsigmaL;262      10.94     +/-    0.22       False\u001b[0m\nsigmaR;262       18.1     +/-    0.22       False\u001b[0m\nlambda;262  -0.001928     +/- 0.00027       False\u001b[0m",
    "lambda;262": -0.0019276059635463527,
    "lambda;262_err": 0.00027016723064346275,
    "mu;262": 5278.843718971264,
    "mu;262_err": 0.07735063905297342,
    "n_bkg;262": 5000.462672072406,
    "n_bkg;262_err": 180.3785403102466,
    "n_sig;262": 52348.23002416686,
    "n_sig;262_err": 278.647347232878,
    "r_params": {
        "alphaL": 2.02992217591786,
        "alphaL_Kpipi": 0.23984147888569726,
        "alphaR": -1.7778067363088699,
        "alphaR_Kpipi": -3.45169511727099,
        "fraction_Kpipi": 0.8861855867303668,
        "muL_Kpipi": 5214.656416664541,
        "muR_Kpipi": 5183.074248990296,
        "mu_Ds": 5280.043664223935,
        "nL": 0.4354740104546931,
        "nL_Kpipi": 4.413073505098077,
        "nR": 5.840596424652496,
        "nR_Kpipi": 1.3686501931786665e-08,
        "n_sig_Ds": 1355.9617797667515,
        "r_bkgK": 0.035341458516519916,
        "sigmaL_Kpipi": 19.133710600596434,
        "sigmaR_Kpipi": 39.32384704379869,
        "sigma_Ds": 12.687355923820535
    },
    "sigmaL;262": 10.938911936409578,
    "sigmaL;262_err": 0.21698120060112172,
    "sigmaR;262": 18.1035534057442,
    "sigmaR;262_err": 0.22306220383157171
}