{
    "fit_ok": false,
    "frac;1434": 0.17467470781419228,
    "frac;1434_err": 0.012801976057074263,
    "info_fit": "------------------------------------------------------------------\n| FCN = -3.198e+05              |      Ncalls=92 (92 total)      |\n| EDM = 0.00105 (Goal: 0.001)   |            up = 0.5            |\n------------------------------------------------------------------\n|  Valid Min.   | Valid Param.  | Above EDM | Reached call limit |\n------------------------------------------------------------------\n|     True      |     True      |   False   |       False        |\n------------------------------------------------------------------\n| Hesse failed  |   Has cov.    | Accurate  | Pos. def. | Forced |\n------------------------------------------------------------------\n|     False     |     True      |   True    |   True    | False  |\n------------------------------------------------------------------",
    "info_params": "name             value    minuit_hesse    at limit\n-----------  ---------  --------------  ----------\nn_sig;1434       51020     +/- 2.3e+02       False\u001b[0m\nn_bkg;1434        3956     +/-      92       False\u001b[0m\nfrac;1434       0.1747     +/-   0.013       False\u001b[0m\nmu;1434           5279     +/-   0.078       False\u001b[0m\nsigmaL;1434      8.454     +/-    0.32       False\u001b[0m\nsigmaR;1434      16.46     +/-    0.11       False\u001b[0m\nlambda;1434  -1.67e-05     +/- 0.00016       False\u001b[0m",
    "lambda;1434": -1.6704491151542378e-05,
    "lambda;1434_err": 0.0001638470796792524,
    "mu;1434": 5278.776149472654,
    "mu;1434_err": 0.07789599094486604,
    "n_bkg;1434": 3956.207513027157,
    "n_bkg;1434_err": 91.66326874358893,
    "n_sig;1434": 51023.9710246257,
    "n_sig;1434_err": 228.2260811455601,
    "r_params": {
        "alphaL": 2.02992217591786,
        "alphaL_Kpipi": 0.23507551140924504,
        "alphaR": -1.7778067363088699,
        "alphaR_Kpipi": -3.427299773072418,
        "fraction_Kpipi": 0.8871168676146457,
        "muL_Kpipi": 5215.639107115539,
        "muR_Kpipi": 5184.738507923144,
        "nL": 0.4354740104546931,
        "nL_Kpipi": 4.779978062446325,
        "nR": 5.840596424652496,
        "nR_Kpipi": 0.00013051214034442564,
        "r_bkgK": 0.08195759543514519,
        "sigmaL_Kpipi": 17.978440067990327,
        "sigmaR_Kpipi": 38.497324712127416
    },
    "sigmaL;1434": 8.453811774479437,
    "sigmaL;1434_err": 0.3152624029206051,
    "sigmaR;1434": 16.461324142594073,
    "sigmaR;1434_err": 0.10884450721646048
}