{
    "fit_ok": true,
    "frac;1152": 0.18430204517489973,
    "frac;1152_err": 0.009012166236008262,
    "info_fit": "------------------------------------------------------------------\n| FCN = -3.199e+05              |     Ncalls=106 (106 total)     |\n| EDM = 4.5e-05 (Goal: 0.001)   |            up = 0.5            |\n------------------------------------------------------------------\n|  Valid Min.   | Valid Param.  | Above EDM | Reached call limit |\n------------------------------------------------------------------\n|     True      |     True      |   False   |       False        |\n------------------------------------------------------------------\n| Hesse failed  |   Has cov.    | Accurate  | Pos. def. | Forced |\n------------------------------------------------------------------\n|     False     |     True      |   True    |   True    | False  |\n------------------------------------------------------------------",
    "info_params": "name             value    minuit_hesse    at limit\n-----------  ---------  --------------  ----------\nn_sig;1152       52700     +/- 2.7e+02       False\u001b[0m\nn_bkg;1152        4604     +/- 1.7e+02       False\u001b[0m\nfrac;1152       0.1843     +/-   0.009       False\u001b[0m\nmu;1152           5279     +/-   0.079       False\u001b[0m\nsigmaL;1152      8.498     +/-    0.36       False\u001b[0m\nsigmaR;1152       16.1     +/-   0.094       False\u001b[0m\nlambda;1152  -0.001042     +/- 0.00029       False\u001b[0m",
    "lambda;1152": -0.0010423266579386858,
    "lambda;1152_err": 0.0002942908943726731,
    "mu;1152": 5278.831447417255,
    "mu;1152_err": 0.07930373049864844,
    "n_bkg;1152": 4604.165902748404,
    "n_bkg;1152_err": 171.74494564427087,
    "n_sig;1152": 52701.80169680364,
    "n_sig;1152_err": 274.6494890313107,
    "r_params": {
        "alphaL": 1.9744302162607745,
        "alphaL_Kpipi": 0.23984147888569726,
        "alphaR": -1.7502391768841783,
        "alphaR_Kpipi": -3.45169511727099,
        "fraction_Kpipi": 0.8861855867303668,
        "muL_Kpipi": 5214.656416664541,
        "muR_Kpipi": 5183.074248990296,
        "nL": 0.08438863420211667,
        "nL_Kpipi": 4.413073505098077,
        "nR": 8.557633554661077,
        "nR_Kpipi": 1.3686501931786665e-08,
        "r_bkgK": 0.035341458516519916,
        "sigmaL_Kpipi": 19.133710600596434,
        "sigmaR_Kpipi": 39.32384704379869
    },
    "sigmaL;1152": 8.498413751058287,
    "sigmaL;1152_err": 0.35765414785174043,
    "sigmaR;1152": 16.097535410962696,
    "sigmaR;1152_err": 0.09416332917519529
}