{
    "fit_ok": true,
    "frac;931": 0.5596934543369958,
    "frac;931_err": 0.022183545477872383,
    "info_fit": "------------------------------------------------------------------\n| FCN = -3.199e+05              |     Ncalls=103 (103 total)     |\n| EDM = 4.76e-06 (Goal: 0.001)  |            up = 0.5            |\n------------------------------------------------------------------\n|  Valid Min.   | Valid Param.  | Above EDM | Reached call limit |\n------------------------------------------------------------------\n|     True      |     True      |   False   |       False        |\n------------------------------------------------------------------\n| Hesse failed  |   Has cov.    | Accurate  | Pos. def. | Forced |\n------------------------------------------------------------------\n|     False     |     True      |   True    |   True    | False  |\n------------------------------------------------------------------",
    "info_params": "name            value    minuit_hesse    at limit\n----------  ---------  --------------  ----------\nn_sig;931       52780     +/- 2.9e+02       False\u001b[0m\nn_bkg;931        5803     +/- 1.9e+02       False\u001b[0m\nfrac;931       0.5597     +/-   0.022       False\u001b[0m\nmu;931           5279     +/-   0.077       False\u001b[0m\nsigmaL;931      11.84     +/-    0.19       False\u001b[0m\nsigmaR;931      19.25     +/-    0.32       False\u001b[0m\nlambda;931  -0.002984     +/- 0.00023       False\u001b[0m",
    "lambda;931": -0.002983805194757716,
    "lambda;931_err": 0.00023239201105934563,
    "mu;931": 5278.875131214793,
    "mu;931_err": 0.07717381697074477,
    "n_bkg;931": 5802.5533823409505,
    "n_bkg;931_err": 189.06113473465194,
    "n_sig;931": 52778.323394866355,
    "n_sig;931_err": 288.0202912968956,
    "r_params": {
        "alphaL": 2.02992217591786,
        "alphaL_Kpipi": 0.26235459264218147,
        "alphaR": -1.7778067363088699,
        "alphaR_Kpipi": -3.208252147281458,
        "fraction_Kpipi": 0.9107722421408725,
        "muL_Kpipi": 5214.798574470281,
        "muR_Kpipi": 5181.143079791402,
        "nL": 0.4354740104546931,
        "nL_Kpipi": 4.018498146443086,
        "nR": 5.840596424652496,
        "nR_Kpipi": 0.00016973668556691634,
        "r_bkgK": 0.011260948097817802,
        "sigmaL_Kpipi": 19.418076604276926,
        "sigmaR_Kpipi": 40.23990625611387
    },
    "sigmaL;931": 11.843223521710994,
    "sigmaL;931_err": 0.18818692021237096,
    "sigmaR;931": 19.247546325856582,
    "sigmaR;931_err": 0.31929115225386556
}