{
    "fit_ok": true,
    "frac;207": 0.5463593279202503,
    "frac;207_err": 0.022104758990373022,
    "info_fit": "------------------------------------------------------------------\n| FCN = -3.199e+05              |     Ncalls=103 (103 total)     |\n| EDM = 5.28e-05 (Goal: 0.001)  |            up = 0.5            |\n------------------------------------------------------------------\n|  Valid Min.   | Valid Param.  | Above EDM | Reached call limit |\n------------------------------------------------------------------\n|     True      |     True      |   False   |       False        |\n------------------------------------------------------------------\n| Hesse failed  |   Has cov.    | Accurate  | Pos. def. | Forced |\n------------------------------------------------------------------\n|     False     |     True      |   True    |   True    | False  |\n------------------------------------------------------------------",
    "info_params": "name            value    minuit_hesse    at limit\n----------  ---------  --------------  ----------\nn_sig;207       52750     +/- 2.9e+02       False\u001b[0m\nn_bkg;207        5678     +/- 1.9e+02       False\u001b[0m\nfrac;207       0.5464     +/-   0.022       False\u001b[0m\nmu;207           5279     +/-   0.077       False\u001b[0m\nsigmaL;207      11.76     +/-    0.19       False\u001b[0m\nsigmaR;207      19.14     +/-    0.31       False\u001b[0m\nlambda;207  -0.002832     +/- 0.00024       False\u001b[0m",
    "lambda;207": -0.002832279165296256,
    "lambda;207_err": 0.00023881835421160687,
    "mu;207": 5278.8757221942,
    "mu;207_err": 0.07722363682687222,
    "n_bkg;207": 5677.845008604916,
    "n_bkg;207_err": 188.97551768289046,
    "n_sig;207": 52753.42077600768,
    "n_sig;207_err": 287.5738935380323,
    "r_params": {
        "alphaL": 2.02992217591786,
        "alphaL_Kpipi": 0.2445911116842939,
        "alphaR": -1.7778067363088699,
        "alphaR_Kpipi": -3.972894126048303,
        "fraction_Kpipi": 0.8872972657836449,
        "muL_Kpipi": 5214.16705782776,
        "muR_Kpipi": 5181.042848810624,
        "nL": 0.4354740104546931,
        "nL_Kpipi": 4.047566887176446,
        "nR": 5.840596424652496,
        "nR_Kpipi": 3.770159137404287e-05,
        "r_bkgK": 0.014104050537827192,
        "sigmaL_Kpipi": 19.861489920082352,
        "sigmaR_Kpipi": 39.960151674910975
    },
    "sigmaL;207": 11.755085216420056,
    "sigmaL;207_err": 0.19183561911075575,
    "sigmaR;207": 19.13572433043546,
    "sigmaR;207_err": 0.3079900060447541
}