{
    "fit_ok": true,
    "frac;1316": 0.4262745648505611,
    "frac;1316_err": 0.020549281591423378,
    "info_fit": "------------------------------------------------------------------\n| FCN = -3.199e+05              |     Ncalls=104 (104 total)     |\n| EDM = 9.92e-05 (Goal: 0.001)  |            up = 0.5            |\n------------------------------------------------------------------\n|  Valid Min.   | Valid Param.  | Above EDM | Reached call limit |\n------------------------------------------------------------------\n|     True      |     True      |   False   |       False        |\n------------------------------------------------------------------\n| Hesse failed  |   Has cov.    | Accurate  | Pos. def. | Forced |\n------------------------------------------------------------------\n|     False     |     True      |   True    |   True    | False  |\n------------------------------------------------------------------",
    "info_params": "name             value    minuit_hesse    at limit\n-----------  ---------  --------------  ----------\nn_sig;1316       52240     +/- 2.8e+02       False\u001b[0m\nn_bkg;1316        5008     +/- 1.8e+02       False\u001b[0m\nfrac;1316       0.4263     +/-   0.021       False\u001b[0m\nmu;1316           5279     +/-   0.078       False\u001b[0m\nsigmaL;1316      10.97     +/-    0.22       False\u001b[0m\nsigmaR;1316      18.13     +/-    0.22       False\u001b[0m\nlambda;1316  -0.001943     +/- 0.00027       False\u001b[0m",
    "lambda;1316": -0.001942904731199846,
    "lambda;1316_err": 0.0002697107320658899,
    "mu;1316": 5278.865966247637,
    "mu;1316_err": 0.07760937235059857,
    "n_bkg;1316": 5008.035654887411,
    "n_bkg;1316_err": 180.54257040725588,
    "n_sig;1316": 52242.640732699736,
    "n_sig;1316_err": 278.73229886039496,
    "r_params": {
        "alphaL": 2.02992217591786,
        "alphaL_Kpipi": 0.23984147888569726,
        "alphaR": -1.7778067363088699,
        "alphaR_Kpipi": -3.45169511727099,
        "fraction_Kpipi": 0.8861855867303668,
        "muL_Kpipi": 5214.656416664541,
        "muR_Kpipi": 5183.074248990296,
        "mu_Ds": 5279.222822306441,
        "nL": 0.4354740104546931,
        "nL_Kpipi": 4.413073505098077,
        "nR": 5.840596424652496,
        "nR_Kpipi": 1.3686501931786665e-08,
        "n_sig_Ds": 1457.3457196664012,
        "r_bkgK": 0.035341458516519916,
        "sigmaL_Kpipi": 19.133710600596434,
        "sigmaR_Kpipi": 39.32384704379869,
        "sigma_Ds": 12.118860542220002
    },
    "sigmaL;1316": 10.969845302698292,
    "sigmaL;1316_err": 0.21673647369064705,
    "sigmaR;1316": 18.13197260557517,
    "sigmaR;1316_err": 0.22387684355986334
}