{
    "fit_ok": true,
    "frac;766": 0.5411785768280619,
    "frac;766_err": 0.022162305727952022,
    "info_fit": "------------------------------------------------------------------\n| FCN = -3.199e+05              |     Ncalls=105 (105 total)     |\n| EDM = 4.12e-05 (Goal: 0.001)  |            up = 0.5            |\n------------------------------------------------------------------\n|  Valid Min.   | Valid Param.  | Above EDM | Reached call limit |\n------------------------------------------------------------------\n|     True      |     True      |   False   |       False        |\n------------------------------------------------------------------\n| Hesse failed  |   Has cov.    | Accurate  | Pos. def. | Forced |\n------------------------------------------------------------------\n|     False     |     True      |   True    |   True    | False  |\n------------------------------------------------------------------",
    "info_params": "name            value    minuit_hesse    at limit\n----------  ---------  --------------  ----------\nn_sig;766       52720     +/- 2.9e+02       False\u001b[0m\nn_bkg;766        5694     +/- 1.9e+02       False\u001b[0m\nfrac;766       0.5412     +/-   0.022       False\u001b[0m\nmu;766           5279     +/-   0.077       False\u001b[0m\nsigmaL;766      11.73     +/-    0.19       False\u001b[0m\nsigmaR;766      19.07     +/-     0.3       False\u001b[0m\nlambda;766  -0.002856     +/- 0.00024       False\u001b[0m",
    "lambda;766": -0.0028560701424332757,
    "lambda;766_err": 0.0002380537864570537,
    "mu;766": 5278.874622445181,
    "mu;766_err": 0.077226861648608,
    "n_bkg;766": 5693.554042245675,
    "n_bkg;766_err": 188.94903934288297,
    "n_sig;766": 52720.44036284386,
    "n_sig;766_err": 287.4151945334068,
    "r_params": {
        "alphaL": 2.02992217591786,
        "alphaL_Kpipi": 0.2419969991362284,
        "alphaR": -1.7778067363088699,
        "alphaR_Kpipi": -3.2385657543940605,
        "fraction_Kpipi": 0.9087012860032618,
        "muL_Kpipi": 5215.319064113009,
        "muR_Kpipi": 5182.947145218975,
        "nL": 0.4354740104546931,
        "nL_Kpipi": 4.408604192689138,
        "nR": 5.840596424652496,
        "nR_Kpipi": 0.0001142807224396267,
        "r_bkgK": 0.014439912721375368,
        "sigmaL_Kpipi": 18.7991424010075,
        "sigmaR_Kpipi": 38.7116727394992
    },
    "sigmaL;766": 11.726620290255283,
    "sigmaL;766_err": 0.19312414141150638,
    "sigmaR;766": 19.06649928011931,
    "sigmaR;766_err": 0.3032355465691238
}