{
    "fit_ok": true,
    "frac;1016": 0.45941039422553226,
    "frac;1016_err": 0.017521749352690845,
    "info_fit": "------------------------------------------------------------------\n| FCN = -3.199e+05              |     Ncalls=105 (105 total)     |\n| EDM = 1.91e-05 (Goal: 0.001)  |            up = 0.5            |\n------------------------------------------------------------------\n|  Valid Min.   | Valid Param.  | Above EDM | Reached call limit |\n------------------------------------------------------------------\n|     True      |     True      |   False   |       False        |\n------------------------------------------------------------------\n| Hesse failed  |   Has cov.    | Accurate  | Pos. def. | Forced |\n------------------------------------------------------------------\n|     False     |     True      |   True    |   True    | False  |\n------------------------------------------------------------------",
    "info_params": "name             value    minuit_hesse    at limit\n-----------  ---------  --------------  ----------\nn_sig;1016       53100     +/- 2.7e+02       False\u001b[0m\nn_bkg;1016        4201     +/- 1.7e+02       False\u001b[0m\nfrac;1016       0.4594     +/-   0.018       False\u001b[0m\nmu;1016           5279     +/-   0.077       False\u001b[0m\nsigmaL;1016      11.22     +/-    0.19       False\u001b[0m\nsigmaR;1016      18.47     +/-    0.22       False\u001b[0m\nlambda;1016  -0.001127     +/- 0.00031       False\u001b[0m",
    "lambda;1016": -0.001127405095546874,
    "lambda;1016_err": 0.0003136025108141911,
    "mu;1016": 5278.861832990571,
    "mu;1016_err": 0.07709381647278585,
    "n_bkg;1016": 4200.518271263247,
    "n_bkg;1016_err": 168.372993386853,
    "n_sig;1016": 53096.00422261776,
    "n_sig;1016_err": 274.34730942211564,
    "r_params": {
        "alphaL": 2.066277004515373,
        "alphaL_Kpipi": 0.23984147888569726,
        "alphaR": -1.8192665278767035,
        "alphaR_Kpipi": -3.45169511727099,
        "fraction_Kpipi": 0.8861855867303668,
        "muL_Kpipi": 5214.656416664541,
        "muR_Kpipi": 5183.074248990296,
        "nL": 0.37205268822987986,
        "nL_Kpipi": 4.413073505098077,
        "nR": 3.1191228494467245,
        "nR_Kpipi": 1.3686501931786665e-08,
        "r_bkgK": 0.035341458516519916,
        "sigmaL_Kpipi": 19.133710600596434,
        "sigmaR_Kpipi": 39.32384704379869
    },
    "sigmaL;1016": 11.219253284281532,
    "sigmaL;1016_err": 0.18789014981266952,
    "sigmaR;1016": 18.467011075915245,
    "sigmaR;1016_err": 0.22461183947612748
}