{
    "fit_ok": true,
    "frac;895": 0.5678556468735643,
    "frac;895_err": 0.02203807689357752,
    "info_fit": "------------------------------------------------------------------\n| FCN = -3.199e+05              |     Ncalls=105 (105 total)     |\n| EDM = 1.17e-05 (Goal: 0.001)  |            up = 0.5            |\n------------------------------------------------------------------\n|  Valid Min.   | Valid Param.  | Above EDM | Reached call limit |\n------------------------------------------------------------------\n|     True      |     True      |   False   |       False        |\n------------------------------------------------------------------\n| Hesse failed  |   Has cov.    | Accurate  | Pos. def. | Forced |\n------------------------------------------------------------------\n|     False     |     True      |   True    |   True    | False  |\n------------------------------------------------------------------",
    "info_params": "name            value    minuit_hesse    at limit\n----------  ---------  --------------  ----------\nn_sig;895       52810     +/- 2.9e+02       False\u001b[0m\nn_bkg;895        5814     +/- 1.9e+02       False\u001b[0m\nfrac;895       0.5679     +/-   0.022       False\u001b[0m\nmu;895           5279     +/-   0.077       False\u001b[0m\nsigmaL;895      11.89     +/-    0.18       False\u001b[0m\nsigmaR;895      19.34     +/-    0.33       False\u001b[0m\nlambda;895  -0.002992     +/- 0.00023       False\u001b[0m",
    "lambda;895": -0.0029923721079222476,
    "lambda;895_err": 0.00023136149562904136,
    "mu;895": 5278.877211291561,
    "mu;895_err": 0.07713065070566213,
    "n_bkg;895": 5813.982932969616,
    "n_bkg;895_err": 188.8604648002781,
    "n_sig;895": 52814.150305655225,
    "n_sig;895_err": 288.10525673397626,
    "r_params": {
        "alphaL": 2.02992217591786,
        "alphaL_Kpipi": 0.20656448984713482,
        "alphaR": -1.7778067363088699,
        "alphaR_Kpipi": -3.4716655795448608,
        "fraction_Kpipi": 0.8847651365909519,
        "muL_Kpipi": 5216.297935936444,
        "muR_Kpipi": 5183.962105274953,
        "nL": 0.4354740104546931,
        "nL_Kpipi": 4.335062004276295,
        "nR": 5.840596424652496,
        "nR_Kpipi": 7.110210554483616e-05,
        "r_bkgK": 0.010361847807760123,
        "sigmaL_Kpipi": 19.705811400845423,
        "sigmaR_Kpipi": 36.98596439000648
    },
    "sigmaL;895": 11.891945811063223,
    "sigmaL;895_err": 0.18481337197291994,
    "sigmaR;895": 19.339495781194906,
    "sigmaR;895_err": 0.3265349744155063
}