{
    "fit_ok": true,
    "frac;345": 0.3203364270820527,
    "frac;345_err": 0.01759528022265327,
    "info_fit": "------------------------------------------------------------------\n| FCN = -3.199e+05              |     Ncalls=104 (104 total)     |\n| EDM = 3.25e-05 (Goal: 0.001)  |            up = 0.5            |\n------------------------------------------------------------------\n|  Valid Min.   | Valid Param.  | Above EDM | Reached call limit |\n------------------------------------------------------------------\n|     True      |     True      |   False   |       False        |\n------------------------------------------------------------------\n| Hesse failed  |   Has cov.    | Accurate  | Pos. def. | Forced |\n------------------------------------------------------------------\n|     False     |     True      |   True    |   True    | False  |\n------------------------------------------------------------------",
    "info_params": "name             value    minuit_hesse    at limit\n----------  ----------  --------------  ----------\nn_sig;345        51920     +/- 2.6e+02       False\u001b[0m\nn_bkg;345         4370     +/- 1.6e+02       False\u001b[0m\nfrac;345        0.3203     +/-   0.018       False\u001b[0m\nmu;345            5279     +/-   0.078       False\u001b[0m\nsigmaL;345       10.07     +/-    0.24       False\u001b[0m\nsigmaR;345       17.44     +/-    0.17       False\u001b[0m\nlambda;345  -0.0008952     +/- 0.00029       False\u001b[0m",
    "lambda;345": -0.0008952479586059048,
    "lambda;345_err": 0.0002877194518003722,
    "mu;345": 5278.836172312114,
    "mu;345_err": 0.07777655862623702,
    "n_bkg;345": 4370.016298534119,
    "n_bkg;345_err": 159.42038785474946,
    "n_sig;345": 51919.6671506234,
    "n_sig;345_err": 263.4913662183201,
    "r_params": {
        "alphaL": 2.02992217591786,
        "alphaL_Kpipi": 0.24629932782716116,
        "alphaR": -1.7778067363088699,
        "alphaR_Kpipi": -3.2762874965532998,
        "fraction_Kpipi": 0.8595948315464765,
        "muL_Kpipi": 5212.828552370738,
        "muR_Kpipi": 5181.186817626123,
        "nL": 0.4354740104546931,
        "nL_Kpipi": 4.4912580938520685,
        "nR": 5.840596424652496,
        "nR_Kpipi": 9.646614912964717e-05,
        "r_bkgK": 0.05547556299086184,
        "sigmaL_Kpipi": 19.69206252202742,
        "sigmaR_Kpipi": 40.57476724308573
    },
    "sigmaL;345": 10.066672963438858,
    "sigmaL;345_err": 0.24126007399749755,
    "sigmaR;345": 17.443795957996333,
    "sigmaR;345_err": 0.17055199648366953
}