{
    "fit_ok": true,
    "frac;628": 0.4258595056235772,
    "frac;628_err": 0.020516188221586098,
    "info_fit": "------------------------------------------------------------------\n| FCN = -3.199e+05              |     Ncalls=103 (103 total)     |\n| EDM = 0.000323 (Goal: 0.001)  |            up = 0.5            |\n------------------------------------------------------------------\n|  Valid Min.   | Valid Param.  | Above EDM | Reached call limit |\n------------------------------------------------------------------\n|     True      |     True      |   False   |       False        |\n------------------------------------------------------------------\n| Hesse failed  |   Has cov.    | Accurate  | Pos. def. | Forced |\n------------------------------------------------------------------\n|     False     |     True      |   True    |   True    | False  |\n------------------------------------------------------------------",
    "info_params": "name            value    minuit_hesse    at limit\n----------  ---------  --------------  ----------\nn_sig;628       52310     +/- 2.8e+02       False\u001b[0m\nn_bkg;628        5003     +/- 1.8e+02       False\u001b[0m\nfrac;628       0.4259     +/-   0.021       False\u001b[0m\nmu;628           5279     +/-   0.077       False\u001b[0m\nsigmaL;628      10.96     +/-    0.22       False\u001b[0m\nsigmaR;628      18.12     +/-    0.22       False\u001b[0m\nlambda;628  -0.001934     +/- 0.00027       False\u001b[0m",
    "lambda;628": -0.0019338053790374232,
    "lambda;628_err": 0.00027006917386133934,
    "mu;628": 5278.849833596352,
    "mu;628_err": 0.07745271099027316,
    "n_bkg;628": 5003.067311202382,
    "n_bkg;628_err": 180.4836471005473,
    "n_sig;628": 52311.5091416897,
    "n_sig;628_err": 278.7158842342949,
    "r_params": {
        "alphaL": 2.02992217591786,
        "alphaL_Kpipi": 0.23984147888569726,
        "alphaR": -1.7778067363088699,
        "alphaR_Kpipi": -3.45169511727099,
        "fraction_Kpipi": 0.8861855867303668,
        "muL_Kpipi": 5214.656416664541,
        "muR_Kpipi": 5183.074248990296,
        "mu_Ds": 5279.76538218401,
        "nL": 0.4354740104546931,
        "nL_Kpipi": 4.413073505098077,
        "nR": 5.840596424652496,
        "nR_Kpipi": 1.3686501931786665e-08,
        "n_sig_Ds": 1391.463169303456,
        "r_bkgK": 0.035341458516519916,
        "sigmaL_Kpipi": 19.133710600596434,
        "sigmaR_Kpipi": 39.32384704379869,
        "sigma_Ds": 12.321792676556615
    },
    "sigmaL;628": 10.955241918912229,
    "sigmaL;628_err": 0.2166354118715412,
    "sigmaR;628": 18.116620829738977,
    "sigmaR;628_err": 0.22330576654352383
}