{
    "fit_ok": true,
    "frac;1108": 0.4714691459080509,
    "frac;1108_err": 0.020885095901732906,
    "info_fit": "------------------------------------------------------------------\n| FCN = -3.199e+05              |     Ncalls=105 (105 total)     |\n| EDM = 1.53e-05 (Goal: 0.001)  |            up = 0.5            |\n------------------------------------------------------------------\n|  Valid Min.   | Valid Param.  | Above EDM | Reached call limit |\n------------------------------------------------------------------\n|     True      |     True      |   False   |       False        |\n------------------------------------------------------------------\n| Hesse failed  |   Has cov.    | Accurate  | Pos. def. | Forced |\n------------------------------------------------------------------\n|     False     |     True      |   True    |   True    | False  |\n------------------------------------------------------------------",
    "info_params": "name             value    minuit_hesse    at limit\n-----------  ---------  --------------  ----------\nn_sig;1108       52520     +/- 2.8e+02       False\u001b[0m\nn_bkg;1108        5203     +/- 1.8e+02       False\u001b[0m\nfrac;1108       0.4715     +/-   0.021       False\u001b[0m\nmu;1108           5279     +/-   0.077       False\u001b[0m\nsigmaL;1108      11.27     +/-     0.2       False\u001b[0m\nsigmaR;1108      18.49     +/-    0.25       False\u001b[0m\nlambda;1108  -0.002219     +/- 0.00026       False\u001b[0m",
    "lambda;1108": -0.002218512459050248,
    "lambda;1108_err": 0.00026039289028839934,
    "mu;1108": 5278.866403503974,
    "mu;1108_err": 0.07731423761739734,
    "n_bkg;1108": 5202.531100127885,
    "n_bkg;1108_err": 183.8129574231939,
    "n_sig;1108": 52520.96689067235,
    "n_sig;1108_err": 282.16295774832025,
    "r_params": {
        "alphaL": 2.02992217591786,
        "alphaL_Kpipi": 0.24000725158567354,
        "alphaR": -1.7778067363088699,
        "alphaR_Kpipi": -3.662937706947959,
        "fraction_Kpipi": 0.8912594851261978,
        "muL_Kpipi": 5213.836328455674,
        "muR_Kpipi": 5179.752409881683,
        "nL": 0.4354740104546931,
        "nL_Kpipi": 4.15571866569524,
        "nR": 5.840596424652496,
        "nR_Kpipi": 0.00018974239265443768,
        "r_bkgK": 0.02760577533233862,
        "sigmaL_Kpipi": 19.002054813219857,
        "sigmaR_Kpipi": 41.51937712932486
    },
    "sigmaL;1108": 11.265502975968486,
    "sigmaL;1108_err": 0.20077021263177167,
    "sigmaR;1108": 18.493805925655565,
    "sigmaR;1108_err": 0.25044304459224936
}