{
    "fit_ok": true,
    "frac;662": 0.20891802779013635,
    "frac;662_err": 0.01533134332168947,
    "info_fit": "------------------------------------------------------------------\n| FCN = -3.199e+05              |     Ncalls=102 (102 total)     |\n| EDM = 0.000392 (Goal: 0.001)  |            up = 0.5            |\n------------------------------------------------------------------\n|  Valid Min.   | Valid Param.  | Above EDM | Reached call limit |\n------------------------------------------------------------------\n|     True      |     True      |   False   |       False        |\n------------------------------------------------------------------\n| Hesse failed  |   Has cov.    | Accurate  | Pos. def. | Forced |\n------------------------------------------------------------------\n|     False     |     True      |   True    |   True    | False  |\n------------------------------------------------------------------",
    "info_params": "name             value    minuit_hesse    at limit\n----------  ----------  --------------  ----------\nn_sig;662        51190     +/- 2.5e+02       False\u001b[0m\nn_bkg;662         4143     +/- 1.4e+02       False\u001b[0m\nfrac;662        0.2089     +/-   0.015       False\u001b[0m\nmu;662            5279     +/-   0.078       False\u001b[0m\nsigmaL;662       8.917     +/-     0.3       False\u001b[0m\nsigmaR;662       16.62     +/-    0.13       False\u001b[0m\nlambda;662  -0.0004147     +/- 0.00028       False\u001b[0m",
    "lambda;662": -0.0004146888148173211,
    "lambda;662_err": 0.0002778087221456719,
    "mu;662": 5278.826915429964,
    "mu;662_err": 0.07801413010073581,
    "n_bkg;662": 4142.504211437293,
    "n_bkg;662_err": 142.3007929451085,
    "n_sig;662": 51192.879718473094,
    "n_sig;662_err": 250.69942258351097,
    "r_params": {
        "alphaL": 2.02992217591786,
        "alphaL_Kpipi": 0.22540568011456957,
        "alphaR": -1.7778067363088699,
        "alphaR_Kpipi": -3.44282211343137,
        "fraction_Kpipi": 0.9002806349139636,
        "muL_Kpipi": 5216.136693003422,
        "muR_Kpipi": 5182.540013900742,
        "nL": 0.4354740104546931,
        "nL_Kpipi": 4.662157680766842,
        "nR": 5.840596424652496,
        "nR_Kpipi": 0.00017709439770997163,
        "r_bkgK": 0.07482585355076538,
        "sigmaL_Kpipi": 19.371493148795967,
        "sigmaR_Kpipi": 41.17653537959155
    },
    "sigmaL;662": 8.916902382264304,
    "sigmaL;662_err": 0.29991776952440513,
    "sigmaR;662": 16.61789147981587,
    "sigmaR;662_err": 0.13415267231069322
}