{
    "fit_ok": true,
    "frac;885": 0.4055978806752256,
    "frac;885_err": 0.020969773989076318,
    "info_fit": "------------------------------------------------------------------\n| FCN = -3.199e+05              |     Ncalls=101 (101 total)     |\n| EDM = 0.000337 (Goal: 0.001)  |            up = 0.5            |\n------------------------------------------------------------------\n|  Valid Min.   | Valid Param.  | Above EDM | Reached call limit |\n------------------------------------------------------------------\n|     True      |     True      |   False   |       False        |\n------------------------------------------------------------------\n| Hesse failed  |   Has cov.    | Accurate  | Pos. def. | Forced |\n------------------------------------------------------------------\n|     False     |     True      |   True    |   True    | False  |\n------------------------------------------------------------------",
    "info_params": "name            value    minuit_hesse    at limit\n----------  ---------  --------------  ----------\nn_sig;885       52020     +/- 2.8e+02       False\u001b[0m\nn_bkg;885        5310     +/- 1.8e+02       False\u001b[0m\nfrac;885       0.4056     +/-   0.021       False\u001b[0m\nmu;885           5279     +/-   0.077       False\u001b[0m\nsigmaL;885      10.73     +/-    0.22       False\u001b[0m\nsigmaR;885      18.01     +/-    0.22       False\u001b[0m\nlambda;885  -0.002246     +/- 0.00025       False\u001b[0m",
    "lambda;885": -0.0022456081766156766,
    "lambda;885_err": 0.00025234745400905056,
    "mu;885": 5278.885615401285,
    "mu;885_err": 0.07740847871535786,
    "n_bkg;885": 5309.57611621271,
    "n_bkg;885_err": 181.98709761264027,
    "n_sig;885": 52023.72165354555,
    "n_sig;885_err": 278.5481913655455,
    "r_params": {
        "alphaL": 2.0093908820306683,
        "alphaL_Kpipi": 0.23984147888569726,
        "alphaR": -1.8299359569788949,
        "alphaR_Kpipi": -3.45169511727099,
        "fraction_Kpipi": 0.8861855867303668,
        "muL_Kpipi": 5214.656416664541,
        "muR_Kpipi": 5183.074248990296,
        "nL": 0.46610239287126426,
        "nL_Kpipi": 4.413073505098077,
        "nR": 6.96364524961719,
        "nR_Kpipi": 1.3686501931786665e-08,
        "r_bkgK": 0.035341458516519916,
        "sigmaL_Kpipi": 19.133710600596434,
        "sigmaR_Kpipi": 39.32384704379869
    },
    "sigmaL;885": 10.73133034047661,
    "sigmaL;885_err": 0.22267650579017542,
    "sigmaR;885": 18.00544912996359,
    "sigmaR;885_err": 0.21697050523702086
}