{
    "fit_ok": true,
    "frac;371": 0.45483536084284526,
    "frac;371_err": 0.020991323498236916,
    "info_fit": "------------------------------------------------------------------\n| FCN = -3.199e+05              |     Ncalls=105 (105 total)     |\n| EDM = 1.04e-05 (Goal: 0.001)  |            up = 0.5            |\n------------------------------------------------------------------\n|  Valid Min.   | Valid Param.  | Above EDM | Reached call limit |\n------------------------------------------------------------------\n|     True      |     True      |   False   |       False        |\n------------------------------------------------------------------\n| Hesse failed  |   Has cov.    | Accurate  | Pos. def. | Forced |\n------------------------------------------------------------------\n|     False     |     True      |   True    |   True    | False  |\n------------------------------------------------------------------",
    "info_params": "name            value    minuit_hesse    at limit\n----------  ---------  --------------  ----------\nn_sig;371       52410     +/- 2.8e+02       False\u001b[0m\nn_bkg;371        5213     +/- 1.8e+02       False\u001b[0m\nfrac;371       0.4548     +/-   0.021       False\u001b[0m\nmu;371           5279     +/-   0.077       False\u001b[0m\nsigmaL;371      11.17     +/-    0.21       False\u001b[0m\nsigmaR;371       18.3     +/-    0.24       False\u001b[0m\nlambda;371  -0.002245     +/- 0.00026       False\u001b[0m",
    "lambda;371": -0.002245132754312318,
    "lambda;371_err": 0.0002600115793251849,
    "mu;371": 5278.8696484115335,
    "mu;371_err": 0.07731583006726006,
    "n_bkg;371": 5212.610290852709,
    "n_bkg;371_err": 183.8628263143659,
    "n_sig;371": 52405.2192895036,
    "n_sig;371_err": 281.590284838753,
    "r_params": {
        "alphaL": 2.02992217591786,
        "alphaL_Kpipi": 0.24882543554945957,
        "alphaR": -1.7778067363088699,
        "alphaR_Kpipi": -3.0309454834474296,
        "fraction_Kpipi": 0.9038382259803742,
        "muL_Kpipi": 5215.3350702262915,
        "muR_Kpipi": 5182.063540478886,
        "nL": 0.4354740104546931,
        "nL_Kpipi": 4.201748010435884,
        "nR": 5.840596424652496,
        "nR_Kpipi": 6.329208357818686e-05,
        "r_bkgK": 0.029686578700498543,
        "sigmaL_Kpipi": 18.842353158798286,
        "sigmaR_Kpipi": 38.62005962484731
    },
    "sigmaL;371": 11.16538076536349,
    "sigmaL;371_err": 0.20638642807905092,
    "sigmaR;371": 18.304558178104223,
    "sigmaR;371_err": 0.24021970365427472
}