{
    "fit_ok": true,
    "frac;678": 0.3849380923033976,
    "frac;678_err": 0.019537446766403815,
    "info_fit": "------------------------------------------------------------------\n| FCN = -3.199e+05              |     Ncalls=106 (106 total)     |\n| EDM = 0.000106 (Goal: 0.001)  |            up = 0.5            |\n------------------------------------------------------------------\n|  Valid Min.   | Valid Param.  | Above EDM | Reached call limit |\n------------------------------------------------------------------\n|     True      |     True      |   False   |       False        |\n------------------------------------------------------------------\n| Hesse failed  |   Has cov.    | Accurate  | Pos. def. | Forced |\n------------------------------------------------------------------\n|     False     |     True      |   True    |   True    | False  |\n------------------------------------------------------------------",
    "info_params": "name            value    minuit_hesse    at limit\n----------  ---------  --------------  ----------\nn_sig;678       52160     +/- 2.7e+02       False\u001b[0m\nn_bkg;678        4791     +/- 1.8e+02       False\u001b[0m\nfrac;678       0.3849     +/-    0.02       False\u001b[0m\nmu;678           5279     +/-   0.078       False\u001b[0m\nsigmaL;678      10.63     +/-    0.22       False\u001b[0m\nsigmaR;678      17.82     +/-     0.2       False\u001b[0m\nlambda;678  -0.001612     +/- 0.00028       False\u001b[0m",
    "lambda;678": -0.0016117847752936676,
    "lambda;678_err": 0.00027774191851749716,
    "mu;678": 5278.860667902156,
    "mu;678_err": 0.07753577598050972,
    "n_bkg;678": 4791.215245728834,
    "n_bkg;678_err": 175.07534831064078,
    "n_sig;678": 52159.18129199218,
    "n_sig;678_err": 274.2458400730421,
    "r_params": {
        "alphaL": 2.02992217591786,
        "alphaL_Kpipi": 0.22783717818185742,
        "alphaR": -1.7778067363088699,
        "alphaR_Kpipi": -3.3054129712334785,
        "fraction_Kpipi": 0.9018907592558678,
        "muL_Kpipi": 5214.763253045512,
        "muR_Kpipi": 5182.128439785889,
        "nL": 0.4354740104546931,
        "nL_Kpipi": 4.409482909004071,
        "nR": 5.840596424652496,
        "nR_Kpipi": 0.00037628149748770913,
        "r_bkgK": 0.04259425515885142,
        "sigmaL_Kpipi": 19.170488351542545,
        "sigmaR_Kpipi": 40.32160797484284
    },
    "sigmaL;678": 10.626634563566919,
    "sigmaL;678_err": 0.22340230071370548,
    "sigmaR;678": 17.82116011717745,
    "sigmaR;678_err": 0.20209126210512005
}