{
    "fit_ok": true,
    "frac;976": 0.3844049164735307,
    "frac;976_err": 0.01750568931802824,
    "info_fit": "------------------------------------------------------------------\n| FCN = -3.199e+05              |     Ncalls=103 (103 total)     |\n| EDM = 0.000103 (Goal: 0.001)  |            up = 0.5            |\n------------------------------------------------------------------\n|  Valid Min.   | Valid Param.  | Above EDM | Reached call limit |\n------------------------------------------------------------------\n|     True      |     True      |   False   |       False        |\n------------------------------------------------------------------\n| Hesse failed  |   Has cov.    | Accurate  | Pos. def. | Forced |\n------------------------------------------------------------------\n|     False     |     True      |   True    |   True    | False  |\n------------------------------------------------------------------",
    "info_params": "name            value    minuit_hesse    at limit\n----------  ---------  --------------  ----------\nn_sig;976       52270     +/- 2.8e+02       False\u001b[0m\nn_bkg;976        5055     +/- 1.8e+02       False\u001b[0m\nfrac;976       0.3844     +/-   0.018       False\u001b[0m\nmu;976           5279     +/-   0.079       False\u001b[0m\nsigmaL;976      10.72     +/-    0.23       False\u001b[0m\nsigmaR;976      17.31     +/-    0.17       False\u001b[0m\nlambda;976  -0.002003     +/- 0.00026       False\u001b[0m",
    "lambda;976": -0.0020034969347771936,
    "lambda;976_err": 0.000263828076040915,
    "mu;976": 5278.960608628357,
    "mu;976_err": 0.07909280383898613,
    "n_bkg;976": 5055.34971110936,
    "n_bkg;976_err": 177.7437686307652,
    "n_sig;976": 52270.04456553761,
    "n_sig;976_err": 276.8518855899417,
    "r_params": {
        "alphaL": 1.774546974220719,
        "alphaL_Kpipi": 0.23984147888569726,
        "alphaR": -1.7135854509648563,
        "alphaR_Kpipi": -3.45169511727099,
        "fraction_Kpipi": 0.8861855867303668,
        "muL_Kpipi": 5214.656416664541,
        "muR_Kpipi": 5183.074248990296,
        "nL": 0.6220989364782219,
        "nL_Kpipi": 4.413073505098077,
        "nR": 6.402572860186042,
        "nR_Kpipi": 1.3686501931786665e-08,
        "r_bkgK": 0.035341458516519916,
        "sigmaL_Kpipi": 19.133710600596434,
        "sigmaR_Kpipi": 39.32384704379869
    },
    "sigmaL;976": 10.718906470997624,
    "sigmaL;976_err": 0.22960266759611186,
    "sigmaR;976": 17.31178408646056,
    "sigmaR;976_err": 0.1732510868559599
}