{
    "fit_ok": true,
    "frac;890": 0.4259742089676432,
    "frac;890_err": 0.02052929734964744,
    "info_fit": "------------------------------------------------------------------\n| FCN = -3.199e+05              |     Ncalls=104 (104 total)     |\n| EDM = 0.000248 (Goal: 0.001)  |            up = 0.5            |\n------------------------------------------------------------------\n|  Valid Min.   | Valid Param.  | Above EDM | Reached call limit |\n------------------------------------------------------------------\n|     True      |     True      |   False   |       False        |\n------------------------------------------------------------------\n| Hesse failed  |   Has cov.    | Accurate  | Pos. def. | Forced |\n------------------------------------------------------------------\n|     False     |     True      |   True    |   True    | False  |\n------------------------------------------------------------------",
    "info_params": "name            value    minuit_hesse    at limit\n----------  ---------  --------------  ----------\nn_sig;890       52300     +/- 2.8e+02       False\u001b[0m\nn_bkg;890        5003     +/- 1.8e+02       False\u001b[0m\nfrac;890        0.426     +/-   0.021       False\u001b[0m\nmu;890           5279     +/-   0.077       False\u001b[0m\nsigmaL;890      10.95     +/-    0.22       False\u001b[0m\nsigmaR;890      18.12     +/-    0.22       False\u001b[0m\nlambda;890  -0.001934     +/- 0.00027       False\u001b[0m",
    "lambda;890": -0.0019342649872726714,
    "lambda;890_err": 0.00027010641318474265,
    "mu;890": 5278.852702362445,
    "mu;890_err": 0.0774735739460675,
    "n_bkg;890": 5003.458638778717,
    "n_bkg;890_err": 180.52309098665123,
    "n_sig;890": 52301.15891873028,
    "n_sig;890_err": 278.7444283639081,
    "r_params": {
        "alphaL": 2.02992217591786,
        "alphaL_Kpipi": 0.23984147888569726,
        "alphaR": -1.7778067363088699,
        "alphaR_Kpipi": -3.45169511727099,
        "fraction_Kpipi": 0.8861855867303668,
        "muL_Kpipi": 5214.656416664541,
        "muR_Kpipi": 5183.074248990296,
        "mu_Ds": 5279.677414449175,
        "nL": 0.4354740104546931,
        "nL_Kpipi": 4.413073505098077,
        "nR": 5.840596424652496,
        "nR_Kpipi": 1.3686501931786665e-08,
        "n_sig_Ds": 1402.3920379314973,
        "r_bkgK": 0.035341458516519916,
        "sigmaL_Kpipi": 19.133710600596434,
        "sigmaR_Kpipi": 39.32384704379869,
        "sigma_Ds": 12.358001626752396
    },
    "sigmaL;890": 10.954152616041348,
    "sigmaL;890_err": 0.21682353729472356,
    "sigmaR;890": 18.118163276116242,
    "sigmaR;890_err": 0.22346947675452472
}