{
    "fit_ok": true,
    "frac;1005": 0.2979309613635669,
    "frac;1005_err": 0.018071116301082216,
    "info_fit": "------------------------------------------------------------------\n| FCN = -3.199e+05              |     Ncalls=101 (101 total)     |\n| EDM = 0.000137 (Goal: 0.001)  |            up = 0.5            |\n------------------------------------------------------------------\n|  Valid Min.   | Valid Param.  | Above EDM | Reached call limit |\n------------------------------------------------------------------\n|     True      |     True      |   False   |       False        |\n------------------------------------------------------------------\n| Hesse failed  |   Has cov.    | Accurate  | Pos. def. | Forced |\n------------------------------------------------------------------\n|     False     |     True      |   True    |   True    | False  |\n------------------------------------------------------------------",
    "info_params": "name              value    minuit_hesse    at limit\n-----------  ----------  --------------  ----------\nn_sig;1005        51770     +/- 2.6e+02       False\u001b[0m\nn_bkg;1005         4402     +/- 1.6e+02       False\u001b[0m\nfrac;1005        0.2979     +/-   0.018       False\u001b[0m\nmu;1005            5279     +/-   0.078       False\u001b[0m\nsigmaL;1005       9.873     +/-    0.27       False\u001b[0m\nsigmaR;1005       17.26     +/-    0.16       False\u001b[0m\nlambda;1005  -0.0009398     +/- 0.00029       False\u001b[0m",
    "lambda;1005": -0.0009397931042336438,
    "lambda;1005_err": 0.00028809701735985126,
    "mu;1005": 5278.827853389806,
    "mu;1005_err": 0.0778992021895365,
    "n_bkg;1005": 4402.184343573311,
    "n_bkg;1005_err": 160.7112395080525,
    "n_sig;1005": 51768.05230517317,
    "n_sig;1005_err": 263.46099340179177,
    "r_params": {
        "alphaL": 2.02992217591786,
        "alphaL_Kpipi": 0.2626090358661248,
        "alphaR": -1.7778067363088699,
        "alphaR_Kpipi": -3.6905222915091698,
        "fraction_Kpipi": 0.8677860490931344,
        "muL_Kpipi": 5214.265585706484,
        "muR_Kpipi": 5181.638456297423,
        "nL": 0.4354740104546931,
        "nL_Kpipi": 4.050597776059778,
        "nR": 5.840596424652496,
        "nR_Kpipi": 2.009629495942756e-05,
        "r_bkgK": 0.05793855406487411,
        "sigmaL_Kpipi": 18.59787084881121,
        "sigmaR_Kpipi": 39.81030982348401
    },
    "sigmaL;1005": 9.872856613019437,
    "sigmaL;1005_err": 0.269681778189448,
    "sigmaR;1005": 17.257709582876135,
    "sigmaR;1005_err": 0.1649329872649282
}