{
    "fit_ok": true,
    "frac;1385": 0.4265008006475092,
    "frac;1385_err": 0.020532607415402963,
    "info_fit": "------------------------------------------------------------------\n| FCN = -3.199e+05              |     Ncalls=101 (101 total)     |\n| EDM = 0.000662 (Goal: 0.001)  |            up = 0.5            |\n------------------------------------------------------------------\n|  Valid Min.   | Valid Param.  | Above EDM | Reached call limit |\n------------------------------------------------------------------\n|     True      |     True      |   False   |       False        |\n------------------------------------------------------------------\n| Hesse failed  |   Has cov.    | Accurate  | Pos. def. | Forced |\n------------------------------------------------------------------\n|     False     |     True      |   True    |   True    | False  |\n------------------------------------------------------------------",
    "info_params": "name            value    minuit_hesse    at limit\n-----------  --------  --------------  ----------\nn_sig;1385      52360     +/- 2.8e+02       False\u001b[0m\nn_bkg;1385       4998     +/- 1.8e+02       False\u001b[0m\nfrac;1385      0.4265     +/-   0.021       False\u001b[0m\nmu;1385          5279     +/-   0.077       False\u001b[0m\nsigmaL;1385     10.94     +/-    0.22       False\u001b[0m\nsigmaR;1385      18.1     +/-    0.22       False\u001b[0m\nlambda;1385  -0.00193     +/- 0.00027       False\u001b[0m",
    "lambda;1385": -0.00192950091773747,
    "lambda;1385_err": 0.0002698090085769893,
    "mu;1385": 5278.889706175375,
    "mu;1385_err": 0.07736449779588435,
    "n_bkg;1385": 4998.443207708613,
    "n_bkg;1385_err": 180.16883500878944,
    "n_sig;1385": 52360.13676826086,
    "n_sig;1385_err": 278.4536499447631,
    "r_params": {
        "alphaL": 2.02992217591786,
        "alphaL_Kpipi": 0.23984147888569726,
        "alphaR": -1.7778067363088699,
        "alphaR_Kpipi": -3.45169511727099,
        "fraction_Kpipi": 0.8861855867303668,
        "muL_Kpipi": 5214.656416664541,
        "muR_Kpipi": 5183.074248990296,
        "mu_Ds": 5278.604706092042,
        "nL": 0.4354740104546931,
        "nL_Kpipi": 4.413073505098077,
        "nR": 5.840596424652496,
        "nR_Kpipi": 1.3686501931786665e-08,
        "n_sig_Ds": 1342.7876360235143,
        "r_bkgK": 0.035341458516519916,
        "sigmaL_Kpipi": 19.133710600596434,
        "sigmaR_Kpipi": 39.32384704379869,
        "sigma_Ds": 12.721613262557918
    },
    "sigmaL;1385": 10.938842781724034,
    "sigmaL;1385_err": 0.21788949739321187,
    "sigmaR;1385": 18.10415892441047,
    "sigmaR;1385_err": 0.22293938302993005
}