{
    "fit_ok": true,
    "frac;1084": 0.42538583050790446,
    "frac;1084_err": 0.020572986462425412,
    "info_fit": "------------------------------------------------------------------\n| FCN = -3.199e+05              |     Ncalls=105 (105 total)     |\n| EDM = 3.39e-05 (Goal: 0.001)  |            up = 0.5            |\n------------------------------------------------------------------\n|  Valid Min.   | Valid Param.  | Above EDM | Reached call limit |\n------------------------------------------------------------------\n|     True      |     True      |   False   |       False        |\n------------------------------------------------------------------\n| Hesse failed  |   Has cov.    | Accurate  | Pos. def. | Forced |\n------------------------------------------------------------------\n|     False     |     True      |   True    |   True    | False  |\n------------------------------------------------------------------",
    "info_params": "name             value    minuit_hesse    at limit\n-----------  ---------  --------------  ----------\nn_sig;1084       52300     +/- 2.8e+02       False\u001b[0m\nn_bkg;1084        5009     +/- 1.8e+02       False\u001b[0m\nfrac;1084       0.4254     +/-   0.021       False\u001b[0m\nmu;1084           5279     +/-   0.078       False\u001b[0m\nsigmaL;1084         11     +/-    0.22       False\u001b[0m\nsigmaR;1084      18.13     +/-    0.22       False\u001b[0m\nlambda;1084  -0.001945     +/- 0.00027       False\u001b[0m",
    "lambda;1084": -0.0019448887851679642,
    "lambda;1084_err": 0.00026980269158683357,
    "mu;1084": 5278.856241601747,
    "mu;1084_err": 0.07756623406925806,
    "n_bkg;1084": 5008.60535836024,
    "n_bkg;1084_err": 180.5873000836366,
    "n_sig;1084": 52298.060370120336,
    "n_sig;1084_err": 278.7514261879313,
    "r_params": {
        "alphaL": 2.02992217591786,
        "alphaL_Kpipi": 0.23984147888569726,
        "alphaR": -1.7778067363088699,
        "alphaR_Kpipi": -3.45169511727099,
        "fraction_Kpipi": 0.8861855867303668,
        "muL_Kpipi": 5214.656416664541,
        "muR_Kpipi": 5183.074248990296,
        "mu_Ds": 5279.424944388,
        "nL": 0.4354740104546931,
        "nL_Kpipi": 4.413073505098077,
        "nR": 5.840596424652496,
        "nR_Kpipi": 1.3686501931786665e-08,
        "n_sig_Ds": 1398.9628797578587,
        "r_bkgK": 0.035341458516519916,
        "sigmaL_Kpipi": 19.133710600596434,
        "sigmaR_Kpipi": 39.32384704379869,
        "sigma_Ds": 11.552167870176971
    },
    "sigmaL;1084": 10.996951855228472,
    "sigmaL;1084_err": 0.21735088215264547,
    "sigmaR;1084": 18.12679695003398,
    "sigmaR;1084_err": 0.2229654552622692
}