{
    "fit_ok": false,
    "frac;842": 0.4266043853899404,
    "frac;842_err": 0.020519636183177162,
    "info_fit": "------------------------------------------------------------------\n| FCN = -3.199e+05              |     Ncalls=100 (100 total)     |\n| EDM = 0.00155 (Goal: 0.001)   |            up = 0.5            |\n------------------------------------------------------------------\n|  Valid Min.   | Valid Param.  | Above EDM | Reached call limit |\n------------------------------------------------------------------\n|     True      |     True      |   False   |       False        |\n------------------------------------------------------------------\n| Hesse failed  |   Has cov.    | Accurate  | Pos. def. | Forced |\n------------------------------------------------------------------\n|     False     |     True      |   True    |   True    | False  |\n------------------------------------------------------------------",
    "info_params": "name            value    minuit_hesse    at limit\n----------  ---------  --------------  ----------\nn_sig;842       52270     +/- 2.8e+02       False\u001b[0m\nn_bkg;842        5002     +/- 1.8e+02       False\u001b[0m\nfrac;842       0.4266     +/-   0.021       False\u001b[0m\nmu;842           5279     +/-   0.077       False\u001b[0m\nsigmaL;842      10.93     +/-    0.22       False\u001b[0m\nsigmaR;842      18.11     +/-    0.22       False\u001b[0m\nlambda;842  -0.001933     +/- 0.00027       False\u001b[0m",
    "lambda;842": -0.0019328500866960807,
    "lambda;842_err": 0.0002696265385814265,
    "mu;842": 5278.83530437646,
    "mu;842_err": 0.07746343179110751,
    "n_bkg;842": 5002.026730440662,
    "n_bkg;842_err": 180.23130385910667,
    "n_sig;842": 52271.41191287593,
    "n_sig;842_err": 278.60530463974516,
    "r_params": {
        "alphaL": 2.02992217591786,
        "alphaL_Kpipi": 0.23984147888569726,
        "alphaR": -1.7778067363088699,
        "alphaR_Kpipi": -3.45169511727099,
        "fraction_Kpipi": 0.8861855867303668,
        "muL_Kpipi": 5214.656416664541,
        "muR_Kpipi": 5183.074248990296,
        "mu_Ds": 5280.254404903488,
        "nL": 0.4354740104546931,
        "nL_Kpipi": 4.413073505098077,
        "nR": 5.840596424652496,
        "nR_Kpipi": 1.3686501931786665e-08,
        "n_sig_Ds": 1434.5074354660587,
        "r_bkgK": 0.035341458516519916,
        "sigmaL_Kpipi": 19.133710600596434,
        "sigmaR_Kpipi": 39.32384704379869,
        "sigma_Ds": 12.895247370571456
    },
    "sigmaL;842": 10.932844399652307,
    "sigmaL;842_err": 0.21700687588244338,
    "sigmaR;842": 18.11182178144576,
    "sigmaR;842_err": 0.22378940806508144
}