{
    "fit_ok": true,
    "frac;48": 0.42612638868583574,
    "frac;48_err": 0.020524297968544377,
    "info_fit": "------------------------------------------------------------------\n| FCN = -3.199e+05              |     Ncalls=104 (104 total)     |\n| EDM = 0.000102 (Goal: 0.001)  |            up = 0.5            |\n------------------------------------------------------------------\n|  Valid Min.   | Valid Param.  | Above EDM | Reached call limit |\n------------------------------------------------------------------\n|     True      |     True      |   False   |       False        |\n------------------------------------------------------------------\n| Hesse failed  |   Has cov.    | Accurate  | Pos. def. | Forced |\n------------------------------------------------------------------\n|     False     |     True      |   True    |   True    | False  |\n------------------------------------------------------------------",
    "info_params": "name           value    minuit_hesse    at limit\n---------  ---------  --------------  ----------\nn_sig;48       52370     +/- 2.8e+02       False\u001b[0m\nn_bkg;48        4999     +/- 1.8e+02       False\u001b[0m\nfrac;48       0.4261     +/-   0.021       False\u001b[0m\nmu;48           5279     +/-   0.077       False\u001b[0m\nsigmaL;48      10.94     +/-    0.22       False\u001b[0m\nsigmaR;48       18.1     +/-    0.22       False\u001b[0m\nlambda;48  -0.001927     +/- 0.00027       False\u001b[0m",
    "lambda;48": -0.0019267418974443506,
    "lambda;48_err": 0.00027020571687267443,
    "mu;48": 5278.864836290366,
    "mu;48_err": 0.0773333139729608,
    "n_bkg;48": 4998.9262249008325,
    "n_bkg;48_err": 180.34883879152136,
    "n_sig;48": 52370.633699959675,
    "n_sig;48_err": 278.6142900402101,
    "r_params": {
        "alphaL": 2.02992217591786,
        "alphaL_Kpipi": 0.23984147888569726,
        "alphaR": -1.7778067363088699,
        "alphaR_Kpipi": -3.45169511727099,
        "fraction_Kpipi": 0.8861855867303668,
        "muL_Kpipi": 5214.656416664541,
        "muR_Kpipi": 5183.074248990296,
        "mu_Ds": 5279.391306270639,
        "nL": 0.4354740104546931,
        "nL_Kpipi": 4.413073505098077,
        "nR": 5.840596424652496,
        "nR_Kpipi": 1.3686501931786665e-08,
        "n_sig_Ds": 1334.1691243875944,
        "r_bkgK": 0.035341458516519916,
        "sigmaL_Kpipi": 19.133710600596434,
        "sigmaR_Kpipi": 39.32384704379869,
        "sigma_Ds": 12.693467400446215
    },
    "sigmaL;48": 10.939590154783303,
    "sigmaL;48_err": 0.2175034116476853,
    "sigmaR;48": 18.10203570591428,
    "sigmaR;48_err": 0.22291455812598168
}