{
    "fit_ok": true,
    "frac;1460": 0.40577982139048624,
    "frac;1460_err": 0.018885410141610125,
    "info_fit": "------------------------------------------------------------------\n| FCN = -3.199e+05              |     Ncalls=104 (104 total)     |\n| EDM = 4.81e-06 (Goal: 0.001)  |            up = 0.5            |\n------------------------------------------------------------------\n|  Valid Min.   | Valid Param.  | Above EDM | Reached call limit |\n------------------------------------------------------------------\n|     True      |     True      |   False   |       False        |\n------------------------------------------------------------------\n| Hesse failed  |   Has cov.    | Accurate  | Pos. def. | Forced |\n------------------------------------------------------------------\n|     False     |     True      |   True    |   True    | False  |\n------------------------------------------------------------------",
    "info_params": "name             value    minuit_hesse    at limit\n-----------  ---------  --------------  ----------\nn_sig;1460       52350     +/- 2.8e+02       False\u001b[0m\nn_bkg;1460        4977     +/- 1.8e+02       False\u001b[0m\nfrac;1460       0.4058     +/-   0.019       False\u001b[0m\nmu;1460           5279     +/-   0.078       False\u001b[0m\nsigmaL;1460      10.85     +/-    0.21       False\u001b[0m\nsigmaR;1460      17.76     +/-     0.2       False\u001b[0m\nlambda;1460  -0.001833     +/- 0.00027       False\u001b[0m",
    "lambda;1460": -0.001832795554770117,
    "lambda;1460_err": 0.0002718700739024124,
    "mu;1460": 5278.874708397167,
    "mu;1460_err": 0.07789019312416863,
    "n_bkg;1460": 4976.570194690691,
    "n_bkg;1460_err": 179.81819233337868,
    "n_sig;1460": 52345.585071367415,
    "n_sig;1460_err": 278.3495386897116,
    "r_params": {
        "alphaL": 1.967216951000903,
        "alphaL_Kpipi": 0.23984147888569726,
        "alphaR": -1.6948303185138096,
        "alphaR_Kpipi": -3.45169511727099,
        "fraction_Kpipi": 0.8861855867303668,
        "muL_Kpipi": 5214.656416664541,
        "muR_Kpipi": 5183.074248990296,
        "nL": 0.4538554333927723,
        "nL_Kpipi": 4.413073505098077,
        "nR": 7.949780034920595,
        "nR_Kpipi": 1.3686501931786665e-08,
        "r_bkgK": 0.035341458516519916,
        "sigmaL_Kpipi": 19.133710600596434,
        "sigmaR_Kpipi": 39.32384704379869
    },
    "sigmaL;1460": 10.845273786561084,
    "sigmaL;1460_err": 0.21353590734079594,
    "sigmaR;1460": 17.758224301341812,
    "sigmaR;1460_err": 0.1994948289273187
}