{
    "fit_ok": true,
    "frac;369": 0.5855504742417905,
    "frac;369_err": 0.014865495907160952,
    "info_fit": "------------------------------------------------------------------\n| FCN = -3.199e+05              |     Ncalls=108 (108 total)     |\n| EDM = 4.08e-05 (Goal: 0.001)  |            up = 0.5            |\n------------------------------------------------------------------\n|  Valid Min.   | Valid Param.  | Above EDM | Reached call limit |\n------------------------------------------------------------------\n|     True      |     True      |   False   |       False        |\n------------------------------------------------------------------\n| Hesse failed  |   Has cov.    | Accurate  | Pos. def. | Forced |\n------------------------------------------------------------------\n|     False     |     True      |   True    |   True    | False  |\n------------------------------------------------------------------",
    "info_params": "name             value    minuit_hesse    at limit\n----------  ----------  --------------  ----------\nn_sig;369        53580     +/- 2.5e+02       False\u001b[0m\nn_bkg;369         3700     +/- 1.2e+02       False\u001b[0m\nfrac;369        0.5856     +/-   0.015       False\u001b[0m\nmu;369            5279     +/-   0.078       False\u001b[0m\nsigmaL;369       12.32     +/-    0.15       False\u001b[0m\nsigmaR;369       19.19     +/-    0.27       False\u001b[0m\nlambda;369  -2.631e-09     +/- 2.4e-06       False\u001b[0m",
    "lambda;369": -2.631497325600307e-09,
    "lambda;369_err": 2.388543049514849e-06,
    "mu;369": 5278.72465204829,
    "mu;369_err": 0.07763038177711726,
    "n_bkg;369": 3700.4344950628533,
    "n_bkg;369_err": 117.10847082333606,
    "n_sig;369": 53577.23110132429,
    "n_sig;369_err": 249.89857555397927,
    "r_params": {
        "alphaL": 2.162966289880587,
        "alphaL_Kpipi": 0.23984147888569726,
        "alphaR": -1.374474035092366,
        "alphaR_Kpipi": -3.45169511727099,
        "fraction_Kpipi": 0.8861855867303668,
        "muL_Kpipi": 5214.656416664541,
        "muR_Kpipi": 5183.074248990296,
        "nL": 0.3162515211017086,
        "nL_Kpipi": 4.413073505098077,
        "nR": 6.903718878547259,
        "nR_Kpipi": 1.3686501931786665e-08,
        "r_bkgK": 0.035341458516519916,
        "sigmaL_Kpipi": 19.133710600596434,
        "sigmaR_Kpipi": 39.32384704379869
    },
    "sigmaL;369": 12.316806450916955,
    "sigmaL;369_err": 0.14977304192991697,
    "sigmaR;369": 19.187819572360333,
    "sigmaR;369_err": 0.267216026984418
}