{
    "fit_ok": true,
    "frac;493": 0.30809739527146857,
    "frac;493_err": 0.018312760765510045,
    "info_fit": "------------------------------------------------------------------\n| FCN = -3.199e+05              |     Ncalls=101 (101 total)     |\n| EDM = 4.74e-05 (Goal: 0.001)  |            up = 0.5            |\n------------------------------------------------------------------\n|  Valid Min.   | Valid Param.  | Above EDM | Reached call limit |\n------------------------------------------------------------------\n|     True      |     True      |   False   |       False        |\n------------------------------------------------------------------\n| Hesse failed  |   Has cov.    | Accurate  | Pos. def. | Forced |\n------------------------------------------------------------------\n|     False     |     True      |   True    |   True    | False  |\n------------------------------------------------------------------",
    "info_params": "name            value    minuit_hesse    at limit\n----------  ---------  --------------  ----------\nn_sig;493       51800     +/- 2.7e+02       False\u001b[0m\nn_bkg;493        4524     +/- 1.7e+02       False\u001b[0m\nfrac;493       0.3081     +/-   0.018       False\u001b[0m\nmu;493           5279     +/-   0.078       False\u001b[0m\nsigmaL;493      9.981     +/-    0.26       False\u001b[0m\nsigmaR;493      17.31     +/-    0.17       False\u001b[0m\nlambda;493  -0.001169     +/- 0.00028       False\u001b[0m",
    "lambda;493": -0.0011689265187379005,
    "lambda;493_err": 0.00028490193319515337,
    "mu;493": 5278.824642599617,
    "mu;493_err": 0.07783538065343121,
    "n_bkg;493": 4523.930243729133,
    "n_bkg;493_err": 165.3544071168385,
    "n_sig;493": 51801.410842565136,
    "n_sig;493_err": 266.38823796501555,
    "r_params": {
        "alphaL": 2.02992217591786,
        "alphaL_Kpipi": 0.2586902829748336,
        "alphaR": -1.7778067363088699,
        "alphaR_Kpipi": -3.4403810404459083,
        "fraction_Kpipi": 0.8864318863747775,
        "muL_Kpipi": 5215.2176024032615,
        "muR_Kpipi": 5184.927076410341,
        "nL": 0.4354740104546931,
        "nL_Kpipi": 4.2871398431734145,
        "nR": 5.840596424652496,
        "nR_Kpipi": 0.0001405527267334435,
        "r_bkgK": 0.054912459457299063,
        "sigmaL_Kpipi": 17.525948552289666,
        "sigmaR_Kpipi": 37.85126420205397
    },
    "sigmaL;493": 9.981010942626263,
    "sigmaL;493_err": 0.2571057983926105,
    "sigmaR;493": 17.30512515633243,
    "sigmaR;493_err": 0.1697089269660301
}