{
    "fit_ok": true,
    "frac;513": 0.4661235845637521,
    "frac;513_err": 0.02502085821657982,
    "info_fit": "------------------------------------------------------------------\n| FCN = -3.199e+05              |     Ncalls=105 (105 total)     |\n| EDM = 8.31e-05 (Goal: 0.001)  |            up = 0.5            |\n------------------------------------------------------------------\n|  Valid Min.   | Valid Param.  | Above EDM | Reached call limit |\n------------------------------------------------------------------\n|     True      |     True      |   False   |       False        |\n------------------------------------------------------------------\n| Hesse failed  |   Has cov.    | Accurate  | Pos. def. | Forced |\n------------------------------------------------------------------\n|     False     |     True      |   True    |   True    | False  |\n------------------------------------------------------------------",
    "info_params": "name            value    minuit_hesse    at limit\n----------  ---------  --------------  ----------\nn_sig;513       51650     +/- 2.7e+02       False\u001b[0m\nn_bkg;513        5700     +/- 1.7e+02       False\u001b[0m\nfrac;513       0.4661     +/-   0.025       False\u001b[0m\nmu;513           5279     +/-   0.077       False\u001b[0m\nsigmaL;513      11.18     +/-    0.22       False\u001b[0m\nsigmaR;513      18.73     +/-    0.28       False\u001b[0m\nlambda;513  -0.002786     +/- 0.00022       False\u001b[0m",
    "lambda;513": -0.0027860559637247206,
    "lambda;513_err": 0.00021968412632140163,
    "mu;513": 5278.848940152189,
    "mu;513_err": 0.0767753636800357,
    "n_bkg;513": 5699.818533897591,
    "n_bkg;513_err": 174.7080623978291,
    "n_sig;513": 51648.81504996699,
    "n_sig;513_err": 272.89117032420427,
    "r_params": {
        "alphaL": 2.087448588648943,
        "alphaL_Kpipi": 0.23984147888569726,
        "alphaR": -1.8716765650762657,
        "alphaR_Kpipi": -3.45169511727099,
        "fraction_Kpipi": 0.8861855867303668,
        "muL_Kpipi": 5214.656416664541,
        "muR_Kpipi": 5183.074248990296,
        "nL": 0.5457514033271109,
        "nL_Kpipi": 4.413073505098077,
        "nR": 6.266439493784286,
        "nR_Kpipi": 1.3686501931786665e-08,
        "r_bkgK": 0.035341458516519916,
        "sigmaL_Kpipi": 19.133710600596434,
        "sigmaR_Kpipi": 39.32384704379869
    },
    "sigmaL;513": 11.175573854435594,
    "sigmaL;513_err": 0.21894204903831652,
    "sigmaR;513": 18.728151215241606,
    "sigmaR;513_err": 0.28480699671242005
}