{
    "fit_ok": true,
    "frac;102": 0.4257328389029004,
    "frac;102_err": 0.020515458267205133,
    "info_fit": "------------------------------------------------------------------\n| FCN = -3.199e+05              |     Ncalls=101 (101 total)     |\n| EDM = 0.00048 (Goal: 0.001)   |            up = 0.5            |\n------------------------------------------------------------------\n|  Valid Min.   | Valid Param.  | Above EDM | Reached call limit |\n------------------------------------------------------------------\n|     True      |     True      |   False   |       False        |\n------------------------------------------------------------------\n| Hesse failed  |   Has cov.    | Accurate  | Pos. def. | Forced |\n------------------------------------------------------------------\n|     False     |     True      |   True    |   True    | False  |\n------------------------------------------------------------------",
    "info_params": "name            value    minuit_hesse    at limit\n----------  ---------  --------------  ----------\nn_sig;102       52420     +/- 2.8e+02       False\u001b[0m\nn_bkg;102        4998     +/- 1.8e+02       False\u001b[0m\nfrac;102       0.4257     +/-   0.021       False\u001b[0m\nmu;102           5279     +/-   0.077       False\u001b[0m\nsigmaL;102      10.95     +/-    0.22       False\u001b[0m\nsigmaR;102       18.1     +/-    0.22       False\u001b[0m\nlambda;102  -0.001926     +/- 0.00027       False\u001b[0m",
    "lambda;102": -0.0019263830625890765,
    "lambda;102_err": 0.00027023040456647336,
    "mu;102": 5278.88375232648,
    "mu;102_err": 0.07728439771051213,
    "n_bkg;102": 4997.51535221997,
    "n_bkg;102_err": 180.30252334744972,
    "n_sig;102": 52424.99622975155,
    "n_sig;102_err": 278.5620067423524,
    "r_params": {
        "alphaL": 2.02992217591786,
        "alphaL_Kpipi": 0.23984147888569726,
        "alphaR": -1.7778067363088699,
        "alphaR_Kpipi": -3.45169511727099,
        "fraction_Kpipi": 0.8861855867303668,
        "muL_Kpipi": 5214.656416664541,
        "muR_Kpipi": 5183.074248990296,
        "mu_Ds": 5278.7440124473815,
        "nL": 0.4354740104546931,
        "nL_Kpipi": 4.413073505098077,
        "nR": 5.840596424652496,
        "nR_Kpipi": 1.3686501931786665e-08,
        "n_sig_Ds": 1278.8966083106864,
        "r_bkgK": 0.035341458516519916,
        "sigmaL_Kpipi": 19.133710600596434,
        "sigmaR_Kpipi": 39.32384704379869,
        "sigma_Ds": 12.318881711066915
    },
    "sigmaL;102": 10.951746349198425,
    "sigmaL;102_err": 0.21756135493194953,
    "sigmaR;102": 18.100188041424794,
    "sigmaR;102_err": 0.22223598050290466
}