{
    "fit_ok": true,
    "frac;1295": 0.3362817492676181,
    "frac;1295_err": 0.018160669212071604,
    "info_fit": "------------------------------------------------------------------\n| FCN = -3.199e+05              |     Ncalls=106 (106 total)     |\n| EDM = 8.82e-05 (Goal: 0.001)  |            up = 0.5            |\n------------------------------------------------------------------\n|  Valid Min.   | Valid Param.  | Above EDM | Reached call limit |\n------------------------------------------------------------------\n|     True      |     True      |   False   |       False        |\n------------------------------------------------------------------\n| Hesse failed  |   Has cov.    | Accurate  | Pos. def. | Forced |\n------------------------------------------------------------------\n|     False     |     True      |   True    |   True    | False  |\n------------------------------------------------------------------",
    "info_params": "name             value    minuit_hesse    at limit\n-----------  ---------  --------------  ----------\nn_sig;1295       51990     +/- 2.7e+02       False\u001b[0m\nn_bkg;1295        4512     +/- 1.7e+02       False\u001b[0m\nfrac;1295       0.3363     +/-   0.018       False\u001b[0m\nmu;1295           5279     +/-   0.078       False\u001b[0m\nsigmaL;1295      10.22     +/-    0.23       False\u001b[0m\nsigmaR;1295      17.53     +/-    0.18       False\u001b[0m\nlambda;1295  -0.001145     +/- 0.00029       False\u001b[0m",
    "lambda;1295": -0.0011449629605557732,
    "lambda;1295_err": 0.00028514815201876275,
    "mu;1295": 5278.836910144914,
    "mu;1295_err": 0.077702755001606,
    "n_bkg;1295": 4512.045315844203,
    "n_bkg;1295_err": 165.23019098882835,
    "n_sig;1295": 51985.65788380928,
    "n_sig;1295_err": 267.24633493285233,
    "r_params": {
        "alphaL": 2.02992217591786,
        "alphaL_Kpipi": 0.25208614560233344,
        "alphaR": -1.7778067363088699,
        "alphaR_Kpipi": -3.4795716913640735,
        "fraction_Kpipi": 0.8757349800709459,
        "muL_Kpipi": 5214.287007138415,
        "muR_Kpipi": 5177.355136005146,
        "nL": 0.4354740104546931,
        "nL_Kpipi": 4.351936225322381,
        "nR": 5.840596424652496,
        "nR_Kpipi": 0.000258402161394129,
        "r_bkgK": 0.05140753631957152,
        "sigmaL_Kpipi": 18.6643218887035,
        "sigmaR_Kpipi": 38.237491852555785
    },
    "sigmaL;1295": 10.219738117884264,
    "sigmaL;1295_err": 0.2345251809809728,
    "sigmaR;1295": 17.527282610730342,
    "sigmaR;1295_err": 0.17854232557355917
}