{
    "fit_ok": true,
    "frac;88": 0.42532024257136963,
    "frac;88_err": 0.02045837340438584,
    "info_fit": "------------------------------------------------------------------\n| FCN = -3.199e+05              |     Ncalls=136 (136 total)     |\n| EDM = 0.000283 (Goal: 0.001)  |            up = 0.5            |\n------------------------------------------------------------------\n|  Valid Min.   | Valid Param.  | Above EDM | Reached call limit |\n------------------------------------------------------------------\n|     True      |     True      |   False   |       False        |\n------------------------------------------------------------------\n| Hesse failed  |   Has cov.    | Accurate  | Pos. def. | Forced |\n------------------------------------------------------------------\n|     False     |     True      |   True    |   True    | False  |\n------------------------------------------------------------------",
    "info_params": "name           value    minuit_hesse    at limit\n---------  ---------  --------------  ----------\nn_sig;88       52260     +/- 2.8e+02       False\u001b[0m\nn_bkg;88        5010     +/- 1.8e+02       False\u001b[0m\nfrac;88       0.4253     +/-    0.02       False\u001b[0m\nmu;88           5279     +/-   0.077       False\u001b[0m\nsigmaL;88      10.92     +/-    0.22       False\u001b[0m\nsigmaR;88       18.1     +/-    0.22       False\u001b[0m\nlambda;88  -0.001942     +/- 0.00027       False\u001b[0m",
    "lambda;88": -0.0019422032460988392,
    "lambda;88_err": 0.00026905516184309153,
    "mu;88": 5278.823941343025,
    "mu;88_err": 0.07744875541525832,
    "n_bkg;88": 5010.474696178243,
    "n_bkg;88_err": 180.14044352211857,
    "n_sig;88": 52263.33268850883,
    "n_sig;88_err": 278.28004445814685,
    "r_params": {
        "alphaL": 2.02992217591786,
        "alphaL_Kpipi": 0.23984147888569726,
        "alphaR": -1.7778067363088699,
        "alphaR_Kpipi": -3.45169511727099,
        "fraction_Kpipi": 0.8861855867303668,
        "muL_Kpipi": 5214.656416664541,
        "muR_Kpipi": 5183.074248990296,
        "mu_Ds": 5280.5937656824835,
        "nL": 0.4354740104546931,
        "nL_Kpipi": 4.413073505098077,
        "nR": 5.840596424652496,
        "nR_Kpipi": 1.3686501931786665e-08,
        "n_sig_Ds": 1432.1624494607668,
        "r_bkgK": 0.035341458516519916,
        "sigmaL_Kpipi": 19.133710600596434,
        "sigmaR_Kpipi": 39.32384704379869,
        "sigma_Ds": 12.931700661661685
    },
    "sigmaL;88": 10.919359482327742,
    "sigmaL;88_err": 0.21696887431352974,
    "sigmaR;88": 18.0955873861261,
    "sigmaR;88_err": 0.22275539481206558
}