{
    "fit_ok": true,
    "frac;77": 0.6310542047051008,
    "frac;77_err": 0.020093438186387192,
    "info_fit": "------------------------------------------------------------------\n| FCN = -3.199e+05              |     Ncalls=106 (106 total)     |\n| EDM = 3.88e-05 (Goal: 0.001)  |            up = 0.5            |\n------------------------------------------------------------------\n|  Valid Min.   | Valid Param.  | Above EDM | Reached call limit |\n------------------------------------------------------------------\n|     True      |     True      |   False   |       False        |\n------------------------------------------------------------------\n| Hesse failed  |   Has cov.    | Accurate  | Pos. def. | Forced |\n------------------------------------------------------------------\n|     False     |     True      |   True    |   True    | False  |\n------------------------------------------------------------------",
    "info_params": "name           value    minuit_hesse    at limit\n---------  ---------  --------------  ----------\nn_sig;77       52440     +/- 2.7e+02       False\u001b[0m\nn_bkg;77        4885     +/- 1.6e+02       False\u001b[0m\nfrac;77       0.6311     +/-    0.02       False\u001b[0m\nmu;77           5279     +/-   0.077       False\u001b[0m\nsigmaL;77      12.51     +/-    0.16       False\u001b[0m\nsigmaR;77      20.04     +/-     0.4       False\u001b[0m\nlambda;77  -0.002167     +/- 0.00024       False\u001b[0m",
    "lambda;77": -0.0021668661498891323,
    "lambda;77_err": 0.00023730412444456222,
    "mu;77": 5278.786515113513,
    "mu;77_err": 0.07704411560856463,
    "n_bkg;77": 4884.919035060337,
    "n_bkg;77_err": 159.1738440746927,
    "n_sig;77": 52436.716763375545,
    "n_sig;77_err": 266.90456826482756,
    "r_params": {
        "alphaL": 2.1193874733554376,
        "alphaL_Kpipi": 0.23984147888569726,
        "alphaR": -1.5382314129614385,
        "alphaR_Kpipi": -3.45169511727099,
        "fraction_Kpipi": 0.8861855867303668,
        "muL_Kpipi": 5214.656416664541,
        "muR_Kpipi": 5183.074248990296,
        "nL": 0.5658919680217642,
        "nL_Kpipi": 4.413073505098077,
        "nR": 4.820115400521456,
        "nR_Kpipi": 1.3686501931786665e-08,
        "r_bkgK": 0.035341458516519916,
        "sigmaL_Kpipi": 19.133710600596434,
        "sigmaR_Kpipi": 39.32384704379869
    },
    "sigmaL;77": 12.50608224248116,
    "sigmaL;77_err": 0.1563741489762611,
    "sigmaR;77": 20.037193890682797,
    "sigmaR;77_err": 0.39976184238866885
}