{
    "fit_ok": true,
    "frac;588": 0.4360136727293926,
    "frac;588_err": 0.020278936548896107,
    "info_fit": "------------------------------------------------------------------\n| FCN = -3.199e+05              |     Ncalls=104 (104 total)     |\n| EDM = 0.000132 (Goal: 0.001)  |            up = 0.5            |\n------------------------------------------------------------------\n|  Valid Min.   | Valid Param.  | Above EDM | Reached call limit |\n------------------------------------------------------------------\n|     True      |     True      |   False   |       False        |\n------------------------------------------------------------------\n| Hesse failed  |   Has cov.    | Accurate  | Pos. def. | Forced |\n------------------------------------------------------------------\n|     False     |     True      |   True    |   True    | False  |\n------------------------------------------------------------------",
    "info_params": "name            value    minuit_hesse    at limit\n----------  ---------  --------------  ----------\nn_sig;588       52410     +/- 2.8e+02       False\u001b[0m\nn_bkg;588        4951     +/- 1.8e+02       False\u001b[0m\nfrac;588        0.436     +/-    0.02       False\u001b[0m\nmu;588           5279     +/-   0.077       False\u001b[0m\nsigmaL;588      11.01     +/-    0.21       False\u001b[0m\nsigmaR;588      18.24     +/-    0.23       False\u001b[0m\nlambda;588  -0.001856     +/- 0.00027       False\u001b[0m",
    "lambda;588": -0.001856024780728771,
    "lambda;588_err": 0.000271981735400241,
    "mu;588": 5278.861051041176,
    "mu;588_err": 0.07743240952782911,
    "n_bkg;588": 4951.013641022623,
    "n_bkg;588_err": 179.43786981875292,
    "n_sig;588": 52412.791394211556,
    "n_sig;588_err": 278.44848725529397,
    "r_params": {
        "alphaL": 2.02992217591786,
        "alphaL_Kpipi": 0.2294625596049377,
        "alphaR": -1.7778067363088699,
        "alphaR_Kpipi": -3.5013734953227904,
        "fraction_Kpipi": 0.868511122047766,
        "muL_Kpipi": 5213.571819087642,
        "muR_Kpipi": 5182.779487759012,
        "nL": 0.4354740104546931,
        "nL_Kpipi": 4.335202627521381,
        "nR": 5.840596424652496,
        "nR_Kpipi": 0.0003571103413839519,
        "r_bkgK": 0.03450239203641789,
        "sigmaL_Kpipi": 19.1152777773061,
        "sigmaR_Kpipi": 39.69740244282786
    },
    "sigmaL;588": 11.009140326043802,
    "sigmaL;588_err": 0.21147286875120386,
    "sigmaR;588": 18.240283534652516,
    "sigmaR;588_err": 0.22797542078687505
}