{
    "fit_ok": true,
    "frac;717": 0.42614083982037587,
    "frac;717_err": 0.020520789389120227,
    "info_fit": "------------------------------------------------------------------\n| FCN = -3.199e+05              |     Ncalls=102 (102 total)     |\n| EDM = 0.000358 (Goal: 0.001)  |            up = 0.5            |\n------------------------------------------------------------------\n|  Valid Min.   | Valid Param.  | Above EDM | Reached call limit |\n------------------------------------------------------------------\n|     True      |     True      |   False   |       False        |\n------------------------------------------------------------------\n| Hesse failed  |   Has cov.    | Accurate  | Pos. def. | Forced |\n------------------------------------------------------------------\n|     False     |     True      |   True    |   True    | False  |\n------------------------------------------------------------------",
    "info_params": "name            value    minuit_hesse    at limit\n----------  ---------  --------------  ----------\nn_sig;717       52310     +/- 2.8e+02       False\u001b[0m\nn_bkg;717        5002     +/- 1.8e+02       False\u001b[0m\nfrac;717       0.4261     +/-   0.021       False\u001b[0m\nmu;717           5279     +/-   0.077       False\u001b[0m\nsigmaL;717      10.95     +/-    0.22       False\u001b[0m\nsigmaR;717      18.11     +/-    0.22       False\u001b[0m\nlambda;717  -0.001933     +/- 0.00027       False\u001b[0m",
    "lambda;717": -0.0019330975658998772,
    "lambda;717_err": 0.00026987698527721713,
    "mu;717": 5278.850026247917,
    "mu;717_err": 0.0774448715930253,
    "n_bkg;717": 5002.00519379475,
    "n_bkg;717_err": 180.35290901339116,
    "n_sig;717": 52305.78695216558,
    "n_sig;717_err": 278.64508289715195,
    "r_params": {
        "alphaL": 2.02992217591786,
        "alphaL_Kpipi": 0.23984147888569726,
        "alphaR": -1.7778067363088699,
        "alphaR_Kpipi": -3.45169511727099,
        "fraction_Kpipi": 0.8861855867303668,
        "muL_Kpipi": 5214.656416664541,
        "muR_Kpipi": 5183.074248990296,
        "mu_Ds": 5279.78817715591,
        "nL": 0.4354740104546931,
        "nL_Kpipi": 4.413073505098077,
        "nR": 5.840596424652496,
        "nR_Kpipi": 1.3686501931786665e-08,
        "n_sig_Ds": 1398.3115563350007,
        "r_bkgK": 0.035341458516519916,
        "sigmaL_Kpipi": 19.133710600596434,
        "sigmaR_Kpipi": 39.32384704379869,
        "sigma_Ds": 12.571810836100381
    },
    "sigmaL;717": 10.945540446077175,
    "sigmaL;717_err": 0.21701026695226927,
    "sigmaR;717": 18.113036405386637,
    "sigmaR;717_err": 0.22337952732102004
}