{
    "fit_ok": true,
    "frac;781": 0.4262951105124632,
    "frac;781_err": 0.020547176196536277,
    "info_fit": "------------------------------------------------------------------\n| FCN = -3.199e+05              |     Ncalls=106 (106 total)     |\n| EDM = 7.45e-05 (Goal: 0.001)  |            up = 0.5            |\n------------------------------------------------------------------\n|  Valid Min.   | Valid Param.  | Above EDM | Reached call limit |\n------------------------------------------------------------------\n|     True      |     True      |   False   |       False        |\n------------------------------------------------------------------\n| Hesse failed  |   Has cov.    | Accurate  | Pos. def. | Forced |\n------------------------------------------------------------------\n|     False     |     True      |   True    |   True    | False  |\n------------------------------------------------------------------",
    "info_params": "name            value    minuit_hesse    at limit\n----------  ---------  --------------  ----------\nn_sig;781       52300     +/- 2.8e+02       False\u001b[0m\nn_bkg;781        5002     +/- 1.8e+02       False\u001b[0m\nfrac;781       0.4263     +/-   0.021       False\u001b[0m\nmu;781           5279     +/-   0.077       False\u001b[0m\nsigmaL;781      10.95     +/-    0.22       False\u001b[0m\nsigmaR;781      18.11     +/-    0.22       False\u001b[0m\nlambda;781  -0.001933     +/- 0.00027       False\u001b[0m",
    "lambda;781": -0.0019330983159798754,
    "lambda;781_err": 0.0002700253745105219,
    "mu;781": 5278.859469682016,
    "mu;781_err": 0.07746093931393527,
    "n_bkg;781": 5002.325703254886,
    "n_bkg;781_err": 180.44382128275709,
    "n_sig;781": 52302.8403309895,
    "n_sig;781_err": 278.68826651692507,
    "r_params": {
        "alphaL": 2.02992217591786,
        "alphaL_Kpipi": 0.23984147888569726,
        "alphaR": -1.7778067363088699,
        "alphaR_Kpipi": -3.45169511727099,
        "fraction_Kpipi": 0.8861855867303668,
        "muL_Kpipi": 5214.656416664541,
        "muR_Kpipi": 5183.074248990296,
        "mu_Ds": 5279.50466369127,
        "nL": 0.4354740104546931,
        "nL_Kpipi": 4.413073505098077,
        "nR": 5.840596424652496,
        "nR_Kpipi": 1.3686501931786665e-08,
        "n_sig_Ds": 1400.9937481153158,
        "r_bkgK": 0.035341458516519916,
        "sigmaL_Kpipi": 19.133710600596434,
        "sigmaR_Kpipi": 39.32384704379869,
        "sigma_Ds": 12.584257615881045
    },
    "sigmaL;781": 10.945340299545357,
    "sigmaL;781_err": 0.21741092315394178,
    "sigmaR;781": 18.114855780403317,
    "sigmaR;781_err": 0.2235716055361938
}