{
    "fit_ok": true,
    "frac;535": 0.4122235946776941,
    "frac;535_err": 0.021370599387607055,
    "info_fit": "------------------------------------------------------------------\n| FCN = -3.199e+05              |     Ncalls=106 (106 total)     |\n| EDM = 2.82e-05 (Goal: 0.001)  |            up = 0.5            |\n------------------------------------------------------------------\n|  Valid Min.   | Valid Param.  | Above EDM | Reached call limit |\n------------------------------------------------------------------\n|     True      |     True      |   False   |       False        |\n------------------------------------------------------------------\n| Hesse failed  |   Has cov.    | Accurate  | Pos. def. | Forced |\n------------------------------------------------------------------\n|     False     |     True      |   True    |   True    | False  |\n------------------------------------------------------------------",
    "info_params": "name            value    minuit_hesse    at limit\n----------  ---------  --------------  ----------\nn_sig;535       52180     +/- 2.8e+02       False\u001b[0m\nn_bkg;535        5154     +/- 1.8e+02       False\u001b[0m\nfrac;535       0.4122     +/-   0.021       False\u001b[0m\nmu;535           5279     +/-   0.077       False\u001b[0m\nsigmaL;535      10.75     +/-    0.22       False\u001b[0m\nsigmaR;535      18.24     +/-    0.23       False\u001b[0m\nlambda;535  -0.002051     +/- 0.00026       False\u001b[0m",
    "lambda;535": -0.002050636159900532,
    "lambda;535_err": 0.00026366163379327366,
    "mu;535": 5278.8465388502855,
    "mu;535_err": 0.07696872611719337,
    "n_bkg;535": 5153.796512532117,
    "n_bkg;535_err": 183.29212399851735,
    "n_sig;535": 52175.07962991934,
    "n_sig;535_err": 279.8773038440891,
    "r_params": {
        "alphaL": 2.1271654221116596,
        "alphaL_Kpipi": 0.23984147888569726,
        "alphaR": -1.8609129527358577,
        "alphaR_Kpipi": -3.45169511727099,
        "fraction_Kpipi": 0.8861855867303668,
        "muL_Kpipi": 5214.656416664541,
        "muR_Kpipi": 5183.074248990296,
        "nL": 0.35131152369032065,
        "nL_Kpipi": 4.413073505098077,
        "nR": 6.214134620313268,
        "nR_Kpipi": 1.3686501931786665e-08,
        "r_bkgK": 0.035341458516519916,
        "sigmaL_Kpipi": 19.133710600596434,
        "sigmaR_Kpipi": 39.32384704379869
    },
    "sigmaL;535": 10.750599086591734,
    "sigmaL;535_err": 0.22210758142595163,
    "sigmaR;535": 18.24137248622131,
    "sigmaR;535_err": 0.23173354386808406
}