{
    "fit_ok": true,
    "frac;1339": 0.4276715442048782,
    "frac;1339_err": 0.02053316796140818,
    "info_fit": "------------------------------------------------------------------\n| FCN = -3.199e+05              |     Ncalls=101 (101 total)     |\n| EDM = 0.000177 (Goal: 0.001)  |            up = 0.5            |\n------------------------------------------------------------------\n|  Valid Min.   | Valid Param.  | Above EDM | Reached call limit |\n------------------------------------------------------------------\n|     True      |     True      |   False   |       False        |\n------------------------------------------------------------------\n| Hesse failed  |   Has cov.    | Accurate  | Pos. def. | Forced |\n------------------------------------------------------------------\n|     False     |     True      |   True    |   True    | False  |\n------------------------------------------------------------------",
    "info_params": "name             value    minuit_hesse    at limit\n-----------  ---------  --------------  ----------\nn_sig;1339       52310     +/- 2.8e+02       False\u001b[0m\nn_bkg;1339        4998     +/- 1.8e+02       False\u001b[0m\nfrac;1339       0.4277     +/-   0.021       False\u001b[0m\nmu;1339           5279     +/-   0.077       False\u001b[0m\nsigmaL;1339      10.91     +/-    0.22       False\u001b[0m\nsigmaR;1339       18.1     +/-    0.22       False\u001b[0m\nlambda;1339  -0.001923     +/- 0.00027       False\u001b[0m",
    "lambda;1339": -0.0019234259199254478,
    "lambda;1339_err": 0.00027009908728550477,
    "mu;1339": 5278.893986338008,
    "mu;1339_err": 0.07734262273591777,
    "n_bkg;1339": 4998.327551897242,
    "n_bkg;1339_err": 180.26296044192483,
    "n_sig;1339": 52313.18474133909,
    "n_sig;1339_err": 278.53772257211926,
    "r_params": {
        "alphaL": 2.02992217591786,
        "alphaL_Kpipi": 0.23984147888569726,
        "alphaR": -1.7778067363088699,
        "alphaR_Kpipi": -3.45169511727099,
        "fraction_Kpipi": 0.8861855867303668,
        "muL_Kpipi": 5214.656416664541,
        "muR_Kpipi": 5183.074248990296,
        "mu_Ds": 5278.568116360617,
        "nL": 0.4354740104546931,
        "nL_Kpipi": 4.413073505098077,
        "nR": 5.840596424652496,
        "nR_Kpipi": 1.3686501931786665e-08,
        "n_sig_Ds": 1393.8678938636917,
        "r_bkgK": 0.035341458516519916,
        "sigmaL_Kpipi": 19.133710600596434,
        "sigmaR_Kpipi": 39.32384704379869,
        "sigma_Ds": 13.548260428701271
    },
    "sigmaL;1339": 10.91356933850885,
    "sigmaL;1339_err": 0.2173345446509465,
    "sigmaR;1339": 18.095364344719567,
    "sigmaR;1339_err": 0.22390567239728532
}