{
    "fit_ok": true,
    "frac;1191": 0.3638293855813138,
    "frac;1191_err": 0.02092078011232572,
    "info_fit": "------------------------------------------------------------------\n| FCN = -3.199e+05              |     Ncalls=105 (105 total)     |\n| EDM = 0.000125 (Goal: 0.001)  |            up = 0.5            |\n------------------------------------------------------------------\n|  Valid Min.   | Valid Param.  | Above EDM | Reached call limit |\n------------------------------------------------------------------\n|     True      |     True      |   False   |       False        |\n------------------------------------------------------------------\n| Hesse failed  |   Has cov.    | Accurate  | Pos. def. | Forced |\n------------------------------------------------------------------\n|     False     |     True      |   True    |   True    | False  |\n------------------------------------------------------------------",
    "info_params": "name             value    minuit_hesse    at limit\n-----------  ---------  --------------  ----------\nn_sig;1191       52060     +/- 2.8e+02       False\u001b[0m\nn_bkg;1191        5269     +/- 1.9e+02       False\u001b[0m\nfrac;1191       0.3638     +/-   0.021       False\u001b[0m\nmu;1191           5279     +/-   0.077       False\u001b[0m\nsigmaL;1191      10.27     +/-    0.25       False\u001b[0m\nsigmaR;1191      17.93     +/-    0.21       False\u001b[0m\nlambda;1191  -0.002069     +/- 0.00027       False\u001b[0m",
    "lambda;1191": -0.0020687373230944273,
    "lambda;1191_err": 0.00026515047078647054,
    "mu;1191": 5278.868925822867,
    "mu;1191_err": 0.07717892392390004,
    "n_bkg;1191": 5268.93120868518,
    "n_bkg;1191_err": 188.40011492304333,
    "n_sig;1191": 52062.717293404196,
    "n_sig;1191_err": 282.5587688363547,
    "r_params": {
        "alphaL": 2.139049791731247,
        "alphaL_Kpipi": 0.23984147888569726,
        "alphaR": -1.9832164447471172,
        "alphaR_Kpipi": -3.45169511727099,
        "fraction_Kpipi": 0.8861855867303668,
        "muL_Kpipi": 5214.656416664541,
        "muR_Kpipi": 5183.074248990296,
        "nL": 0.2920622083559534,
        "nL_Kpipi": 4.413073505098077,
        "nR": 6.586389533556962,
        "nR_Kpipi": 1.3686501931786665e-08,
        "r_bkgK": 0.035341458516519916,
        "sigmaL_Kpipi": 19.133710600596434,
        "sigmaR_Kpipi": 39.32384704379869
    },
    "sigmaL;1191": 10.2740152632054,
    "sigmaL;1191_err": 0.25440378902581473,
    "sigmaR;1191": 17.92580814271772,
    "sigmaR;1191_err": 0.20741452890867867
}