{
    "fit_ok": true,
    "frac;1065": 0.3498868812287339,
    "frac;1065_err": 0.01815443907212004,
    "info_fit": "------------------------------------------------------------------\n| FCN = -3.199e+05              |     Ncalls=106 (106 total)     |\n| EDM = 2.52e-05 (Goal: 0.001)  |            up = 0.5            |\n------------------------------------------------------------------\n|  Valid Min.   | Valid Param.  | Above EDM | Reached call limit |\n------------------------------------------------------------------\n|     True      |     True      |   False   |       False        |\n------------------------------------------------------------------\n| Hesse failed  |   Has cov.    | Accurate  | Pos. def. | Forced |\n------------------------------------------------------------------\n|     False     |     True      |   True    |   True    | False  |\n------------------------------------------------------------------",
    "info_params": "name             value    minuit_hesse    at limit\n-----------  ---------  --------------  ----------\nn_sig;1065       52070     +/- 2.7e+02       False\u001b[0m\nn_bkg;1065        4509     +/- 1.7e+02       False\u001b[0m\nfrac;1065       0.3499     +/-   0.018       False\u001b[0m\nmu;1065           5279     +/-   0.078       False\u001b[0m\nsigmaL;1065      10.32     +/-    0.23       False\u001b[0m\nsigmaR;1065      17.64     +/-    0.18       False\u001b[0m\nlambda;1065  -0.001135     +/- 0.00029       False\u001b[0m",
    "lambda;1065": -0.0011349682420636054,
    "lambda;1065_err": 0.0002853234989536825,
    "mu;1065": 5278.843293629684,
    "mu;1065_err": 0.07764581795861152,
    "n_bkg;1065": 4508.931966357597,
    "n_bkg;1065_err": 165.26969934239756,
    "n_sig;1065": 52068.14036819545,
    "n_sig;1065_err": 267.6823741465236,
    "r_params": {
        "alphaL": 2.02992217591786,
        "alphaL_Kpipi": 0.2458232777700517,
        "alphaR": -1.7778067363088699,
        "alphaR_Kpipi": -3.60513574564623,
        "fraction_Kpipi": 0.872575945255586,
        "muL_Kpipi": 5213.262167578103,
        "muR_Kpipi": 5177.178176485628,
        "nL": 0.4354740104546931,
        "nL_Kpipi": 4.365660439455451,
        "nR": 5.840596424652496,
        "nR_Kpipi": 0.00010195722326727104,
        "r_bkgK": 0.04981964782680648,
        "sigmaL_Kpipi": 19.497796027767915,
        "sigmaR_Kpipi": 39.26493805502154
    },
    "sigmaL;1065": 10.32499587638829,
    "sigmaL;1065_err": 0.22739745311252932,
    "sigmaR;1065": 17.640665040947642,
    "sigmaR;1065_err": 0.1832621023373286
}