{
    "fit_ok": true,
    "frac;960": 0.3502625720238433,
    "frac;960_err": 0.018260901170312902,
    "info_fit": "------------------------------------------------------------------\n| FCN = -3.199e+05              |     Ncalls=104 (104 total)     |\n| EDM = 0.000225 (Goal: 0.001)  |            up = 0.5            |\n------------------------------------------------------------------\n|  Valid Min.   | Valid Param.  | Above EDM | Reached call limit |\n------------------------------------------------------------------\n|     True      |     True      |   False   |       False        |\n------------------------------------------------------------------\n| Hesse failed  |   Has cov.    | Accurate  | Pos. def. | Forced |\n------------------------------------------------------------------\n|     False     |     True      |   True    |   True    | False  |\n------------------------------------------------------------------",
    "info_params": "name           value    minuit_hesse    at limit\n----------  --------  --------------  ----------\nn_sig;960      52160     +/- 2.8e+02       False\u001b[0m\nn_bkg;960       5165     +/- 1.8e+02       False\u001b[0m\nfrac;960      0.3503     +/-   0.018       False\u001b[0m\nmu;960          5279     +/-   0.077       False\u001b[0m\nsigmaL;960     10.21     +/-    0.23       False\u001b[0m\nsigmaR;960     17.64     +/-    0.18       False\u001b[0m\nlambda;960  -0.00194     +/- 0.00027       False\u001b[0m",
    "lambda;960": -0.0019400687321120547,
    "lambda;960_err": 0.00026638954761044626,
    "mu;960": 5278.883052971415,
    "mu;960_err": 0.0774359471267332,
    "n_bkg;960": 5165.499993202322,
    "n_bkg;960_err": 184.16357344553344,
    "n_sig;960": 52162.2260782749,
    "n_sig;960_err": 280.3040495707814,
    "r_params": {
        "alphaL": 2.055797829391242,
        "alphaL_Kpipi": 0.23984147888569726,
        "alphaR": -1.869980043104859,
        "alphaR_Kpipi": -3.45169511727099,
        "fraction_Kpipi": 0.8861855867303668,
        "muL_Kpipi": 5214.656416664541,
        "muR_Kpipi": 5183.074248990296,
        "nL": 0.32706820483179905,
        "nL_Kpipi": 4.413073505098077,
        "nR": 8.090619782971029,
        "nR_Kpipi": 1.3686501931786665e-08,
        "r_bkgK": 0.035341458516519916,
        "sigmaL_Kpipi": 19.133710600596434,
        "sigmaR_Kpipi": 39.32384704379869
    },
    "sigmaL;960": 10.212575565912271,
    "sigmaL;960_err": 0.23146246641379786,
    "sigmaR;960": 17.638069277064698,
    "sigmaR;960_err": 0.1823017876699828
}