{
    "fit_ok": true,
    "frac;506": 0.4229282255237006,
    "frac;506_err": 0.020361589237306743,
    "info_fit": "------------------------------------------------------------------\n| FCN = -3.199e+05              |     Ncalls=106 (106 total)     |\n| EDM = 0.000146 (Goal: 0.001)  |            up = 0.5            |\n------------------------------------------------------------------\n|  Valid Min.   | Valid Param.  | Above EDM | Reached call limit |\n------------------------------------------------------------------\n|     True      |     True      |   False   |       False        |\n------------------------------------------------------------------\n| Hesse failed  |   Has cov.    | Accurate  | Pos. def. | Forced |\n------------------------------------------------------------------\n|     False     |     True      |   True    |   True    | False  |\n------------------------------------------------------------------",
    "info_params": "name            value    minuit_hesse    at limit\n----------  ---------  --------------  ----------\nn_sig;506       52350     +/- 2.8e+02       False\u001b[0m\nn_bkg;506        4976     +/- 1.8e+02       False\u001b[0m\nfrac;506       0.4229     +/-    0.02       False\u001b[0m\nmu;506           5279     +/-   0.077       False\u001b[0m\nsigmaL;506      10.92     +/-    0.21       False\u001b[0m\nsigmaR;506      18.12     +/-    0.22       False\u001b[0m\nlambda;506  -0.001861     +/- 0.00027       False\u001b[0m",
    "lambda;506": -0.0018613872529041897,
    "lambda;506_err": 0.000273066286868685,
    "mu;506": 5278.851821761926,
    "mu;506_err": 0.07738286613471317,
    "n_bkg;506": 4976.443621220504,
    "n_bkg;506_err": 181.2471389093098,
    "n_sig;506": 52345.35042627008,
    "n_sig;506_err": 279.2160403327269,
    "r_params": {
        "alphaL": 2.0593281771400402,
        "alphaL_Kpipi": 0.23984147888569726,
        "alphaR": -1.758161747962696,
        "alphaR_Kpipi": -3.45169511727099,
        "fraction_Kpipi": 0.8861855867303668,
        "muL_Kpipi": 5214.656416664541,
        "muR_Kpipi": 5183.074248990296,
        "nL": 0.39891109768835215,
        "nL_Kpipi": 4.413073505098077,
        "nR": 6.564366146165649,
        "nR_Kpipi": 1.3686501931786665e-08,
        "r_bkgK": 0.035341458516519916,
        "sigmaL_Kpipi": 19.133710600596434,
        "sigmaR_Kpipi": 39.32384704379869
    },
    "sigmaL;506": 10.92142707556479,
    "sigmaL;506_err": 0.21399809439637218,
    "sigmaR;506": 18.116504347016637,
    "sigmaR;506_err": 0.22401686488400124
}