{
    "fit_ok": true,
    "frac;274": 0.4675038480760864,
    "frac;274_err": 0.022644471967952547,
    "info_fit": "------------------------------------------------------------------\n| FCN = -3.199e+05              |     Ncalls=105 (105 total)     |\n| EDM = 1.92e-05 (Goal: 0.001)  |            up = 0.5            |\n------------------------------------------------------------------\n|  Valid Min.   | Valid Param.  | Above EDM | Reached call limit |\n------------------------------------------------------------------\n|     True      |     True      |   False   |       False        |\n------------------------------------------------------------------\n| Hesse failed  |   Has cov.    | Accurate  | Pos. def. | Forced |\n------------------------------------------------------------------\n|     False     |     True      |   True    |   True    | False  |\n------------------------------------------------------------------",
    "info_params": "name            value    minuit_hesse    at limit\n----------  ---------  --------------  ----------\nn_sig;274       52260     +/- 2.8e+02       False\u001b[0m\nn_bkg;274        5068     +/- 1.8e+02       False\u001b[0m\nfrac;274       0.4675     +/-   0.023       False\u001b[0m\nmu;274           5279     +/-   0.077       False\u001b[0m\nsigmaL;274      11.23     +/-    0.21       False\u001b[0m\nsigmaR;274      18.69     +/-    0.27       False\u001b[0m\nlambda;274  -0.002077     +/- 0.00026       False\u001b[0m",
    "lambda;274": -0.0020773306017018156,
    "lambda;274_err": 0.0002615670047223755,
    "mu;274": 5278.823479856364,
    "mu;274_err": 0.07688454634380383,
    "n_bkg;274": 5068.197352582339,
    "n_bkg;274_err": 179.02716089913474,
    "n_sig;274": 52258.359789697075,
    "n_sig;274_err": 277.6456175212114,
    "r_params": {
        "alphaL": 2.139665404874433,
        "alphaL_Kpipi": 0.23984147888569726,
        "alphaR": -1.7845083158441142,
        "alphaR_Kpipi": -3.45169511727099,
        "fraction_Kpipi": 0.8861855867303668,
        "muL_Kpipi": 5214.656416664541,
        "muR_Kpipi": 5183.074248990296,
        "nL": 0.3981976252659526,
        "nL_Kpipi": 4.413073505098077,
        "nR": 5.486255389775464,
        "nR_Kpipi": 1.3686501931786665e-08,
        "r_bkgK": 0.035341458516519916,
        "sigmaL_Kpipi": 19.133710600596434,
        "sigmaR_Kpipi": 39.32384704379869
    },
    "sigmaL;274": 11.225667559023929,
    "sigmaL;274_err": 0.20950237318692808,
    "sigmaR;274": 18.688579413020772,
    "sigmaR;274_err": 0.2725080219821002
}