{
    "fit_ok": true,
    "frac;1231": 0.4875027873172126,
    "frac;1231_err": 0.021243732317752846,
    "info_fit": "------------------------------------------------------------------\n| FCN = -3.199e+05              |     Ncalls=105 (105 total)     |\n| EDM = 8.51e-06 (Goal: 0.001)  |            up = 0.5            |\n------------------------------------------------------------------\n|  Valid Min.   | Valid Param.  | Above EDM | Reached call limit |\n------------------------------------------------------------------\n|     True      |     True      |   False   |       False        |\n------------------------------------------------------------------\n| Hesse failed  |   Has cov.    | Accurate  | Pos. def. | Forced |\n------------------------------------------------------------------\n|     False     |     True      |   True    |   True    | False  |\n------------------------------------------------------------------",
    "info_params": "name            value    minuit_hesse    at limit\n-----------  --------  --------------  ----------\nn_sig;1231      52540     +/- 2.8e+02       False\u001b[0m\nn_bkg;1231       5363     +/- 1.9e+02       False\u001b[0m\nfrac;1231      0.4875     +/-   0.021       False\u001b[0m\nmu;1231          5279     +/-   0.077       False\u001b[0m\nsigmaL;1231     11.38     +/-     0.2       False\u001b[0m\nsigmaR;1231     18.58     +/-    0.26       False\u001b[0m\nlambda;1231  -0.00244     +/- 0.00025       False\u001b[0m",
    "lambda;1231": -0.0024398323482140993,
    "lambda;1231_err": 0.0002526772346670678,
    "mu;1231": 5278.873896779851,
    "mu;1231_err": 0.07723384256025,
    "n_bkg;1231": 5362.714846546777,
    "n_bkg;1231_err": 185.70120005432486,
    "n_sig;1231": 52535.17767044954,
    "n_sig;1231_err": 283.7154213904444,
    "r_params": {
        "alphaL": 2.02992217591786,
        "alphaL_Kpipi": 0.23234082865192993,
        "alphaR": -1.7778067363088699,
        "alphaR_Kpipi": -3.1881365054640343,
        "fraction_Kpipi": 0.9031379243995941,
        "muL_Kpipi": 5215.225305310685,
        "muR_Kpipi": 5184.0057911536305,
        "nL": 0.4354740104546931,
        "nL_Kpipi": 4.279248117967522,
        "nR": 5.840596424652496,
        "nR_Kpipi": 0.0003714472919577383,
        "r_bkgK": 0.024291088457658965,
        "sigmaL_Kpipi": 19.070837127598253,
        "sigmaR_Kpipi": 40.01128653012592
    },
    "sigmaL;1231": 11.38325302358707,
    "sigmaL;1231_err": 0.19683052470650247,
    "sigmaR;1231": 18.580746662252018,
    "sigmaR;1231_err": 0.26120044006436294
}