{
    "fit_ok": true,
    "frac;680": 0.426340039868854,
    "frac;680_err": 0.02058201950946401,
    "info_fit": "------------------------------------------------------------------\n| FCN = -3.199e+05              |     Ncalls=103 (103 total)     |\n| EDM = 0.000276 (Goal: 0.001)  |            up = 0.5            |\n------------------------------------------------------------------\n|  Valid Min.   | Valid Param.  | Above EDM | Reached call limit |\n------------------------------------------------------------------\n|     True      |     True      |   False   |       False        |\n------------------------------------------------------------------\n| Hesse failed  |   Has cov.    | Accurate  | Pos. def. | Forced |\n------------------------------------------------------------------\n|     False     |     True      |   True    |   True    | False  |\n------------------------------------------------------------------",
    "info_params": "name            value    minuit_hesse    at limit\n----------  ---------  --------------  ----------\nn_sig;680       52280     +/- 2.8e+02       False\u001b[0m\nn_bkg;680        5003     +/- 1.8e+02       False\u001b[0m\nfrac;680       0.4263     +/-   0.021       False\u001b[0m\nmu;680           5279     +/-   0.078       False\u001b[0m\nsigmaL;680      10.95     +/-    0.22       False\u001b[0m\nsigmaR;680      18.12     +/-    0.22       False\u001b[0m\nlambda;680  -0.001934     +/- 0.00027       False\u001b[0m",
    "lambda;680": -0.0019341257170487625,
    "lambda;680_err": 0.0002703707534164913,
    "mu;680": 5278.870685911479,
    "mu;680_err": 0.07752447453210776,
    "n_bkg;680": 5002.918827262392,
    "n_bkg;680_err": 180.66644619368927,
    "n_sig;680": 52280.25869373165,
    "n_sig;680_err": 278.8076445825507,
    "r_params": {
        "alphaL": 2.02992217591786,
        "alphaL_Kpipi": 0.23984147888569726,
        "alphaR": -1.7778067363088699,
        "alphaR_Kpipi": -3.45169511727099,
        "fraction_Kpipi": 0.8861855867303668,
        "muL_Kpipi": 5214.656416664541,
        "muR_Kpipi": 5183.074248990296,
        "mu_Ds": 5279.149250275817,
        "nL": 0.4354740104546931,
        "nL_Kpipi": 4.413073505098077,
        "nR": 5.840596424652496,
        "nR_Kpipi": 1.3686501931786665e-08,
        "n_sig_Ds": 1423.4941758650118,
        "r_bkgK": 0.035341458516519916,
        "sigmaL_Kpipi": 19.133710600596434,
        "sigmaR_Kpipi": 39.32384704379869,
        "sigma_Ds": 12.503519032487311
    },
    "sigmaL;680": 10.949276754508588,
    "sigmaL;680_err": 0.2177776161977938,
    "sigmaR;680": 18.12018136044802,
    "sigmaR;680_err": 0.22392097293481666
}