{
    "fit_ok": true,
    "frac;1323": 0.42575652911408135,
    "frac;1323_err": 0.02054215352314691,
    "info_fit": "------------------------------------------------------------------\n| FCN = -3.199e+05              |     Ncalls=103 (103 total)     |\n| EDM = 0.000302 (Goal: 0.001)  |            up = 0.5            |\n------------------------------------------------------------------\n|  Valid Min.   | Valid Param.  | Above EDM | Reached call limit |\n------------------------------------------------------------------\n|     True      |     True      |   False   |       False        |\n------------------------------------------------------------------\n| Hesse failed  |   Has cov.    | Accurate  | Pos. def. | Forced |\n------------------------------------------------------------------\n|     False     |     True      |   True    |   True    | False  |\n------------------------------------------------------------------",
    "info_params": "name             value    minuit_hesse    at limit\n-----------  ---------  --------------  ----------\nn_sig;1323       52300     +/- 2.8e+02       False\u001b[0m\nn_bkg;1323        5004     +/- 1.8e+02       False\u001b[0m\nfrac;1323       0.4258     +/-   0.021       False\u001b[0m\nmu;1323           5279     +/-   0.078       False\u001b[0m\nsigmaL;1323      10.96     +/-    0.22       False\u001b[0m\nsigmaR;1323      18.12     +/-    0.22       False\u001b[0m\nlambda;1323  -0.001936     +/- 0.00027       False\u001b[0m",
    "lambda;1323": -0.0019361104466497636,
    "lambda;1323_err": 0.00027024155422366886,
    "mu;1323": 5278.86298229979,
    "mu;1323_err": 0.07750038820032003,
    "n_bkg;1323": 5004.174258329176,
    "n_bkg;1323_err": 180.63157956092823,
    "n_sig;1323": 52304.806733207646,
    "n_sig;1323_err": 278.7981169387479,
    "r_params": {
        "alphaL": 2.02992217591786,
        "alphaL_Kpipi": 0.23984147888569726,
        "alphaR": -1.7778067363088699,
        "alphaR_Kpipi": -3.45169511727099,
        "fraction_Kpipi": 0.8861855867303668,
        "muL_Kpipi": 5214.656416664541,
        "muR_Kpipi": 5183.074248990296,
        "mu_Ds": 5279.329700978612,
        "nL": 0.4354740104546931,
        "nL_Kpipi": 4.413073505098077,
        "nR": 5.840596424652496,
        "nR_Kpipi": 1.3686501931786665e-08,
        "n_sig_Ds": 1398.0464744698002,
        "r_bkgK": 0.035341458516519916,
        "sigmaL_Kpipi": 19.133710600596434,
        "sigmaR_Kpipi": 39.32384704379869,
        "sigma_Ds": 12.112775696223535
    },
    "sigmaL;1323": 10.964143283901798,
    "sigmaL;1323_err": 0.21687088353137324,
    "sigmaR;1323": 18.121950802080683,
    "sigmaR;1323_err": 0.22338330724871502
}