{
    "fit_ok": true,
    "frac;1604": 0.5255353967333014,
    "frac;1604_err": 0.0216336733972343,
    "info_fit": "------------------------------------------------------------------\n| FCN = -3.199e+05              |     Ncalls=104 (104 total)     |\n| EDM = 9.85e-06 (Goal: 0.001)  |            up = 0.5            |\n------------------------------------------------------------------\n|  Valid Min.   | Valid Param.  | Above EDM | Reached call limit |\n------------------------------------------------------------------\n|     True      |     True      |   False   |       False        |\n------------------------------------------------------------------\n| Hesse failed  |   Has cov.    | Accurate  | Pos. def. | Forced |\n------------------------------------------------------------------\n|     False     |     True      |   True    |   True    | False  |\n------------------------------------------------------------------",
    "info_params": "name             value    minuit_hesse    at limit\n-----------  ---------  --------------  ----------\nn_sig;1604       52680     +/- 2.9e+02       False\u001b[0m\nn_bkg;1604        5536     +/- 1.9e+02       False\u001b[0m\nfrac;1604       0.5255     +/-   0.022       False\u001b[0m\nmu;1604           5279     +/-   0.077       False\u001b[0m\nsigmaL;1604      11.62     +/-    0.19       False\u001b[0m\nsigmaR;1604      18.93     +/-    0.29       False\u001b[0m\nlambda;1604  -0.002657     +/- 0.00024       False\u001b[0m",
    "lambda;1604": -0.002657051719909709,
    "lambda;1604_err": 0.0002447492284062494,
    "mu;1604": 5278.880396303475,
    "mu;1604_err": 0.07717264212934154,
    "n_bkg;1604": 5535.553859155572,
    "n_bkg;1604_err": 187.59860532957262,
    "n_sig;1604": 52677.036863703455,
    "n_sig;1604_err": 286.0032958397955,
    "r_params": {
        "alphaL": 2.02992217591786,
        "alphaL_Kpipi": 0.208635654023753,
        "alphaR": -1.7778067363088699,
        "alphaR_Kpipi": -3.2692385672209223,
        "fraction_Kpipi": 0.8899476056902101,
        "muL_Kpipi": 5215.021026852045,
        "muR_Kpipi": 5185.2835486735,
        "nL": 0.4354740104546931,
        "nL_Kpipi": 4.787888651532956,
        "nR": 5.840596424652496,
        "nR_Kpipi": 0.0001539726621224601,
        "r_bkgK": 0.018262994145413294,
        "sigmaL_Kpipi": 20.38341939716182,
        "sigmaR_Kpipi": 39.19932662447391
    },
    "sigmaL;1604": 11.623679558315118,
    "sigmaL;1604_err": 0.1909264321761789,
    "sigmaR;1604": 18.928766907008537,
    "sigmaR;1604_err": 0.2894477991568119
}