{
    "fit_ok": true,
    "frac;932": 0.42626591057829694,
    "frac;932_err": 0.020518549611062482,
    "info_fit": "------------------------------------------------------------------\n| FCN = -3.199e+05              |     Ncalls=103 (103 total)     |\n| EDM = 0.000235 (Goal: 0.001)  |            up = 0.5            |\n------------------------------------------------------------------\n|  Valid Min.   | Valid Param.  | Above EDM | Reached call limit |\n------------------------------------------------------------------\n|     True      |     True      |   False   |       False        |\n------------------------------------------------------------------\n| Hesse failed  |   Has cov.    | Accurate  | Pos. def. | Forced |\n------------------------------------------------------------------\n|     False     |     True      |   True    |   True    | False  |\n------------------------------------------------------------------",
    "info_params": "name           value    minuit_hesse    at limit\n----------  --------  --------------  ----------\nn_sig;932      52360     +/- 2.8e+02       False\u001b[0m\nn_bkg;932       4999     +/- 1.8e+02       False\u001b[0m\nfrac;932      0.4263     +/-   0.021       False\u001b[0m\nmu;932          5279     +/-   0.077       False\u001b[0m\nsigmaL;932     10.94     +/-    0.22       False\u001b[0m\nsigmaR;932      18.1     +/-    0.22       False\u001b[0m\nlambda;932  -0.00193     +/- 0.00027       False\u001b[0m",
    "lambda;932": -0.0019295313897429445,
    "lambda;932_err": 0.000269794052387408,
    "mu;932": 5278.872160240484,
    "mu;932_err": 0.07734768808257063,
    "n_bkg;932": 4999.188547150786,
    "n_bkg;932_err": 180.17506229035064,
    "n_sig;932": 52364.06475241443,
    "n_sig;932_err": 278.48138732259986,
    "r_params": {
        "alphaL": 2.02992217591786,
        "alphaL_Kpipi": 0.23984147888569726,
        "alphaR": -1.7778067363088699,
        "alphaR_Kpipi": -3.45169511727099,
        "fraction_Kpipi": 0.8861855867303668,
        "muL_Kpipi": 5214.656416664541,
        "muR_Kpipi": 5183.074248990296,
        "mu_Ds": 5279.154896234368,
        "nL": 0.4354740104546931,
        "nL_Kpipi": 4.413073505098077,
        "nR": 5.840596424652496,
        "nR_Kpipi": 1.3686501931786665e-08,
        "n_sig_Ds": 1338.3686866144135,
        "r_bkgK": 0.035341458516519916,
        "sigmaL_Kpipi": 19.133710600596434,
        "sigmaR_Kpipi": 39.32384704379869,
        "sigma_Ds": 12.675945811974685
    },
    "sigmaL;932": 10.941398361489544,
    "sigmaL;932_err": 0.21756167949720678,
    "sigmaR;932": 18.1032926495389,
    "sigmaR;932_err": 0.22282253889748474
}