{
    "fit_ok": true,
    "frac;435": 0.4772908062171342,
    "frac;435_err": 0.021168572879900666,
    "info_fit": "------------------------------------------------------------------\n| FCN = -3.199e+05              |     Ncalls=103 (103 total)     |\n| EDM = 4.01e-05 (Goal: 0.001)  |            up = 0.5            |\n------------------------------------------------------------------\n|  Valid Min.   | Valid Param.  | Above EDM | Reached call limit |\n------------------------------------------------------------------\n|     True      |     True      |   False   |       False        |\n------------------------------------------------------------------\n| Hesse failed  |   Has cov.    | Accurate  | Pos. def. | Forced |\n------------------------------------------------------------------\n|     False     |     True      |   True    |   True    | False  |\n------------------------------------------------------------------",
    "info_params": "name            value    minuit_hesse    at limit\n----------  ---------  --------------  ----------\nn_sig;435       52500     +/- 2.8e+02       False\u001b[0m\nn_bkg;435        5274     +/- 1.9e+02       False\u001b[0m\nfrac;435       0.4773     +/-   0.021       False\u001b[0m\nmu;435           5279     +/-   0.077       False\u001b[0m\nsigmaL;435      11.31     +/-     0.2       False\u001b[0m\nsigmaR;435       18.5     +/-    0.25       False\u001b[0m\nlambda;435  -0.002312     +/- 0.00026       False\u001b[0m",
    "lambda;435": -0.0023123899406239934,
    "lambda;435_err": 0.0002576644153619469,
    "mu;435": 5278.878489701146,
    "mu;435_err": 0.07728532012900784,
    "n_bkg;435": 5273.722894759087,
    "n_bkg;435_err": 185.135379505402,
    "n_sig;435": 52497.32948517684,
    "n_sig;435_err": 282.99716812198665,
    "r_params": {
        "alphaL": 2.02992217591786,
        "alphaL_Kpipi": 0.23180968582305045,
        "alphaR": -1.7778067363088699,
        "alphaR_Kpipi": -3.62604516460605,
        "fraction_Kpipi": 0.8932836836706328,
        "muL_Kpipi": 5214.658465167326,
        "muR_Kpipi": 5182.534020255431,
        "nL": 0.4354740104546931,
        "nL_Kpipi": 4.762339720918975,
        "nR": 5.840596424652496,
        "nR_Kpipi": 4.817352551713034e-05,
        "r_bkgK": 0.026733100730535704,
        "sigmaL_Kpipi": 20.16165093989153,
        "sigmaR_Kpipi": 42.34371225941693
    },
    "sigmaL;435": 11.312436245840995,
    "sigmaL;435_err": 0.2006456449187155,
    "sigmaR;435": 18.497681713466363,
    "sigmaR;435_err": 0.25494419265987395
}