{
    "fit_ok": true,
    "frac;163": 0.39249747555799086,
    "frac;163_err": 0.016464968359865845,
    "info_fit": "------------------------------------------------------------------\n| FCN = -3.199e+05              |     Ncalls=105 (105 total)     |\n| EDM = 5.08e-05 (Goal: 0.001)  |            up = 0.5            |\n------------------------------------------------------------------\n|  Valid Min.   | Valid Param.  | Above EDM | Reached call limit |\n------------------------------------------------------------------\n|     True      |     True      |   False   |       False        |\n------------------------------------------------------------------\n| Hesse failed  |   Has cov.    | Accurate  | Pos. def. | Forced |\n------------------------------------------------------------------\n|     False     |     True      |   True    |   True    | False  |\n------------------------------------------------------------------",
    "info_params": "name            value    minuit_hesse    at limit\n----------  ---------  --------------  ----------\nn_sig;163       52510     +/- 2.8e+02       False\u001b[0m\nn_bkg;163        4803     +/- 1.7e+02       False\u001b[0m\nfrac;163       0.3925     +/-   0.016       False\u001b[0m\nmu;163           5279     +/-   0.079       False\u001b[0m\nsigmaL;163      10.77     +/-    0.22       False\u001b[0m\nsigmaR;163      17.33     +/-    0.17       False\u001b[0m\nlambda;163  -0.001941     +/- 0.00027       False\u001b[0m",
    "lambda;163": -0.0019407853115616241,
    "lambda;163_err": 0.00027434854831796747,
    "mu;163": 5279.022953679757,
    "mu;163_err": 0.0792585467197976,
    "n_bkg;163": 4802.788791296307,
    "n_bkg;163_err": 174.3580699023039,
    "n_sig;163": 52514.016123867405,
    "n_sig;163_err": 275.74519925064044,
    "r_params": {
        "alphaL": 1.7044993613553512,
        "alphaL_Kpipi": 0.23984147888569726,
        "alphaR": -1.8223551093098482,
        "alphaR_Kpipi": -3.45169511727099,
        "fraction_Kpipi": 0.8861855867303668,
        "muL_Kpipi": 5214.656416664541,
        "muR_Kpipi": 5183.074248990296,
        "nL": 0.6962582780057794,
        "nL_Kpipi": 4.413073505098077,
        "nR": 3.5397943659287385,
        "nR_Kpipi": 1.3686501931786665e-08,
        "r_bkgK": 0.035341458516519916,
        "sigmaL_Kpipi": 19.133710600596434,
        "sigmaR_Kpipi": 39.32384704379869
    },
    "sigmaL;163": 10.768788939203937,
    "sigmaL;163_err": 0.2180898295307218,
    "sigmaR;163": 17.33139068246839,
    "sigmaR;163_err": 0.17217984985730422
}