{
    "fit_ok": true,
    "frac;341": 0.4716399429753631,
    "frac;341_err": 0.01595288821866786,
    "info_fit": "------------------------------------------------------------------\n| FCN = -3.199e+05              |     Ncalls=104 (104 total)     |\n| EDM = 0.000171 (Goal: 0.001)  |            up = 0.5            |\n------------------------------------------------------------------\n|  Valid Min.   | Valid Param.  | Above EDM | Reached call limit |\n------------------------------------------------------------------\n|     True      |     True      |   False   |       False        |\n------------------------------------------------------------------\n| Hesse failed  |   Has cov.    | Accurate  | Pos. def. | Forced |\n------------------------------------------------------------------\n|     False     |     True      |   True    |   True    | False  |\n------------------------------------------------------------------",
    "info_params": "name             value    minuit_hesse    at limit\n----------  ----------  --------------  ----------\nn_sig;341        53300     +/- 2.7e+02       False\u001b[0m\nn_bkg;341         3987     +/- 1.6e+02       False\u001b[0m\nfrac;341        0.4716     +/-   0.016       False\u001b[0m\nmu;341            5279     +/-   0.078       False\u001b[0m\nsigmaL;341       11.47     +/-    0.19       False\u001b[0m\nsigmaR;341       18.12     +/-    0.21       False\u001b[0m\nlambda;341  -0.0007947     +/- 0.00032       False\u001b[0m",
    "lambda;341": -0.0007946573814138908,
    "lambda;341_err": 0.00032354225013917344,
    "mu;341": 5278.891259971706,
    "mu;341_err": 0.07802870551675489,
    "n_bkg;341": 3987.2933366407156,
    "n_bkg;341_err": 162.3629122475173,
    "n_sig;341": 53301.06919336604,
    "n_sig;341_err": 271.6606044615503,
    "r_params": {
        "alphaL": 1.93933030094964,
        "alphaL_Kpipi": 0.23984147888569726,
        "alphaR": -1.7056251483898635,
        "alphaR_Kpipi": -3.45169511727099,
        "fraction_Kpipi": 0.8861855867303668,
        "muL_Kpipi": 5214.656416664541,
        "muR_Kpipi": 5183.074248990296,
        "nL": 0.46998452407608726,
        "nL_Kpipi": 4.413073505098077,
        "nR": 3.3934531519912237,
        "nR_Kpipi": 1.3686501931786665e-08,
        "r_bkgK": 0.035341458516519916,
        "sigmaL_Kpipi": 19.133710600596434,
        "sigmaR_Kpipi": 39.32384704379869
    },
    "sigmaL;341": 11.467702154325728,
    "sigmaL;341_err": 0.1879276702389548,
    "sigmaR;341": 18.12444299576281,
    "sigmaR;341_err": 0.2122171514062227
}