{
    "fit_ok": true,
    "frac;1174": 0.3904248103733684,
    "frac;1174_err": 0.0195012989853581,
    "info_fit": "------------------------------------------------------------------\n| FCN = -3.199e+05              |     Ncalls=106 (106 total)     |\n| EDM = 7.74e-05 (Goal: 0.001)  |            up = 0.5            |\n------------------------------------------------------------------\n|  Valid Min.   | Valid Param.  | Above EDM | Reached call limit |\n------------------------------------------------------------------\n|     True      |     True      |   False   |       False        |\n------------------------------------------------------------------\n| Hesse failed  |   Has cov.    | Accurate  | Pos. def. | Forced |\n------------------------------------------------------------------\n|     False     |     True      |   True    |   True    | False  |\n------------------------------------------------------------------",
    "info_params": "name             value    minuit_hesse    at limit\n-----------  ---------  --------------  ----------\nn_sig;1174       52220     +/- 2.7e+02       False\u001b[0m\nn_bkg;1174        4754     +/- 1.7e+02       False\u001b[0m\nfrac;1174       0.3904     +/-    0.02       False\u001b[0m\nmu;1174           5279     +/-   0.078       False\u001b[0m\nsigmaL;1174      10.66     +/-    0.22       False\u001b[0m\nsigmaR;1174      17.89     +/-     0.2       False\u001b[0m\nlambda;1174  -0.001556     +/- 0.00028       False\u001b[0m",
    "lambda;1174": -0.001555765227427064,
    "lambda;1174_err": 0.00027955474739196505,
    "mu;1174": 5278.855564233581,
    "mu;1174_err": 0.07754368130388445,
    "n_bkg;1174": 4754.439362988738,
    "n_bkg;1174_err": 174.40114007928787,
    "n_sig;1174": 52222.79453563463,
    "n_sig;1174_err": 274.11260191213387,
    "r_params": {
        "alphaL": 2.02992217591786,
        "alphaL_Kpipi": 0.20931211886191056,
        "alphaR": -1.7778067363088699,
        "alphaR_Kpipi": -3.2702095906980646,
        "fraction_Kpipi": 0.8870882539252974,
        "muL_Kpipi": 5214.932772412513,
        "muR_Kpipi": 5181.914576832282,
        "nL": 0.4354740104546931,
        "nL_Kpipi": 4.181404710663801,
        "nR": 5.840596424652496,
        "nR_Kpipi": 0.00010330871558772163,
        "r_bkgK": 0.04202948081917122,
        "sigmaL_Kpipi": 18.510474349913412,
        "sigmaR_Kpipi": 40.30129721137524
    },
    "sigmaL;1174": 10.660843072226928,
    "sigmaL;1174_err": 0.22301285376010632,
    "sigmaR;1174": 17.893630278069104,
    "sigmaR;1174_err": 0.20407219810432894
}