{
    "fit_ok": true,
    "frac;1354": 0.48746634982698267,
    "frac;1354_err": 0.013184494022707148,
    "info_fit": "------------------------------------------------------------------\n| FCN = -3.199e+05              |     Ncalls=100 (100 total)     |\n| EDM = 8.76e-05 (Goal: 0.001)  |            up = 0.5            |\n------------------------------------------------------------------\n|  Valid Min.   | Valid Param.  | Above EDM | Reached call limit |\n------------------------------------------------------------------\n|     True      |     True      |   False   |       False        |\n------------------------------------------------------------------\n| Hesse failed  |   Has cov.    | Accurate  | Pos. def. | Forced |\n------------------------------------------------------------------\n|     False     |     True      |   True    |   True    | False  |\n------------------------------------------------------------------",
    "info_params": "name              value    minuit_hesse    at limit\n-----------  ----------  --------------  ----------\nn_sig;1354        53850     +/- 2.4e+02       False\u001b[0m\nn_bkg;1354         3424     +/-      94       False\u001b[0m\nfrac;1354        0.4875     +/-   0.013       False\u001b[0m\nmu;1354            5279     +/-   0.077       False\u001b[0m\nsigmaL;1354       11.54     +/-    0.17       False\u001b[0m\nsigmaR;1354       18.59     +/-    0.18       False\u001b[0m\nlambda;1354  -4.567e-10     +/- 5.6e-07       False\u001b[0m",
    "lambda;1354": -4.566835798414104e-10,
    "lambda;1354_err": 5.557433248615489e-07,
    "mu;1354": 5278.818462788746,
    "mu;1354_err": 0.07711164477778093,
    "n_bkg;1354": 3423.746211813973,
    "n_bkg;1354_err": 94.46241929889615,
    "n_sig;1354": 53846.06243111125,
    "n_sig;1354_err": 241.842545839444,
    "r_params": {
        "alphaL": 2.109393841972635,
        "alphaL_Kpipi": 0.23984147888569726,
        "alphaR": -1.693577900255425,
        "alphaR_Kpipi": -3.45169511727099,
        "fraction_Kpipi": 0.8861855867303668,
        "muL_Kpipi": 5214.656416664541,
        "muR_Kpipi": 5183.074248990296,
        "nL": 0.29507103526775214,
        "nL_Kpipi": 4.413073505098077,
        "nR": 2.9010275103088863,
        "nR_Kpipi": 1.3686501931786665e-08,
        "r_bkgK": 0.035341458516519916,
        "sigmaL_Kpipi": 19.133710600596434,
        "sigmaR_Kpipi": 39.32384704379869
    },
    "sigmaL;1354": 11.542799050608348,
    "sigmaL;1354_err": 0.1746991457068092,
    "sigmaR;1354": 18.58814074051201,
    "sigmaR;1354_err": 0.18254337188011527
}