{
    "fit_ok": true,
    "frac;132": 0.6005553765690157,
    "frac;132_err": 0.023932084011438932,
    "info_fit": "------------------------------------------------------------------\n| FCN = -3.199e+05              |     Ncalls=105 (105 total)     |\n| EDM = 2.91e-05 (Goal: 0.001)  |            up = 0.5            |\n------------------------------------------------------------------\n|  Valid Min.   | Valid Param.  | Above EDM | Reached call limit |\n------------------------------------------------------------------\n|     True      |     True      |   False   |       False        |\n------------------------------------------------------------------\n| Hesse failed  |   Has cov.    | Accurate  | Pos. def. | Forced |\n------------------------------------------------------------------\n|     False     |     True      |   True    |   True    | False  |\n------------------------------------------------------------------",
    "info_params": "name            value    minuit_hesse    at limit\n----------  ---------  --------------  ----------\nn_sig;132       51800     +/- 2.6e+02       False\u001b[0m\nn_bkg;132        5541     +/- 1.6e+02       False\u001b[0m\nfrac;132       0.6006     +/-   0.024       False\u001b[0m\nmu;132           5279     +/-   0.076       False\u001b[0m\nsigmaL;132       12.2     +/-    0.18       False\u001b[0m\nsigmaR;132      20.17     +/-    0.41       False\u001b[0m\nlambda;132  -0.002935     +/-  0.0002       False\u001b[0m",
    "lambda;132": -0.002935178943115846,
    "lambda;132_err": 0.00020157984444226662,
    "mu;132": 5278.772883340557,
    "mu;132_err": 0.07647202018913118,
    "n_bkg;132": 5541.216773906156,
    "n_bkg;132_err": 156.47838803990703,
    "n_sig;132": 51803.04847989452,
    "n_sig;132_err": 263.05293847463014,
    "r_params": {
        "alphaL": 2.1987635326460797,
        "alphaL_Kpipi": 0.23984147888569726,
        "alphaR": -1.6811430078477367,
        "alphaR_Kpipi": -3.45169511727099,
        "fraction_Kpipi": 0.8861855867303668,
        "muL_Kpipi": 5214.656416664541,
        "muR_Kpipi": 5183.074248990296,
        "nL": 0.5812318195767463,
        "nL_Kpipi": 4.413073505098077,
        "nR": 4.692327225186057,
        "nR_Kpipi": 1.3686501931786665e-08,
        "r_bkgK": 0.035341458516519916,
        "sigmaL_Kpipi": 19.133710600596434,
        "sigmaR_Kpipi": 39.32384704379869
    },
    "sigmaL;132": 12.19876716941346,
    "sigmaL;132_err": 0.18024607370283402,
    "sigmaR;132": 20.17012689956173,
    "sigmaR;132_err": 0.4092977847387746
}