{
    "fit_ok": true,
    "frac;264": 0.47582902042206765,
    "frac;264_err": 0.019492461630524368,
    "info_fit": "------------------------------------------------------------------\n| FCN = -3.199e+05              |     Ncalls=102 (102 total)     |\n| EDM = 0.000101 (Goal: 0.001)  |            up = 0.5            |\n------------------------------------------------------------------\n|  Valid Min.   | Valid Param.  | Above EDM | Reached call limit |\n------------------------------------------------------------------\n|     True      |     True      |   False   |       False        |\n------------------------------------------------------------------\n| Hesse failed  |   Has cov.    | Accurate  | Pos. def. | Forced |\n------------------------------------------------------------------\n|     False     |     True      |   True    |   True    | False  |\n------------------------------------------------------------------",
    "info_params": "name            value    minuit_hesse    at limit\n----------  ---------  --------------  ----------\nn_sig;264       52460     +/- 2.7e+02       False\u001b[0m\nn_bkg;264        4859     +/- 1.7e+02       False\u001b[0m\nfrac;264       0.4758     +/-   0.019       False\u001b[0m\nmu;264           5279     +/-   0.078       False\u001b[0m\nsigmaL;264      11.43     +/-    0.19       False\u001b[0m\nsigmaR;264      18.21     +/-    0.23       False\u001b[0m\nlambda;264  -0.002075     +/- 0.00026       False\u001b[0m",
    "lambda;264": -0.002074531589795578,
    "lambda;264_err": 0.00026259322200149166,
    "mu;264": 5278.9261482878555,
    "mu;264_err": 0.07787282809807186,
    "n_bkg;264": 4858.8573189301105,
    "n_bkg;264_err": 169.7762543869988,
    "n_sig;264": 52460.42403389894,
    "n_sig;264_err": 272.92560078253155,
    "r_params": {
        "alphaL": 1.8815372358315416,
        "alphaL_Kpipi": 0.23984147888569726,
        "alphaR": -1.779463814256822,
        "alphaR_Kpipi": -3.45169511727099,
        "fraction_Kpipi": 0.8861855867303668,
        "muL_Kpipi": 5214.656416664541,
        "muR_Kpipi": 5183.074248990296,
        "nL": 0.6499065711982019,
        "nL_Kpipi": 4.413073505098077,
        "nR": 3.5857412245886318,
        "nR_Kpipi": 1.3686501931786665e-08,
        "r_bkgK": 0.035341458516519916,
        "sigmaL_Kpipi": 19.133710600596434,
        "sigmaR_Kpipi": 39.32384704379869
    },
    "sigmaL;264": 11.430497148700798,
    "sigmaL;264_err": 0.1931742412018227,
    "sigmaR;264": 18.20974491050587,
    "sigmaR;264_err": 0.2342057582130029
}