{
    "fit_ok": true,
    "frac;401": 0.4676636573868855,
    "frac;401_err": 0.019138654826386558,
    "info_fit": "------------------------------------------------------------------\n| FCN = -3.199e+05              |     Ncalls=105 (105 total)     |\n| EDM = 1.4e-05 (Goal: 0.001)   |            up = 0.5            |\n------------------------------------------------------------------\n|  Valid Min.   | Valid Param.  | Above EDM | Reached call limit |\n------------------------------------------------------------------\n|     True      |     True      |   False   |       False        |\n------------------------------------------------------------------\n| Hesse failed  |   Has cov.    | Accurate  | Pos. def. | Forced |\n------------------------------------------------------------------\n|     False     |     True      |   True    |   True    | False  |\n------------------------------------------------------------------",
    "info_params": "name            value    minuit_hesse    at limit\n----------  ---------  --------------  ----------\nn_sig;401       52730     +/- 2.8e+02       False\u001b[0m\nn_bkg;401        4579     +/- 1.7e+02       False\u001b[0m\nfrac;401       0.4677     +/-   0.019       False\u001b[0m\nmu;401           5279     +/-   0.077       False\u001b[0m\nsigmaL;401      11.33     +/-    0.19       False\u001b[0m\nsigmaR;401      18.37     +/-    0.24       False\u001b[0m\nlambda;401  -0.001523     +/- 0.00029       False\u001b[0m",
    "lambda;401": -0.0015226595132839665,
    "lambda;401_err": 0.00028966987345114653,
    "mu;401": 5278.856853542039,
    "mu;401_err": 0.07743938434733869,
    "n_bkg;401": 4579.4570828247415,
    "n_bkg;401_err": 173.6373063965612,
    "n_sig;401": 52729.98518283441,
    "n_sig;401_err": 276.0885841913011,
    "r_params": {
        "alphaL": 2.028789286558295,
        "alphaL_Kpipi": 0.23984147888569726,
        "alphaR": -1.7317293896938253,
        "alphaR_Kpipi": -3.45169511727099,
        "fraction_Kpipi": 0.8861855867303668,
        "muL_Kpipi": 5214.656416664541,
        "muR_Kpipi": 5183.074248990296,
        "nL": 0.44134216066274695,
        "nL_Kpipi": 4.413073505098077,
        "nR": 4.389859057109678,
        "nR_Kpipi": 1.3686501931786665e-08,
        "r_bkgK": 0.035341458516519916,
        "sigmaL_Kpipi": 19.133710600596434,
        "sigmaR_Kpipi": 39.32384704379869
    },
    "sigmaL;401": 11.330902649438123,
    "sigmaL;401_err": 0.19264133483412663,
    "sigmaR;401": 18.371082948002915,
    "sigmaR;401_err": 0.23780543121550501
}