{
    "fit_ok": true,
    "frac;171": 0.4112684056700407,
    "frac;171_err": 0.020557974106314398,
    "info_fit": "------------------------------------------------------------------\n| FCN = -3.199e+05              |     Ncalls=106 (106 total)     |\n| EDM = 1.82e-05 (Goal: 0.001)  |            up = 0.5            |\n------------------------------------------------------------------\n|  Valid Min.   | Valid Param.  | Above EDM | Reached call limit |\n------------------------------------------------------------------\n|     True      |     True      |   False   |       False        |\n------------------------------------------------------------------\n| Hesse failed  |   Has cov.    | Accurate  | Pos. def. | Forced |\n------------------------------------------------------------------\n|     False     |     True      |   True    |   True    | False  |\n------------------------------------------------------------------",
    "info_params": "name            value    minuit_hesse    at limit\n----------  ---------  --------------  ----------\nn_sig;171       52280     +/- 2.8e+02       False\u001b[0m\nn_bkg;171        4931     +/- 1.8e+02       False\u001b[0m\nfrac;171       0.4113     +/-   0.021       False\u001b[0m\nmu;171           5279     +/-   0.078       False\u001b[0m\nsigmaL;171      10.84     +/-    0.23       False\u001b[0m\nsigmaR;171      18.01     +/-    0.22       False\u001b[0m\nlambda;171  -0.001826     +/- 0.00027       False\u001b[0m",
    "lambda;171": -0.001825560710219512,
    "lambda;171_err": 0.0002741687961225616,
    "mu;171": 5278.858746107531,
    "mu;171_err": 0.07754520974733659,
    "n_bkg;171": 4931.092627184283,
    "n_bkg;171_err": 179.44365052503633,
    "n_sig;171": 52275.54307831227,
    "n_sig;171_err": 277.69175204619637,
    "r_params": {
        "alphaL": 2.02992217591786,
        "alphaL_Kpipi": 0.23579174141347525,
        "alphaR": -1.7778067363088699,
        "alphaR_Kpipi": -3.7289298841703555,
        "fraction_Kpipi": 0.8694307791375057,
        "muL_Kpipi": 5215.396989572247,
        "muR_Kpipi": 5181.715785180195,
        "nL": 0.4354740104546931,
        "nL_Kpipi": 4.434736630264297,
        "nR": 5.840596424652496,
        "nR_Kpipi": 8.162529221735514e-05,
        "r_bkgK": 0.03761163777406886,
        "sigmaL_Kpipi": 18.119335317211807,
        "sigmaR_Kpipi": 39.145016309263205
    },
    "sigmaL;171": 10.835629377125649,
    "sigmaL;171_err": 0.22752291880126288,
    "sigmaR;171": 18.014847885055687,
    "sigmaR;171_err": 0.21612290334345619
}