{
    "fit_ok": true,
    "frac;1360": 0.42630190904924836,
    "frac;1360_err": 0.02050035188384859,
    "info_fit": "------------------------------------------------------------------\n| FCN = -3.199e+05              |     Ncalls=101 (101 total)     |\n| EDM = 0.000939 (Goal: 0.001)  |            up = 0.5            |\n------------------------------------------------------------------\n|  Valid Min.   | Valid Param.  | Above EDM | Reached call limit |\n------------------------------------------------------------------\n|     True      |     True      |   False   |       False        |\n------------------------------------------------------------------\n| Hesse failed  |   Has cov.    | Accurate  | Pos. def. | Forced |\n------------------------------------------------------------------\n|     False     |     True      |   True    |   True    | False  |\n------------------------------------------------------------------",
    "info_params": "name            value    minuit_hesse    at limit\n-----------  --------  --------------  ----------\nn_sig;1360      52330     +/- 2.8e+02       False\u001b[0m\nn_bkg;1360       5000     +/- 1.8e+02       False\u001b[0m\nfrac;1360      0.4263     +/-   0.021       False\u001b[0m\nmu;1360          5279     +/-   0.077       False\u001b[0m\nsigmaL;1360     10.94     +/-    0.22       False\u001b[0m\nsigmaR;1360     18.11     +/-    0.22       False\u001b[0m\nlambda;1360  -0.00193     +/- 0.00027       False\u001b[0m",
    "lambda;1360": -0.0019295867432433944,
    "lambda;1360_err": 0.000269741089024697,
    "mu;1360": 5278.845952655844,
    "mu;1360_err": 0.07737401881227453,
    "n_bkg;1360": 4999.8781494243985,
    "n_bkg;1360_err": 180.17415079962993,
    "n_sig;1360": 52330.83709819824,
    "n_sig;1360_err": 278.5158071097187,
    "r_params": {
        "alphaL": 2.02992217591786,
        "alphaL_Kpipi": 0.23984147888569726,
        "alphaR": -1.7778067363088699,
        "alphaR_Kpipi": -3.45169511727099,
        "fraction_Kpipi": 0.8861855867303668,
        "muL_Kpipi": 5214.656416664541,
        "muR_Kpipi": 5183.074248990296,
        "mu_Ds": 5279.978668855678,
        "nL": 0.4354740104546931,
        "nL_Kpipi": 4.413073505098077,
        "nR": 5.840596424652496,
        "nR_Kpipi": 1.3686501931786665e-08,
        "n_sig_Ds": 1372.5030636558404,
        "r_bkgK": 0.035341458516519916,
        "sigmaL_Kpipi": 19.133710600596434,
        "sigmaR_Kpipi": 39.32384704379869,
        "sigma_Ds": 12.76614630604071
    },
    "sigmaL;1360": 10.937859571606,
    "sigmaL;1360_err": 0.21697136184691673,
    "sigmaR;1360": 18.105517630133896,
    "sigmaR;1360_err": 0.22313105783063508
}