{
    "fit_ok": true,
    "frac;918": 0.423562701809675,
    "frac;918_err": 0.02045795473008758,
    "info_fit": "------------------------------------------------------------------\n| FCN = -3.199e+05              |     Ncalls=103 (103 total)     |\n| EDM = 5.8e-05 (Goal: 0.001)   |            up = 0.5            |\n------------------------------------------------------------------\n|  Valid Min.   | Valid Param.  | Above EDM | Reached call limit |\n------------------------------------------------------------------\n|     True      |     True      |   False   |       False        |\n------------------------------------------------------------------\n| Hesse failed  |   Has cov.    | Accurate  | Pos. def. | Forced |\n------------------------------------------------------------------\n|     False     |     True      |   True    |   True    | False  |\n------------------------------------------------------------------",
    "info_params": "name            value    minuit_hesse    at limit\n----------  ---------  --------------  ----------\nn_sig;918       52320     +/- 2.8e+02       False\u001b[0m\nn_bkg;918        4966     +/- 1.8e+02       False\u001b[0m\nfrac;918       0.4236     +/-    0.02       False\u001b[0m\nmu;918           5279     +/-   0.077       False\u001b[0m\nsigmaL;918      10.93     +/-    0.22       False\u001b[0m\nsigmaR;918      18.11     +/-    0.22       False\u001b[0m\nlambda;918  -0.001877     +/- 0.00027       False\u001b[0m",
    "lambda;918": -0.0018772421019296326,
    "lambda;918_err": 0.0002717694893017057,
    "mu;918": 5278.863906141878,
    "mu;918_err": 0.07746876216814136,
    "n_bkg;918": 4965.977950718911,
    "n_bkg;918_err": 179.76861540984999,
    "n_sig;918": 52323.74256475794,
    "n_sig;918_err": 278.2163982947127,
    "r_params": {
        "alphaL": 2.02992217591786,
        "alphaL_Kpipi": 0.23515861789961,
        "alphaR": -1.7778067363088699,
        "alphaR_Kpipi": -3.6079075927108977,
        "fraction_Kpipi": 0.8710273830116788,
        "muL_Kpipi": 5214.606050989989,
        "muR_Kpipi": 5184.461565355465,
        "nL": 0.4354740104546931,
        "nL_Kpipi": 4.0219708459946535,
        "nR": 5.840596424652496,
        "nR_Kpipi": 0.00030277687710650867,
        "r_bkgK": 0.03600329969522668,
        "sigmaL_Kpipi": 18.91038845447253,
        "sigmaR_Kpipi": 40.00780717317667
    },
    "sigmaL;918": 10.927991050993196,
    "sigmaL;918_err": 0.2187452036596859,
    "sigmaR;918": 18.106668458758442,
    "sigmaR;918_err": 0.22169453955057528
}