{
    "fit_ok": true,
    "frac;1202": 0.29339298225388694,
    "frac;1202_err": 0.018329279216490274,
    "info_fit": "------------------------------------------------------------------\n| FCN = -3.199e+05              |     Ncalls=105 (105 total)     |\n| EDM = 8.54e-05 (Goal: 0.001)  |            up = 0.5            |\n------------------------------------------------------------------\n|  Valid Min.   | Valid Param.  | Above EDM | Reached call limit |\n------------------------------------------------------------------\n|     True      |     True      |   False   |       False        |\n------------------------------------------------------------------\n| Hesse failed  |   Has cov.    | Accurate  | Pos. def. | Forced |\n------------------------------------------------------------------\n|     False     |     True      |   True    |   True    | False  |\n------------------------------------------------------------------",
    "info_params": "name              value    minuit_hesse    at limit\n-----------  ----------  --------------  ----------\nn_sig;1202        51690     +/- 2.6e+02       False\u001b[0m\nn_bkg;1202         4432     +/- 1.6e+02       False\u001b[0m\nfrac;1202        0.2934     +/-   0.018       False\u001b[0m\nmu;1202            5279     +/-   0.078       False\u001b[0m\nsigmaL;1202       9.844     +/-    0.28       False\u001b[0m\nsigmaR;1202       17.17     +/-    0.16       False\u001b[0m\nlambda;1202  -0.0009873     +/- 0.00029       False\u001b[0m",
    "lambda;1202": -0.0009872731570923499,
    "lambda;1202_err": 0.00028783838022769574,
    "mu;1202": 5278.848229993004,
    "mu;1202_err": 0.07785277650027253,
    "n_bkg;1202": 4431.5320728609795,
    "n_bkg;1202_err": 162.05310470258175,
    "n_sig;1202": 51693.66725672421,
    "n_sig;1202_err": 263.84919287980216,
    "r_params": {
        "alphaL": 2.02992217591786,
        "alphaL_Kpipi": 0.2350836317027927,
        "alphaR": -1.7778067363088699,
        "alphaR_Kpipi": -3.52237674732721,
        "fraction_Kpipi": 0.8785244299220724,
        "muL_Kpipi": 5215.730392929549,
        "muR_Kpipi": 5181.677028654376,
        "nL": 0.4354740104546931,
        "nL_Kpipi": 4.28766442116072,
        "nR": 5.840596424652496,
        "nR_Kpipi": 4.7520656271807974e-05,
        "r_bkgK": 0.05889727837317509,
        "sigmaL_Kpipi": 19.36866584626731,
        "sigmaR_Kpipi": 39.176714398908445
    },
    "sigmaL;1202": 9.844012275463868,
    "sigmaL;1202_err": 0.2773914393186709,
    "sigmaR;1202": 17.172443780792182,
    "sigmaR;1202_err": 0.16445087744199896
}