{
    "fit_ok": true,
    "frac;479": 0.3887626231914866,
    "frac;479_err": 0.019371608849477768,
    "info_fit": "------------------------------------------------------------------\n| FCN = -3.199e+05              |     Ncalls=105 (105 total)     |\n| EDM = 7.25e-05 (Goal: 0.001)  |            up = 0.5            |\n------------------------------------------------------------------\n|  Valid Min.   | Valid Param.  | Above EDM | Reached call limit |\n------------------------------------------------------------------\n|     True      |     True      |   False   |       False        |\n------------------------------------------------------------------\n| Hesse failed  |   Has cov.    | Accurate  | Pos. def. | Forced |\n------------------------------------------------------------------\n|     False     |     True      |   True    |   True    | False  |\n------------------------------------------------------------------",
    "info_params": "name            value    minuit_hesse    at limit\n----------  ---------  --------------  ----------\nn_sig;479       52190     +/- 2.7e+02       False\u001b[0m\nn_bkg;479        4736     +/- 1.7e+02       False\u001b[0m\nfrac;479       0.3888     +/-   0.019       False\u001b[0m\nmu;479           5279     +/-   0.078       False\u001b[0m\nsigmaL;479      10.65     +/-    0.22       False\u001b[0m\nsigmaR;479      17.87     +/-     0.2       False\u001b[0m\nlambda;479  -0.001518     +/- 0.00028       False\u001b[0m",
    "lambda;479": -0.0015179611678993732,
    "lambda;479_err": 0.0002799799071396343,
    "mu;479": 5278.865953537896,
    "mu;479_err": 0.07752986379092638,
    "n_bkg;479": 4735.99889374244,
    "n_bkg;479_err": 173.73213194461857,
    "n_sig;479": 52194.559897261046,
    "n_sig;479_err": 273.5452442969122,
    "r_params": {
        "alphaL": 2.02992217591786,
        "alphaL_Kpipi": 0.23294399479418665,
        "alphaR": -1.7778067363088699,
        "alphaR_Kpipi": -3.5003653806034745,
        "fraction_Kpipi": 0.8684411784951709,
        "muL_Kpipi": 5213.993132197827,
        "muR_Kpipi": 5182.709229488075,
        "nL": 0.4354740104546931,
        "nL_Kpipi": 4.6551089586116445,
        "nR": 5.840596424652496,
        "nR_Kpipi": 5.4141366721791906e-05,
        "r_bkgK": 0.04294255287909378,
        "sigmaL_Kpipi": 20.379876667273486,
        "sigmaR_Kpipi": 35.927466144387665
    },
    "sigmaL;479": 10.647377857744445,
    "sigmaL;479_err": 0.22151468482052142,
    "sigmaR;479": 17.869172170775933,
    "sigmaR;479_err": 0.20308880764586987
}