{
    "fit_ok": true,
    "frac;319": 0.46162402265783153,
    "frac;319_err": 0.020562919074082885,
    "info_fit": "------------------------------------------------------------------\n| FCN = -3.199e+05              |     Ncalls=105 (105 total)     |\n| EDM = 8.86e-06 (Goal: 0.001)  |            up = 0.5            |\n------------------------------------------------------------------\n|  Valid Min.   | Valid Param.  | Above EDM | Reached call limit |\n------------------------------------------------------------------\n|     True      |     True      |   False   |       False        |\n------------------------------------------------------------------\n| Hesse failed  |   Has cov.    | Accurate  | Pos. def. | Forced |\n------------------------------------------------------------------\n|     False     |     True      |   True    |   True    | False  |\n------------------------------------------------------------------",
    "info_params": "name            value    minuit_hesse    at limit\n----------  ---------  --------------  ----------\nn_sig;319       52520     +/- 2.8e+02       False\u001b[0m\nn_bkg;319        5106     +/- 1.8e+02       False\u001b[0m\nfrac;319       0.4616     +/-   0.021       False\u001b[0m\nmu;319           5279     +/-   0.077       False\u001b[0m\nsigmaL;319      11.19     +/-     0.2       False\u001b[0m\nsigmaR;319      18.45     +/-    0.24       False\u001b[0m\nlambda;319  -0.002092     +/- 0.00026       False\u001b[0m",
    "lambda;319": -0.002091685734123397,
    "lambda;319_err": 0.0002644892577077566,
    "mu;319": 5278.858099695196,
    "mu;319_err": 0.07734584724097597,
    "n_bkg;319": 5105.797596169598,
    "n_bkg;319_err": 182.13648030072238,
    "n_sig;319": 52520.98940786114,
    "n_sig;319_err": 280.9589739536377,
    "r_params": {
        "alphaL": 2.02992217591786,
        "alphaL_Kpipi": 0.2390268673896653,
        "alphaR": -1.7778067363088699,
        "alphaR_Kpipi": -3.2241122591225464,
        "fraction_Kpipi": 0.8930495202222786,
        "muL_Kpipi": 5213.410214468963,
        "muR_Kpipi": 5179.656014633068,
        "nL": 0.4354740104546931,
        "nL_Kpipi": 4.418509907225921,
        "nR": 5.840596424652496,
        "nR_Kpipi": 9.125573044829986e-05,
        "r_bkgK": 0.029446370815138893,
        "sigmaL_Kpipi": 18.421652089766347,
        "sigmaR_Kpipi": 38.53760604085491
    },
    "sigmaL;319": 11.190906246218077,
    "sigmaL;319_err": 0.20199356989554443,
    "sigmaR;319": 18.44815315002503,
    "sigmaR;319_err": 0.24327003427050345
}