{
    "fit_ok": true,
    "frac;346": 0.457435052965983,
    "frac;346_err": 0.02066843490792382,
    "info_fit": "------------------------------------------------------------------\n| FCN = -3.199e+05              |     Ncalls=105 (105 total)     |\n| EDM = 4.82e-06 (Goal: 0.001)  |            up = 0.5            |\n------------------------------------------------------------------\n|  Valid Min.   | Valid Param.  | Above EDM | Reached call limit |\n------------------------------------------------------------------\n|     True      |     True      |   False   |       False        |\n------------------------------------------------------------------\n| Hesse failed  |   Has cov.    | Accurate  | Pos. def. | Forced |\n------------------------------------------------------------------\n|     False     |     True      |   True    |   True    | False  |\n------------------------------------------------------------------",
    "info_params": "name            value    minuit_hesse    at limit\n----------  ---------  --------------  ----------\nn_sig;346       52460     +/- 2.8e+02       False\u001b[0m\nn_bkg;346        5126     +/- 1.8e+02       False\u001b[0m\nfrac;346       0.4574     +/-   0.021       False\u001b[0m\nmu;346           5279     +/-   0.077       False\u001b[0m\nsigmaL;346      11.17     +/-     0.2       False\u001b[0m\nsigmaR;346      18.37     +/-    0.24       False\u001b[0m\nlambda;346  -0.002115     +/- 0.00026       False\u001b[0m",
    "lambda;346": -0.002114617130217905,
    "lambda;346_err": 0.0002637412662552972,
    "mu;346": 5278.8684051036425,
    "mu;346_err": 0.07730732658219718,
    "n_bkg;346": 5125.866986837559,
    "n_bkg;346_err": 182.4791900535463,
    "n_sig;346": 52461.11149598074,
    "n_sig;346_err": 280.882189810659,
    "r_params": {
        "alphaL": 2.02992217591786,
        "alphaL_Kpipi": 0.22823470604306226,
        "alphaR": -1.7778067363088699,
        "alphaR_Kpipi": -3.286547034220374,
        "fraction_Kpipi": 0.8868574524951929,
        "muL_Kpipi": 5214.505638609631,
        "muR_Kpipi": 5182.481742188472,
        "nL": 0.4354740104546931,
        "nL_Kpipi": 4.50806847306565,
        "nR": 5.840596424652496,
        "nR_Kpipi": 7.093127957202924e-05,
        "r_bkgK": 0.030241050909556554,
        "sigmaL_Kpipi": 19.26874601847284,
        "sigmaR_Kpipi": 37.89126204463439
    },
    "sigmaL;346": 11.171632732499617,
    "sigmaL;346_err": 0.20380995400354246,
    "sigmaR;346": 18.369336157760983,
    "sigmaR;346_err": 0.24084748964836733
}