{
    "fit_ok": true,
    "frac;402": 0.4248854849120489,
    "frac;402_err": 0.02054139636781068,
    "info_fit": "------------------------------------------------------------------\n| FCN = -3.199e+05              |     Ncalls=105 (105 total)     |\n| EDM = 0.000172 (Goal: 0.001)  |            up = 0.5            |\n------------------------------------------------------------------\n|  Valid Min.   | Valid Param.  | Above EDM | Reached call limit |\n------------------------------------------------------------------\n|     True      |     True      |   False   |       False        |\n------------------------------------------------------------------\n| Hesse failed  |   Has cov.    | Accurate  | Pos. def. | Forced |\n------------------------------------------------------------------\n|     False     |     True      |   True    |   True    | False  |\n------------------------------------------------------------------",
    "info_params": "name           value    minuit_hesse    at limit\n----------  --------  --------------  ----------\nn_sig;402      52350     +/- 2.8e+02       False\u001b[0m\nn_bkg;402       5004     +/- 1.8e+02       False\u001b[0m\nfrac;402      0.4249     +/-   0.021       False\u001b[0m\nmu;402          5279     +/-   0.077       False\u001b[0m\nsigmaL;402     10.99     +/-    0.22       False\u001b[0m\nsigmaR;402     18.12     +/-    0.22       False\u001b[0m\nlambda;402  -0.00194     +/- 0.00027       False\u001b[0m",
    "lambda;402": -0.0019400150297129715,
    "lambda;402_err": 0.00026996193109916846,
    "mu;402": 5278.852596152145,
    "mu;402_err": 0.0774625375466102,
    "n_bkg;402": 5004.398934989456,
    "n_bkg;402_err": 180.50635509592462,
    "n_sig;402": 52353.425198974706,
    "n_sig;402_err": 278.7225137441862,
    "r_params": {
        "alphaL": 2.02992217591786,
        "alphaL_Kpipi": 0.23984147888569726,
        "alphaR": -1.7778067363088699,
        "alphaR_Kpipi": -3.45169511727099,
        "fraction_Kpipi": 0.8861855867303668,
        "muL_Kpipi": 5214.656416664541,
        "muR_Kpipi": 5183.074248990296,
        "mu_Ds": 5279.561217823914,
        "nL": 0.4354740104546931,
        "nL_Kpipi": 4.413073505098077,
        "nR": 5.840596424652496,
        "nR_Kpipi": 1.3686501931786665e-08,
        "n_sig_Ds": 1345.721552929305,
        "r_bkgK": 0.035341458516519916,
        "sigmaL_Kpipi": 19.133710600596434,
        "sigmaR_Kpipi": 39.32384704379869,
        "sigma_Ds": 11.509345283294056
    },
    "sigmaL;402": 10.992228997848773,
    "sigmaL;402_err": 0.21708191657604184,
    "sigmaR;402": 18.11804539583985,
    "sigmaR;402_err": 0.2223911120892397
}