{
    "fit_ok": true,
    "frac;917": 0.5374837266652738,
    "frac;917_err": 0.021164158621632515,
    "info_fit": "------------------------------------------------------------------\n| FCN = -3.199e+05              |     Ncalls=103 (103 total)     |\n| EDM = 0.000219 (Goal: 0.001)  |            up = 0.5            |\n------------------------------------------------------------------\n|  Valid Min.   | Valid Param.  | Above EDM | Reached call limit |\n------------------------------------------------------------------\n|     True      |     True      |   False   |       False        |\n------------------------------------------------------------------\n| Hesse failed  |   Has cov.    | Accurate  | Pos. def. | Forced |\n------------------------------------------------------------------\n|     False     |     True      |   True    |   True    | False  |\n------------------------------------------------------------------",
    "info_params": "name            value    minuit_hesse    at limit\n----------  ---------  --------------  ----------\nn_sig;917       52460     +/- 2.7e+02       False\u001b[0m\nn_bkg;917        4865     +/- 1.7e+02       False\u001b[0m\nfrac;917       0.5375     +/-   0.021       False\u001b[0m\nmu;917           5279     +/-   0.077       False\u001b[0m\nsigmaL;917      11.87     +/-    0.18       False\u001b[0m\nsigmaR;917      18.93     +/-     0.3       False\u001b[0m\nlambda;917  -0.001874     +/- 0.00026       False\u001b[0m",
    "lambda;917": -0.001873841505005136,
    "lambda;917_err": 0.00026103978253085047,
    "mu;917": 5278.806169895353,
    "mu;917_err": 0.07736254304077385,
    "n_bkg;917": 4864.5143646422075,
    "n_bkg;917_err": 170.51529683409942,
    "n_sig;917": 52455.86171173987,
    "n_sig;917_err": 273.35370379261775,
    "r_params": {
        "alphaL": 2.077384893761018,
        "alphaL_Kpipi": 0.23984147888569726,
        "alphaR": -1.5737073700892665,
        "alphaR_Kpipi": -3.45169511727099,
        "fraction_Kpipi": 0.8861855867303668,
        "muL_Kpipi": 5214.656416664541,
        "muR_Kpipi": 5183.074248990296,
        "nL": 0.49490032424521824,
        "nL_Kpipi": 4.413073505098077,
        "nR": 6.907739977692212,
        "nR_Kpipi": 1.3686501931786665e-08,
        "r_bkgK": 0.035341458516519916,
        "sigmaL_Kpipi": 19.133710600596434,
        "sigmaR_Kpipi": 39.32384704379869
    },
    "sigmaL;917": 11.874169456683308,
    "sigmaL;917_err": 0.1800762981066833,
    "sigmaR;917": 18.927350958004823,
    "sigmaR;917_err": 0.3018490500529245
}