{
    "fit_ok": true,
    "frac;15": 0.22611161327901788,
    "frac;15_err": 0.015610275263815917,
    "info_fit": "------------------------------------------------------------------\n| FCN = -3.199e+05              |      Ncalls=93 (93 total)      |\n| EDM = 0.000202 (Goal: 0.001)  |            up = 0.5            |\n------------------------------------------------------------------\n|  Valid Min.   | Valid Param.  | Above EDM | Reached call limit |\n------------------------------------------------------------------\n|     True      |     True      |   False   |       False        |\n------------------------------------------------------------------\n| Hesse failed  |   Has cov.    | Accurate  | Pos. def. | Forced |\n------------------------------------------------------------------\n|     False     |     True      |   True    |   True    | False  |\n------------------------------------------------------------------",
    "info_params": "name            value    minuit_hesse    at limit\n---------  ----------  --------------  ----------\nn_sig;15        51360     +/- 2.5e+02       False\u001b[0m\nn_bkg;15         4101     +/- 1.4e+02       False\u001b[0m\nfrac;15        0.2261     +/-   0.016       False\u001b[0m\nmu;15            5279     +/-   0.078       False\u001b[0m\nsigmaL;15       9.095     +/-     0.3       False\u001b[0m\nsigmaR;15       16.79     +/-    0.14       False\u001b[0m\nlambda;15  -0.0003358     +/- 0.00028       False\u001b[0m",
    "lambda;15": -0.00033579373334660656,
    "lambda;15_err": 0.00027664840499926427,
    "mu;15": 5278.815970244127,
    "mu;15_err": 0.07796568695225449,
    "n_bkg;15": 4101.323326173881,
    "n_bkg;15_err": 139.7741243847308,
    "n_sig;15": 51361.17591766733,
    "n_sig;15_err": 250.5465587562833,
    "r_params": {
        "alphaL": 2.02992217591786,
        "alphaL_Kpipi": 0.22878851640211043,
        "alphaR": -1.7778067363088699,
        "alphaR_Kpipi": -3.5696029051085327,
        "fraction_Kpipi": 0.8893377186213117,
        "muL_Kpipi": 5214.517958155365,
        "muR_Kpipi": 5182.0477065534515,
        "nL": 0.4354740104546931,
        "nL_Kpipi": 4.5936026388161055,
        "nR": 5.840596424652496,
        "nR_Kpipi": 0.00033788535762783957,
        "r_bkgK": 0.07210078258643071,
        "sigmaL_Kpipi": 19.650995415061566,
        "sigmaR_Kpipi": 38.3256663077652
    },
    "sigmaL;15": 9.094752015462843,
    "sigmaL;15_err": 0.2955701036243368,
    "sigmaR;15": 16.78943828829591,
    "sigmaR;15_err": 0.13677750355405946
}