{
    "fit_ok": true,
    "frac;1198": 0.3750787257879112,
    "frac;1198_err": 0.019247935871622938,
    "info_fit": "------------------------------------------------------------------\n| FCN = -3.199e+05              |     Ncalls=104 (104 total)     |\n| EDM = 0.000256 (Goal: 0.001)  |            up = 0.5            |\n------------------------------------------------------------------\n|  Valid Min.   | Valid Param.  | Above EDM | Reached call limit |\n------------------------------------------------------------------\n|     True      |     True      |   False   |       False        |\n------------------------------------------------------------------\n| Hesse failed  |   Has cov.    | Accurate  | Pos. def. | Forced |\n------------------------------------------------------------------\n|     False     |     True      |   True    |   True    | False  |\n------------------------------------------------------------------",
    "info_params": "name             value    minuit_hesse    at limit\n-----------  ---------  --------------  ----------\nn_sig;1198       52110     +/- 2.7e+02       False\u001b[0m\nn_bkg;1198        4755     +/- 1.7e+02       False\u001b[0m\nfrac;1198       0.3751     +/-   0.019       False\u001b[0m\nmu;1198           5279     +/-   0.078       False\u001b[0m\nsigmaL;1198      10.55     +/-    0.22       False\u001b[0m\nsigmaR;1198      17.74     +/-     0.2       False\u001b[0m\nlambda;1198  -0.001547     +/- 0.00028       False\u001b[0m",
    "lambda;1198": -0.001547460776218923,
    "lambda;1198_err": 0.0002783774701405405,
    "mu;1198": 5278.860836821436,
    "mu;1198_err": 0.07755131855126556,
    "n_bkg;1198": 4754.899991025254,
    "n_bkg;1198_err": 173.60136446271278,
    "n_sig;1198": 52107.09158532476,
    "n_sig;1198_err": 273.0429009241633,
    "r_params": {
        "alphaL": 2.02992217591786,
        "alphaL_Kpipi": 0.2508676537353062,
        "alphaR": -1.7778067363088699,
        "alphaR_Kpipi": -3.694259392013577,
        "fraction_Kpipi": 0.8734034436505256,
        "muL_Kpipi": 5214.851039518532,
        "muR_Kpipi": 5179.984006923875,
        "nL": 0.4354740104546931,
        "nL_Kpipi": 4.42557309299429,
        "nR": 5.840596424652496,
        "nR_Kpipi": 7.020995675338965e-05,
        "r_bkgK": 0.04432596053641169,
        "sigmaL_Kpipi": 19.365863705496885,
        "sigmaR_Kpipi": 38.73745924170178
    },
    "sigmaL;1198": 10.550493616341914,
    "sigmaL;1198_err": 0.22343358198283703,
    "sigmaR;1198": 17.74491129664691,
    "sigmaR;1198_err": 0.19714292019261354
}