{
    "fit_ok": true,
    "frac;318": 0.34986978541094516,
    "frac;318_err": 0.018804212404802425,
    "info_fit": "------------------------------------------------------------------\n| FCN = -3.199e+05              |     Ncalls=106 (106 total)     |\n| EDM = 6.03e-06 (Goal: 0.001)  |            up = 0.5            |\n------------------------------------------------------------------\n|  Valid Min.   | Valid Param.  | Above EDM | Reached call limit |\n------------------------------------------------------------------\n|     True      |     True      |   False   |       False        |\n------------------------------------------------------------------\n| Hesse failed  |   Has cov.    | Accurate  | Pos. def. | Forced |\n------------------------------------------------------------------\n|     False     |     True      |   True    |   True    | False  |\n------------------------------------------------------------------",
    "info_params": "name            value    minuit_hesse    at limit\n----------  ---------  --------------  ----------\nn_sig;318       52010     +/- 2.7e+02       False\u001b[0m\nn_bkg;318        4660     +/- 1.7e+02       False\u001b[0m\nfrac;318       0.3499     +/-   0.019       False\u001b[0m\nmu;318           5279     +/-   0.078       False\u001b[0m\nsigmaL;318      10.34     +/-    0.23       False\u001b[0m\nsigmaR;318       17.6     +/-    0.19       False\u001b[0m\nlambda;318  -0.001404     +/- 0.00028       False\u001b[0m",
    "lambda;318": -0.0014039803031600517,
    "lambda;318_err": 0.0002811465345423659,
    "mu;318": 5278.837584840479,
    "mu;318_err": 0.07769933524947305,
    "n_bkg;318": 4659.744969092584,
    "n_bkg;318_err": 170.40275763585888,
    "n_sig;318": 52011.32924915111,
    "n_sig;318_err": 270.54636554145026,
    "r_params": {
        "alphaL": 2.02992217591786,
        "alphaL_Kpipi": 0.27721700795842374,
        "alphaR": -1.7778067363088699,
        "alphaR_Kpipi": -3.4773827601794105,
        "fraction_Kpipi": 0.8711746742687426,
        "muL_Kpipi": 5213.849957935622,
        "muR_Kpipi": 5183.492716671087,
        "nL": 0.4354740104546931,
        "nL_Kpipi": 4.565511127838379,
        "nR": 5.840596424652496,
        "nR_Kpipi": 0.0001796275845836589,
        "r_bkgK": 0.04806132628624733,
        "sigmaL_Kpipi": 18.138386144967296,
        "sigmaR_Kpipi": 40.53783381657866
    },
    "sigmaL;318": 10.338788373931642,
    "sigmaL;318_err": 0.23248637384010692,
    "sigmaR;318": 17.602141569346216,
    "sigmaR;318_err": 0.18604668075506786
}