{
    "fit_ok": true,
    "frac;672": 0.42634851425072345,
    "frac;672_err": 0.020545834564523954,
    "info_fit": "------------------------------------------------------------------\n| FCN = -3.199e+05              |     Ncalls=106 (106 total)     |\n| EDM = 1.68e-05 (Goal: 0.001)  |            up = 0.5            |\n------------------------------------------------------------------\n|  Valid Min.   | Valid Param.  | Above EDM | Reached call limit |\n------------------------------------------------------------------\n|     True      |     True      |   False   |       False        |\n------------------------------------------------------------------\n| Hesse failed  |   Has cov.    | Accurate  | Pos. def. | Forced |\n------------------------------------------------------------------\n|     False     |     True      |   True    |   True    | False  |\n------------------------------------------------------------------",
    "info_params": "name            value    minuit_hesse    at limit\n----------  ---------  --------------  ----------\nn_sig;672       52320     +/- 2.8e+02       False\u001b[0m\nn_bkg;672        5001     +/- 1.8e+02       False\u001b[0m\nfrac;672       0.4263     +/-   0.021       False\u001b[0m\nmu;672           5279     +/-   0.077       False\u001b[0m\nsigmaL;672      10.94     +/-    0.22       False\u001b[0m\nsigmaR;672      18.11     +/-    0.22       False\u001b[0m\nlambda;672  -0.001932     +/- 0.00027       False\u001b[0m",
    "lambda;672": -0.0019316617316664786,
    "lambda;672_err": 0.0002699932959360696,
    "mu;672": 5278.86884467296,
    "mu;672_err": 0.07742648579299727,
    "n_bkg;672": 5001.014500248679,
    "n_bkg;672_err": 180.36693744895445,
    "n_sig;672": 52323.59275460056,
    "n_sig;672_err": 278.61542071526026,
    "r_params": {
        "alphaL": 2.02992217591786,
        "alphaL_Kpipi": 0.23984147888569726,
        "alphaR": -1.7778067363088699,
        "alphaR_Kpipi": -3.45169511727099,
        "fraction_Kpipi": 0.8861855867303668,
        "muL_Kpipi": 5214.656416664541,
        "muR_Kpipi": 5183.074248990296,
        "mu_Ds": 5279.238523736778,
        "nL": 0.4354740104546931,
        "nL_Kpipi": 4.413073505098077,
        "nR": 5.840596424652496,
        "nR_Kpipi": 1.3686501931786665e-08,
        "n_sig_Ds": 1379.9918433784837,
        "r_bkgK": 0.035341458516519916,
        "sigmaL_Kpipi": 19.133710600596434,
        "sigmaR_Kpipi": 39.32384704379869,
        "sigma_Ds": 12.632175223989828
    },
    "sigmaL;672": 10.94347546687078,
    "sigmaL;672_err": 0.21765031194366152,
    "sigmaR;672": 18.11091449953529,
    "sigmaR;672_err": 0.22334970824949238
}