{
    "fit_ok": true,
    "frac;507": 0.5758929045427863,
    "frac;507_err": 0.025279984173790807,
    "info_fit": "------------------------------------------------------------------\n| FCN = -3.199e+05              |      Ncalls=99 (99 total)      |\n| EDM = 0.000218 (Goal: 0.001)  |            up = 0.5            |\n------------------------------------------------------------------\n|  Valid Min.   | Valid Param.  | Above EDM | Reached call limit |\n------------------------------------------------------------------\n|     True      |     True      |   False   |       False        |\n------------------------------------------------------------------\n| Hesse failed  |   Has cov.    | Accurate  | Pos. def. | Forced |\n------------------------------------------------------------------\n|     False     |     True      |   True    |   True    | False  |\n------------------------------------------------------------------",
    "info_params": "name            value    minuit_hesse    at limit\n----------  ---------  --------------  ----------\nn_sig;507       51520     +/- 2.6e+02       False\u001b[0m\nn_bkg;507        5838     +/- 1.6e+02       False\u001b[0m\nfrac;507       0.5759     +/-   0.025       False\u001b[0m\nmu;507           5279     +/-   0.077       False\u001b[0m\nsigmaL;507      12.08     +/-    0.19       False\u001b[0m\nsigmaR;507       19.5     +/-    0.37       False\u001b[0m\nlambda;507  -0.003103     +/- 0.00019       False\u001b[0m",
    "lambda;507": -0.0031034283097158832,
    "lambda;507_err": 0.00019270132443761516,
    "mu;507": 5278.807012466178,
    "mu;507_err": 0.07700634874068932,
    "n_bkg;507": 5838.195456759549,
    "n_bkg;507_err": 158.57948823634416,
    "n_sig;507": 51516.22409332984,
    "n_sig;507_err": 263.12136564869644,
    "r_params": {
        "alphaL": 2.0700656166648836,
        "alphaL_Kpipi": 0.23984147888569726,
        "alphaR": -1.6238610634768398,
        "alphaR_Kpipi": -3.45169511727099,
        "fraction_Kpipi": 0.8861855867303668,
        "muL_Kpipi": 5214.656416664541,
        "muR_Kpipi": 5183.074248990296,
        "nL": 0.7520531526884697,
        "nL_Kpipi": 4.413073505098077,
        "nR": 7.626708231523812,
        "nR_Kpipi": 1.3686501931786665e-08,
        "r_bkgK": 0.035341458516519916,
        "sigmaL_Kpipi": 19.133710600596434,
        "sigmaR_Kpipi": 39.32384704379869
    },
    "sigmaL;507": 12.077577598412393,
    "sigmaL;507_err": 0.18920137211876903,
    "sigmaR;507": 19.499850067083024,
    "sigmaR;507_err": 0.37197230736247244
}