{
    "fit_ok": true,
    "frac;207": 0.42264706945343056,
    "frac;207_err": 0.012613944567899596,
    "info_fit": "------------------------------------------------------------------\n| FCN = -3.199e+05              |     Ncalls=106 (106 total)     |\n| EDM = 7.53e-06 (Goal: 0.001)  |            up = 0.5            |\n------------------------------------------------------------------\n|  Valid Min.   | Valid Param.  | Above EDM | Reached call limit |\n------------------------------------------------------------------\n|     True      |     True      |   False   |       False        |\n------------------------------------------------------------------\n| Hesse failed  |   Has cov.    | Accurate  | Pos. def. | Forced |\n------------------------------------------------------------------\n|     False     |     True      |   True    |   True    | False  |\n------------------------------------------------------------------",
    "info_params": "name             value    minuit_hesse    at limit\n----------  ----------  --------------  ----------\nn_sig;207        54100     +/- 2.6e+02       False\u001b[0m\nn_bkg;207         3158     +/- 1.4e+02       False\u001b[0m\nfrac;207        0.4226     +/-   0.013       False\u001b[0m\nmu;207            5279     +/-   0.078       False\u001b[0m\nsigmaL;207       10.96     +/-    0.19       False\u001b[0m\nsigmaR;207       18.01     +/-    0.17       False\u001b[0m\nlambda;207  -6.655e-09     +/- 7.7e-06       False\u001b[0m",
    "lambda;207": -6.654600967492819e-09,
    "lambda;207_err": 7.702065386015489e-06,
    "mu;207": 5278.951194315298,
    "mu;207_err": 0.0775381249278628,
    "n_bkg;207": 3157.697849280539,
    "n_bkg;207_err": 141.03256681246626,
    "n_sig;207": 54103.03395299287,
    "n_sig;207_err": 263.30134505299657,
    "r_params": {
        "alphaL": 1.9332465270215193,
        "alphaL_Kpipi": 0.23984147888569726,
        "alphaR": -1.9148690358944345,
        "alphaR_Kpipi": -3.45169511727099,
        "fraction_Kpipi": 0.8861855867303668,
        "muL_Kpipi": 5214.656416664541,
        "muR_Kpipi": 5183.074248990296,
        "nL": 0.3833094933528247,
        "nL_Kpipi": 4.413073505098077,
        "nR": 1.851646864931118,
        "nR_Kpipi": 1.3686501931786665e-08,
        "r_bkgK": 0.035341458516519916,
        "sigmaL_Kpipi": 19.133710600596434,
        "sigmaR_Kpipi": 39.32384704379869
    },
    "sigmaL;207": 10.959710903955308,
    "sigmaL;207_err": 0.19126721360058124,
    "sigmaR;207": 18.014410636997123,
    "sigmaR;207_err": 0.1651360337174071
}