{
    "fit_ok": true,
    "frac;722": 0.4258029149095981,
    "frac;722_err": 0.020509805884666197,
    "info_fit": "------------------------------------------------------------------\n| FCN = -3.199e+05              |     Ncalls=101 (101 total)     |\n| EDM = 7.97e-05 (Goal: 0.001)  |            up = 0.5            |\n------------------------------------------------------------------\n|  Valid Min.   | Valid Param.  | Above EDM | Reached call limit |\n------------------------------------------------------------------\n|     True      |     True      |   False   |       False        |\n------------------------------------------------------------------\n| Hesse failed  |   Has cov.    | Accurate  | Pos. def. | Forced |\n------------------------------------------------------------------\n|     False     |     True      |   True    |   True    | False  |\n------------------------------------------------------------------",
    "info_params": "name            value    minuit_hesse    at limit\n----------  ---------  --------------  ----------\nn_sig;722       52350     +/- 2.8e+02       False\u001b[0m\nn_bkg;722        5002     +/- 1.8e+02       False\u001b[0m\nfrac;722       0.4258     +/-   0.021       False\u001b[0m\nmu;722           5279     +/-   0.077       False\u001b[0m\nsigmaL;722      10.95     +/-    0.22       False\u001b[0m\nsigmaR;722      18.11     +/-    0.22       False\u001b[0m\nlambda;722  -0.001933     +/- 0.00027       False\u001b[0m",
    "lambda;722": -0.0019326567847922638,
    "lambda;722_err": 0.00026992688824975953,
    "mu;722": 5278.859636490866,
    "mu;722_err": 0.07739001029218091,
    "n_bkg;722": 5001.7796916857815,
    "n_bkg;722_err": 180.35541245987542,
    "n_sig;722": 52352.052579810144,
    "n_sig;722_err": 278.61782445950917,
    "r_params": {
        "alphaL": 2.02992217591786,
        "alphaL_Kpipi": 0.23984147888569726,
        "alphaR": -1.7778067363088699,
        "alphaR_Kpipi": -3.45169511727099,
        "fraction_Kpipi": 0.8861855867303668,
        "muL_Kpipi": 5214.656416664541,
        "muR_Kpipi": 5183.074248990296,
        "mu_Ds": 5279.4920908296035,
        "nL": 0.4354740104546931,
        "nL_Kpipi": 4.413073505098077,
        "nR": 5.840596424652496,
        "nR_Kpipi": 1.3686501931786665e-08,
        "n_sig_Ds": 1350.4019376392566,
        "r_bkgK": 0.035341458516519916,
        "sigmaL_Kpipi": 19.133710600596434,
        "sigmaR_Kpipi": 39.32384704379869,
        "sigma_Ds": 12.323400775008267
    },
    "sigmaL;722": 10.954556860652374,
    "sigmaL;722_err": 0.21680323212266095,
    "sigmaR;722": 18.11113835615856,
    "sigmaR;722_err": 0.22292444584854107
}