{
    "fit_ok": true,
    "frac;993": 0.42529081683001096,
    "frac;993_err": 0.020511883563229496,
    "info_fit": "------------------------------------------------------------------\n| FCN = -3.199e+05              |     Ncalls=106 (106 total)     |\n| EDM = 0.000816 (Goal: 0.001)  |            up = 0.5            |\n------------------------------------------------------------------\n|  Valid Min.   | Valid Param.  | Above EDM | Reached call limit |\n------------------------------------------------------------------\n|     True      |     True      |   False   |       False        |\n------------------------------------------------------------------\n| Hesse failed  |   Has cov.    | Accurate  | Pos. def. | Forced |\n------------------------------------------------------------------\n|     False     |     True      |   True    |   True    | False  |\n------------------------------------------------------------------",
    "info_params": "name           value    minuit_hesse    at limit\n----------  --------  --------------  ----------\nn_sig;993      52350     +/- 2.8e+02       False\u001b[0m\nn_bkg;993       5004     +/- 1.8e+02       False\u001b[0m\nfrac;993      0.4253     +/-   0.021       False\u001b[0m\nmu;993          5279     +/-   0.077       False\u001b[0m\nsigmaL;993     10.99     +/-    0.22       False\u001b[0m\nsigmaR;993     18.12     +/-    0.22       False\u001b[0m\nlambda;993  -0.00194     +/- 0.00027       False\u001b[0m",
    "lambda;993": -0.0019403034410563347,
    "lambda;993_err": 0.00026972421546746,
    "mu;993": 5278.874448505914,
    "mu;993_err": 0.077474520096638,
    "n_bkg;993": 5003.815644517506,
    "n_bkg;993_err": 180.37312418612314,
    "n_sig;993": 52348.02236562587,
    "n_sig;993_err": 278.6096746496154,
    "r_params": {
        "alphaL": 2.02992217591786,
        "alphaL_Kpipi": 0.23984147888569726,
        "alphaR": -1.7778067363088699,
        "alphaR_Kpipi": -3.45169511727099,
        "fraction_Kpipi": 0.8861855867303668,
        "muL_Kpipi": 5214.656416664541,
        "muR_Kpipi": 5183.074248990296,
        "mu_Ds": 5278.918392137193,
        "nL": 0.4354740104546931,
        "nL_Kpipi": 4.413073505098077,
        "nR": 5.840596424652496,
        "nR_Kpipi": 1.3686501931786665e-08,
        "n_sig_Ds": 1351.4477190526782,
        "r_bkgK": 0.035341458516519916,
        "sigmaL_Kpipi": 19.133710600596434,
        "sigmaR_Kpipi": 39.32384704379869,
        "sigma_Ds": 11.569714226121976
    },
    "sigmaL;993": 10.990234156567512,
    "sigmaL;993_err": 0.21647911128881925,
    "sigmaR;993": 18.120756502043527,
    "sigmaR;993_err": 0.22243705994050827
}