{
    "fit_ok": true,
    "frac;452": 0.4267642567936885,
    "frac;452_err": 0.020607187140306238,
    "info_fit": "------------------------------------------------------------------\n| FCN = -3.199e+05              |     Ncalls=102 (102 total)     |\n| EDM = 0.000764 (Goal: 0.001)  |            up = 0.5            |\n------------------------------------------------------------------\n|  Valid Min.   | Valid Param.  | Above EDM | Reached call limit |\n------------------------------------------------------------------\n|     True      |     True      |   False   |       False        |\n------------------------------------------------------------------\n| Hesse failed  |   Has cov.    | Accurate  | Pos. def. | Forced |\n------------------------------------------------------------------\n|     False     |     True      |   True    |   True    | False  |\n------------------------------------------------------------------",
    "info_params": "name            value    minuit_hesse    at limit\n----------  ---------  --------------  ----------\nn_sig;452       52230     +/- 2.8e+02       False\u001b[0m\nn_bkg;452        5006     +/- 1.8e+02       False\u001b[0m\nfrac;452       0.4268     +/-   0.021       False\u001b[0m\nmu;452           5279     +/-   0.078       False\u001b[0m\nsigmaL;452      10.96     +/-    0.22       False\u001b[0m\nsigmaR;452      18.13     +/-    0.22       False\u001b[0m\nlambda;452  -0.001942     +/- 0.00027       False\u001b[0m",
    "lambda;452": -0.0019415244594711556,
    "lambda;452_err": 0.00026983451522190024,
    "mu;452": 5278.883019606691,
    "mu;452_err": 0.0776383639508607,
    "n_bkg;452": 5005.655323689629,
    "n_bkg;452_err": 180.5577398922545,
    "n_sig;452": 52226.882711279824,
    "n_sig;452_err": 278.7227630112086,
    "r_params": {
        "alphaL": 2.02992217591786,
        "alphaL_Kpipi": 0.23984147888569726,
        "alphaR": -1.7778067363088699,
        "alphaR_Kpipi": -3.45169511727099,
        "fraction_Kpipi": 0.8861855867303668,
        "muL_Kpipi": 5214.656416664541,
        "muR_Kpipi": 5183.074248990296,
        "mu_Ds": 5278.779111057322,
        "nL": 0.4354740104546931,
        "nL_Kpipi": 4.413073505098077,
        "nR": 5.840596424652496,
        "nR_Kpipi": 1.3686501931786665e-08,
        "n_sig_Ds": 1475.2292741370727,
        "r_bkgK": 0.035341458516519916,
        "sigmaL_Kpipi": 19.133710600596434,
        "sigmaR_Kpipi": 39.32384704379869,
        "sigma_Ds": 12.394452539704242
    },
    "sigmaL;452": 10.95575184293122,
    "sigmaL;452_err": 0.2180629828806758,
    "sigmaR;452": 18.132226013428024,
    "sigmaR;452_err": 0.22435166281336552
}