{
    "fit_ok": true,
    "frac;1346": 0.4801259067361385,
    "frac;1346_err": 0.020849386791791685,
    "info_fit": "------------------------------------------------------------------\n| FCN = -3.199e+05              |     Ncalls=105 (105 total)     |\n| EDM = 9.69e-05 (Goal: 0.001)  |            up = 0.5            |\n------------------------------------------------------------------\n|  Valid Min.   | Valid Param.  | Above EDM | Reached call limit |\n------------------------------------------------------------------\n|     True      |     True      |   False   |       False        |\n------------------------------------------------------------------\n| Hesse failed  |   Has cov.    | Accurate  | Pos. def. | Forced |\n------------------------------------------------------------------\n|     False     |     True      |   True    |   True    | False  |\n------------------------------------------------------------------",
    "info_params": "name             value    minuit_hesse    at limit\n-----------  ---------  --------------  ----------\nn_sig;1346       52380     +/- 2.8e+02       False\u001b[0m\nn_bkg;1346        4943     +/- 1.7e+02       False\u001b[0m\nfrac;1346       0.4801     +/-   0.021       False\u001b[0m\nmu;1346           5279     +/-   0.078       False\u001b[0m\nsigmaL;1346      11.44     +/-     0.2       False\u001b[0m\nsigmaR;1346       18.4     +/-    0.25       False\u001b[0m\nlambda;1346  -0.001962     +/- 0.00026       False\u001b[0m",
    "lambda;1346": -0.001961828419379086,
    "lambda;1346_err": 0.0002641262991214179,
    "mu;1346": 5278.855977458144,
    "mu;1346_err": 0.07757257053951112,
    "n_bkg;1346": 4942.611963685919,
    "n_bkg;1346_err": 174.8340824352376,
    "n_sig;1346": 52379.528922060264,
    "n_sig;1346_err": 275.57143781135034,
    "r_params": {
        "alphaL": 2.00352669995707,
        "alphaL_Kpipi": 0.23984147888569726,
        "alphaR": -1.6882508320270613,
        "alphaR_Kpipi": -3.45169511727099,
        "fraction_Kpipi": 0.8861855867303668,
        "muL_Kpipi": 5214.656416664541,
        "muR_Kpipi": 5183.074248990296,
        "nL": 0.5206429577465874,
        "nL_Kpipi": 4.413073505098077,
        "nR": 5.660463801653419,
        "nR_Kpipi": 1.3686501931786665e-08,
        "r_bkgK": 0.035341458516519916,
        "sigmaL_Kpipi": 19.133710600596434,
        "sigmaR_Kpipi": 39.32384704379869
    },
    "sigmaL;1346": 11.44106147299054,
    "sigmaL;1346_err": 0.1956116829995645,
    "sigmaR;1346": 18.401421165991504,
    "sigmaR;1346_err": 0.2539801413668658
}