{
    "fit_ok": false,
    "frac;961": 0.42600842051104676,
    "frac;961_err": 0.02054213440888402,
    "info_fit": "------------------------------------------------------------------\n| FCN = -3.199e+05              |     Ncalls=102 (102 total)     |\n| EDM = 0.0011 (Goal: 0.001)    |            up = 0.5            |\n------------------------------------------------------------------\n|  Valid Min.   | Valid Param.  | Above EDM | Reached call limit |\n------------------------------------------------------------------\n|     True      |     True      |   False   |       False        |\n------------------------------------------------------------------\n| Hesse failed  |   Has cov.    | Accurate  | Pos. def. | Forced |\n------------------------------------------------------------------\n|     False     |     True      |   True    |   True    | False  |\n------------------------------------------------------------------",
    "info_params": "name            value    minuit_hesse    at limit\n----------  ---------  --------------  ----------\nn_sig;961       52320     +/- 2.8e+02       False\u001b[0m\nn_bkg;961        5003     +/- 1.8e+02       False\u001b[0m\nfrac;961        0.426     +/-   0.021       False\u001b[0m\nmu;961           5279     +/-   0.078       False\u001b[0m\nsigmaL;961      10.97     +/-    0.22       False\u001b[0m\nsigmaR;961      18.12     +/-    0.22       False\u001b[0m\nlambda;961  -0.001938     +/- 0.00027       False\u001b[0m",
    "lambda;961": -0.0019379280203185578,
    "lambda;961_err": 0.000269803111944345,
    "mu;961": 5278.88635156358,
    "mu;961_err": 0.07750084265747849,
    "n_bkg;961": 5002.680520705557,
    "n_bkg;961_err": 180.38469438571641,
    "n_sig;961": 52319.63993914472,
    "n_sig;961_err": 278.6081816876901,
    "r_params": {
        "alphaL": 2.02992217591786,
        "alphaL_Kpipi": 0.23984147888569726,
        "alphaR": -1.7778067363088699,
        "alphaR_Kpipi": -3.45169511727099,
        "fraction_Kpipi": 0.8861855867303668,
        "muL_Kpipi": 5214.656416664541,
        "muR_Kpipi": 5183.074248990296,
        "mu_Ds": 5278.632876508626,
        "nL": 0.4354740104546931,
        "nL_Kpipi": 4.413073505098077,
        "nR": 5.840596424652496,
        "nR_Kpipi": 1.3686501931786665e-08,
        "n_sig_Ds": 1382.1081865394272,
        "r_bkgK": 0.035341458516519916,
        "sigmaL_Kpipi": 19.133710600596434,
        "sigmaR_Kpipi": 39.32384704379869,
        "sigma_Ds": 12.035649683075093
    },
    "sigmaL;961": 10.968259742617722,
    "sigmaL;961_err": 0.21720070329878724,
    "sigmaR;961": 18.122062606369077,
    "sigmaR;961_err": 0.22311468847486246
}