{
    "fit_ok": true,
    "frac;422": 0.41497262118045974,
    "frac;422_err": 0.01153555445844138,
    "info_fit": "------------------------------------------------------------------\n| FCN = -3.199e+05              |     Ncalls=108 (108 total)     |\n| EDM = 3.54e-05 (Goal: 0.001)  |            up = 0.5            |\n------------------------------------------------------------------\n|  Valid Min.   | Valid Param.  | Above EDM | Reached call limit |\n------------------------------------------------------------------\n|     True      |     True      |   False   |       False        |\n------------------------------------------------------------------\n| Hesse failed  |   Has cov.    | Accurate  | Pos. def. | Forced |\n------------------------------------------------------------------\n|     False     |     True      |   True    |   True    | False  |\n------------------------------------------------------------------",
    "info_params": "name             value    minuit_hesse    at limit\n----------  ----------  --------------  ----------\nn_sig;422        53970     +/- 2.4e+02       False\u001b[0m\nn_bkg;422         3299     +/-      91       False\u001b[0m\nfrac;422         0.415     +/-   0.012       False\u001b[0m\nmu;422            5279     +/-   0.078       False\u001b[0m\nsigmaL;422       11.04     +/-     0.2       False\u001b[0m\nsigmaR;422       17.79     +/-    0.14       False\u001b[0m\nlambda;422  -1.082e-10     +/- 6.2e-08       False\u001b[0m",
    "lambda;422": -1.0824073581883198e-10,
    "lambda;422_err": 6.184714756022735e-08,
    "mu;422": 5278.864019359825,
    "mu;422_err": 0.07764623211525606,
    "n_bkg;422": 3298.877978112448,
    "n_bkg;422_err": 91.28089403157614,
    "n_sig;422": 53965.78932085201,
    "n_sig;422_err": 241.18897070691426,
    "r_params": {
        "alphaL": 2.009978626679761,
        "alphaL_Kpipi": 0.23984147888569726,
        "alphaR": -1.7710727841683647,
        "alphaR_Kpipi": -3.45169511727099,
        "fraction_Kpipi": 0.8861855867303668,
        "muL_Kpipi": 5214.656416664541,
        "muR_Kpipi": 5183.074248990296,
        "nL": 0.3004323726580883,
        "nL_Kpipi": 4.413073505098077,
        "nR": 2.4806472968559183,
        "nR_Kpipi": 1.3686501931786665e-08,
        "r_bkgK": 0.035341458516519916,
        "sigmaL_Kpipi": 19.133710600596434,
        "sigmaR_Kpipi": 39.32384704379869
    },
    "sigmaL;422": 11.037563736412054,
    "sigmaL;422_err": 0.20312930597270124,
    "sigmaR;422": 17.793709233206954,
    "sigmaR;422_err": 0.14175277410615217
}