{
    "fit_ok": true,
    "frac;139": 0.42617426439570216,
    "frac;139_err": 0.02054548909307889,
    "info_fit": "------------------------------------------------------------------\n| FCN = -3.199e+05              |     Ncalls=106 (106 total)     |\n| EDM = 0.000395 (Goal: 0.001)  |            up = 0.5            |\n------------------------------------------------------------------\n|  Valid Min.   | Valid Param.  | Above EDM | Reached call limit |\n------------------------------------------------------------------\n|     True      |     True      |   False   |       False        |\n------------------------------------------------------------------\n| Hesse failed  |   Has cov.    | Accurate  | Pos. def. | Forced |\n------------------------------------------------------------------\n|     False     |     True      |   True    |   True    | False  |\n------------------------------------------------------------------",
    "info_params": "name            value    minuit_hesse    at limit\n----------  ---------  --------------  ----------\nn_sig;139       52200     +/- 2.8e+02       False\u001b[0m\nn_bkg;139        5011     +/- 1.8e+02       False\u001b[0m\nfrac;139       0.4262     +/-   0.021       False\u001b[0m\nmu;139           5279     +/-   0.078       False\u001b[0m\nsigmaL;139      10.97     +/-    0.22       False\u001b[0m\nsigmaR;139      18.13     +/-    0.22       False\u001b[0m\nlambda;139  -0.001946     +/- 0.00027       False\u001b[0m",
    "lambda;139": -0.0019462708810057405,
    "lambda;139_err": 0.00026953634250428076,
    "mu;139": 5278.83974648242,
    "mu;139_err": 0.07764902451353982,
    "n_bkg;139": 5011.262959060455,
    "n_bkg;139_err": 180.57528314677688,
    "n_sig;139": 52199.27731239912,
    "n_sig;139_err": 278.7705130371065,
    "r_params": {
        "alphaL": 2.02992217591786,
        "alphaL_Kpipi": 0.23984147888569726,
        "alphaR": -1.7778067363088699,
        "alphaR_Kpipi": -3.45169511727099,
        "fraction_Kpipi": 0.8861855867303668,
        "muL_Kpipi": 5214.656416664541,
        "muR_Kpipi": 5183.074248990296,
        "mu_Ds": 5279.941979254343,
        "nL": 0.4354740104546931,
        "nL_Kpipi": 4.413073505098077,
        "nR": 5.840596424652496,
        "nR_Kpipi": 1.3686501931786665e-08,
        "n_sig_Ds": 1499.0387610056218,
        "r_bkgK": 0.035341458516519916,
        "sigmaL_Kpipi": 19.133710600596434,
        "sigmaR_Kpipi": 39.32384704379869,
        "sigma_Ds": 12.19248031781183
    },
    "sigmaL;139": 10.96648515596602,
    "sigmaL;139_err": 0.216543610568743,
    "sigmaR;139": 18.133964301787408,
    "sigmaR;139_err": 0.22415355998325642
}