{
    "fit_ok": true,
    "frac;170": 0.4256872820711858,
    "frac;170_err": 0.02052332238819566,
    "info_fit": "------------------------------------------------------------------\n| FCN = -3.199e+05              |     Ncalls=100 (100 total)     |\n| EDM = 0.000997 (Goal: 0.001)  |            up = 0.5            |\n------------------------------------------------------------------\n|  Valid Min.   | Valid Param.  | Above EDM | Reached call limit |\n------------------------------------------------------------------\n|     True      |     True      |   False   |       False        |\n------------------------------------------------------------------\n| Hesse failed  |   Has cov.    | Accurate  | Pos. def. | Forced |\n------------------------------------------------------------------\n|     False     |     True      |   True    |   True    | False  |\n------------------------------------------------------------------",
    "info_params": "name            value    minuit_hesse    at limit\n----------  ---------  --------------  ----------\nn_sig;170       52430     +/- 2.8e+02       False\u001b[0m\nn_bkg;170        4997     +/- 1.8e+02       False\u001b[0m\nfrac;170       0.4257     +/-   0.021       False\u001b[0m\nmu;170           5279     +/-   0.077       False\u001b[0m\nsigmaL;170      10.96     +/-    0.22       False\u001b[0m\nsigmaR;170       18.1     +/-    0.22       False\u001b[0m\nlambda;170  -0.001926     +/- 0.00027       False\u001b[0m",
    "lambda;170": -0.001926288530729292,
    "lambda;170_err": 0.0002703526557996443,
    "mu;170": 5278.89175506805,
    "mu;170_err": 0.07728876070176792,
    "n_bkg;170": 4997.385746363164,
    "n_bkg;170_err": 180.35982286336696,
    "n_sig;170": 52434.107653131694,
    "n_sig;170_err": 278.5900931011219,
    "r_params": {
        "alphaL": 2.02992217591786,
        "alphaL_Kpipi": 0.23984147888569726,
        "alphaR": -1.7778067363088699,
        "alphaR_Kpipi": -3.45169511727099,
        "fraction_Kpipi": 0.8861855867303668,
        "muL_Kpipi": 5214.656416664541,
        "muR_Kpipi": 5183.074248990296,
        "mu_Ds": 5278.466918130747,
        "nL": 0.4354740104546931,
        "nL_Kpipi": 4.413073505098077,
        "nR": 5.840596424652496,
        "nR_Kpipi": 1.3686501931786665e-08,
        "n_sig_Ds": 1270.2543208006202,
        "r_bkgK": 0.035341458516519916,
        "sigmaL_Kpipi": 19.133710600596434,
        "sigmaR_Kpipi": 39.32384704379869,
        "sigma_Ds": 12.185749072408806
    },
    "sigmaL;170": 10.956136367309847,
    "sigmaL;170_err": 0.21762273484173503,
    "sigmaR;170": 18.101472044248673,
    "sigmaR;170_err": 0.22219866179402997
}