{
    "fit_ok": true,
    "frac;34": 0.4265871326782716,
    "frac;34_err": 0.020580912523982847,
    "info_fit": "------------------------------------------------------------------\n| FCN = -3.199e+05              |     Ncalls=101 (101 total)     |\n| EDM = 0.000902 (Goal: 0.001)  |            up = 0.5            |\n------------------------------------------------------------------\n|  Valid Min.   | Valid Param.  | Above EDM | Reached call limit |\n------------------------------------------------------------------\n|     True      |     True      |   False   |       False        |\n------------------------------------------------------------------\n| Hesse failed  |   Has cov.    | Accurate  | Pos. def. | Forced |\n------------------------------------------------------------------\n|     False     |     True      |   True    |   True    | False  |\n------------------------------------------------------------------",
    "info_params": "name           value    minuit_hesse    at limit\n---------  ---------  --------------  ----------\nn_sig;34       52300     +/- 2.8e+02       False\u001b[0m\nn_bkg;34        5001     +/- 1.8e+02       False\u001b[0m\nfrac;34       0.4266     +/-   0.021       False\u001b[0m\nmu;34           5279     +/-   0.078       False\u001b[0m\nsigmaL;34      10.95     +/-    0.22       False\u001b[0m\nsigmaR;34      18.12     +/-    0.22       False\u001b[0m\nlambda;34  -0.001935     +/- 0.00027       False\u001b[0m",
    "lambda;34": -0.001934774796168548,
    "lambda;34_err": 0.0002699920492203675,
    "mu;34": 5278.8923499506745,
    "mu;34_err": 0.07750319010671185,
    "n_bkg;34": 5001.406636383731,
    "n_bkg;34_err": 180.42746371206465,
    "n_sig;34": 52303.54127565147,
    "n_sig;34_err": 278.6218419658041,
    "r_params": {
        "alphaL": 2.02992217591786,
        "alphaL_Kpipi": 0.23984147888569726,
        "alphaR": -1.7778067363088699,
        "alphaR_Kpipi": -3.45169511727099,
        "fraction_Kpipi": 0.8861855867303668,
        "muL_Kpipi": 5214.656416664541,
        "muR_Kpipi": 5183.074248990296,
        "mu_Ds": 5278.506790566579,
        "nL": 0.4354740104546931,
        "nL_Kpipi": 4.413073505098077,
        "nR": 5.840596424652496,
        "nR_Kpipi": 1.3686501931786665e-08,
        "n_sig_Ds": 1399.4744946453332,
        "r_bkgK": 0.035341458516519916,
        "sigmaL_Kpipi": 19.133710600596434,
        "sigmaR_Kpipi": 39.32384704379869,
        "sigma_Ds": 12.43318729191911
    },
    "sigmaL;34": 10.951512774571828,
    "sigmaL;34_err": 0.21812359771051296,
    "sigmaR;34": 18.119828730320563,
    "sigmaR;34_err": 0.22362891501542256
}