{
    "fit_ok": true,
    "frac;374": 0.3674508528159774,
    "frac;374_err": 0.017929973522862297,
    "info_fit": "------------------------------------------------------------------\n| FCN = -3.199e+05              |     Ncalls=105 (105 total)     |\n| EDM = 0.000245 (Goal: 0.001)  |            up = 0.5            |\n------------------------------------------------------------------\n|  Valid Min.   | Valid Param.  | Above EDM | Reached call limit |\n------------------------------------------------------------------\n|     True      |     True      |   False   |       False        |\n------------------------------------------------------------------\n| Hesse failed  |   Has cov.    | Accurate  | Pos. def. | Forced |\n------------------------------------------------------------------\n|     False     |     True      |   True    |   True    | False  |\n------------------------------------------------------------------",
    "info_params": "name            value    minuit_hesse    at limit\n----------  ---------  --------------  ----------\nn_sig;374       52400     +/- 2.8e+02       False\u001b[0m\nn_bkg;374        4920     +/- 1.8e+02       False\u001b[0m\nfrac;374       0.3675     +/-   0.018       False\u001b[0m\nmu;374           5279     +/-   0.077       False\u001b[0m\nsigmaL;374      10.39     +/-    0.22       False\u001b[0m\nsigmaR;374      17.72     +/-    0.19       False\u001b[0m\nlambda;374  -0.001736     +/- 0.00028       False\u001b[0m",
    "lambda;374": -0.001735557502823934,
    "lambda;374_err": 0.0002792869715175393,
    "mu;374": 5278.884022097573,
    "mu;374_err": 0.07746326793896649,
    "n_bkg;374": 4919.919496903053,
    "n_bkg;374_err": 181.8434676934832,
    "n_sig;374": 52400.35034650946,
    "n_sig;374_err": 279.7456629472389,
    "r_params": {
        "alphaL": 2.038563698535431,
        "alphaL_Kpipi": 0.23984147888569726,
        "alphaR": -1.8694977805432755,
        "alphaR_Kpipi": -3.45169511727099,
        "fraction_Kpipi": 0.8861855867303668,
        "muL_Kpipi": 5214.656416664541,
        "muR_Kpipi": 5183.074248990296,
        "nL": 0.34401638662943335,
        "nL_Kpipi": 4.413073505098077,
        "nR": 5.406338225373217,
        "nR_Kpipi": 1.3686501931786665e-08,
        "r_bkgK": 0.035341458516519916,
        "sigmaL_Kpipi": 19.133710600596434,
        "sigmaR_Kpipi": 39.32384704379869
    },
    "sigmaL;374": 10.3947084209112,
    "sigmaL;374_err": 0.22312387761425206,
    "sigmaR;374": 17.72129287126475,
    "sigmaR;374_err": 0.18537814857844137
}