{
    "fit_ok": true,
    "frac;399": 0.44301481007917404,
    "frac;399_err": 0.020224405425910988,
    "info_fit": "------------------------------------------------------------------\n| FCN = -3.199e+05              |     Ncalls=103 (103 total)     |\n| EDM = 1.62e-05 (Goal: 0.001)  |            up = 0.5            |\n------------------------------------------------------------------\n|  Valid Min.   | Valid Param.  | Above EDM | Reached call limit |\n------------------------------------------------------------------\n|     True      |     True      |   False   |       False        |\n------------------------------------------------------------------\n| Hesse failed  |   Has cov.    | Accurate  | Pos. def. | Forced |\n------------------------------------------------------------------\n|     False     |     True      |   True    |   True    | False  |\n------------------------------------------------------------------",
    "info_params": "name            value    minuit_hesse    at limit\n----------  ---------  --------------  ----------\nn_sig;399       52450     +/- 2.8e+02       False\u001b[0m\nn_bkg;399        4948     +/- 1.8e+02       False\u001b[0m\nfrac;399        0.443     +/-    0.02       False\u001b[0m\nmu;399           5279     +/-   0.077       False\u001b[0m\nsigmaL;399      11.06     +/-    0.21       False\u001b[0m\nsigmaR;399       18.3     +/-    0.23       False\u001b[0m\nlambda;399  -0.001845     +/- 0.00027       False\u001b[0m",
    "lambda;399": -0.0018447544442337649,
    "lambda;399_err": 0.0002723019195834412,
    "mu;399": 5278.865913953038,
    "mu;399_err": 0.07738858305803217,
    "n_bkg;399": 4947.53386048797,
    "n_bkg;399_err": 179.5520038279102,
    "n_sig;399": 52451.666856252195,
    "n_sig;399_err": 278.7281160188426,
    "r_params": {
        "alphaL": 2.02992217591786,
        "alphaL_Kpipi": 0.22236371875369473,
        "alphaR": -1.7778067363088699,
        "alphaR_Kpipi": -3.6999097333002906,
        "fraction_Kpipi": 0.9066792348344601,
        "muL_Kpipi": 5212.85976052535,
        "muR_Kpipi": 5176.259185607508,
        "nL": 0.4354740104546931,
        "nL_Kpipi": 4.005660447508296,
        "nR": 5.840596424652496,
        "nR_Kpipi": 2.8985749915083757e-05,
        "r_bkgK": 0.03382008693442521,
        "sigmaL_Kpipi": 20.31680925031111,
        "sigmaR_Kpipi": 39.88062513401132
    },
    "sigmaL;399": 11.057143444174248,
    "sigmaL;399_err": 0.20772757214119478,
    "sigmaR;399": 18.3008445961075,
    "sigmaR;399_err": 0.23179937390899286
}