{
    "fit_ok": true,
    "frac;206": 0.4256025116958031,
    "frac;206_err": 0.020524596558022662,
    "info_fit": "------------------------------------------------------------------\n| FCN = -3.199e+05              |     Ncalls=101 (101 total)     |\n| EDM = 0.000304 (Goal: 0.001)  |            up = 0.5            |\n------------------------------------------------------------------\n|  Valid Min.   | Valid Param.  | Above EDM | Reached call limit |\n------------------------------------------------------------------\n|     True      |     True      |   False   |       False        |\n------------------------------------------------------------------\n| Hesse failed  |   Has cov.    | Accurate  | Pos. def. | Forced |\n------------------------------------------------------------------\n|     False     |     True      |   True    |   True    | False  |\n------------------------------------------------------------------",
    "info_params": "name            value    minuit_hesse    at limit\n----------  ---------  --------------  ----------\nn_sig;206       52310     +/- 2.8e+02       False\u001b[0m\nn_bkg;206        5004     +/- 1.8e+02       False\u001b[0m\nfrac;206       0.4256     +/-   0.021       False\u001b[0m\nmu;206           5279     +/-   0.077       False\u001b[0m\nsigmaL;206      10.97     +/-    0.22       False\u001b[0m\nsigmaR;206      18.12     +/-    0.22       False\u001b[0m\nlambda;206  -0.001936     +/- 0.00027       False\u001b[0m",
    "lambda;206": -0.0019357446679522106,
    "lambda;206_err": 0.0002702035305373041,
    "mu;206": 5278.853187540398,
    "mu;206_err": 0.07747883423346949,
    "n_bkg;206": 5004.2384863632915,
    "n_bkg;206_err": 180.60497223467917,
    "n_sig;206": 52310.97054109443,
    "n_sig;206_err": 278.79037357990774,
    "r_params": {
        "alphaL": 2.02992217591786,
        "alphaL_Kpipi": 0.23984147888569726,
        "alphaR": -1.7778067363088699,
        "alphaR_Kpipi": -3.45169511727099,
        "fraction_Kpipi": 0.8861855867303668,
        "muL_Kpipi": 5214.656416664541,
        "muR_Kpipi": 5183.074248990296,
        "mu_Ds": 5279.619756920951,
        "nL": 0.4354740104546931,
        "nL_Kpipi": 4.413073505098077,
        "nR": 5.840596424652496,
        "nR_Kpipi": 1.3686501931786665e-08,
        "n_sig_Ds": 1391.4240136187316,
        "r_bkgK": 0.035341458516519916,
        "sigmaL_Kpipi": 19.133710600596434,
        "sigmaR_Kpipi": 39.32384704379869,
        "sigma_Ds": 12.070804075954738
    },
    "sigmaL;206": 10.9656335430237,
    "sigmaL;206_err": 0.21654613345851334,
    "sigmaR;206": 18.120732745572425,
    "sigmaR;206_err": 0.22325175815952233
}