{
    "fit_ok": true,
    "frac;159": 0.4267792888143178,
    "frac;159_err": 0.020519940857181576,
    "info_fit": "------------------------------------------------------------------\n| FCN = -3.199e+05              |     Ncalls=103 (103 total)     |\n| EDM = 0.000309 (Goal: 0.001)  |            up = 0.5            |\n------------------------------------------------------------------\n|  Valid Min.   | Valid Param.  | Above EDM | Reached call limit |\n------------------------------------------------------------------\n|     True      |     True      |   False   |       False        |\n------------------------------------------------------------------\n| Hesse failed  |   Has cov.    | Accurate  | Pos. def. | Forced |\n------------------------------------------------------------------\n|     False     |     True      |   True    |   True    | False  |\n------------------------------------------------------------------",
    "info_params": "name            value    minuit_hesse    at limit\n----------  ---------  --------------  ----------\nn_sig;159       52340     +/- 2.8e+02       False\u001b[0m\nn_bkg;159        4999     +/- 1.8e+02       False\u001b[0m\nfrac;159       0.4268     +/-   0.021       False\u001b[0m\nmu;159           5279     +/-   0.077       False\u001b[0m\nsigmaL;159      10.93     +/-    0.22       False\u001b[0m\nsigmaR;159       18.1     +/-    0.22       False\u001b[0m\nlambda;159  -0.001928     +/- 0.00027       False\u001b[0m",
    "lambda;159": -0.0019283917486500046,
    "lambda;159_err": 0.0002697142124539555,
    "mu;159": 5278.879538952904,
    "mu;159_err": 0.07735806714031623,
    "n_bkg;159": 4998.519200015673,
    "n_bkg;159_err": 180.11444587191815,
    "n_sig;159": 52342.75974461449,
    "n_sig;159_err": 278.44076747420513,
    "r_params": {
        "alphaL": 2.02992217591786,
        "alphaL_Kpipi": 0.23984147888569726,
        "alphaR": -1.7778067363088699,
        "alphaR_Kpipi": -3.45169511727099,
        "fraction_Kpipi": 0.8861855867303668,
        "muL_Kpipi": 5214.656416664541,
        "muR_Kpipi": 5183.074248990296,
        "mu_Ds": 5278.958137531626,
        "nL": 0.4354740104546931,
        "nL_Kpipi": 4.413073505098077,
        "nR": 5.840596424652496,
        "nR_Kpipi": 1.3686501931786665e-08,
        "n_sig_Ds": 1361.184925657048,
        "r_bkgK": 0.035341458516519916,
        "sigmaL_Kpipi": 19.133710600596434,
        "sigmaR_Kpipi": 39.32384704379869,
        "sigma_Ds": 12.999996102358155
    },
    "sigmaL;159": 10.930828665956556,
    "sigmaL;159_err": 0.21758631447777582,
    "sigmaR;159": 18.101399480672427,
    "sigmaR;159_err": 0.22317538086395453
}