{
    "fit_ok": true,
    "frac;1214": 0.36234818928460366,
    "frac;1214_err": 0.02076246448723025,
    "info_fit": "------------------------------------------------------------------\n| FCN = -3.199e+05              |     Ncalls=103 (103 total)     |\n| EDM = 7.5e-05 (Goal: 0.001)   |            up = 0.5            |\n------------------------------------------------------------------\n|  Valid Min.   | Valid Param.  | Above EDM | Reached call limit |\n------------------------------------------------------------------\n|     True      |     True      |   False   |       False        |\n------------------------------------------------------------------\n| Hesse failed  |   Has cov.    | Accurate  | Pos. def. | Forced |\n------------------------------------------------------------------\n|     False     |     True      |   True    |   True    | False  |\n------------------------------------------------------------------",
    "info_params": "name             value    minuit_hesse    at limit\n-----------  ---------  --------------  ----------\nn_sig;1214       51660     +/- 2.8e+02       False\u001b[0m\nn_bkg;1214        5682     +/- 1.8e+02       False\u001b[0m\nfrac;1214       0.3623     +/-   0.021       False\u001b[0m\nmu;1214           5279     +/-   0.077       False\u001b[0m\nsigmaL;1214      10.23     +/-    0.24       False\u001b[0m\nsigmaR;1214      17.88     +/-     0.2       False\u001b[0m\nlambda;1214  -0.002488     +/- 0.00024       False\u001b[0m",
    "lambda;1214": -0.002487900499119511,
    "lambda;1214_err": 0.00023522803589523156,
    "mu;1214": 5278.919237451598,
    "mu;1214_err": 0.07719867826502784,
    "n_bkg;1214": 5681.940292565414,
    "n_bkg;1214_err": 184.1796605459364,
    "n_sig;1214": 51663.08348892881,
    "n_sig;1214_err": 278.573478402907,
    "r_params": {
        "alphaL": 2.0336978939647463,
        "alphaL_Kpipi": 0.23984147888569726,
        "alphaR": -2.054968078378543,
        "alphaR_Kpipi": -3.45169511727099,
        "fraction_Kpipi": 0.8861855867303668,
        "muL_Kpipi": 5214.656416664541,
        "muR_Kpipi": 5183.074248990296,
        "nL": 0.42009294701473915,
        "nL_Kpipi": 4.413073505098077,
        "nR": 9.774599392983976,
        "nR_Kpipi": 1.3686501931786665e-08,
        "r_bkgK": 0.035341458516519916,
        "sigmaL_Kpipi": 19.133710600596434,
        "sigmaR_Kpipi": 39.32384704379869
    },
    "sigmaL;1214": 10.233740102474494,
    "sigmaL;1214_err": 0.2380988958171757,
    "sigmaR;1214": 17.882210465557534,
    "sigmaR;1214_err": 0.20173593481625265
}