{
    "fit_ok": true,
    "frac;827": 0.3868367153954169,
    "frac;827_err": 0.019855612367314132,
    "info_fit": "------------------------------------------------------------------\n| FCN = -3.199e+05              |     Ncalls=106 (106 total)     |\n| EDM = 0.0001 (Goal: 0.001)    |            up = 0.5            |\n------------------------------------------------------------------\n|  Valid Min.   | Valid Param.  | Above EDM | Reached call limit |\n------------------------------------------------------------------\n|     True      |     True      |   False   |       False        |\n------------------------------------------------------------------\n| Hesse failed  |   Has cov.    | Accurate  | Pos. def. | Forced |\n------------------------------------------------------------------\n|     False     |     True      |   True    |   True    | False  |\n------------------------------------------------------------------",
    "info_params": "name            value    minuit_hesse    at limit\n----------  ---------  --------------  ----------\nn_sig;827       52150     +/- 2.8e+02       False\u001b[0m\nn_bkg;827        4864     +/- 1.8e+02       False\u001b[0m\nfrac;827       0.3868     +/-    0.02       False\u001b[0m\nmu;827           5279     +/-   0.078       False\u001b[0m\nsigmaL;827      10.65     +/-    0.23       False\u001b[0m\nsigmaR;827      17.83     +/-     0.2       False\u001b[0m\nlambda;827  -0.001733     +/- 0.00028       False\u001b[0m",
    "lambda;827": -0.0017333902407453694,
    "lambda;827_err": 0.0002750165760860879,
    "mu;827": 5278.853973389987,
    "mu;827_err": 0.07756528358344339,
    "n_bkg;827": 4863.823212133891,
    "n_bkg;827_err": 176.90790813939554,
    "n_sig;827": 52154.66845991459,
    "n_sig;827_err": 275.4280519471949,
    "r_params": {
        "alphaL": 2.02992217591786,
        "alphaL_Kpipi": 0.24429106470903808,
        "alphaR": -1.7778067363088699,
        "alphaR_Kpipi": -3.285085344346131,
        "fraction_Kpipi": 0.8877999917177777,
        "muL_Kpipi": 5215.080028608797,
        "muR_Kpipi": 5186.584812403979,
        "nL": 0.4354740104546931,
        "nL_Kpipi": 4.339713509884006,
        "nR": 5.840596424652496,
        "nR_Kpipi": 0.0005384799226325595,
        "r_bkgK": 0.041290487765272076,
        "sigmaL_Kpipi": 18.08498775181306,
        "sigmaR_Kpipi": 38.985387062472384
    },
    "sigmaL;827": 10.645435242292496,
    "sigmaL;827_err": 0.22566386857354045,
    "sigmaR;827": 17.828189442093578,
    "sigmaR;827_err": 0.20395160110636082
}