{
    "fit_ok": true,
    "frac;1549": 0.328885925956235,
    "frac;1549_err": 0.018325640762366067,
    "info_fit": "------------------------------------------------------------------\n| FCN = -3.199e+05              |     Ncalls=104 (104 total)     |\n| EDM = 0.000315 (Goal: 0.001)  |            up = 0.5            |\n------------------------------------------------------------------\n|  Valid Min.   | Valid Param.  | Above EDM | Reached call limit |\n------------------------------------------------------------------\n|     True      |     True      |   False   |       False        |\n------------------------------------------------------------------\n| Hesse failed  |   Has cov.    | Accurate  | Pos. def. | Forced |\n------------------------------------------------------------------\n|     False     |     True      |   True    |   True    | False  |\n------------------------------------------------------------------",
    "info_params": "name             value    minuit_hesse    at limit\n-----------  ---------  --------------  ----------\nn_sig;1549       51910     +/- 2.7e+02       False\u001b[0m\nn_bkg;1549        4499     +/- 1.6e+02       False\u001b[0m\nfrac;1549       0.3289     +/-   0.018       False\u001b[0m\nmu;1549           5279     +/-   0.078       False\u001b[0m\nsigmaL;1549      10.16     +/-    0.24       False\u001b[0m\nsigmaR;1549      17.44     +/-    0.18       False\u001b[0m\nlambda;1549  -0.001121     +/- 0.00029       False\u001b[0m",
    "lambda;1549": -0.0011214664241550043,
    "lambda;1549_err": 0.0002858785331426786,
    "mu;1549": 5278.849733303886,
    "mu;1549_err": 0.07772731015116939,
    "n_bkg;1549": 4499.172703502485,
    "n_bkg;1549_err": 164.91211436855139,
    "n_sig;1549": 51908.87662678258,
    "n_sig;1549_err": 266.6496533938292,
    "r_params": {
        "alphaL": 2.02992217591786,
        "alphaL_Kpipi": 0.23898970966021055,
        "alphaR": -1.7778067363088699,
        "alphaR_Kpipi": -3.3326986614793177,
        "fraction_Kpipi": 0.8869064943503067,
        "muL_Kpipi": 5214.059701307561,
        "muR_Kpipi": 5184.617341205377,
        "nL": 0.4354740104546931,
        "nL_Kpipi": 3.9691453239386036,
        "nR": 5.840596424652496,
        "nR_Kpipi": 6.982291594769594e-07,
        "r_bkgK": 0.05320598369815452,
        "sigmaL_Kpipi": 19.91703144055868,
        "sigmaR_Kpipi": 37.3267716251373
    },
    "sigmaL;1549": 10.162114809064207,
    "sigmaL;1549_err": 0.24429500046791908,
    "sigmaR;1549": 17.444754506387238,
    "sigmaR;1549_err": 0.1761844826405297
}