{
    "fit_ok": true,
    "frac;520": 0.42660551019630627,
    "frac;520_err": 0.02055595030947669,
    "info_fit": "------------------------------------------------------------------\n| FCN = -3.199e+05              |     Ncalls=102 (102 total)     |\n| EDM = 6.24e-05 (Goal: 0.001)  |            up = 0.5            |\n------------------------------------------------------------------\n|  Valid Min.   | Valid Param.  | Above EDM | Reached call limit |\n------------------------------------------------------------------\n|     True      |     True      |   False   |       False        |\n------------------------------------------------------------------\n| Hesse failed  |   Has cov.    | Accurate  | Pos. def. | Forced |\n------------------------------------------------------------------\n|     False     |     True      |   True    |   True    | False  |\n------------------------------------------------------------------",
    "info_params": "name            value    minuit_hesse    at limit\n----------  ---------  --------------  ----------\nn_sig;520       52310     +/- 2.8e+02       False\u001b[0m\nn_bkg;520        5001     +/- 1.8e+02       False\u001b[0m\nfrac;520       0.4266     +/-   0.021       False\u001b[0m\nmu;520           5279     +/-   0.077       False\u001b[0m\nsigmaL;520      10.94     +/-    0.22       False\u001b[0m\nsigmaR;520      18.11     +/-    0.22       False\u001b[0m\nlambda;520  -0.001931     +/- 0.00027       False\u001b[0m",
    "lambda;520": -0.0019314549385069935,
    "lambda;520_err": 0.0002699601309849289,
    "mu;520": 5278.875298705799,
    "mu;520_err": 0.07743702977342251,
    "n_bkg;520": 5000.775831966731,
    "n_bkg;520_err": 180.34689692338335,
    "n_sig;520": 52314.69731976632,
    "n_sig;520_err": 278.6026834339269,
    "r_params": {
        "alphaL": 2.02992217591786,
        "alphaL_Kpipi": 0.23984147888569726,
        "alphaR": -1.7778067363088699,
        "alphaR_Kpipi": -3.45169511727099,
        "fraction_Kpipi": 0.8861855867303668,
        "muL_Kpipi": 5214.656416664541,
        "muR_Kpipi": 5183.074248990296,
        "mu_Ds": 5279.0554287842915,
        "nL": 0.4354740104546931,
        "nL_Kpipi": 4.413073505098077,
        "nR": 5.840596424652496,
        "nR_Kpipi": 1.3686501931786665e-08,
        "n_sig_Ds": 1389.730434722698,
        "r_bkgK": 0.035341458516519916,
        "sigmaL_Kpipi": 19.133710600596434,
        "sigmaR_Kpipi": 39.32384704379869,
        "sigma_Ds": 12.767162019132751
    },
    "sigmaL;520": 10.93863294571514,
    "sigmaL;520_err": 0.2178784741534917,
    "sigmaR;520": 18.11058463641082,
    "sigmaR;520_err": 0.22352913592733833
}