{
    "fit_ok": true,
    "frac;849": 0.39862077590396655,
    "frac;849_err": 0.021290746898742077,
    "info_fit": "------------------------------------------------------------------\n| FCN = -3.199e+05              |     Ncalls=103 (103 total)     |\n| EDM = 2.64e-05 (Goal: 0.001)  |            up = 0.5            |\n------------------------------------------------------------------\n|  Valid Min.   | Valid Param.  | Above EDM | Reached call limit |\n------------------------------------------------------------------\n|     True      |     True      |   False   |       False        |\n------------------------------------------------------------------\n| Hesse failed  |   Has cov.    | Accurate  | Pos. def. | Forced |\n------------------------------------------------------------------\n|     False     |     True      |   True    |   True    | False  |\n------------------------------------------------------------------",
    "info_params": "name            value    minuit_hesse    at limit\n----------  ---------  --------------  ----------\nn_sig;849       51780     +/- 2.8e+02       False\u001b[0m\nn_bkg;849        5566     +/- 1.8e+02       False\u001b[0m\nfrac;849       0.3986     +/-   0.021       False\u001b[0m\nmu;849           5279     +/-   0.078       False\u001b[0m\nsigmaL;849      10.67     +/-    0.23       False\u001b[0m\nsigmaR;849       17.9     +/-    0.21       False\u001b[0m\nlambda;849  -0.002532     +/- 0.00024       False\u001b[0m",
    "lambda;849": -0.0025316552031845463,
    "lambda;849_err": 0.00023554964507350486,
    "mu;849": 5278.921258977082,
    "mu;849_err": 0.07763798313838702,
    "n_bkg;849": 5565.664398732722,
    "n_bkg;849_err": 180.15163888760645,
    "n_sig;849": 51776.89930595977,
    "n_sig;849_err": 276.56501306283894,
    "r_params": {
        "alphaL": 1.9308440916966811,
        "alphaL_Kpipi": 0.23984147888569726,
        "alphaR": -1.8618480980729595,
        "alphaR_Kpipi": -3.45169511727099,
        "fraction_Kpipi": 0.8861855867303668,
        "muL_Kpipi": 5214.656416664541,
        "muR_Kpipi": 5183.074248990296,
        "nL": 0.5701555145083278,
        "nL_Kpipi": 4.413073505098077,
        "nR": 7.5297895664456505,
        "nR_Kpipi": 1.3686501931786665e-08,
        "r_bkgK": 0.035341458516519916,
        "sigmaL_Kpipi": 19.133710600596434,
        "sigmaR_Kpipi": 39.32384704379869
    },
    "sigmaL;849": 10.667595733658757,
    "sigmaL;849_err": 0.22798561240202536,
    "sigmaR;849": 17.895581926417385,
    "sigmaR;849_err": 0.21006499736006404
}