{
    "fit_ok": true,
    "frac;735": 0.4916414976024456,
    "frac;735_err": 0.01835017021536165,
    "info_fit": "------------------------------------------------------------------\n| FCN = -3.199e+05              |     Ncalls=103 (103 total)     |\n| EDM = 3.85e-05 (Goal: 0.001)  |            up = 0.5            |\n------------------------------------------------------------------\n|  Valid Min.   | Valid Param.  | Above EDM | Reached call limit |\n------------------------------------------------------------------\n|     True      |     True      |   False   |       False        |\n------------------------------------------------------------------\n| Hesse failed  |   Has cov.    | Accurate  | Pos. def. | Forced |\n------------------------------------------------------------------\n|     False     |     True      |   True    |   True    | False  |\n------------------------------------------------------------------",
    "info_params": "name            value    minuit_hesse    at limit\n----------  ---------  --------------  ----------\nn_sig;735       52990     +/- 2.7e+02       False\u001b[0m\nn_bkg;735        4308     +/- 1.7e+02       False\u001b[0m\nfrac;735       0.4916     +/-   0.018       False\u001b[0m\nmu;735           5279     +/-   0.078       False\u001b[0m\nsigmaL;735      11.55     +/-    0.19       False\u001b[0m\nsigmaR;735      18.52     +/-    0.25       False\u001b[0m\nlambda;735  -0.001116     +/-  0.0003       False\u001b[0m",
    "lambda;735": -0.0011158202149608165,
    "lambda;735_err": 0.0003044297137593656,
    "mu;735": 5278.827610127933,
    "mu;735_err": 0.07753454567121303,
    "n_bkg;735": 4308.4171355806,
    "n_bkg;735_err": 168.6867529042282,
    "n_sig;735": 52992.07422960098,
    "n_sig;735_err": 274.14988910110685,
    "r_params": {
        "alphaL": 2.0622229400666594,
        "alphaL_Kpipi": 0.23984147888569726,
        "alphaR": -1.647330765983441,
        "alphaR_Kpipi": -3.45169511727099,
        "fraction_Kpipi": 0.8861855867303668,
        "muL_Kpipi": 5214.656416664541,
        "muR_Kpipi": 5183.074248990296,
        "nL": 0.4020998377950496,
        "nL_Kpipi": 4.413073505098077,
        "nR": 4.71260024375505,
        "nR_Kpipi": 1.3686501931786665e-08,
        "r_bkgK": 0.035341458516519916,
        "sigmaL_Kpipi": 19.133710600596434,
        "sigmaR_Kpipi": 39.32384704379869
    },
    "sigmaL;735": 11.55023003172716,
    "sigmaL;735_err": 0.18649038772795012,
    "sigmaR;735": 18.520720285040895,
    "sigmaR;735_err": 0.2462326748977149
}