{
    "fit_ok": true,
    "frac;767": 0.425923462883626,
    "frac;767_err": 0.020542943396569494,
    "info_fit": "------------------------------------------------------------------\n| FCN = -3.199e+05              |     Ncalls=102 (102 total)     |\n| EDM = 0.000457 (Goal: 0.001)  |            up = 0.5            |\n------------------------------------------------------------------\n|  Valid Min.   | Valid Param.  | Above EDM | Reached call limit |\n------------------------------------------------------------------\n|     True      |     True      |   False   |       False        |\n------------------------------------------------------------------\n| Hesse failed  |   Has cov.    | Accurate  | Pos. def. | Forced |\n------------------------------------------------------------------\n|     False     |     True      |   True    |   True    | False  |\n------------------------------------------------------------------",
    "info_params": "name            value    minuit_hesse    at limit\n----------  ---------  --------------  ----------\nn_sig;767       52360     +/- 2.8e+02       False\u001b[0m\nn_bkg;767        5000     +/- 1.8e+02       False\u001b[0m\nfrac;767       0.4259     +/-   0.021       False\u001b[0m\nmu;767           5279     +/-   0.077       False\u001b[0m\nsigmaL;767      10.95     +/-    0.22       False\u001b[0m\nsigmaR;767      18.11     +/-    0.22       False\u001b[0m\nlambda;767  -0.001932     +/- 0.00027       False\u001b[0m",
    "lambda;767": -0.0019315111907547422,
    "lambda;767_err": 0.000270190007067209,
    "mu;767": 5278.881273308021,
    "mu;767_err": 0.07739705418550848,
    "n_bkg;767": 5000.442748950736,
    "n_bkg;767_err": 180.4491847555585,
    "n_sig;767": 52362.87970498723,
    "n_sig;767_err": 278.6392873519394,
    "r_params": {
        "alphaL": 2.02992217591786,
        "alphaL_Kpipi": 0.23984147888569726,
        "alphaR": -1.7778067363088699,
        "alphaR_Kpipi": -3.45169511727099,
        "fraction_Kpipi": 0.8861855867303668,
        "muL_Kpipi": 5214.656416664541,
        "muR_Kpipi": 5183.074248990296,
        "mu_Ds": 5278.823820451941,
        "nL": 0.4354740104546931,
        "nL_Kpipi": 4.413073505098077,
        "nR": 5.840596424652496,
        "nR_Kpipi": 1.3686501931786665e-08,
        "n_sig_Ds": 1338.9765819141799,
        "r_bkgK": 0.035341458516519916,
        "sigmaL_Kpipi": 19.133710600596434,
        "sigmaR_Kpipi": 39.32384704379869,
        "sigma_Ds": 12.309022540724598
    },
    "sigmaL;767": 10.954962470213376,
    "sigmaL;767_err": 0.21753889031629792,
    "sigmaR;767": 18.110230686065933,
    "sigmaR;767_err": 0.22293263850017175
}