{
    "fit_ok": true,
    "frac;1504": 0.29136015815824956,
    "frac;1504_err": 0.013273861046817274,
    "info_fit": "------------------------------------------------------------------\n| FCN = -3.199e+05              |     Ncalls=103 (103 total)     |\n| EDM = 2.5e-05 (Goal: 0.001)   |            up = 0.5            |\n------------------------------------------------------------------\n|  Valid Min.   | Valid Param.  | Above EDM | Reached call limit |\n------------------------------------------------------------------\n|     True      |     True      |   False   |       False        |\n------------------------------------------------------------------\n| Hesse failed  |   Has cov.    | Accurate  | Pos. def. | Forced |\n------------------------------------------------------------------\n|     False     |     True      |   True    |   True    | False  |\n------------------------------------------------------------------",
    "info_params": "name             value    minuit_hesse    at limit\n-----------  ---------  --------------  ----------\nn_sig;1504       52790     +/- 2.8e+02       False\u001b[0m\nn_bkg;1504        4518     +/- 1.8e+02       False\u001b[0m\nfrac;1504       0.2914     +/-   0.013       False\u001b[0m\nmu;1504           5279     +/-   0.078       False\u001b[0m\nsigmaL;1504      9.636     +/-    0.26       False\u001b[0m\nsigmaR;1504      17.01     +/-    0.13       False\u001b[0m\nlambda;1504  -0.001177     +/-  0.0003       False\u001b[0m",
    "lambda;1504": -0.0011773782652524378,
    "lambda;1504_err": 0.00030227208233209093,
    "mu;1504": 5278.926143984292,
    "mu;1504_err": 0.07840235887505452,
    "n_bkg;1504": 4517.564988807785,
    "n_bkg;1504_err": 175.19150700399513,
    "n_sig;1504": 52788.00422131099,
    "n_sig;1504_err": 277.06377685532584,
    "r_params": {
        "alphaL": 1.9485155295547762,
        "alphaL_Kpipi": 0.23984147888569726,
        "alphaR": -1.9040276802927403,
        "alphaR_Kpipi": -3.45169511727099,
        "fraction_Kpipi": 0.8861855867303668,
        "muL_Kpipi": 5214.656416664541,
        "muR_Kpipi": 5183.074248990296,
        "nL": 0.27427078731555377,
        "nL_Kpipi": 4.413073505098077,
        "nR": 4.226212711188131,
        "nR_Kpipi": 1.3686501931786665e-08,
        "r_bkgK": 0.035341458516519916,
        "sigmaL_Kpipi": 19.133710600596434,
        "sigmaR_Kpipi": 39.32384704379869
    },
    "sigmaL;1504": 9.636086384941697,
    "sigmaL;1504_err": 0.26064900722375606,
    "sigmaR;1504": 17.00929298650326,
    "sigmaR;1504_err": 0.13224989309196644
}