{
    "fit_ok": true,
    "frac;1320": 0.4261696073478409,
    "frac;1320_err": 0.020584726435282044,
    "info_fit": "------------------------------------------------------------------\n| FCN = -3.199e+05              |     Ncalls=103 (103 total)     |\n| EDM = 0.000586 (Goal: 0.001)  |            up = 0.5            |\n------------------------------------------------------------------\n|  Valid Min.   | Valid Param.  | Above EDM | Reached call limit |\n------------------------------------------------------------------\n|     True      |     True      |   False   |       False        |\n------------------------------------------------------------------\n| Hesse failed  |   Has cov.    | Accurate  | Pos. def. | Forced |\n------------------------------------------------------------------\n|     False     |     True      |   True    |   True    | False  |\n------------------------------------------------------------------",
    "info_params": "name             value    minuit_hesse    at limit\n-----------  ---------  --------------  ----------\nn_sig;1320       52290     +/- 2.8e+02       False\u001b[0m\nn_bkg;1320        5004     +/- 1.8e+02       False\u001b[0m\nfrac;1320       0.4262     +/-   0.021       False\u001b[0m\nmu;1320           5279     +/-   0.078       False\u001b[0m\nsigmaL;1320      10.96     +/-    0.22       False\u001b[0m\nsigmaR;1320      18.12     +/-    0.22       False\u001b[0m\nlambda;1320  -0.001936     +/- 0.00027       False\u001b[0m",
    "lambda;1320": -0.0019356460158825861,
    "lambda;1320_err": 0.0002703857469201406,
    "mu;1320": 5278.876680921635,
    "mu;1320_err": 0.07752846148625694,
    "n_bkg;1320": 5004.1334330869595,
    "n_bkg;1320_err": 180.71480080700266,
    "n_sig;1320": 52291.68950494018,
    "n_sig;1320_err": 278.84138548636025,
    "r_params": {
        "alphaL": 2.02992217591786,
        "alphaL_Kpipi": 0.23984147888569726,
        "alphaR": -1.7778067363088699,
        "alphaR_Kpipi": -3.45169511727099,
        "fraction_Kpipi": 0.8861855867303668,
        "muL_Kpipi": 5214.656416664541,
        "muR_Kpipi": 5183.074248990296,
        "mu_Ds": 5278.947632097547,
        "nL": 0.4354740104546931,
        "nL_Kpipi": 4.413073505098077,
        "nR": 5.840596424652496,
        "nR_Kpipi": 1.3686501931786665e-08,
        "n_sig_Ds": 1412.475112675268,
        "r_bkgK": 0.035341458516519916,
        "sigmaL_Kpipi": 19.133710600596434,
        "sigmaR_Kpipi": 39.32384704379869,
        "sigma_Ds": 12.309971037896215
    },
    "sigmaL;1320": 10.956558974373127,
    "sigmaL;1320_err": 0.2176994900363896,
    "sigmaR;1320": 18.122290928892298,
    "sigmaR;1320_err": 0.2237873564071128
}