{
    "fit_ok": true,
    "frac;1129": 0.41315655150683395,
    "frac;1129_err": 0.020668618402076188,
    "info_fit": "------------------------------------------------------------------\n| FCN = -3.199e+05              |     Ncalls=106 (106 total)     |\n| EDM = 2.37e-05 (Goal: 0.001)  |            up = 0.5            |\n------------------------------------------------------------------\n|  Valid Min.   | Valid Param.  | Above EDM | Reached call limit |\n------------------------------------------------------------------\n|     True      |     True      |   False   |       False        |\n------------------------------------------------------------------\n| Hesse failed  |   Has cov.    | Accurate  | Pos. def. | Forced |\n------------------------------------------------------------------\n|     False     |     True      |   True    |   True    | False  |\n------------------------------------------------------------------",
    "info_params": "name             value    minuit_hesse    at limit\n-----------  ---------  --------------  ----------\nn_sig;1129       52260     +/- 2.8e+02       False\u001b[0m\nn_bkg;1129        4959     +/- 1.8e+02       False\u001b[0m\nfrac;1129       0.4132     +/-   0.021       False\u001b[0m\nmu;1129           5279     +/-   0.078       False\u001b[0m\nsigmaL;1129      10.86     +/-    0.23       False\u001b[0m\nsigmaR;1129         18     +/-    0.22       False\u001b[0m\nlambda;1129  -0.001864     +/- 0.00027       False\u001b[0m",
    "lambda;1129": -0.0018635470931077647,
    "lambda;1129_err": 0.0002730755803212092,
    "mu;1129": 5278.865119022653,
    "mu;1129_err": 0.07751572388416901,
    "n_bkg;1129": 4959.26531568263,
    "n_bkg;1129_err": 180.09525033714786,
    "n_sig;1129": 52262.73388487324,
    "n_sig;1129_err": 278.06416536206393,
    "r_params": {
        "alphaL": 2.02992217591786,
        "alphaL_Kpipi": 0.22260255061837797,
        "alphaR": -1.7778067363088699,
        "alphaR_Kpipi": -3.8337174453334937,
        "fraction_Kpipi": 0.8983068580427918,
        "muL_Kpipi": 5215.936268782969,
        "muR_Kpipi": 5178.041564218647,
        "nL": 0.4354740104546931,
        "nL_Kpipi": 4.76935019669668,
        "nR": 5.840596424652496,
        "nR_Kpipi": 0.00015984187342683344,
        "r_bkgK": 0.037325321598628246,
        "sigmaL_Kpipi": 18.556148481710483,
        "sigmaR_Kpipi": 40.60639569228661
    },
    "sigmaL;1129": 10.857148439681593,
    "sigmaL;1129_err": 0.22710968325812012,
    "sigmaR;1129": 18.004461327070228,
    "sigmaR;1129_err": 0.21729421256433348
}