{
    "fit_ok": true,
    "frac;1216": 0.4271735219125652,
    "frac;1216_err": 0.020537859613172615,
    "info_fit": "------------------------------------------------------------------\n| FCN = -3.199e+05              |     Ncalls=104 (104 total)     |\n| EDM = 0.000186 (Goal: 0.001)  |            up = 0.5            |\n------------------------------------------------------------------\n|  Valid Min.   | Valid Param.  | Above EDM | Reached call limit |\n------------------------------------------------------------------\n|     True      |     True      |   False   |       False        |\n------------------------------------------------------------------\n| Hesse failed  |   Has cov.    | Accurate  | Pos. def. | Forced |\n------------------------------------------------------------------\n|     False     |     True      |   True    |   True    | False  |\n------------------------------------------------------------------",
    "info_params": "name             value    minuit_hesse    at limit\n-----------  ---------  --------------  ----------\nn_sig;1216       52300     +/- 2.8e+02       False\u001b[0m\nn_bkg;1216        5000     +/- 1.8e+02       False\u001b[0m\nfrac;1216       0.4272     +/-   0.021       False\u001b[0m\nmu;1216           5279     +/-   0.077       False\u001b[0m\nsigmaL;1216      10.93     +/-    0.22       False\u001b[0m\nsigmaR;1216      18.11     +/-    0.22       False\u001b[0m\nlambda;1216  -0.001929     +/- 0.00027       False\u001b[0m",
    "lambda;1216": -0.00192945131452682,
    "lambda;1216_err": 0.00026977031802951544,
    "mu;1216": 5278.883719312479,
    "mu;1216_err": 0.07741308344019782,
    "n_bkg;1216": 4999.75355312735,
    "n_bkg;1216_err": 180.20347953996978,
    "n_sig;1216": 52302.702184846676,
    "n_sig;1216_err": 278.5192504447677,
    "r_params": {
        "alphaL": 2.02992217591786,
        "alphaL_Kpipi": 0.23984147888569726,
        "alphaR": -1.7778067363088699,
        "alphaR_Kpipi": -3.45169511727099,
        "fraction_Kpipi": 0.8861855867303668,
        "muL_Kpipi": 5214.656416664541,
        "muR_Kpipi": 5183.074248990296,
        "mu_Ds": 5278.839598448153,
        "nL": 0.4354740104546931,
        "nL_Kpipi": 4.413073505098077,
        "nR": 5.840596424652496,
        "nR_Kpipi": 1.3686501931786665e-08,
        "n_sig_Ds": 1403.0529148499243,
        "r_bkgK": 0.035341458516519916,
        "sigmaL_Kpipi": 19.133710600596434,
        "sigmaR_Kpipi": 39.32384704379869,
        "sigma_Ds": 13.140043488800243
    },
    "sigmaL;1216": 10.926447855782342,
    "sigmaL;1216_err": 0.21762427859034075,
    "sigmaR;1216": 18.105327868266777,
    "sigmaR;1216_err": 0.2237138664508423
}