{
    "fit_ok": true,
    "frac;1490": 0.4149666665730385,
    "frac;1490_err": 0.02223125986613074,
    "info_fit": "------------------------------------------------------------------\n| FCN = -3.199e+05              |     Ncalls=105 (105 total)     |\n| EDM = 1.32e-05 (Goal: 0.001)  |            up = 0.5            |\n------------------------------------------------------------------\n|  Valid Min.   | Valid Param.  | Above EDM | Reached call limit |\n------------------------------------------------------------------\n|     True      |     True      |   False   |       False        |\n------------------------------------------------------------------\n| Hesse failed  |   Has cov.    | Accurate  | Pos. def. | Forced |\n------------------------------------------------------------------\n|     False     |     True      |   True    |   True    | False  |\n------------------------------------------------------------------",
    "info_params": "name             value    minuit_hesse    at limit\n-----------  ---------  --------------  ----------\nn_sig;1490       51960     +/- 2.8e+02       False\u001b[0m\nn_bkg;1490        5374     +/- 1.8e+02       False\u001b[0m\nfrac;1490        0.415     +/-   0.022       False\u001b[0m\nmu;1490           5279     +/-   0.077       False\u001b[0m\nsigmaL;1490      10.77     +/-    0.23       False\u001b[0m\nsigmaR;1490      18.26     +/-    0.24       False\u001b[0m\nlambda;1490  -0.002308     +/- 0.00025       False\u001b[0m",
    "lambda;1490": -0.0023075766782930662,
    "lambda;1490_err": 0.00024878545892195427,
    "mu;1490": 5278.86096809082,
    "mu;1490_err": 0.07696914106998007,
    "n_bkg;1490": 5374.477064230025,
    "n_bkg;1490_err": 182.6157915147813,
    "n_sig;1490": 51962.40833748366,
    "n_sig;1490_err": 278.7312909879986,
    "r_params": {
        "alphaL": 2.0931063487964177,
        "alphaL_Kpipi": 0.23984147888569726,
        "alphaR": -1.882016074305125,
        "alphaR_Kpipi": -3.45169511727099,
        "fraction_Kpipi": 0.8861855867303668,
        "muL_Kpipi": 5214.656416664541,
        "muR_Kpipi": 5183.074248990296,
        "nL": 0.4112426562015451,
        "nL_Kpipi": 4.413073505098077,
        "nR": 6.809988340287077,
        "nR_Kpipi": 1.3686501931786665e-08,
        "r_bkgK": 0.035341458516519916,
        "sigmaL_Kpipi": 19.133710600596434,
        "sigmaR_Kpipi": 39.32384704379869
    },
    "sigmaL;1490": 10.76627709750927,
    "sigmaL;1490_err": 0.22510054710379057,
    "sigmaR;1490": 18.25577126113765,
    "sigmaR;1490_err": 0.23600618259266737
}