{
    "fit_ok": true,
    "frac;59": 0.23712156483558836,
    "frac;59_err": 0.01607171270716045,
    "info_fit": "------------------------------------------------------------------\n| FCN = -3.199e+05              |     Ncalls=103 (103 total)     |\n| EDM = 6.93e-05 (Goal: 0.001)  |            up = 0.5            |\n------------------------------------------------------------------\n|  Valid Min.   | Valid Param.  | Above EDM | Reached call limit |\n------------------------------------------------------------------\n|     True      |     True      |   False   |       False        |\n------------------------------------------------------------------\n| Hesse failed  |   Has cov.    | Accurate  | Pos. def. | Forced |\n------------------------------------------------------------------\n|     False     |     True      |   True    |   True    | False  |\n------------------------------------------------------------------",
    "info_params": "name            value    minuit_hesse    at limit\n---------  ----------  --------------  ----------\nn_sig;59        51420     +/- 2.5e+02       False\u001b[0m\nn_bkg;59         4165     +/- 1.5e+02       False\u001b[0m\nfrac;59        0.2371     +/-   0.016       False\u001b[0m\nmu;59            5279     +/-   0.078       False\u001b[0m\nsigmaL;59       9.219     +/-    0.29       False\u001b[0m\nsigmaR;59       16.87     +/-    0.14       False\u001b[0m\nlambda;59  -0.0004787     +/- 0.00028       False\u001b[0m",
    "lambda;59": -0.00047872026466638795,
    "lambda;59_err": 0.0002820968087988053,
    "mu;59": 5278.807311081337,
    "mu;59_err": 0.07802819265136648,
    "n_bkg;59": 4164.608193189588,
    "n_bkg;59_err": 145.55953345553274,
    "n_sig;59": 51423.11506992184,
    "n_sig;59_err": 253.48049928322195,
    "r_params": {
        "alphaL": 2.02992217591786,
        "alphaL_Kpipi": 0.2574940354578742,
        "alphaR": -1.7778067363088699,
        "alphaR_Kpipi": -3.471427652056916,
        "fraction_Kpipi": 0.8805561259585228,
        "muL_Kpipi": 5213.541326500645,
        "muR_Kpipi": 5187.690444726396,
        "nL": 0.4354740104546931,
        "nL_Kpipi": 4.2946601899021415,
        "nR": 5.840596424652496,
        "nR_Kpipi": 0.00040958754730626774,
        "r_bkgK": 0.06959652664738912,
        "sigmaL_Kpipi": 19.017920159643843,
        "sigmaR_Kpipi": 40.60977154873845
    },
    "sigmaL;59": 9.218795137356512,
    "sigmaL;59_err": 0.2918702750716143,
    "sigmaR;59": 16.87497573989882,
    "sigmaR;59_err": 0.1417573387436503
}