{
    "fit_ok": true,
    "frac;1530": 0.46169451509217496,
    "frac;1530_err": 0.020693449600619886,
    "info_fit": "------------------------------------------------------------------\n| FCN = -3.199e+05              |     Ncalls=105 (105 total)     |\n| EDM = 4.97e-06 (Goal: 0.001)  |            up = 0.5            |\n------------------------------------------------------------------\n|  Valid Min.   | Valid Param.  | Above EDM | Reached call limit |\n------------------------------------------------------------------\n|     True      |     True      |   False   |       False        |\n------------------------------------------------------------------\n| Hesse failed  |   Has cov.    | Accurate  | Pos. def. | Forced |\n------------------------------------------------------------------\n|     False     |     True      |   True    |   True    | False  |\n------------------------------------------------------------------",
    "info_params": "name             value    minuit_hesse    at limit\n-----------  ---------  --------------  ----------\nn_sig;1530       52470     +/- 2.8e+02       False\u001b[0m\nn_bkg;1530        5135     +/- 1.8e+02       False\u001b[0m\nfrac;1530       0.4617     +/-   0.021       False\u001b[0m\nmu;1530           5279     +/-   0.077       False\u001b[0m\nsigmaL;1530       11.2     +/-     0.2       False\u001b[0m\nsigmaR;1530      18.41     +/-    0.24       False\u001b[0m\nlambda;1530  -0.002125     +/- 0.00026       False\u001b[0m",
    "lambda;1530": -0.0021245837642659415,
    "lambda;1530_err": 0.00026334700802691104,
    "mu;1530": 5278.870886011175,
    "mu;1530_err": 0.07732132021574602,
    "n_bkg;1530": 5134.748913656789,
    "n_bkg;1530_err": 182.66108648702027,
    "n_sig;1530": 52474.322751514796,
    "n_sig;1530_err": 281.0775331305766,
    "r_params": {
        "alphaL": 2.02992217591786,
        "alphaL_Kpipi": 0.23088336516655744,
        "alphaR": -1.7778067363088699,
        "alphaR_Kpipi": -3.450478379332072,
        "fraction_Kpipi": 0.8437480788704623,
        "muL_Kpipi": 5214.223576215,
        "muR_Kpipi": 5186.316644678543,
        "nL": 0.4354740104546931,
        "nL_Kpipi": 4.02287789125157,
        "nR": 5.840596424652496,
        "nR_Kpipi": 0.0001897953647852777,
        "r_bkgK": 0.029811598806722402,
        "sigmaL_Kpipi": 19.388464686522912,
        "sigmaR_Kpipi": 39.683750241891914
    },
    "sigmaL;1530": 11.198515077858135,
    "sigmaL;1530_err": 0.20262151888321886,
    "sigmaR;1530": 18.40745263652094,
    "sigmaR;1530_err": 0.24357773562436905
}