{
    "fit_ok": true,
    "frac;400": 0.27859043051893073,
    "frac;400_err": 0.01729437883727824,
    "info_fit": "------------------------------------------------------------------\n| FCN = -3.199e+05              |     Ncalls=105 (105 total)     |\n| EDM = 0.000218 (Goal: 0.001)  |            up = 0.5            |\n------------------------------------------------------------------\n|  Valid Min.   | Valid Param.  | Above EDM | Reached call limit |\n------------------------------------------------------------------\n|     True      |     True      |   False   |       False        |\n------------------------------------------------------------------\n| Hesse failed  |   Has cov.    | Accurate  | Pos. def. | Forced |\n------------------------------------------------------------------\n|     False     |     True      |   True    |   True    | False  |\n------------------------------------------------------------------",
    "info_params": "name             value    minuit_hesse    at limit\n----------  ----------  --------------  ----------\nn_sig;400        51650     +/- 2.6e+02       False\u001b[0m\nn_bkg;400         4309     +/- 1.6e+02       False\u001b[0m\nfrac;400        0.2786     +/-   0.017       False\u001b[0m\nmu;400            5279     +/-   0.078       False\u001b[0m\nsigmaL;400       9.677     +/-    0.27       False\u001b[0m\nsigmaR;400       17.11     +/-    0.16       False\u001b[0m\nlambda;400  -0.0007629     +/- 0.00029       False\u001b[0m",
    "lambda;400": -0.0007628900677404682,
    "lambda;400_err": 0.0002872202961229807,
    "mu;400": 5278.837308842815,
    "mu;400_err": 0.07787535267748243,
    "n_bkg;400": 4309.003815067656,
    "n_bkg;400_err": 155.58088081475597,
    "n_sig;400": 51653.07579498395,
    "n_sig;400_err": 259.9823572467272,
    "r_params": {
        "alphaL": 2.02992217591786,
        "alphaL_Kpipi": 0.2191546882594399,
        "alphaR": -1.7778067363088699,
        "alphaR_Kpipi": -3.3406823849493135,
        "fraction_Kpipi": 0.902066691544567,
        "muL_Kpipi": 5214.645763647016,
        "muR_Kpipi": 5183.899717002013,
        "nL": 0.4354740104546931,
        "nL_Kpipi": 3.9385841337289675,
        "nR": 5.840596424652496,
        "nR_Kpipi": 0.00032234575605632104,
        "r_bkgK": 0.06209621404570541,
        "sigmaL_Kpipi": 19.548053282095424,
        "sigmaR_Kpipi": 41.24612011576991
    },
    "sigmaL;400": 9.676502774438859,
    "sigmaL;400_err": 0.2717662824865284,
    "sigmaR;400": 17.11346774613083,
    "sigmaR;400_err": 0.15677483655198732
}