{
    "fit_ok": true,
    "frac;1350": 0.4267981996121074,
    "frac;1350_err": 0.020548643386529522,
    "info_fit": "------------------------------------------------------------------\n| FCN = -3.199e+05              |     Ncalls=102 (102 total)     |\n| EDM = 0.000472 (Goal: 0.001)  |            up = 0.5            |\n------------------------------------------------------------------\n|  Valid Min.   | Valid Param.  | Above EDM | Reached call limit |\n------------------------------------------------------------------\n|     True      |     True      |   False   |       False        |\n------------------------------------------------------------------\n| Hesse failed  |   Has cov.    | Accurate  | Pos. def. | Forced |\n------------------------------------------------------------------\n|     False     |     True      |   True    |   True    | False  |\n------------------------------------------------------------------",
    "info_params": "name             value    minuit_hesse    at limit\n-----------  ---------  --------------  ----------\nn_sig;1350       52280     +/- 2.8e+02       False\u001b[0m\nn_bkg;1350        5002     +/- 1.8e+02       False\u001b[0m\nfrac;1350       0.4268     +/-   0.021       False\u001b[0m\nmu;1350           5279     +/-   0.077       False\u001b[0m\nsigmaL;1350      10.93     +/-    0.22       False\u001b[0m\nsigmaR;1350      18.11     +/-    0.22       False\u001b[0m\nlambda;1350  -0.001931     +/- 0.00027       False\u001b[0m",
    "lambda;1350": -0.0019314339588667462,
    "lambda;1350_err": 0.0002699111893282461,
    "mu;1350": 5278.852466886552,
    "mu;1350_err": 0.07746619680843575,
    "n_bkg;1350": 5001.6491229354415,
    "n_bkg;1350_err": 180.35209016049157,
    "n_sig;1350": 52276.752371306524,
    "n_sig;1350_err": 278.6415808051793,
    "r_params": {
        "alphaL": 2.02992217591786,
        "alphaL_Kpipi": 0.23984147888569726,
        "alphaR": -1.7778067363088699,
        "alphaR_Kpipi": -3.45169511727099,
        "fraction_Kpipi": 0.8861855867303668,
        "muL_Kpipi": 5214.656416664541,
        "muR_Kpipi": 5183.074248990296,
        "mu_Ds": 5279.755695389094,
        "nL": 0.4354740104546931,
        "nL_Kpipi": 4.413073505098077,
        "nR": 5.840596424652496,
        "nR_Kpipi": 1.3686501931786665e-08,
        "n_sig_Ds": 1428.4978089449112,
        "r_bkgK": 0.035341458516519916,
        "sigmaL_Kpipi": 19.133710600596434,
        "sigmaR_Kpipi": 39.32384704379869,
        "sigma_Ds": 12.94207029267045
    },
    "sigmaL;1350": 10.932496469610571,
    "sigmaL;1350_err": 0.21752334822943853,
    "sigmaR;1350": 18.11201023138538,
    "sigmaR;1350_err": 0.22391957940100013
}