{
    "fit_ok": false,
    "frac;1236": 0.4257294762353519,
    "frac;1236_err": 0.02048260670659525,
    "info_fit": "------------------------------------------------------------------\n| FCN = -3.199e+05              |     Ncalls=102 (102 total)     |\n| EDM = 0.0014 (Goal: 0.001)    |            up = 0.5            |\n------------------------------------------------------------------\n|  Valid Min.   | Valid Param.  | Above EDM | Reached call limit |\n------------------------------------------------------------------\n|     True      |     True      |   False   |       False        |\n------------------------------------------------------------------\n| Hesse failed  |   Has cov.    | Accurate  | Pos. def. | Forced |\n------------------------------------------------------------------\n|     False     |     True      |   True    |   True    | False  |\n------------------------------------------------------------------",
    "info_params": "name             value    minuit_hesse    at limit\n-----------  ---------  --------------  ----------\nn_sig;1236       52360     +/- 2.8e+02       False\u001b[0m\nn_bkg;1236        5000     +/- 1.8e+02       False\u001b[0m\nfrac;1236       0.4257     +/-    0.02       False\u001b[0m\nmu;1236           5279     +/-   0.077       False\u001b[0m\nsigmaL;1236      10.94     +/-    0.22       False\u001b[0m\nsigmaR;1236       18.1     +/-    0.22       False\u001b[0m\nlambda;1236  -0.001927     +/- 0.00027       False\u001b[0m",
    "lambda;1236": -0.0019272815272097787,
    "lambda;1236_err": 0.00027013752969566346,
    "mu;1236": 5278.835668031613,
    "mu;1236_err": 0.07732015161709319,
    "n_bkg;1236": 5000.371946058264,
    "n_bkg;1236_err": 180.35215983577473,
    "n_sig;1236": 52364.51516733544,
    "n_sig;1236_err": 278.63952840226995,
    "r_params": {
        "alphaL": 2.02992217591786,
        "alphaL_Kpipi": 0.23984147888569726,
        "alphaR": -1.7778067363088699,
        "alphaR_Kpipi": -3.45169511727099,
        "fraction_Kpipi": 0.8861855867303668,
        "muL_Kpipi": 5214.656416664541,
        "muR_Kpipi": 5183.074248990296,
        "mu_Ds": 5280.291785861017,
        "nL": 0.4354740104546931,
        "nL_Kpipi": 4.413073505098077,
        "nR": 5.840596424652496,
        "nR_Kpipi": 1.3686501931786665e-08,
        "n_sig_Ds": 1339.3115889244189,
        "r_bkgK": 0.035341458516519916,
        "sigmaL_Kpipi": 19.133710600596434,
        "sigmaR_Kpipi": 39.32384704379869,
        "sigma_Ds": 12.561195369678865
    },
    "sigmaL;1236": 10.942266719545787,
    "sigmaL;1236_err": 0.21650326393346656,
    "sigmaR;1236": 18.101907183500714,
    "sigmaR;1236_err": 0.2227994594829409
}