{
    "fit_ok": true,
    "frac;661": 0.42690153319964763,
    "frac;661_err": 0.0205903507907184,
    "info_fit": "------------------------------------------------------------------\n| FCN = -3.199e+05              |     Ncalls=104 (104 total)     |\n| EDM = 0.000135 (Goal: 0.001)  |            up = 0.5            |\n------------------------------------------------------------------\n|  Valid Min.   | Valid Param.  | Above EDM | Reached call limit |\n------------------------------------------------------------------\n|     True      |     True      |   False   |       False        |\n------------------------------------------------------------------\n| Hesse failed  |   Has cov.    | Accurate  | Pos. def. | Forced |\n------------------------------------------------------------------\n|     False     |     True      |   True    |   True    | False  |\n------------------------------------------------------------------",
    "info_params": "name            value    minuit_hesse    at limit\n----------  ---------  --------------  ----------\nn_sig;661       52220     +/- 2.8e+02       False\u001b[0m\nn_bkg;661        5005     +/- 1.8e+02       False\u001b[0m\nfrac;661       0.4269     +/-   0.021       False\u001b[0m\nmu;661           5279     +/-   0.078       False\u001b[0m\nsigmaL;661      10.94     +/-    0.22       False\u001b[0m\nsigmaR;661      18.12     +/-    0.22       False\u001b[0m\nlambda;661  -0.001938     +/- 0.00027       False\u001b[0m",
    "lambda;661": -0.001937514626740966,
    "lambda;661_err": 0.0002699431443521029,
    "mu;661": 5278.86027262944,
    "mu;661_err": 0.07759247186005115,
    "n_bkg;661": 5005.077127979243,
    "n_bkg;661_err": 180.5492686740143,
    "n_sig;661": 52220.90413269848,
    "n_sig;661_err": 278.7479134677067,
    "r_params": {
        "alphaL": 2.02992217591786,
        "alphaL_Kpipi": 0.23984147888569726,
        "alphaR": -1.7778067363088699,
        "alphaR_Kpipi": -3.45169511727099,
        "fraction_Kpipi": 0.8861855867303668,
        "muL_Kpipi": 5214.656416664541,
        "muR_Kpipi": 5183.074248990296,
        "mu_Ds": 5279.4733388016175,
        "nL": 0.4354740104546931,
        "nL_Kpipi": 4.413073505098077,
        "nR": 5.840596424652496,
        "nR_Kpipi": 1.3686501931786665e-08,
        "n_sig_Ds": 1482.2727939950728,
        "r_bkgK": 0.035341458516519916,
        "sigmaL_Kpipi": 19.133710600596434,
        "sigmaR_Kpipi": 39.32384704379869,
        "sigma_Ds": 12.751399743467873
    },
    "sigmaL;661": 10.940970934943568,
    "sigmaL;661_err": 0.21783610071843154,
    "sigmaR;661": 18.124908715742087,
    "sigmaR;661_err": 0.22450002204867545
}