{
    "fit_ok": false,
    "frac;295": 0.4270185744065493,
    "frac;295_err": 0.02058077709460272,
    "info_fit": "------------------------------------------------------------------\n| FCN = -3.199e+05              |     Ncalls=102 (102 total)     |\n| EDM = 0.00178 (Goal: 0.001)   |            up = 0.5            |\n------------------------------------------------------------------\n|  Valid Min.   | Valid Param.  | Above EDM | Reached call limit |\n------------------------------------------------------------------\n|     True      |     True      |   False   |       False        |\n------------------------------------------------------------------\n| Hesse failed  |   Has cov.    | Accurate  | Pos. def. | Forced |\n------------------------------------------------------------------\n|     False     |     True      |   True    |   True    | False  |\n------------------------------------------------------------------",
    "info_params": "name            value    minuit_hesse    at limit\n----------  ---------  --------------  ----------\nn_sig;295       52340     +/- 2.8e+02       False\u001b[0m\nn_bkg;295        4998     +/- 1.8e+02       False\u001b[0m\nfrac;295        0.427     +/-   0.021       False\u001b[0m\nmu;295           5279     +/-   0.077       False\u001b[0m\nsigmaL;295      10.94     +/-    0.22       False\u001b[0m\nsigmaR;295      18.11     +/-    0.22       False\u001b[0m\nlambda;295  -0.001926     +/- 0.00027       False\u001b[0m",
    "lambda;295": -0.0019260458627100574,
    "lambda;295_err": 0.0002706357133898704,
    "mu;295": 5278.913822248357,
    "mu;295_err": 0.07741488940637319,
    "n_bkg;295": 4998.482313332411,
    "n_bkg;295_err": 180.58529074163275,
    "n_sig;295": 52339.960173117644,
    "n_sig;295_err": 278.7071224414325,
    "r_params": {
        "alphaL": 2.02992217591786,
        "alphaL_Kpipi": 0.23984147888569726,
        "alphaR": -1.7778067363088699,
        "alphaR_Kpipi": -3.45169511727099,
        "fraction_Kpipi": 0.8861855867303668,
        "muL_Kpipi": 5214.656416664541,
        "muR_Kpipi": 5183.074248990296,
        "mu_Ds": 5277.869542046789,
        "nL": 0.4354740104546931,
        "nL_Kpipi": 4.413073505098077,
        "nR": 5.840596424652496,
        "nR_Kpipi": 1.3686501931786665e-08,
        "n_sig_Ds": 1366.720530288852,
        "r_bkgK": 0.035341458516519916,
        "sigmaL_Kpipi": 19.133710600596434,
        "sigmaR_Kpipi": 39.32384704379869,
        "sigma_Ds": 12.699865138227153
    },
    "sigmaL;295": 10.938238977679166,
    "sigmaL;295_err": 0.21806317920642002,
    "sigmaR;295": 18.112113887552745,
    "sigmaR;295_err": 0.223807735672091
}