{
    "fit_ok": true,
    "frac;612": 0.5780584045767562,
    "frac;612_err": 0.025190930184003927,
    "info_fit": "------------------------------------------------------------------\n| FCN = -3.199e+05              |     Ncalls=105 (105 total)     |\n| EDM = 7.33e-06 (Goal: 0.001)  |            up = 0.5            |\n------------------------------------------------------------------\n|  Valid Min.   | Valid Param.  | Above EDM | Reached call limit |\n------------------------------------------------------------------\n|     True      |     True      |   False   |       False        |\n------------------------------------------------------------------\n| Hesse failed  |   Has cov.    | Accurate  | Pos. def. | Forced |\n------------------------------------------------------------------\n|     False     |     True      |   True    |   True    | False  |\n------------------------------------------------------------------",
    "info_params": "name            value    minuit_hesse    at limit\n----------  ---------  --------------  ----------\nn_sig;612       51760     +/- 2.6e+02       False\u001b[0m\nn_bkg;612        5586     +/- 1.6e+02       False\u001b[0m\nfrac;612       0.5781     +/-   0.025       False\u001b[0m\nmu;612           5279     +/-   0.076       False\u001b[0m\nsigmaL;612      12.01     +/-    0.19       False\u001b[0m\nsigmaR;612      20.01     +/-     0.4       False\u001b[0m\nlambda;612  -0.003067     +/-  0.0002       False\u001b[0m",
    "lambda;612": -0.0030666026571716243,
    "lambda;612_err": 0.00020288722851104625,
    "mu;612": 5278.801075656331,
    "mu;612_err": 0.07643980650277363,
    "n_bkg;612": 5586.319081522091,
    "n_bkg;612_err": 156.51498320868507,
    "n_sig;612": 51759.34489240036,
    "n_sig;612_err": 262.8946333745356,
    "r_params": {
        "alphaL": 2.163804855774447,
        "alphaL_Kpipi": 0.23984147888569726,
        "alphaR": -1.8212452041148008,
        "alphaR_Kpipi": -3.45169511727099,
        "fraction_Kpipi": 0.8861855867303668,
        "muL_Kpipi": 5214.656416664541,
        "muR_Kpipi": 5183.074248990296,
        "nL": 0.6218557471217528,
        "nL_Kpipi": 4.413073505098077,
        "nR": 3.4006027048512677,
        "nR_Kpipi": 1.3686501931786665e-08,
        "r_bkgK": 0.035341458516519916,
        "sigmaL_Kpipi": 19.133710600596434,
        "sigmaR_Kpipi": 39.32384704379869
    },
    "sigmaL;612": 12.010448868281294,
    "sigmaL;612_err": 0.19259343291991604,
    "sigmaR;612": 20.00767506843717,
    "sigmaR;612_err": 0.39503273997660154
}