{
    "fit_ok": true,
    "frac;26": 0.4247806783566994,
    "frac;26_err": 0.020512253553579416,
    "info_fit": "------------------------------------------------------------------\n| FCN = -3.199e+05              |     Ncalls=106 (106 total)     |\n| EDM = 8.79e-05 (Goal: 0.001)  |            up = 0.5            |\n------------------------------------------------------------------\n|  Valid Min.   | Valid Param.  | Above EDM | Reached call limit |\n------------------------------------------------------------------\n|     True      |     True      |   False   |       False        |\n------------------------------------------------------------------\n| Hesse failed  |   Has cov.    | Accurate  | Pos. def. | Forced |\n------------------------------------------------------------------\n|     False     |     True      |   True    |   True    | False  |\n------------------------------------------------------------------",
    "info_params": "name           value    minuit_hesse    at limit\n---------  ---------  --------------  ----------\nn_sig;26       52380     +/- 2.8e+02       False\u001b[0m\nn_bkg;26        5003     +/- 1.8e+02       False\u001b[0m\nfrac;26       0.4248     +/-   0.021       False\u001b[0m\nmu;26           5279     +/-   0.077       False\u001b[0m\nsigmaL;26      10.99     +/-    0.22       False\u001b[0m\nsigmaR;26      18.11     +/-    0.22       False\u001b[0m\nlambda;26  -0.001937     +/- 0.00027       False\u001b[0m",
    "lambda;26": -0.0019373257062159643,
    "lambda;26_err": 0.0002699433783343484,
    "mu;26": 5278.8513825861755,
    "mu;26_err": 0.0773992002411257,
    "n_bkg;26": 5002.988584298684,
    "n_bkg;26_err": 180.42026820888742,
    "n_sig;26": 52382.12454700295,
    "n_sig;26_err": 278.66875963770656,
    "r_params": {
        "alphaL": 2.02992217591786,
        "alphaL_Kpipi": 0.23984147888569726,
        "alphaR": -1.7778067363088699,
        "alphaR_Kpipi": -3.45169511727099,
        "fraction_Kpipi": 0.8861855867303668,
        "muL_Kpipi": 5214.656416664541,
        "muR_Kpipi": 5183.074248990296,
        "mu_Ds": 5279.626710041438,
        "nL": 0.4354740104546931,
        "nL_Kpipi": 4.413073505098077,
        "nR": 5.840596424652496,
        "nR_Kpipi": 1.3686501931786665e-08,
        "n_sig_Ds": 1317.4389522751974,
        "r_bkgK": 0.035341458516519916,
        "sigmaL_Kpipi": 19.133710600596434,
        "sigmaR_Kpipi": 39.32384704379869,
        "sigma_Ds": 11.546416570715254
    },
    "sigmaL;26": 10.988193700221512,
    "sigmaL;26_err": 0.21672910960088507,
    "sigmaR;26": 18.112789327617623,
    "sigmaR;26_err": 0.2220914377328575
}