{
    "fit_ok": true,
    "frac;496": 0.45159425368276696,
    "frac;496_err": 0.02052821823295432,
    "info_fit": "------------------------------------------------------------------\n| FCN = -3.199e+05              |     Ncalls=105 (105 total)     |\n| EDM = 1.33e-05 (Goal: 0.001)  |            up = 0.5            |\n------------------------------------------------------------------\n|  Valid Min.   | Valid Param.  | Above EDM | Reached call limit |\n------------------------------------------------------------------\n|     True      |     True      |   False   |       False        |\n------------------------------------------------------------------\n| Hesse failed  |   Has cov.    | Accurate  | Pos. def. | Forced |\n------------------------------------------------------------------\n|     False     |     True      |   True    |   True    | False  |\n------------------------------------------------------------------",
    "info_params": "name            value    minuit_hesse    at limit\n----------  ---------  --------------  ----------\nn_sig;496       52450     +/- 2.8e+02       False\u001b[0m\nn_bkg;496        5090     +/- 1.8e+02       False\u001b[0m\nfrac;496       0.4516     +/-   0.021       False\u001b[0m\nmu;496           5279     +/-   0.077       False\u001b[0m\nsigmaL;496      11.13     +/-     0.2       False\u001b[0m\nsigmaR;496      18.34     +/-    0.24       False\u001b[0m\nlambda;496  -0.002065     +/- 0.00027       False\u001b[0m",
    "lambda;496": -0.002064676530424858,
    "lambda;496_err": 0.00026511828308584985,
    "mu;496": 5278.863506620214,
    "mu;496_err": 0.07733362844291217,
    "n_bkg;496": 5090.344442900373,
    "n_bkg;496_err": 181.69817949351884,
    "n_sig;496": 52450.39919033662,
    "n_sig;496_err": 280.2799694418284,
    "r_params": {
        "alphaL": 2.02992217591786,
        "alphaL_Kpipi": 0.24262613893677326,
        "alphaR": -1.7778067363088699,
        "alphaR_Kpipi": -3.365964976300711,
        "fraction_Kpipi": 0.8866742435392847,
        "muL_Kpipi": 5213.767781350041,
        "muR_Kpipi": 5181.8762702845415,
        "nL": 0.4354740104546931,
        "nL_Kpipi": 4.853830707267885,
        "nR": 5.840596424652496,
        "nR_Kpipi": 0.00029375880116280355,
        "r_bkgK": 0.031126044685769155,
        "sigmaL_Kpipi": 19.033329063809756,
        "sigmaR_Kpipi": 39.35063883831708
    },
    "sigmaL;496": 11.12713377411584,
    "sigmaL;496_err": 0.20467171053043062,
    "sigmaR;496": 18.33802773363153,
    "sigmaR;496_err": 0.2371504601461316
}