{
    "fit_ok": true,
    "frac;623": 0.4111314792267973,
    "frac;623_err": 0.020846591436381824,
    "info_fit": "------------------------------------------------------------------\n| FCN = -3.199e+05              |     Ncalls=105 (105 total)     |\n| EDM = 2.59e-05 (Goal: 0.001)  |            up = 0.5            |\n------------------------------------------------------------------\n|  Valid Min.   | Valid Param.  | Above EDM | Reached call limit |\n------------------------------------------------------------------\n|     True      |     True      |   False   |       False        |\n------------------------------------------------------------------\n| Hesse failed  |   Has cov.    | Accurate  | Pos. def. | Forced |\n------------------------------------------------------------------\n|     False     |     True      |   True    |   True    | False  |\n------------------------------------------------------------------",
    "info_params": "name            value    minuit_hesse    at limit\n----------  ---------  --------------  ----------\nn_sig;623       52250     +/- 2.8e+02       False\u001b[0m\nn_bkg;623        5072     +/- 1.8e+02       False\u001b[0m\nfrac;623       0.4111     +/-   0.021       False\u001b[0m\nmu;623           5279     +/-   0.077       False\u001b[0m\nsigmaL;623      10.77     +/-    0.23       False\u001b[0m\nsigmaR;623      18.12     +/-    0.22       False\u001b[0m\nlambda;623  -0.002009     +/- 0.00027       False\u001b[0m",
    "lambda;623": -0.0020091624382991835,
    "lambda;623_err": 0.0002680918123190592,
    "mu;623": 5278.871321856759,
    "mu;623_err": 0.07726185903523083,
    "n_bkg;623": 5072.362503417461,
    "n_bkg;623_err": 182.2914415708893,
    "n_sig;623": 52254.54642500823,
    "n_sig;623_err": 279.55065798147183,
    "r_params": {
        "alphaL": 2.056481023701318,
        "alphaL_Kpipi": 0.23984147888569726,
        "alphaR": -1.8645240249880517,
        "alphaR_Kpipi": -3.45169511727099,
        "fraction_Kpipi": 0.8861855867303668,
        "muL_Kpipi": 5214.656416664541,
        "muR_Kpipi": 5183.074248990296,
        "nL": 0.40492029856207834,
        "nL_Kpipi": 4.413073505098077,
        "nR": 5.162290516624416,
        "nR_Kpipi": 1.3686501931786665e-08,
        "r_bkgK": 0.035341458516519916,
        "sigmaL_Kpipi": 19.133710600596434,
        "sigmaR_Kpipi": 39.32384704379869
    },
    "sigmaL;623": 10.771529425715073,
    "sigmaL;623_err": 0.2262976312262106,
    "sigmaR;623": 18.118307018628574,
    "sigmaR;623_err": 0.22090788952539195
}