{
    "fit_ok": true,
    "frac;880": 0.34478063623644917,
    "frac;880_err": 0.01964617084519184,
    "info_fit": "------------------------------------------------------------------\n| FCN = -3.199e+05              |     Ncalls=103 (103 total)     |\n| EDM = 1.51e-05 (Goal: 0.001)  |            up = 0.5            |\n------------------------------------------------------------------\n|  Valid Min.   | Valid Param.  | Above EDM | Reached call limit |\n------------------------------------------------------------------\n|     True      |     True      |   False   |       False        |\n------------------------------------------------------------------\n| Hesse failed  |   Has cov.    | Accurate  | Pos. def. | Forced |\n------------------------------------------------------------------\n|     False     |     True      |   True    |   True    | False  |\n------------------------------------------------------------------",
    "info_params": "name            value    minuit_hesse    at limit\n----------  ---------  --------------  ----------\nn_sig;880       51810     +/- 2.8e+02       False\u001b[0m\nn_bkg;880        5533     +/- 1.9e+02       False\u001b[0m\nfrac;880       0.3448     +/-    0.02       False\u001b[0m\nmu;880           5279     +/-   0.077       False\u001b[0m\nsigmaL;880      10.09     +/-    0.25       False\u001b[0m\nsigmaR;880      17.69     +/-    0.19       False\u001b[0m\nlambda;880  -0.002324     +/- 0.00025       False\u001b[0m",
    "lambda;880": -0.0023244613541471004,
    "lambda;880_err": 0.00024607305930647117,
    "mu;880": 5278.921988066986,
    "mu;880_err": 0.07744876912622617,
    "n_bkg;880": 5533.289991603293,
    "n_bkg;880_err": 185.7486395021107,
    "n_sig;880": 51807.32920012958,
    "n_sig;880_err": 280.03214517445855,
    "r_params": {
        "alphaL": 2.023120964359401,
        "alphaL_Kpipi": 0.23984147888569726,
        "alphaR": -2.033996548057003,
        "alphaR_Kpipi": -3.45169511727099,
        "fraction_Kpipi": 0.8861855867303668,
        "muL_Kpipi": 5214.656416664541,
        "muR_Kpipi": 5183.074248990296,
        "nL": 0.38552593354674575,
        "nL_Kpipi": 4.413073505098077,
        "nR": 8.197527401666004,
        "nR_Kpipi": 1.3686501931786665e-08,
        "r_bkgK": 0.035341458516519916,
        "sigmaL_Kpipi": 19.133710600596434,
        "sigmaR_Kpipi": 39.32384704379869
    },
    "sigmaL;880": 10.08914693774662,
    "sigmaL;880_err": 0.2471830662923993,
    "sigmaR;880": 17.693063117139012,
    "sigmaR;880_err": 0.18707225863443414
}