{
    "fit_ok": true,
    "frac;181": 0.4262633433627111,
    "frac;181_err": 0.020531185856647448,
    "info_fit": "------------------------------------------------------------------\n| FCN = -3.199e+05              |     Ncalls=101 (101 total)     |\n| EDM = 8.44e-05 (Goal: 0.001)  |            up = 0.5            |\n------------------------------------------------------------------\n|  Valid Min.   | Valid Param.  | Above EDM | Reached call limit |\n------------------------------------------------------------------\n|     True      |     True      |   False   |       False        |\n------------------------------------------------------------------\n| Hesse failed  |   Has cov.    | Accurate  | Pos. def. | Forced |\n------------------------------------------------------------------\n|     False     |     True      |   True    |   True    | False  |\n------------------------------------------------------------------",
    "info_params": "name            value    minuit_hesse    at limit\n----------  ---------  --------------  ----------\nn_sig;181       52370     +/- 2.8e+02       False\u001b[0m\nn_bkg;181        4999     +/- 1.8e+02       False\u001b[0m\nfrac;181       0.4263     +/-   0.021       False\u001b[0m\nmu;181           5279     +/-   0.077       False\u001b[0m\nsigmaL;181      10.94     +/-    0.22       False\u001b[0m\nsigmaR;181       18.1     +/-    0.22       False\u001b[0m\nlambda;181  -0.001926     +/- 0.00027       False\u001b[0m",
    "lambda;181": -0.0019263960508048017,
    "lambda;181_err": 0.00027020868719000995,
    "mu;181": 5278.873564592269,
    "mu;181_err": 0.07733256422621344,
    "n_bkg;181": 4998.529540024126,
    "n_bkg;181_err": 180.33637091615935,
    "n_sig;181": 52373.10160410298,
    "n_sig;181_err": 278.5922318032895,
    "r_params": {
        "alphaL": 2.02992217591786,
        "alphaL_Kpipi": 0.23984147888569726,
        "alphaR": -1.7778067363088699,
        "alphaR_Kpipi": -3.45169511727099,
        "fraction_Kpipi": 0.8861855867303668,
        "muL_Kpipi": 5214.656416664541,
        "muR_Kpipi": 5183.074248990296,
        "mu_Ds": 5279.124885919316,
        "nL": 0.4354740104546931,
        "nL_Kpipi": 4.413073505098077,
        "nR": 5.840596424652496,
        "nR_Kpipi": 1.3686501931786665e-08,
        "n_sig_Ds": 1331.8626414588202,
        "r_bkgK": 0.035341458516519916,
        "sigmaL_Kpipi": 19.133710600596434,
        "sigmaR_Kpipi": 39.32384704379869,
        "sigma_Ds": 12.742785996464006
    },
    "sigmaL;181": 10.93795711041424,
    "sigmaL;181_err": 0.2176893355237378,
    "sigmaR;181": 18.101542951976462,
    "sigmaR;181_err": 0.2229498799690817
}