{
    "fit_ok": true,
    "frac;607": 0.4084614516978965,
    "frac;607_err": 0.020012991950710976,
    "info_fit": "------------------------------------------------------------------\n| FCN = -3.199e+05              |     Ncalls=104 (104 total)     |\n| EDM = 1.15e-05 (Goal: 0.001)  |            up = 0.5            |\n------------------------------------------------------------------\n|  Valid Min.   | Valid Param.  | Above EDM | Reached call limit |\n------------------------------------------------------------------\n|     True      |     True      |   False   |       False        |\n------------------------------------------------------------------\n| Hesse failed  |   Has cov.    | Accurate  | Pos. def. | Forced |\n------------------------------------------------------------------\n|     False     |     True      |   True    |   True    | False  |\n------------------------------------------------------------------",
    "info_params": "name            value    minuit_hesse    at limit\n----------  ---------  --------------  ----------\nn_sig;607       52380     +/- 2.8e+02       False\u001b[0m\nn_bkg;607        4939     +/- 1.8e+02       False\u001b[0m\nfrac;607       0.4085     +/-    0.02       False\u001b[0m\nmu;607           5279     +/-   0.077       False\u001b[0m\nsigmaL;607      10.78     +/-    0.22       False\u001b[0m\nsigmaR;607      18.06     +/-    0.22       False\u001b[0m\nlambda;607  -0.001795     +/- 0.00028       False\u001b[0m",
    "lambda;607": -0.0017946767635897976,
    "lambda;607_err": 0.0002773451319786092,
    "mu;607": 5278.8513123376215,
    "mu;607_err": 0.07729375836760233,
    "n_bkg;607": 4939.250937079509,
    "n_bkg;607_err": 182.03146977680328,
    "n_sig;607": 52381.838622831136,
    "n_sig;607_err": 279.8117748395491,
    "r_params": {
        "alphaL": 2.081946803899487,
        "alphaL_Kpipi": 0.23984147888569726,
        "alphaR": -1.7950439440222519,
        "alphaR_Kpipi": -3.45169511727099,
        "fraction_Kpipi": 0.8861855867303668,
        "muL_Kpipi": 5214.656416664541,
        "muR_Kpipi": 5183.074248990296,
        "nL": 0.3590580291867141,
        "nL_Kpipi": 4.413073505098077,
        "nR": 6.1601890125431265,
        "nR_Kpipi": 1.3686501931786665e-08,
        "r_bkgK": 0.035341458516519916,
        "sigmaL_Kpipi": 19.133710600596434,
        "sigmaR_Kpipi": 39.32384704379869
    },
    "sigmaL;607": 10.776825057903903,
    "sigmaL;607_err": 0.22007848863533272,
    "sigmaR;607": 18.06131319622539,
    "sigmaR;607_err": 0.21611048292621135
}