{
    "fit_ok": true,
    "frac;1296": 0.42647871903173573,
    "frac;1296_err": 0.020577083011421065,
    "info_fit": "------------------------------------------------------------------\n| FCN = -3.199e+05              |     Ncalls=102 (102 total)     |\n| EDM = 0.000356 (Goal: 0.001)  |            up = 0.5            |\n------------------------------------------------------------------\n|  Valid Min.   | Valid Param.  | Above EDM | Reached call limit |\n------------------------------------------------------------------\n|     True      |     True      |   False   |       False        |\n------------------------------------------------------------------\n| Hesse failed  |   Has cov.    | Accurate  | Pos. def. | Forced |\n------------------------------------------------------------------\n|     False     |     True      |   True    |   True    | False  |\n------------------------------------------------------------------",
    "info_params": "name            value    minuit_hesse    at limit\n-----------  --------  --------------  ----------\nn_sig;1296      52250     +/- 2.8e+02       False\u001b[0m\nn_bkg;1296       5005     +/- 1.8e+02       False\u001b[0m\nfrac;1296      0.4265     +/-   0.021       False\u001b[0m\nmu;1296          5279     +/-   0.078       False\u001b[0m\nsigmaL;1296     10.96     +/-    0.22       False\u001b[0m\nsigmaR;1296     18.13     +/-    0.22       False\u001b[0m\nlambda;1296  -0.00194     +/- 0.00027       False\u001b[0m",
    "lambda;1296": -0.0019398732133161234,
    "lambda;1296_err": 0.00026981787883468395,
    "mu;1296": 5278.875342628518,
    "mu;1296_err": 0.07758469145719633,
    "n_bkg;1296": 5004.927867918039,
    "n_bkg;1296_err": 180.49606057292968,
    "n_sig;1296": 52254.05695586194,
    "n_sig;1296_err": 278.68942536972025,
    "r_params": {
        "alphaL": 2.02992217591786,
        "alphaL_Kpipi": 0.23984147888569726,
        "alphaR": -1.7778067363088699,
        "alphaR_Kpipi": -3.45169511727099,
        "fraction_Kpipi": 0.8861855867303668,
        "muL_Kpipi": 5214.656416664541,
        "muR_Kpipi": 5183.074248990296,
        "mu_Ds": 5278.99167373624,
        "nL": 0.4354740104546931,
        "nL_Kpipi": 4.413073505098077,
        "nR": 5.840596424652496,
        "nR_Kpipi": 1.3686501931786665e-08,
        "n_sig_Ds": 1447.9544059417142,
        "r_bkgK": 0.035341458516519916,
        "sigmaL_Kpipi": 19.133710600596434,
        "sigmaR_Kpipi": 39.32384704379869,
        "sigma_Ds": 12.342863114645969
    },
    "sigmaL;1296": 10.95731267509829,
    "sigmaL;1296_err": 0.21761778880978305,
    "sigmaR;1296": 18.127918687192427,
    "sigmaR;1296_err": 0.2239584412949163
}