{
    "fit_ok": true,
    "frac;1454": 0.4167787299022994,
    "frac;1454_err": 0.016624774810975455,
    "info_fit": "------------------------------------------------------------------\n| FCN = -3.199e+05              |     Ncalls=105 (105 total)     |\n| EDM = 0.000105 (Goal: 0.001)  |            up = 0.5            |\n------------------------------------------------------------------\n|  Valid Min.   | Valid Param.  | Above EDM | Reached call limit |\n------------------------------------------------------------------\n|     True      |     True      |   False   |       False        |\n------------------------------------------------------------------\n| Hesse failed  |   Has cov.    | Accurate  | Pos. def. | Forced |\n------------------------------------------------------------------\n|     False     |     True      |   True    |   True    | False  |\n------------------------------------------------------------------",
    "info_params": "name              value    minuit_hesse    at limit\n-----------  ----------  --------------  ----------\nn_sig;1454        53110     +/- 2.7e+02       False\u001b[0m\nn_bkg;1454         4188     +/- 1.7e+02       False\u001b[0m\nfrac;1454        0.4168     +/-   0.017       False\u001b[0m\nmu;1454            5279     +/-   0.077       False\u001b[0m\nsigmaL;1454       10.87     +/-     0.2       False\u001b[0m\nsigmaR;1454       18.12     +/-     0.2       False\u001b[0m\nlambda;1454  -0.0009637     +/- 0.00032       False\u001b[0m",
    "lambda;1454": -0.0009637436848074499,
    "lambda;1454_err": 0.0003175822268490121,
    "mu;1454": 5278.857593340432,
    "mu;1454_err": 0.077226804688723,
    "n_bkg;1454": 4187.500144262329,
    "n_bkg;1454_err": 168.8752040805961,
    "n_sig;1454": 53108.38309037895,
    "n_sig;1454_err": 274.6146386265449,
    "r_params": {
        "alphaL": 2.0845504205955816,
        "alphaL_Kpipi": 0.23984147888569726,
        "alphaR": -1.8377514844433611,
        "alphaR_Kpipi": -3.45169511727099,
        "fraction_Kpipi": 0.8861855867303668,
        "muL_Kpipi": 5214.656416664541,
        "muR_Kpipi": 5183.074248990296,
        "nL": 0.30653422061857105,
        "nL_Kpipi": 4.413073505098077,
        "nR": 3.375029138826541,
        "nR_Kpipi": 1.3686501931786665e-08,
        "r_bkgK": 0.035341458516519916,
        "sigmaL_Kpipi": 19.133710600596434,
        "sigmaR_Kpipi": 39.32384704379869
    },
    "sigmaL;1454": 10.866422297882892,
    "sigmaL;1454_err": 0.2015095338494917,
    "sigmaR;1454": 18.12357968096574,
    "sigmaR;1454_err": 0.19734197359448968
}