{
    "fit_ok": true,
    "frac;28": 0.4745513321717566,
    "frac;28_err": 0.02262332645375833,
    "info_fit": "------------------------------------------------------------------\n| FCN = -3.199e+05              |     Ncalls=103 (103 total)     |\n| EDM = 5.02e-05 (Goal: 0.001)  |            up = 0.5            |\n------------------------------------------------------------------\n|  Valid Min.   | Valid Param.  | Above EDM | Reached call limit |\n------------------------------------------------------------------\n|     True      |     True      |   False   |       False        |\n------------------------------------------------------------------\n| Hesse failed  |   Has cov.    | Accurate  | Pos. def. | Forced |\n------------------------------------------------------------------\n|     False     |     True      |   True    |   True    | False  |\n------------------------------------------------------------------",
    "info_params": "name           value    minuit_hesse    at limit\n---------  ---------  --------------  ----------\nn_sig;28       52060     +/- 2.7e+02       False\u001b[0m\nn_bkg;28        5271     +/- 1.7e+02       False\u001b[0m\nfrac;28       0.4746     +/-   0.023       False\u001b[0m\nmu;28           5279     +/-   0.077       False\u001b[0m\nsigmaL;28      11.32     +/-     0.2       False\u001b[0m\nsigmaR;28      18.58     +/-    0.27       False\u001b[0m\nlambda;28  -0.002377     +/- 0.00024       False\u001b[0m",
    "lambda;28": -0.0023769724294586125,
    "lambda;28_err": 0.00024291062371745365,
    "mu;28": 5278.858422410998,
    "mu;28_err": 0.07712057841487621,
    "n_bkg;28": 5271.014650949519,
    "n_bkg;28_err": 174.70158072411863,
    "n_sig;28": 52062.80315792213,
    "n_sig;28_err": 274.37560663208126,
    "r_params": {
        "alphaL": 2.036688498158614,
        "alphaL_Kpipi": 0.23984147888569726,
        "alphaR": -1.7888938166033248,
        "alphaR_Kpipi": -3.45169511727099,
        "fraction_Kpipi": 0.8861855867303668,
        "muL_Kpipi": 5214.656416664541,
        "muR_Kpipi": 5183.074248990296,
        "nL": 0.5369852621829444,
        "nL_Kpipi": 4.413073505098077,
        "nR": 5.207004167075565,
        "nR_Kpipi": 1.3686501931786665e-08,
        "r_bkgK": 0.035341458516519916,
        "sigmaL_Kpipi": 19.133710600596434,
        "sigmaR_Kpipi": 39.32384704379869
    },
    "sigmaL;28": 11.317104690679592,
    "sigmaL;28_err": 0.20379220888311347,
    "sigmaR;28": 18.58079667215923,
    "sigmaR;28_err": 0.2669552416836835
}