{
    "fit_ok": true,
    "frac;107": 0.4301237861905939,
    "frac;107_err": 0.02065345374828175,
    "info_fit": "------------------------------------------------------------------\n| FCN = -3.199e+05              |     Ncalls=104 (104 total)     |\n| EDM = 0.000207 (Goal: 0.001)  |            up = 0.5            |\n------------------------------------------------------------------\n|  Valid Min.   | Valid Param.  | Above EDM | Reached call limit |\n------------------------------------------------------------------\n|     True      |     True      |   False   |       False        |\n------------------------------------------------------------------\n| Hesse failed  |   Has cov.    | Accurate  | Pos. def. | Forced |\n------------------------------------------------------------------\n|     False     |     True      |   True    |   True    | False  |\n------------------------------------------------------------------",
    "info_params": "name            value    minuit_hesse    at limit\n----------  ---------  --------------  ----------\nn_sig;107       52330     +/- 2.8e+02       False\u001b[0m\nn_bkg;107        5057     +/- 1.8e+02       False\u001b[0m\nfrac;107       0.4301     +/-   0.021       False\u001b[0m\nmu;107           5279     +/-   0.077       False\u001b[0m\nsigmaL;107      10.98     +/-    0.22       False\u001b[0m\nsigmaR;107      18.13     +/-    0.23       False\u001b[0m\nlambda;107  -0.002028     +/- 0.00027       False\u001b[0m",
    "lambda;107": -0.002028077913254017,
    "lambda;107_err": 0.00026735874780790933,
    "mu;107": 5278.862325220961,
    "mu;107_err": 0.07739968428780676,
    "n_bkg;107": 5056.938211096868,
    "n_bkg;107_err": 181.44497912137606,
    "n_sig;107": 52333.08778277089,
    "n_sig;107_err": 279.4378193365895,
    "r_params": {
        "alphaL": 2.02992217591786,
        "alphaL_Kpipi": 0.2352324970309551,
        "alphaR": -1.7778067363088699,
        "alphaR_Kpipi": -3.0738262495076247,
        "fraction_Kpipi": 0.8807169210045066,
        "muL_Kpipi": 5216.019540889659,
        "muR_Kpipi": 5178.879069161133,
        "nL": 0.4354740104546931,
        "nL_Kpipi": 4.708139212812814,
        "nR": 5.840596424652496,
        "nR_Kpipi": 0.00018642893408867068,
        "r_bkgK": 0.03407007057648438,
        "sigmaL_Kpipi": 17.95785491192184,
        "sigmaR_Kpipi": 39.22647813815258
    },
    "sigmaL;107": 10.984942484393404,
    "sigmaL;107_err": 0.215332075857158,
    "sigmaR;107": 18.132268983214626,
    "sigmaR;107_err": 0.22556684706807323
}