{
    "fit_ok": true,
    "frac;470": 0.5998338567586338,
    "frac;470_err": 0.019003364838299987,
    "info_fit": "------------------------------------------------------------------\n| FCN = -3.199e+05              |     Ncalls=103 (103 total)     |\n| EDM = 5.32e-05 (Goal: 0.001)  |            up = 0.5            |\n------------------------------------------------------------------\n|  Valid Min.   | Valid Param.  | Above EDM | Reached call limit |\n------------------------------------------------------------------\n|     True      |     True      |   False   |       False        |\n------------------------------------------------------------------\n| Hesse failed  |   Has cov.    | Accurate  | Pos. def. | Forced |\n------------------------------------------------------------------\n|     False     |     True      |   True    |   True    | False  |\n------------------------------------------------------------------",
    "info_params": "name            value    minuit_hesse    at limit\n----------  ---------  --------------  ----------\nn_sig;470       52890     +/- 2.7e+02       False\u001b[0m\nn_bkg;470        4410     +/- 1.6e+02       False\u001b[0m\nfrac;470       0.5998     +/-   0.019       False\u001b[0m\nmu;470           5279     +/-   0.077       False\u001b[0m\nsigmaL;470      12.26     +/-    0.16       False\u001b[0m\nsigmaR;470      19.87     +/-    0.35       False\u001b[0m\nlambda;470  -0.001883     +/- 0.00027       False\u001b[0m",
    "lambda;470": -0.0018832738096490331,
    "lambda;470_err": 0.00027177015262172576,
    "mu;470": 5278.84057760281,
    "mu;470_err": 0.07683158711947606,
    "n_bkg;470": 4410.477645212761,
    "n_bkg;470_err": 157.71988753814395,
    "n_sig;470": 52894.42558053756,
    "n_sig;470_err": 267.7975082887018,
    "r_params": {
        "alphaL": 2.0751207104130547,
        "alphaL_Kpipi": 0.23984147888569726,
        "alphaR": -1.7214273252354557,
        "alphaR_Kpipi": -3.45169511727099,
        "fraction_Kpipi": 0.8861855867303668,
        "muL_Kpipi": 5214.656416664541,
        "muR_Kpipi": 5183.074248990296,
        "nL": 0.5457627363281023,
        "nL_Kpipi": 4.413073505098077,
        "nR": 2.652104539014548,
        "nR_Kpipi": 1.3686501931786665e-08,
        "r_bkgK": 0.035341458516519916,
        "sigmaL_Kpipi": 19.133710600596434,
        "sigmaR_Kpipi": 39.32384704379869
    },
    "sigmaL;470": 12.262828996101545,
    "sigmaL;470_err": 0.16126138438057636,
    "sigmaR;470": 19.874227057561306,
    "sigmaR;470_err": 0.3479740012822611
}