{
    "fit_ok": true,
    "frac;1064": 0.4261596186440321,
    "frac;1064_err": 0.020550438540228082,
    "info_fit": "------------------------------------------------------------------\n| FCN = -3.199e+05              |     Ncalls=103 (103 total)     |\n| EDM = 9.67e-05 (Goal: 0.001)  |            up = 0.5            |\n------------------------------------------------------------------\n|  Valid Min.   | Valid Param.  | Above EDM | Reached call limit |\n------------------------------------------------------------------\n|     True      |     True      |   False   |       False        |\n------------------------------------------------------------------\n| Hesse failed  |   Has cov.    | Accurate  | Pos. def. | Forced |\n------------------------------------------------------------------\n|     False     |     True      |   True    |   True    | False  |\n------------------------------------------------------------------",
    "info_params": "name             value    minuit_hesse    at limit\n-----------  ---------  --------------  ----------\nn_sig;1064       52320     +/- 2.8e+02       False\u001b[0m\nn_bkg;1064        5002     +/- 1.8e+02       False\u001b[0m\nfrac;1064       0.4262     +/-   0.021       False\u001b[0m\nmu;1064           5279     +/-   0.077       False\u001b[0m\nsigmaL;1064      10.95     +/-    0.22       False\u001b[0m\nsigmaR;1064      18.11     +/-    0.22       False\u001b[0m\nlambda;1064  -0.001933     +/- 0.00027       False\u001b[0m",
    "lambda;1064": -0.0019331286849243456,
    "lambda;1064_err": 0.00027010212599173125,
    "mu;1064": 5278.870044745357,
    "mu;1064_err": 0.07745510300944103,
    "n_bkg;1064": 5002.000968490536,
    "n_bkg;1064_err": 180.4645608142754,
    "n_sig;1064": 52317.81820456627,
    "n_sig;1064_err": 278.68478992588945,
    "r_params": {
        "alphaL": 2.02992217591786,
        "alphaL_Kpipi": 0.23984147888569726,
        "alphaR": -1.7778067363088699,
        "alphaR_Kpipi": -3.45169511727099,
        "fraction_Kpipi": 0.8861855867303668,
        "muL_Kpipi": 5214.656416664541,
        "muR_Kpipi": 5183.074248990296,
        "mu_Ds": 5279.165654441624,
        "nL": 0.4354740104546931,
        "nL_Kpipi": 4.413073505098077,
        "nR": 5.840596424652496,
        "nR_Kpipi": 1.3686501931786665e-08,
        "n_sig_Ds": 1385.5151340286898,
        "r_bkgK": 0.035341458516519916,
        "sigmaL_Kpipi": 19.133710600596434,
        "sigmaR_Kpipi": 39.32384704379869,
        "sigma_Ds": 12.459550641800737
    },
    "sigmaL;1064": 10.950018817122597,
    "sigmaL;1064_err": 0.21758822563142063,
    "sigmaR;1064": 18.11407901258822,
    "sigmaR;1064_err": 0.22332072865361507
}