{
    "fit_ok": false,
    "frac;239": 0.4271399178995778,
    "frac;239_err": 0.020518684708112123,
    "info_fit": "------------------------------------------------------------------\n| FCN = -3.199e+05              |     Ncalls=100 (100 total)     |\n| EDM = 0.00238 (Goal: 0.001)   |            up = 0.5            |\n------------------------------------------------------------------\n|  Valid Min.   | Valid Param.  | Above EDM | Reached call limit |\n------------------------------------------------------------------\n|     True      |     True      |   False   |       False        |\n------------------------------------------------------------------\n| Hesse failed  |   Has cov.    | Accurate  | Pos. def. | Forced |\n------------------------------------------------------------------\n|     False     |     True      |   True    |   True    | False  |\n------------------------------------------------------------------",
    "info_params": "name            value    minuit_hesse    at limit\n----------  ---------  --------------  ----------\nn_sig;239       52300     +/- 2.8e+02       False\u001b[0m\nn_bkg;239        5000     +/- 1.8e+02       False\u001b[0m\nfrac;239       0.4271     +/-   0.021       False\u001b[0m\nmu;239           5279     +/-   0.077       False\u001b[0m\nsigmaL;239      10.91     +/-    0.22       False\u001b[0m\nsigmaR;239       18.1     +/-    0.22       False\u001b[0m\nlambda;239  -0.001923     +/- 0.00027       False\u001b[0m",
    "lambda;239": -0.0019233477210491845,
    "lambda;239_err": 0.00027020052282457807,
    "mu;239": 5278.831261429863,
    "mu;239_err": 0.07736220483982531,
    "n_bkg;239": 5000.271009888941,
    "n_bkg;239_err": 180.3434433848407,
    "n_sig;239": 52295.00120920204,
    "n_sig;239_err": 278.63873308679854,
    "r_params": {
        "alphaL": 2.02992217591786,
        "alphaL_Kpipi": 0.23984147888569726,
        "alphaR": -1.7778067363088699,
        "alphaR_Kpipi": -3.45169511727099,
        "fraction_Kpipi": 0.8861855867303668,
        "muL_Kpipi": 5214.656416664541,
        "muR_Kpipi": 5183.074248990296,
        "mu_Ds": 5280.517390254319,
        "nL": 0.4354740104546931,
        "nL_Kpipi": 4.413073505098077,
        "nR": 5.840596424652496,
        "nR_Kpipi": 1.3686501931786665e-08,
        "n_sig_Ds": 1411.7000594088504,
        "r_bkgK": 0.035341458516519916,
        "sigmaL_Kpipi": 19.133710600596434,
        "sigmaR_Kpipi": 39.32384704379869,
        "sigma_Ds": 13.423068531653728
    },
    "sigmaL;239": 10.91459963112263,
    "sigmaL;239_err": 0.21697854421234797,
    "sigmaR;239": 18.095647213159342,
    "sigmaR;239_err": 0.2238859265910239
}