{
    "fit_ok": true,
    "frac;571": 0.42497121474304395,
    "frac;571_err": 0.02055681666312732,
    "info_fit": "------------------------------------------------------------------\n| FCN = -3.199e+05              |     Ncalls=106 (106 total)     |\n| EDM = 0.000376 (Goal: 0.001)  |            up = 0.5            |\n------------------------------------------------------------------\n|  Valid Min.   | Valid Param.  | Above EDM | Reached call limit |\n------------------------------------------------------------------\n|     True      |     True      |   False   |       False        |\n------------------------------------------------------------------\n| Hesse failed  |   Has cov.    | Accurate  | Pos. def. | Forced |\n------------------------------------------------------------------\n|     False     |     True      |   True    |   True    | False  |\n------------------------------------------------------------------",
    "info_params": "name            value    minuit_hesse    at limit\n----------  ---------  --------------  ----------\nn_sig;571       52350     +/- 2.8e+02       False\u001b[0m\nn_bkg;571        5005     +/- 1.8e+02       False\u001b[0m\nfrac;571        0.425     +/-   0.021       False\u001b[0m\nmu;571           5279     +/-   0.077       False\u001b[0m\nsigmaL;571         11     +/-    0.22       False\u001b[0m\nsigmaR;571      18.12     +/-    0.22       False\u001b[0m\nlambda;571  -0.001942     +/- 0.00027       False\u001b[0m",
    "lambda;571": -0.0019418398909257784,
    "lambda;571_err": 0.00026993021458480325,
    "mu;571": 5278.861141139766,
    "mu;571_err": 0.07749506035729792,
    "n_bkg;571": 5005.022211701476,
    "n_bkg;571_err": 180.52631049149772,
    "n_sig;571": 52345.97893419401,
    "n_sig;571_err": 278.7164156324845,
    "r_params": {
        "alphaL": 2.02992217591786,
        "alphaL_Kpipi": 0.23984147888569726,
        "alphaR": -1.7778067363088699,
        "alphaR_Kpipi": -3.45169511727099,
        "fraction_Kpipi": 0.8861855867303668,
        "muL_Kpipi": 5214.656416664541,
        "muR_Kpipi": 5183.074248990296,
        "mu_Ds": 5279.2887517726285,
        "nL": 0.4354740104546931,
        "nL_Kpipi": 4.413073505098077,
        "nR": 5.840596424652496,
        "nR_Kpipi": 1.3686501931786665e-08,
        "n_sig_Ds": 1352.1562629067437,
        "r_bkgK": 0.035341458516519916,
        "sigmaL_Kpipi": 19.133710600596434,
        "sigmaR_Kpipi": 39.32384704379869,
        "sigma_Ds": 11.416932878843573
    },
    "sigmaL;571": 10.998618928190286,
    "sigmaL;571_err": 0.21727029426887934,
    "sigmaR;571": 18.120575913517087,
    "sigmaR;571_err": 0.22242772217079654
}