{
    "fit_ok": true,
    "frac;1535": 0.3636798163826025,
    "frac;1535_err": 0.018558415754771018,
    "info_fit": "------------------------------------------------------------------\n| FCN = -3.199e+05              |     Ncalls=106 (106 total)     |\n| EDM = 7.04e-06 (Goal: 0.001)  |            up = 0.5            |\n------------------------------------------------------------------\n|  Valid Min.   | Valid Param.  | Above EDM | Reached call limit |\n------------------------------------------------------------------\n|     True      |     True      |   False   |       False        |\n------------------------------------------------------------------\n| Hesse failed  |   Has cov.    | Accurate  | Pos. def. | Forced |\n------------------------------------------------------------------\n|     False     |     True      |   True    |   True    | False  |\n------------------------------------------------------------------",
    "info_params": "name             value    minuit_hesse    at limit\n-----------  ---------  --------------  ----------\nn_sig;1535       52120     +/- 2.7e+02       False\u001b[0m\nn_bkg;1535        4611     +/- 1.7e+02       False\u001b[0m\nfrac;1535       0.3637     +/-   0.019       False\u001b[0m\nmu;1535           5279     +/-   0.078       False\u001b[0m\nsigmaL;1535      10.44     +/-    0.22       False\u001b[0m\nsigmaR;1535      17.73     +/-    0.19       False\u001b[0m\nlambda;1535  -0.001319     +/- 0.00028       False\u001b[0m",
    "lambda;1535": -0.0013185552970553793,
    "lambda;1535_err": 0.00028265709610271093,
    "mu;1535": 5278.8431417172405,
    "mu;1535_err": 0.07760543989300399,
    "n_bkg;1535": 4610.601473113903,
    "n_bkg;1535_err": 169.00992578048752,
    "n_sig;1535": 52123.57544427035,
    "n_sig;1535_err": 270.2551219713221,
    "r_params": {
        "alphaL": 2.02992217591786,
        "alphaL_Kpipi": 0.256419270971148,
        "alphaR": -1.7778067363088699,
        "alphaR_Kpipi": -3.3847123337879816,
        "fraction_Kpipi": 0.8929695485814952,
        "muL_Kpipi": 5213.185739397008,
        "muR_Kpipi": 5176.037903844641,
        "nL": 0.4354740104546931,
        "nL_Kpipi": 4.4053750317184885,
        "nR": 5.840596424652496,
        "nR_Kpipi": 4.186240525995886e-06,
        "r_bkgK": 0.04675505077463952,
        "sigmaL_Kpipi": 19.139628435662075,
        "sigmaR_Kpipi": 39.39006952175072
    },
    "sigmaL;1535": 10.44165149768704,
    "sigmaL;1535_err": 0.2228634033253058,
    "sigmaR;1535": 17.729270871458127,
    "sigmaR;1535_err": 0.19010876553704564
}