{
    "fit_ok": true,
    "frac;1363": 0.5375428131495407,
    "frac;1363_err": 0.027575558552278674,
    "info_fit": "------------------------------------------------------------------\n| FCN = -3.199e+05              |     Ncalls=105 (105 total)     |\n| EDM = 4.97e-06 (Goal: 0.001)  |            up = 0.5            |\n------------------------------------------------------------------\n|  Valid Min.   | Valid Param.  | Above EDM | Reached call limit |\n------------------------------------------------------------------\n|     True      |     True      |   False   |       False        |\n------------------------------------------------------------------\n| Hesse failed  |   Has cov.    | Accurate  | Pos. def. | Forced |\n------------------------------------------------------------------\n|     False     |     True      |   True    |   True    | False  |\n------------------------------------------------------------------",
    "info_params": "name             value    minuit_hesse    at limit\n-----------  ---------  --------------  ----------\nn_sig;1363       51410     +/- 2.6e+02       False\u001b[0m\nn_bkg;1363        5951     +/- 1.6e+02       False\u001b[0m\nfrac;1363       0.5375     +/-   0.028       False\u001b[0m\nmu;1363           5279     +/-   0.076       False\u001b[0m\nsigmaL;1363      11.65     +/-    0.22       False\u001b[0m\nsigmaR;1363      19.81     +/-    0.38       False\u001b[0m\nlambda;1363  -0.003309     +/- 0.00019       False\u001b[0m",
    "lambda;1363": -0.0033086350214007743,
    "lambda;1363_err": 0.0001899423522614473,
    "mu;1363": 5278.793280066476,
    "mu;1363_err": 0.07616887717505709,
    "n_bkg;1363": 5950.70205989171,
    "n_bkg;1363_err": 158.30038478691023,
    "n_sig;1363": 51407.46877770949,
    "n_sig;1363_err": 262.5690807849321,
    "r_params": {
        "alphaL": 2.2255204599404093,
        "alphaL_Kpipi": 0.23984147888569726,
        "alphaR": -1.9683841921791054,
        "alphaR_Kpipi": -3.45169511727099,
        "fraction_Kpipi": 0.8861855867303668,
        "muL_Kpipi": 5214.656416664541,
        "muR_Kpipi": 5183.074248990296,
        "nL": 0.5823388528778106,
        "nL_Kpipi": 4.413073505098077,
        "nR": 3.5011200364062245,
        "nR_Kpipi": 1.3686501931786665e-08,
        "r_bkgK": 0.035341458516519916,
        "sigmaL_Kpipi": 19.133710600596434,
        "sigmaR_Kpipi": 39.32384704379869
    },
    "sigmaL;1363": 11.652692586729799,
    "sigmaL;1363_err": 0.21631593500559948,
    "sigmaR;1363": 19.814548789821295,
    "sigmaR;1363_err": 0.37997687850406314
}