{
    "fit_ok": true,
    "frac;554": 0.4258482870435632,
    "frac;554_err": 0.02054362848734806,
    "info_fit": "------------------------------------------------------------------\n| FCN = -3.199e+05              |     Ncalls=103 (103 total)     |\n| EDM = 0.000212 (Goal: 0.001)  |            up = 0.5            |\n------------------------------------------------------------------\n|  Valid Min.   | Valid Param.  | Above EDM | Reached call limit |\n------------------------------------------------------------------\n|     True      |     True      |   False   |       False        |\n------------------------------------------------------------------\n| Hesse failed  |   Has cov.    | Accurate  | Pos. def. | Forced |\n------------------------------------------------------------------\n|     False     |     True      |   True    |   True    | False  |\n------------------------------------------------------------------",
    "info_params": "name            value    minuit_hesse    at limit\n----------  ---------  --------------  ----------\nn_sig;554       52310     +/- 2.8e+02       False\u001b[0m\nn_bkg;554        5004     +/- 1.8e+02       False\u001b[0m\nfrac;554       0.4258     +/-   0.021       False\u001b[0m\nmu;554           5279     +/-   0.077       False\u001b[0m\nsigmaL;554      10.96     +/-    0.22       False\u001b[0m\nsigmaR;554      18.12     +/-    0.22       False\u001b[0m\nlambda;554  -0.001936     +/- 0.00027       False\u001b[0m",
    "lambda;554": -0.0019355103780421823,
    "lambda;554_err": 0.0002702146806308396,
    "mu;554": 5278.86399296069,
    "mu;554_err": 0.07749200626155822,
    "n_bkg;554": 5003.768325117734,
    "n_bkg;554_err": 180.60206333542536,
    "n_sig;554": 52306.41760232495,
    "n_sig;554_err": 278.778630834061,
    "r_params": {
        "alphaL": 2.02992217591786,
        "alphaL_Kpipi": 0.23984147888569726,
        "alphaR": -1.7778067363088699,
        "alphaR_Kpipi": -3.45169511727099,
        "fraction_Kpipi": 0.8861855867303668,
        "muL_Kpipi": 5214.656416664541,
        "muR_Kpipi": 5183.074248990296,
        "mu_Ds": 5279.311896067861,
        "nL": 0.4354740104546931,
        "nL_Kpipi": 4.413073505098077,
        "nR": 5.840596424652496,
        "nR_Kpipi": 1.3686501931786665e-08,
        "n_sig_Ds": 1396.5726285838512,
        "r_bkgK": 0.035341458516519916,
        "sigmaL_Kpipi": 19.133710600596434,
        "sigmaR_Kpipi": 39.32384704379869,
        "sigma_Ds": 12.188324306885807
    },
    "sigmaL;554": 10.960961521001675,
    "sigmaL;554_err": 0.2169894100615986,
    "sigmaR;554": 18.12064654615831,
    "sigmaR;554_err": 0.22339918345691617
}