{
    "fit_ok": true,
    "frac;1299": 0.38265270678720065,
    "frac;1299_err": 0.02095388533901808,
    "info_fit": "------------------------------------------------------------------\n| FCN = -3.199e+05              |     Ncalls=103 (103 total)     |\n| EDM = 5.95e-05 (Goal: 0.001)  |            up = 0.5            |\n------------------------------------------------------------------\n|  Valid Min.   | Valid Param.  | Above EDM | Reached call limit |\n------------------------------------------------------------------\n|     True      |     True      |   False   |       False        |\n------------------------------------------------------------------\n| Hesse failed  |   Has cov.    | Accurate  | Pos. def. | Forced |\n------------------------------------------------------------------\n|     False     |     True      |   True    |   True    | False  |\n------------------------------------------------------------------",
    "info_params": "name             value    minuit_hesse    at limit\n-----------  ---------  --------------  ----------\nn_sig;1299       51810     +/- 2.8e+02       False\u001b[0m\nn_bkg;1299        5531     +/- 1.8e+02       False\u001b[0m\nfrac;1299       0.3827     +/-   0.021       False\u001b[0m\nmu;1299           5279     +/-   0.078       False\u001b[0m\nsigmaL;1299      10.49     +/-    0.24       False\u001b[0m\nsigmaR;1299      17.84     +/-     0.2       False\u001b[0m\nlambda;1299  -0.002499     +/- 0.00024       False\u001b[0m",
    "lambda;1299": -0.0024985217892483647,
    "lambda;1299_err": 0.0002399711230273528,
    "mu;1299": 5278.937832310341,
    "mu;1299_err": 0.07765316207740151,
    "n_bkg;1299": 5531.113556867444,
    "n_bkg;1299_err": 181.84910738193426,
    "n_sig;1299": 51812.40330257354,
    "n_sig;1299_err": 277.72586799582297,
    "r_params": {
        "alphaL": 1.9306600708421282,
        "alphaL_Kpipi": 0.23984147888569726,
        "alphaR": -1.97159736105874,
        "alphaR_Kpipi": -3.45169511727099,
        "fraction_Kpipi": 0.8861855867303668,
        "muL_Kpipi": 5214.656416664541,
        "muR_Kpipi": 5183.074248990296,
        "nL": 0.5431256532080011,
        "nL_Kpipi": 4.413073505098077,
        "nR": 5.468814018956477,
        "nR_Kpipi": 1.3686501931786665e-08,
        "r_bkgK": 0.035341458516519916,
        "sigmaL_Kpipi": 19.133710600596434,
        "sigmaR_Kpipi": 39.32384704379869
    },
    "sigmaL;1299": 10.487014661681094,
    "sigmaL;1299_err": 0.23863751256783802,
    "sigmaR;1299": 17.838243662574772,
    "sigmaR;1299_err": 0.2017513333755974
}