{
    "fit_ok": true,
    "frac;122": 0.4759897955398118,
    "frac;122_err": 0.021160870284014553,
    "info_fit": "------------------------------------------------------------------\n| FCN = -3.199e+05              |     Ncalls=105 (105 total)     |\n| EDM = 1.06e-05 (Goal: 0.001)  |            up = 0.5            |\n------------------------------------------------------------------\n|  Valid Min.   | Valid Param.  | Above EDM | Reached call limit |\n------------------------------------------------------------------\n|     True      |     True      |   False   |       False        |\n------------------------------------------------------------------\n| Hesse failed  |   Has cov.    | Accurate  | Pos. def. | Forced |\n------------------------------------------------------------------\n|     False     |     True      |   True    |   True    | False  |\n------------------------------------------------------------------",
    "info_params": "name            value    minuit_hesse    at limit\n----------  ---------  --------------  ----------\nn_sig;122       52510     +/- 2.8e+02       False\u001b[0m\nn_bkg;122        5281     +/- 1.9e+02       False\u001b[0m\nfrac;122        0.476     +/-   0.021       False\u001b[0m\nmu;122           5279     +/-   0.077       False\u001b[0m\nsigmaL;122       11.3     +/-     0.2       False\u001b[0m\nsigmaR;122       18.5     +/-    0.25       False\u001b[0m\nlambda;122  -0.002326     +/- 0.00026       False\u001b[0m",
    "lambda;122": -0.0023255488046943357,
    "lambda;122_err": 0.00025713007388916573,
    "mu;122": 5278.87014904257,
    "mu;122_err": 0.07729892515705196,
    "n_bkg;122": 5280.787373206442,
    "n_bkg;122_err": 185.04430933180774,
    "n_sig;122": 52507.643062334006,
    "n_sig;122_err": 282.9960497511684,
    "r_params": {
        "alphaL": 2.02992217591786,
        "alphaL_Kpipi": 0.24460192523088967,
        "alphaR": -1.7778067363088699,
        "alphaR_Kpipi": -3.7039091117599825,
        "fraction_Kpipi": 0.8711202671020492,
        "muL_Kpipi": 5215.01241921564,
        "muR_Kpipi": 5182.038064198076,
        "nL": 0.4354740104546931,
        "nL_Kpipi": 4.240491048665563,
        "nR": 5.840596424652496,
        "nR_Kpipi": 0.0001401374297617203,
        "r_bkgK": 0.02638313803661172,
        "sigmaL_Kpipi": 18.70617538258287,
        "sigmaR_Kpipi": 39.98961244775733
    },
    "sigmaL;122": 11.303313146503832,
    "sigmaL;122_err": 0.20117043156686412,
    "sigmaR;122": 18.500261084795856,
    "sigmaR;122_err": 0.2539353702640438
}