{
    "fit_ok": true,
    "frac;808": 0.5100010836678802,
    "frac;808_err": 0.01716872450025636,
    "info_fit": "------------------------------------------------------------------\n| FCN = -3.199e+05              |     Ncalls=105 (105 total)     |\n| EDM = 3.69e-05 (Goal: 0.001)  |            up = 0.5            |\n------------------------------------------------------------------\n|  Valid Min.   | Valid Param.  | Above EDM | Reached call limit |\n------------------------------------------------------------------\n|     True      |     True      |   False   |       False        |\n------------------------------------------------------------------\n| Hesse failed  |   Has cov.    | Accurate  | Pos. def. | Forced |\n------------------------------------------------------------------\n|     False     |     True      |   True    |   True    | False  |\n------------------------------------------------------------------",
    "info_params": "name            value    minuit_hesse    at limit\n----------  ---------  --------------  ----------\nn_sig;808       53350     +/- 2.7e+02       False\u001b[0m\nn_bkg;808        3943     +/- 1.6e+02       False\u001b[0m\nfrac;808         0.51     +/-   0.017       False\u001b[0m\nmu;808           5279     +/-   0.077       False\u001b[0m\nsigmaL;808      11.62     +/-    0.17       False\u001b[0m\nsigmaR;808      18.88     +/-    0.25       False\u001b[0m\nlambda;808  -0.001208     +/- 0.00033       False\u001b[0m",
    "lambda;808": -0.0012079804358652302,
    "lambda;808_err": 0.00032519331225318245,
    "mu;808": 5278.893924338253,
    "mu;808_err": 0.07707134092098791,
    "n_bkg;808": 3942.9806866205745,
    "n_bkg;808_err": 162.03594798959136,
    "n_sig;808": 53345.53339612043,
    "n_sig;808_err": 271.7679850639503,
    "r_params": {
        "alphaL": 2.0091713501766217,
        "alphaL_Kpipi": 0.23984147888569726,
        "alphaR": -1.8434701003250504,
        "alphaR_Kpipi": -3.45169511727099,
        "fraction_Kpipi": 0.8861855867303668,
        "muL_Kpipi": 5214.656416664541,
        "muR_Kpipi": 5183.074248990296,
        "nL": 0.4713039968503285,
        "nL_Kpipi": 4.413073505098077,
        "nR": 2.2446659415212644,
        "nR_Kpipi": 1.3686501931786665e-08,
        "r_bkgK": 0.035341458516519916,
        "sigmaL_Kpipi": 19.133710600596434,
        "sigmaR_Kpipi": 39.32384704379869
    },
    "sigmaL;808": 11.623280036331293,
    "sigmaL;808_err": 0.17379078898455963,
    "sigmaR;808": 18.88162252830663,
    "sigmaR;808_err": 0.2500379605603461
}