{
    "fit_ok": true,
    "frac;1538": 0.4970428135245432,
    "frac;1538_err": 0.013527926455865355,
    "info_fit": "------------------------------------------------------------------\n| FCN = -3.199e+05              |     Ncalls=114 (114 total)     |\n| EDM = 0.000145 (Goal: 0.001)  |            up = 0.5            |\n------------------------------------------------------------------\n|  Valid Min.   | Valid Param.  | Above EDM | Reached call limit |\n------------------------------------------------------------------\n|     True      |     True      |   False   |       False        |\n------------------------------------------------------------------\n| Hesse failed  |   Has cov.    | Accurate  | Pos. def. | Forced |\n------------------------------------------------------------------\n|     False     |     True      |   True    |   True    | False  |\n------------------------------------------------------------------",
    "info_params": "name            value    minuit_hesse    at limit\n-----------  --------  --------------  ----------\nn_sig;1538      53600     +/- 2.5e+02       False\u001b[0m\nn_bkg;1538       3677     +/- 1.2e+02       False\u001b[0m\nfrac;1538       0.497     +/-   0.014       False\u001b[0m\nmu;1538          5279     +/-   0.078       False\u001b[0m\nsigmaL;1538     11.75     +/-    0.17       False\u001b[0m\nsigmaR;1538     18.16     +/-     0.2       False\u001b[0m\nlambda;1538  -9.4e-05     +/- 0.00026       False\u001b[0m",
    "lambda;1538": -9.400137455195523e-05,
    "lambda;1538_err": 0.0002559528669526123,
    "mu;1538": 5278.832887294559,
    "mu;1538_err": 0.07785689850199859,
    "n_bkg;1538": 3676.5059045748567,
    "n_bkg;1538_err": 119.1913829774012,
    "n_sig;1538": 53602.60441691583,
    "n_sig;1538_err": 250.93904394575995,
    "r_params": {
        "alphaL": 1.9827641671116345,
        "alphaL_Kpipi": 0.23984147888569726,
        "alphaR": -1.5608745137914979,
        "alphaR_Kpipi": -3.45169511727099,
        "fraction_Kpipi": 0.8861855867303668,
        "muL_Kpipi": 5214.656416664541,
        "muR_Kpipi": 5183.074248990296,
        "nL": 0.41221895164512073,
        "nL_Kpipi": 4.413073505098077,
        "nR": 4.233641777174462,
        "nR_Kpipi": 1.3686501931786665e-08,
        "r_bkgK": 0.035341458516519916,
        "sigmaL_Kpipi": 19.133710600596434,
        "sigmaR_Kpipi": 39.32384704379869
    },
    "sigmaL;1538": 11.750923542448817,
    "sigmaL;1538_err": 0.17180438211161247,
    "sigmaR;1538": 18.155225911297613,
    "sigmaR;1538_err": 0.1959647370883089
}