{
    "fit_ok": true,
    "frac;625": 0.3837463272367791,
    "frac;625_err": 0.01895418493991224,
    "info_fit": "------------------------------------------------------------------\n| FCN = -3.199e+05              |     Ncalls=105 (105 total)     |\n| EDM = 0.000127 (Goal: 0.001)  |            up = 0.5            |\n------------------------------------------------------------------\n|  Valid Min.   | Valid Param.  | Above EDM | Reached call limit |\n------------------------------------------------------------------\n|     True      |     True      |   False   |       False        |\n------------------------------------------------------------------\n| Hesse failed  |   Has cov.    | Accurate  | Pos. def. | Forced |\n------------------------------------------------------------------\n|     False     |     True      |   True    |   True    | False  |\n------------------------------------------------------------------",
    "info_params": "name            value    minuit_hesse    at limit\n----------  ---------  --------------  ----------\nn_sig;625       52230     +/- 2.7e+02       False\u001b[0m\nn_bkg;625        4669     +/- 1.7e+02       False\u001b[0m\nfrac;625       0.3837     +/-   0.019       False\u001b[0m\nmu;625           5279     +/-   0.078       False\u001b[0m\nsigmaL;625       10.6     +/-    0.22       False\u001b[0m\nsigmaR;625      17.88     +/-     0.2       False\u001b[0m\nlambda;625  -0.001413     +/- 0.00028       False\u001b[0m",
    "lambda;625": -0.0014132389314410743,
    "lambda;625_err": 0.00028166078170634005,
    "mu;625": 5278.849439540027,
    "mu;625_err": 0.07755317053752478,
    "n_bkg;625": 4668.550315932401,
    "n_bkg;625_err": 171.4128028356706,
    "n_sig;625": 52226.89597382206,
    "n_sig;625_err": 272.2583300278544,
    "r_params": {
        "alphaL": 2.02992217591786,
        "alphaL_Kpipi": 0.21581385206732617,
        "alphaR": -1.7778067363088699,
        "alphaR_Kpipi": -3.350574499853591,
        "fraction_Kpipi": 0.9073793666005284,
        "muL_Kpipi": 5213.571091599598,
        "muR_Kpipi": 5179.939940057416,
        "nL": 0.4354740104546931,
        "nL_Kpipi": 4.07921075756972,
        "nR": 5.840596424652496,
        "nR_Kpipi": 3.7512367602516646e-05,
        "r_bkgK": 0.04358166426317829,
        "sigmaL_Kpipi": 18.998530725979222,
        "sigmaR_Kpipi": 40.04899578112359
    },
    "sigmaL;625": 10.597759573162683,
    "sigmaL;625_err": 0.2192825046023801,
    "sigmaR;625": 17.879235653724802,
    "sigmaR;625_err": 0.19941265623838136
}