{
    "fit_ok": true,
    "frac;609": 0.4542152547056175,
    "frac;609_err": 0.02225127894122374,
    "info_fit": "------------------------------------------------------------------\n| FCN = -3.199e+05              |     Ncalls=105 (105 total)     |\n| EDM = 1.62e-05 (Goal: 0.001)  |            up = 0.5            |\n------------------------------------------------------------------\n|  Valid Min.   | Valid Param.  | Above EDM | Reached call limit |\n------------------------------------------------------------------\n|     True      |     True      |   False   |       False        |\n------------------------------------------------------------------\n| Hesse failed  |   Has cov.    | Accurate  | Pos. def. | Forced |\n------------------------------------------------------------------\n|     False     |     True      |   True    |   True    | False  |\n------------------------------------------------------------------",
    "info_params": "name            value    minuit_hesse    at limit\n----------  ---------  --------------  ----------\nn_sig;609       52110     +/- 2.8e+02       False\u001b[0m\nn_bkg;609        5216     +/- 1.8e+02       False\u001b[0m\nfrac;609       0.4542     +/-   0.022       False\u001b[0m\nmu;609           5279     +/-   0.077       False\u001b[0m\nsigmaL;609      11.15     +/-    0.21       False\u001b[0m\nsigmaR;609      18.44     +/-    0.26       False\u001b[0m\nlambda;609  -0.002206     +/- 0.00025       False\u001b[0m",
    "lambda;609": -0.0022061882587428583,
    "lambda;609_err": 0.00025263721202044054,
    "mu;609": 5278.843222067654,
    "mu;609_err": 0.07712842003392281,
    "n_bkg;609": 5216.315247382982,
    "n_bkg;609_err": 179.08054630697578,
    "n_sig;609": 52114.90210282341,
    "n_sig;609_err": 277.1485653750918,
    "r_params": {
        "alphaL": 2.0741876369470633,
        "alphaL_Kpipi": 0.23984147888569726,
        "alphaR": -1.7546831871659776,
        "alphaR_Kpipi": -3.45169511727099,
        "fraction_Kpipi": 0.8861855867303668,
        "muL_Kpipi": 5214.656416664541,
        "muR_Kpipi": 5183.074248990296,
        "nL": 0.45726051176817095,
        "nL_Kpipi": 4.413073505098077,
        "nR": 6.874051546968617,
        "nR_Kpipi": 1.3686501931786665e-08,
        "r_bkgK": 0.035341458516519916,
        "sigmaL_Kpipi": 19.133710600596434,
        "sigmaR_Kpipi": 39.32384704379869
    },
    "sigmaL;609": 11.152562149827695,
    "sigmaL;609_err": 0.20848277588532182,
    "sigmaR;609": 18.436233438518716,
    "sigmaR;609_err": 0.25509033470405945
}