{
    "fit_ok": true,
    "frac;872": 0.40147118839590856,
    "frac;872_err": 0.020303512739335387,
    "info_fit": "------------------------------------------------------------------\n| FCN = -3.199e+05              |     Ncalls=104 (104 total)     |\n| EDM = 3.58e-05 (Goal: 0.001)  |            up = 0.5            |\n------------------------------------------------------------------\n|  Valid Min.   | Valid Param.  | Above EDM | Reached call limit |\n------------------------------------------------------------------\n|     True      |     True      |   False   |       False        |\n------------------------------------------------------------------\n| Hesse failed  |   Has cov.    | Accurate  | Pos. def. | Forced |\n------------------------------------------------------------------\n|     False     |     True      |   True    |   True    | False  |\n------------------------------------------------------------------",
    "info_params": "name            value    minuit_hesse    at limit\n----------  ---------  --------------  ----------\nn_sig;872       52230     +/- 2.8e+02       False\u001b[0m\nn_bkg;872        4870     +/- 1.8e+02       False\u001b[0m\nfrac;872       0.4015     +/-    0.02       False\u001b[0m\nmu;872           5279     +/-   0.078       False\u001b[0m\nsigmaL;872      10.76     +/-    0.23       False\u001b[0m\nsigmaR;872      17.94     +/-    0.21       False\u001b[0m\nlambda;872  -0.001733     +/- 0.00028       False\u001b[0m",
    "lambda;872": -0.001733056026955615,
    "lambda;872_err": 0.0002766744255185558,
    "mu;872": 5278.861504498074,
    "mu;872_err": 0.07756307171104633,
    "n_bkg;872": 4870.021850890657,
    "n_bkg;872_err": 178.13457194469268,
    "n_sig;872": 52234.221517674014,
    "n_sig;872_err": 276.5797935333793,
    "r_params": {
        "alphaL": 2.02992217591786,
        "alphaL_Kpipi": 0.23451337060803434,
        "alphaR": -1.7778067363088699,
        "alphaR_Kpipi": -3.4722271307383514,
        "fraction_Kpipi": 0.8883898165994215,
        "muL_Kpipi": 5215.102934797254,
        "muR_Kpipi": 5180.075405944858,
        "nL": 0.4354740104546931,
        "nL_Kpipi": 4.358707672976925,
        "nR": 5.840596424652496,
        "nR_Kpipi": 0.0004888942611861556,
        "r_bkgK": 0.03959380898113313,
        "sigmaL_Kpipi": 18.912730258602046,
        "sigmaR_Kpipi": 37.77891658831025
    },
    "sigmaL;872": 10.758125055887794,
    "sigmaL;872_err": 0.2286132888869964,
    "sigmaR;872": 17.94078916111823,
    "sigmaR;872_err": 0.21144781318624462
}