{
    "fit_ok": false,
    "frac;925": 0.18924522754669326,
    "frac;925_err": 0.014215426816929874,
    "info_fit": "------------------------------------------------------------------\n| FCN = -3.199e+05              |      Ncalls=87 (87 total)      |\n| EDM = 0.00283 (Goal: 0.001)   |            up = 0.5            |\n------------------------------------------------------------------\n|  Valid Min.   | Valid Param.  | Above EDM | Reached call limit |\n------------------------------------------------------------------\n|     True      |     True      |   False   |       False        |\n------------------------------------------------------------------\n| Hesse failed  |   Has cov.    | Accurate  | Pos. def. | Forced |\n------------------------------------------------------------------\n|     False     |     True      |   True    |   True    | False  |\n------------------------------------------------------------------",
    "info_params": "name             value    minuit_hesse    at limit\n----------  ----------  --------------  ----------\nn_sig;925        51100     +/- 2.4e+02       False\u001b[0m\nn_bkg;925         4005     +/- 1.2e+02       False\u001b[0m\nfrac;925        0.1892     +/-   0.014       False\u001b[0m\nmu;925            5279     +/-   0.078       False\u001b[0m\nsigmaL;925       8.652     +/-    0.31       False\u001b[0m\nsigmaR;925       16.54     +/-    0.12       False\u001b[0m\nlambda;925  -0.0001234     +/- 0.00025       False\u001b[0m",
    "lambda;925": -0.00012343191643304774,
    "lambda;925_err": 0.00025276421886290853,
    "mu;925": 5278.79988460188,
    "mu;925_err": 0.07803330852633358,
    "n_bkg;925": 4005.460549598715,
    "n_bkg;925_err": 123.02210251555715,
    "n_sig;925": 51099.0912915154,
    "n_sig;925_err": 241.21888120564674,
    "r_params": {
        "alphaL": 2.02992217591786,
        "alphaL_Kpipi": 0.27078171716229177,
        "alphaR": -1.7778067363088699,
        "alphaR_Kpipi": -3.499087130177907,
        "fraction_Kpipi": 0.8792040620224321,
        "muL_Kpipi": 5214.51402768984,
        "muR_Kpipi": 5179.906536215932,
        "nL": 0.4354740104546931,
        "nL_Kpipi": 4.480461258442668,
        "nR": 5.840596424652496,
        "nR_Kpipi": 3.0165885552279282e-05,
        "r_bkgK": 0.0794414754029654,
        "sigmaL_Kpipi": 19.611155934242554,
        "sigmaR_Kpipi": 37.21925854657745
    },
    "sigmaL;925": 8.652122447981519,
    "sigmaL;925_err": 0.3140176849141725,
    "sigmaR;925": 16.53846232130362,
    "sigmaR;925_err": 0.12263680759855292
}