{
    "fit_ok": true,
    "frac;329": 0.4267613277589307,
    "frac;329_err": 0.020581696244249017,
    "info_fit": "------------------------------------------------------------------\n| FCN = -3.199e+05              |     Ncalls=100 (100 total)     |\n| EDM = 0.000241 (Goal: 0.001)  |            up = 0.5            |\n------------------------------------------------------------------\n|  Valid Min.   | Valid Param.  | Above EDM | Reached call limit |\n------------------------------------------------------------------\n|     True      |     True      |   False   |       False        |\n------------------------------------------------------------------\n| Hesse failed  |   Has cov.    | Accurate  | Pos. def. | Forced |\n------------------------------------------------------------------\n|     False     |     True      |   True    |   True    | False  |\n------------------------------------------------------------------",
    "info_params": "name            value    minuit_hesse    at limit\n----------  ---------  --------------  ----------\nn_sig;329       52280     +/- 2.8e+02       False\u001b[0m\nn_bkg;329        5003     +/- 1.8e+02       False\u001b[0m\nfrac;329       0.4268     +/-   0.021       False\u001b[0m\nmu;329           5279     +/-   0.078       False\u001b[0m\nsigmaL;329      10.94     +/-    0.22       False\u001b[0m\nsigmaR;329      18.12     +/-    0.22       False\u001b[0m\nlambda;329  -0.001933     +/- 0.00027       False\u001b[0m",
    "lambda;329": -0.0019334561369153125,
    "lambda;329_err": 0.0002700753785649517,
    "mu;329": 5278.878271447414,
    "mu;329_err": 0.07750661869280916,
    "n_bkg;329": 5002.522035899345,
    "n_bkg;329_err": 180.47493577681178,
    "n_sig;329": 52280.31911177106,
    "n_sig;329_err": 278.6980446559882,
    "r_params": {
        "alphaL": 2.02992217591786,
        "alphaL_Kpipi": 0.23984147888569726,
        "alphaR": -1.7778067363088699,
        "alphaR_Kpipi": -3.45169511727099,
        "fraction_Kpipi": 0.8861855867303668,
        "muL_Kpipi": 5214.656416664541,
        "muR_Kpipi": 5183.074248990296,
        "mu_Ds": 5278.949421551994,
        "nL": 0.4354740104546931,
        "nL_Kpipi": 4.413073505098077,
        "nR": 5.840596424652496,
        "nR_Kpipi": 1.3686501931786665e-08,
        "n_sig_Ds": 1425.105681237833,
        "r_bkgK": 0.035341458516519916,
        "sigmaL_Kpipi": 19.133710600596434,
        "sigmaR_Kpipi": 39.32384704379869,
        "sigma_Ds": 12.72068391796431
    },
    "sigmaL;329": 10.940321285570873,
    "sigmaL;329_err": 0.21817748348272334,
    "sigmaR;329": 18.11665848536684,
    "sigmaR;329_err": 0.22385909729681144
}