{
    "fit_ok": true,
    "frac;140": 0.3052221999562893,
    "frac;140_err": 0.013283158834455999,
    "info_fit": "------------------------------------------------------------------\n| FCN = -3.199e+05              |     Ncalls=103 (103 total)     |\n| EDM = 0.000299 (Goal: 0.001)  |            up = 0.5            |\n------------------------------------------------------------------\n|  Valid Min.   | Valid Param.  | Above EDM | Reached call limit |\n------------------------------------------------------------------\n|     True      |     True      |   False   |       False        |\n------------------------------------------------------------------\n| Hesse failed  |   Has cov.    | Accurate  | Pos. def. | Forced |\n------------------------------------------------------------------\n|     False     |     True      |   True    |   True    | False  |\n------------------------------------------------------------------",
    "info_params": "name            value    minuit_hesse    at limit\n----------  ---------  --------------  ----------\nn_sig;140       52740     +/- 2.8e+02       False\u001b[0m\nn_bkg;140        4569     +/- 1.7e+02       False\u001b[0m\nfrac;140       0.3052     +/-   0.013       False\u001b[0m\nmu;140           5279     +/-   0.079       False\u001b[0m\nsigmaL;140      9.955     +/-    0.26       False\u001b[0m\nsigmaR;140      16.83     +/-    0.13       False\u001b[0m\nlambda;140  -0.001174     +/-  0.0003       False\u001b[0m",
    "lambda;140": -0.0011735242581114719,
    "lambda;140_err": 0.00029811427723049695,
    "mu;140": 5278.905012224586,
    "mu;140_err": 0.07903989005226911,
    "n_bkg;140": 4568.7705779671,
    "n_bkg;140_err": 174.122962679403,
    "n_sig;140": 52737.797543151144,
    "n_sig;140_err": 276.24994343599195,
    "r_params": {
        "alphaL": 1.8621597146609363,
        "alphaL_Kpipi": 0.23984147888569726,
        "alphaR": -1.6916129240220685,
        "alphaR_Kpipi": -3.45169511727099,
        "fraction_Kpipi": 0.8861855867303668,
        "muL_Kpipi": 5214.656416664541,
        "muR_Kpipi": 5183.074248990296,
        "nL": 0.34780996644912615,
        "nL_Kpipi": 4.413073505098077,
        "nR": 7.329446190592939,
        "nR_Kpipi": 1.3686501931786665e-08,
        "r_bkgK": 0.035341458516519916,
        "sigmaL_Kpipi": 19.133710600596434,
        "sigmaR_Kpipi": 39.32384704379869
    },
    "sigmaL;140": 9.954718177091866,
    "sigmaL;140_err": 0.2563931299381947,
    "sigmaR;140": 16.829251781990607,
    "sigmaR;140_err": 0.13220126153620046
}