{
    "fit_ok": true,
    "frac;1413": 0.4150500707935116,
    "frac;1413_err": 0.020774686972204158,
    "info_fit": "------------------------------------------------------------------\n| FCN = -3.199e+05              |     Ncalls=103 (103 total)     |\n| EDM = 9.33e-05 (Goal: 0.001)  |            up = 0.5            |\n------------------------------------------------------------------\n|  Valid Min.   | Valid Param.  | Above EDM | Reached call limit |\n------------------------------------------------------------------\n|     True      |     True      |   False   |       False        |\n------------------------------------------------------------------\n| Hesse failed  |   Has cov.    | Accurate  | Pos. def. | Forced |\n------------------------------------------------------------------\n|     False     |     True      |   True    |   True    | False  |\n------------------------------------------------------------------",
    "info_params": "name            value    minuit_hesse    at limit\n-----------  --------  --------------  ----------\nn_sig;1413      52260     +/- 2.8e+02       False\u001b[0m\nn_bkg;1413       5012     +/- 1.8e+02       False\u001b[0m\nfrac;1413      0.4151     +/-   0.021       False\u001b[0m\nmu;1413          5279     +/-   0.078       False\u001b[0m\nsigmaL;1413     10.87     +/-    0.23       False\u001b[0m\nsigmaR;1413     18.02     +/-    0.22       False\u001b[0m\nlambda;1413  -0.00195     +/- 0.00027       False\u001b[0m",
    "lambda;1413": -0.0019502264392741164,
    "lambda;1413_err": 0.0002704723112518332,
    "mu;1413": 5278.859935876135,
    "mu;1413_err": 0.07752268903509522,
    "n_bkg;1413": 5012.252184681453,
    "n_bkg;1413_err": 180.95042775313118,
    "n_sig;1413": 52260.89041427582,
    "n_sig;1413_err": 278.6719035177144,
    "r_params": {
        "alphaL": 2.02992217591786,
        "alphaL_Kpipi": 0.2603301457746314,
        "alphaR": -1.7778067363088699,
        "alphaR_Kpipi": -3.6004769938014882,
        "fraction_Kpipi": 0.8942670557658723,
        "muL_Kpipi": 5214.789923938225,
        "muR_Kpipi": 5182.341839225272,
        "nL": 0.4354740104546931,
        "nL_Kpipi": 4.33817884133947,
        "nR": 5.840596424652496,
        "nR_Kpipi": 5.01382912429969e-05,
        "r_bkgK": 0.03634777386254378,
        "sigmaL_Kpipi": 18.39225865365626,
        "sigmaR_Kpipi": 40.92788625646764
    },
    "sigmaL;1413": 10.871081067531897,
    "sigmaL;1413_err": 0.2258956593311639,
    "sigmaR;1413": 18.020588476445546,
    "sigmaR;1413_err": 0.2186406450228421
}