{
    "fit_ok": true,
    "frac;490": 0.3587127898656676,
    "frac;490_err": 0.018709789586863913,
    "info_fit": "------------------------------------------------------------------\n| FCN = -3.199e+05              |     Ncalls=103 (103 total)     |\n| EDM = 0.000127 (Goal: 0.001)  |            up = 0.5            |\n------------------------------------------------------------------\n|  Valid Min.   | Valid Param.  | Above EDM | Reached call limit |\n------------------------------------------------------------------\n|     True      |     True      |   False   |       False        |\n------------------------------------------------------------------\n| Hesse failed  |   Has cov.    | Accurate  | Pos. def. | Forced |\n------------------------------------------------------------------\n|     False     |     True      |   True    |   True    | False  |\n------------------------------------------------------------------",
    "info_params": "name            value    minuit_hesse    at limit\n----------  ---------  --------------  ----------\nn_sig;490       51960     +/- 2.8e+02       False\u001b[0m\nn_bkg;490        5371     +/- 1.8e+02       False\u001b[0m\nfrac;490       0.3587     +/-   0.019       False\u001b[0m\nmu;490           5279     +/-   0.078       False\u001b[0m\nsigmaL;490      10.32     +/-    0.24       False\u001b[0m\nsigmaR;490       17.5     +/-    0.18       False\u001b[0m\nlambda;490  -0.002278     +/- 0.00025       False\u001b[0m",
    "lambda;490": -0.0022781581322317557,
    "lambda;490_err": 0.0002504358113842848,
    "mu;490": 5278.949259948865,
    "mu;490_err": 0.07816431602759331,
    "n_bkg;490": 5370.76595212081,
    "n_bkg;490_err": 182.2862517923822,
    "n_sig;490": 51964.260553326785,
    "n_sig;490_err": 278.4817736562313,
    "r_params": {
        "alphaL": 1.8785362066032754,
        "alphaL_Kpipi": 0.23984147888569726,
        "alphaR": -1.8611538034921409,
        "alphaR_Kpipi": -3.45169511727099,
        "fraction_Kpipi": 0.8861855867303668,
        "muL_Kpipi": 5214.656416664541,
        "muR_Kpipi": 5183.074248990296,
        "nL": 0.5241752710469466,
        "nL_Kpipi": 4.413073505098077,
        "nR": 7.001303014599486,
        "nR_Kpipi": 1.3686501931786665e-08,
        "r_bkgK": 0.035341458516519916,
        "sigmaL_Kpipi": 19.133710600596434,
        "sigmaR_Kpipi": 39.32384704379869
    },
    "sigmaL;490": 10.316011882784416,
    "sigmaL;490_err": 0.23840915880672486,
    "sigmaR;490": 17.49673514542526,
    "sigmaR;490_err": 0.17697073066516084
}