{
    "fit_ok": true,
    "frac;285": 0.4269653311856881,
    "frac;285_err": 0.02058614934821688,
    "info_fit": "------------------------------------------------------------------\n| FCN = -3.199e+05              |     Ncalls=104 (104 total)     |\n| EDM = 9.55e-05 (Goal: 0.001)  |            up = 0.5            |\n------------------------------------------------------------------\n|  Valid Min.   | Valid Param.  | Above EDM | Reached call limit |\n------------------------------------------------------------------\n|     True      |     True      |   False   |       False        |\n------------------------------------------------------------------\n| Hesse failed  |   Has cov.    | Accurate  | Pos. def. | Forced |\n------------------------------------------------------------------\n|     False     |     True      |   True    |   True    | False  |\n------------------------------------------------------------------",
    "info_params": "name            value    minuit_hesse    at limit\n----------  ---------  --------------  ----------\nn_sig;285       52270     +/- 2.8e+02       False\u001b[0m\nn_bkg;285        5002     +/- 1.8e+02       False\u001b[0m\nfrac;285        0.427     +/-   0.021       False\u001b[0m\nmu;285           5279     +/-   0.078       False\u001b[0m\nsigmaL;285      10.94     +/-    0.22       False\u001b[0m\nsigmaR;285      18.12     +/-    0.22       False\u001b[0m\nlambda;285  -0.001932     +/- 0.00027       False\u001b[0m",
    "lambda;285": -0.0019323236399154675,
    "lambda;285_err": 0.000270163260306609,
    "mu;285": 5278.879414214403,
    "mu;285_err": 0.07750712332240543,
    "n_bkg;285": 5002.10187617463,
    "n_bkg;285_err": 180.51024258047983,
    "n_sig;285": 52273.54508831276,
    "n_sig;285_err": 278.68967422668953,
    "r_params": {
        "alphaL": 2.02992217591786,
        "alphaL_Kpipi": 0.23984147888569726,
        "alphaR": -1.7778067363088699,
        "alphaR_Kpipi": -3.45169511727099,
        "fraction_Kpipi": 0.8861855867303668,
        "muL_Kpipi": 5214.656416664541,
        "muR_Kpipi": 5183.074248990296,
        "mu_Ds": 5278.934798135886,
        "nL": 0.4354740104546931,
        "nL_Kpipi": 4.413073505098077,
        "nR": 5.840596424652496,
        "nR_Kpipi": 1.3686501931786665e-08,
        "n_sig_Ds": 1430.5845875657906,
        "r_bkgK": 0.035341458516519916,
        "sigmaL_Kpipi": 19.133710600596434,
        "sigmaR_Kpipi": 39.32384704379869,
        "sigma_Ds": 12.832927087561044
    },
    "sigmaL;285": 10.93692707370405,
    "sigmaL;285_err": 0.21810227788325798,
    "sigmaR;285": 18.116662566892437,
    "sigmaR;285_err": 0.22411569254736702
}