{
    "fit_ok": true,
    "frac;572": 0.5168526021154396,
    "frac;572_err": 0.019664301507881305,
    "info_fit": "------------------------------------------------------------------\n| FCN = -3.199e+05              |     Ncalls=105 (105 total)     |\n| EDM = 7.32e-05 (Goal: 0.001)  |            up = 0.5            |\n------------------------------------------------------------------\n|  Valid Min.   | Valid Param.  | Above EDM | Reached call limit |\n------------------------------------------------------------------\n|     True      |     True      |   False   |       False        |\n------------------------------------------------------------------\n| Hesse failed  |   Has cov.    | Accurate  | Pos. def. | Forced |\n------------------------------------------------------------------\n|     False     |     True      |   True    |   True    | False  |\n------------------------------------------------------------------",
    "info_params": "name            value    minuit_hesse    at limit\n----------  ---------  --------------  ----------\nn_sig;572       52490     +/- 2.7e+02       False\u001b[0m\nn_bkg;572        4828     +/- 1.7e+02       False\u001b[0m\nfrac;572       0.5169     +/-    0.02       False\u001b[0m\nmu;572           5279     +/-   0.078       False\u001b[0m\nsigmaL;572      11.82     +/-    0.18       False\u001b[0m\nsigmaR;572      18.36     +/-    0.26       False\u001b[0m\nlambda;572  -0.001889     +/- 0.00026       False\u001b[0m",
    "lambda;572": -0.0018891952546984392,
    "lambda;572_err": 0.00026167819313383775,
    "mu;572": 5278.869057943911,
    "mu;572_err": 0.07806992493400397,
    "n_bkg;572": 4828.226298875572,
    "n_bkg;572_err": 168.61800970214654,
    "n_sig;572": 52489.83765692159,
    "n_sig;572_err": 272.35447532641064,
    "r_params": {
        "alphaL": 1.9263302365667183,
        "alphaL_Kpipi": 0.23984147888569726,
        "alphaR": -1.6013683355298027,
        "alphaR_Kpipi": -3.45169511727099,
        "fraction_Kpipi": 0.8861855867303668,
        "muL_Kpipi": 5214.656416664541,
        "muR_Kpipi": 5183.074248990296,
        "nL": 0.6274006780510407,
        "nL_Kpipi": 4.413073505098077,
        "nR": 5.493025558791587,
        "nR_Kpipi": 1.3686501931786665e-08,
        "r_bkgK": 0.035341458516519916,
        "sigmaL_Kpipi": 19.133710600596434,
        "sigmaR_Kpipi": 39.32384704379869
    },
    "sigmaL;572": 11.81726463830007,
    "sigmaL;572_err": 0.18031224070436921,
    "sigmaR;572": 18.362253967908153,
    "sigmaR;572_err": 0.26247655435008516
}