{
    "fit_ok": true,
    "frac;1342": 0.7180659197575275,
    "frac;1342_err": 0.005052715183972303,
    "info_fit": "------------------------------------------------------------------\n| FCN = -3.199e+05              |     Ncalls=103 (103 total)     |\n| EDM = 3.44e-05 (Goal: 0.001)  |            up = 0.5            |\n------------------------------------------------------------------\n|  Valid Min.   | Valid Param.  | Above EDM | Reached call limit |\n------------------------------------------------------------------\n|     True      |     True      |   False   |       False        |\n------------------------------------------------------------------\n| Hesse failed  |   Has cov.    | Accurate  | Pos. def. | Forced |\n------------------------------------------------------------------\n|     False     |     True      |   True    |   True    | False  |\n------------------------------------------------------------------",
    "info_params": "name            value    minuit_hesse    at limit\n-----------  --------  --------------  ----------\nn_sig;1342      56380     +/- 2.5e+02       False\u001b[0m\nn_bkg;1342      803.6     +/-   1e+02       False\u001b[0m\nfrac;1342      0.7181     +/-  0.0051       False\u001b[0m\nmu;1342          5279     +/-   0.076       False\u001b[0m\nsigmaL;1342     13.13     +/-    0.09       False\u001b[0m\nsigmaR;1342     26.47     +/-    0.42       False\u001b[0m\nlambda;1342  -0.02884     +/-  0.0049       False\u001b[0m",
    "lambda;1342": -0.028842354270125492,
    "lambda;1342_err": 0.004948166382777256,
    "mu;1342": 5278.828526440132,
    "mu;1342_err": 0.07640890029315993,
    "n_bkg;1342": 803.5786931451714,
    "n_bkg;1342_err": 100.98579003148497,
    "n_sig;1342": 56375.23957632948,
    "n_sig;1342_err": 254.40953646160423,
    "r_params": {
        "alphaL": 2.2612450545345775,
        "alphaL_Kpipi": 0.23984147888569726,
        "alphaR": -1.8653484084206509,
        "alphaR_Kpipi": -3.45169511727099,
        "fraction_Kpipi": 0.8861855867303668,
        "muL_Kpipi": 5214.656416664541,
        "muR_Kpipi": 5183.074248990296,
        "nL": 0.4081597086154591,
        "nL_Kpipi": 4.413073505098077,
        "nR": 0.38102747046892116,
        "nR_Kpipi": 1.3686501931786665e-08,
        "r_bkgK": 0.035341458516519916,
        "sigmaL_Kpipi": 19.133710600596434,
        "sigmaR_Kpipi": 39.32384704379869
    },
    "sigmaL;1342": 13.134164444692567,
    "sigmaL;1342_err": 0.0898687065016116,
    "sigmaR;1342": 26.46927863723047,
    "sigmaR;1342_err": 0.42391158000716606
}