{
    "fit_ok": true,
    "frac;1470": 0.30491443404354823,
    "frac;1470_err": 0.01598940286110663,
    "info_fit": "------------------------------------------------------------------\n| FCN = -3.199e+05              |     Ncalls=103 (103 total)     |\n| EDM = 2.03e-05 (Goal: 0.001)  |            up = 0.5            |\n------------------------------------------------------------------\n|  Valid Min.   | Valid Param.  | Above EDM | Reached call limit |\n------------------------------------------------------------------\n|     True      |     True      |   False   |       False        |\n------------------------------------------------------------------\n| Hesse failed  |   Has cov.    | Accurate  | Pos. def. | Forced |\n------------------------------------------------------------------\n|     False     |     True      |   True    |   True    | False  |\n------------------------------------------------------------------",
    "info_params": "name             value    minuit_hesse    at limit\n-----------  ---------  --------------  ----------\nn_sig;1470       52180     +/- 2.8e+02       False\u001b[0m\nn_bkg;1470        5147     +/- 1.8e+02       False\u001b[0m\nfrac;1470       0.3049     +/-   0.016       False\u001b[0m\nmu;1470           5279     +/-   0.078       False\u001b[0m\nsigmaL;1470      9.761     +/-    0.26       False\u001b[0m\nsigmaR;1470      17.19     +/-    0.15       False\u001b[0m\nlambda;1470  -0.001873     +/- 0.00027       False\u001b[0m",
    "lambda;1470": -0.0018734100021555733,
    "lambda;1470_err": 0.00026889412985859154,
    "mu;1470": 5278.922258351331,
    "mu;1470_err": 0.07813420687879055,
    "n_bkg;1470": 5146.762572378992,
    "n_bkg;1470_err": 183.9200057447247,
    "n_sig;1470": 52179.62122617552,
    "n_sig;1470_err": 280.1630445659055,
    "r_params": {
        "alphaL": 1.964926321483031,
        "alphaL_Kpipi": 0.23984147888569726,
        "alphaR": -1.8779995583200724,
        "alphaR_Kpipi": -3.45169511727099,
        "fraction_Kpipi": 0.8861855867303668,
        "muL_Kpipi": 5214.656416664541,
        "muR_Kpipi": 5183.074248990296,
        "nL": 0.3306366077082982,
        "nL_Kpipi": 4.413073505098077,
        "nR": 8.254294396363836,
        "nR_Kpipi": 1.3686501931786665e-08,
        "r_bkgK": 0.035341458516519916,
        "sigmaL_Kpipi": 19.133710600596434,
        "sigmaR_Kpipi": 39.32384704379869
    },
    "sigmaL;1470": 9.76109650769218,
    "sigmaL;1470_err": 0.25657206530928595,
    "sigmaR;1470": 17.186727718311637,
    "sigmaR;1470_err": 0.15063789237368655
}