{
    "fit_ok": true,
    "frac;1023": 0.38515474631980184,
    "frac;1023_err": 0.01994536057058277,
    "info_fit": "------------------------------------------------------------------\n| FCN = -3.199e+05              |     Ncalls=101 (101 total)     |\n| EDM = 8.81e-05 (Goal: 0.001)  |            up = 0.5            |\n------------------------------------------------------------------\n|  Valid Min.   | Valid Param.  | Above EDM | Reached call limit |\n------------------------------------------------------------------\n|     True      |     True      |   False   |       False        |\n------------------------------------------------------------------\n| Hesse failed  |   Has cov.    | Accurate  | Pos. def. | Forced |\n------------------------------------------------------------------\n|     False     |     True      |   True    |   True    | False  |\n------------------------------------------------------------------",
    "info_params": "name             value    minuit_hesse    at limit\n-----------  ---------  --------------  ----------\nn_sig;1023       52030     +/- 2.8e+02       False\u001b[0m\nn_bkg;1023        5297     +/- 1.8e+02       False\u001b[0m\nfrac;1023       0.3852     +/-    0.02       False\u001b[0m\nmu;1023           5279     +/-   0.078       False\u001b[0m\nsigmaL;1023      10.57     +/-    0.23       False\u001b[0m\nsigmaR;1023      17.77     +/-     0.2       False\u001b[0m\nlambda;1023  -0.002209     +/- 0.00025       False\u001b[0m",
    "lambda;1023": -0.0022088619007285537,
    "lambda;1023_err": 0.00025452062728563993,
    "mu;1023": 5278.908564409349,
    "mu;1023_err": 0.07771425459728223,
    "n_bkg;1023": 5297.4915043249275,
    "n_bkg;1023_err": 182.4654194458036,
    "n_sig;1023": 52034.959186266955,
    "n_sig;1023_err": 278.8509094579377,
    "r_params": {
        "alphaL": 1.9580425356600706,
        "alphaL_Kpipi": 0.23984147888569726,
        "alphaR": -1.8359391060260906,
        "alphaR_Kpipi": -3.45169511727099,
        "fraction_Kpipi": 0.8861855867303668,
        "muL_Kpipi": 5214.656416664541,
        "muR_Kpipi": 5183.074248990296,
        "nL": 0.48084729256860775,
        "nL_Kpipi": 4.413073505098077,
        "nR": 7.0639955120492575,
        "nR_Kpipi": 1.3686501931786665e-08,
        "r_bkgK": 0.035341458516519916,
        "sigmaL_Kpipi": 19.133710600596434,
        "sigmaR_Kpipi": 39.32384704379869
    },
    "sigmaL;1023": 10.570449526287243,
    "sigmaL;1023_err": 0.2296682595263535,
    "sigmaR;1023": 17.771739760319036,
    "sigmaR;1023_err": 0.1978755068935563
}