{
    "fit_ok": true,
    "frac;84": 0.25234577114531576,
    "frac;84_err": 0.01144846979086656,
    "info_fit": "------------------------------------------------------------------\n| FCN = -3.199e+05              |     Ncalls=102 (102 total)     |\n| EDM = 0.000104 (Goal: 0.001)  |            up = 0.5            |\n------------------------------------------------------------------\n|  Valid Min.   | Valid Param.  | Above EDM | Reached call limit |\n------------------------------------------------------------------\n|     True      |     True      |   False   |       False        |\n------------------------------------------------------------------\n| Hesse failed  |   Has cov.    | Accurate  | Pos. def. | Forced |\n------------------------------------------------------------------\n|     False     |     True      |   True    |   True    | False  |\n------------------------------------------------------------------",
    "info_params": "name           value    minuit_hesse    at limit\n---------  ---------  --------------  ----------\nn_sig;84       52780     +/- 2.8e+02       False\u001b[0m\nn_bkg;84        4524     +/- 1.7e+02       False\u001b[0m\nfrac;84       0.2523     +/-   0.011       False\u001b[0m\nmu;84           5279     +/-   0.079       False\u001b[0m\nsigmaL;84      9.266     +/-    0.28       False\u001b[0m\nsigmaR;84      16.63     +/-    0.11       False\u001b[0m\nlambda;84  -0.001056     +/-  0.0003       False\u001b[0m",
    "lambda;84": -0.00105648929045625,
    "lambda;84_err": 0.0002996004006098124,
    "mu;84": 5278.900131340161,
    "mu;84_err": 0.07877157498107809,
    "n_bkg;84": 4523.58700079518,
    "n_bkg;84_err": 172.4405973370053,
    "n_sig;84": 52781.13420198654,
    "n_sig;84_err": 275.37968455152725,
    "r_params": {
        "alphaL": 1.932425072568528,
        "alphaL_Kpipi": 0.23984147888569726,
        "alphaR": -1.8121042159015628,
        "alphaR_Kpipi": -3.45169511727099,
        "fraction_Kpipi": 0.8861855867303668,
        "muL_Kpipi": 5214.656416664541,
        "muR_Kpipi": 5183.074248990296,
        "nL": 0.2185775763456433,
        "nL_Kpipi": 4.413073505098077,
        "nR": 5.840786730566946,
        "nR_Kpipi": 1.3686501931786665e-08,
        "r_bkgK": 0.035341458516519916,
        "sigmaL_Kpipi": 19.133710600596434,
        "sigmaR_Kpipi": 39.32384704379869
    },
    "sigmaL;84": 9.266489573873697,
    "sigmaL;84_err": 0.2822775465987273,
    "sigmaR;84": 16.626330892851023,
    "sigmaR;84_err": 0.11455517525424529
}