{
    "fit_ok": true,
    "frac;898": 0.45125948867119126,
    "frac;898_err": 0.016912087446266297,
    "info_fit": "------------------------------------------------------------------\n| FCN = -3.199e+05              |     Ncalls=105 (105 total)     |\n| EDM = 0.000101 (Goal: 0.001)  |            up = 0.5            |\n------------------------------------------------------------------\n|  Valid Min.   | Valid Param.  | Above EDM | Reached call limit |\n------------------------------------------------------------------\n|     True      |     True      |   False   |       False        |\n------------------------------------------------------------------\n| Hesse failed  |   Has cov.    | Accurate  | Pos. def. | Forced |\n------------------------------------------------------------------\n|     False     |     True      |   True    |   True    | False  |\n------------------------------------------------------------------",
    "info_params": "name             value    minuit_hesse    at limit\n----------  ----------  --------------  ----------\nn_sig;898        53060     +/- 2.7e+02       False\u001b[0m\nn_bkg;898         4233     +/- 1.7e+02       False\u001b[0m\nfrac;898        0.4513     +/-   0.017       False\u001b[0m\nmu;898            5279     +/-   0.077       False\u001b[0m\nsigmaL;898       11.25     +/-    0.19       False\u001b[0m\nsigmaR;898       18.16     +/-    0.21       False\u001b[0m\nlambda;898  -0.0008951     +/- 0.00031       False\u001b[0m",
    "lambda;898": -0.0008950502210971489,
    "lambda;898_err": 0.0003107334769586888,
    "mu;898": 5278.823875997919,
    "mu;898_err": 0.07746396687190756,
    "n_bkg;898": 4233.204581519789,
    "n_bkg;898_err": 167.0717983960742,
    "n_sig;898": 53063.93533410187,
    "n_sig;898_err": 273.42959320503286,
    "r_params": {
        "alphaL": 2.0654129864741115,
        "alphaL_Kpipi": 0.23984147888569726,
        "alphaR": -1.6510610579762717,
        "alphaR_Kpipi": -3.45169511727099,
        "fraction_Kpipi": 0.8861855867303668,
        "muL_Kpipi": 5214.656416664541,
        "muR_Kpipi": 5183.074248990296,
        "nL": 0.3463002956402982,
        "nL_Kpipi": 4.413073505098077,
        "nR": 5.149589396493023,
        "nR_Kpipi": 1.3686501931786665e-08,
        "r_bkgK": 0.035341458516519916,
        "sigmaL_Kpipi": 19.133710600596434,
        "sigmaR_Kpipi": 39.32384704379869
    },
    "sigmaL;898": 11.251562817082998,
    "sigmaL;898_err": 0.18852244667964604,
    "sigmaR;898": 18.160404570644822,
    "sigmaR;898_err": 0.2125490908915679
}