{
    "fit_ok": true,
    "frac;1475": 0.5654193557031286,
    "frac;1475_err": 0.022842539043867793,
    "info_fit": "------------------------------------------------------------------\n| FCN = -3.199e+05              |     Ncalls=105 (105 total)     |\n| EDM = 2.55e-05 (Goal: 0.001)  |            up = 0.5            |\n------------------------------------------------------------------\n|  Valid Min.   | Valid Param.  | Above EDM | Reached call limit |\n------------------------------------------------------------------\n|     True      |     True      |   False   |       False        |\n------------------------------------------------------------------\n| Hesse failed  |   Has cov.    | Accurate  | Pos. def. | Forced |\n------------------------------------------------------------------\n|     False     |     True      |   True    |   True    | False  |\n------------------------------------------------------------------",
    "info_params": "name             value    minuit_hesse    at limit\n-----------  ---------  --------------  ----------\nn_sig;1475       52270     +/- 2.7e+02       False\u001b[0m\nn_bkg;1475        5058     +/- 1.6e+02       False\u001b[0m\nfrac;1475       0.5654     +/-   0.023       False\u001b[0m\nmu;1475           5279     +/-   0.076       False\u001b[0m\nsigmaL;1475      11.94     +/-    0.18       False\u001b[0m\nsigmaR;1475      19.83     +/-    0.36       False\u001b[0m\nlambda;1475  -0.002342     +/- 0.00024       False\u001b[0m",
    "lambda;1475": -0.0023421603959801196,
    "lambda;1475_err": 0.0002381843284512724,
    "mu;1475": 5278.78042287819,
    "mu;1475_err": 0.07643658460487643,
    "n_bkg;1475": 5057.874672624617,
    "n_bkg;1475_err": 164.68752077726782,
    "n_sig;1475": 52270.24786122141,
    "n_sig;1475_err": 269.39573310731805,
    "r_params": {
        "alphaL": 2.2185619032438635,
        "alphaL_Kpipi": 0.23984147888569726,
        "alphaR": -1.7303095539111235,
        "alphaR_Kpipi": -3.45169511727099,
        "fraction_Kpipi": 0.8861855867303668,
        "muL_Kpipi": 5214.656416664541,
        "muR_Kpipi": 5183.074248990296,
        "nL": 0.4386067107603668,
        "nL_Kpipi": 4.413073505098077,
        "nR": 4.088835034231884,
        "nR_Kpipi": 1.3686501931786665e-08,
        "r_bkgK": 0.035341458516519916,
        "sigmaL_Kpipi": 19.133710600596434,
        "sigmaR_Kpipi": 39.32384704379869
    },
    "sigmaL;1475": 11.94210671946215,
    "sigmaL;1475_err": 0.18237174518913066,
    "sigmaR;1475": 19.832305747262218,
    "sigmaR;1475_err": 0.3638345010013339
}