{
    "fit_ok": true,
    "frac;733": 0.4309105570695413,
    "frac;733_err": 0.018614234336598052,
    "info_fit": "------------------------------------------------------------------\n| FCN = -3.199e+05              |     Ncalls=103 (103 total)     |\n| EDM = 3.85e-05 (Goal: 0.001)  |            up = 0.5            |\n------------------------------------------------------------------\n|  Valid Min.   | Valid Param.  | Above EDM | Reached call limit |\n------------------------------------------------------------------\n|     True      |     True      |   False   |       False        |\n------------------------------------------------------------------\n| Hesse failed  |   Has cov.    | Accurate  | Pos. def. | Forced |\n------------------------------------------------------------------\n|     False     |     True      |   True    |   True    | False  |\n------------------------------------------------------------------",
    "info_params": "name            value    minuit_hesse    at limit\n----------  ---------  --------------  ----------\nn_sig;733       52710     +/- 2.8e+02       False\u001b[0m\nn_bkg;733        4603     +/- 1.8e+02       False\u001b[0m\nfrac;733       0.4309     +/-   0.019       False\u001b[0m\nmu;733           5279     +/-   0.077       False\u001b[0m\nsigmaL;733      11.03     +/-     0.2       False\u001b[0m\nsigmaR;733      18.12     +/-    0.22       False\u001b[0m\nlambda;733  -0.001367     +/- 0.00029       False\u001b[0m",
    "lambda;733": -0.0013668924205757493,
    "lambda;733_err": 0.00029444275683398227,
    "mu;733": 5278.825240752301,
    "mu;733_err": 0.07738964614581124,
    "n_bkg;733": 4602.877593313659,
    "n_bkg;733_err": 176.40345112362496,
    "n_sig;733": 52706.19422336304,
    "n_sig;733_err": 277.57913582635547,
    "r_params": {
        "alphaL": 2.0898239065534256,
        "alphaL_Kpipi": 0.23984147888569726,
        "alphaR": -1.6894044044202718,
        "alphaR_Kpipi": -3.45169511727099,
        "fraction_Kpipi": 0.8861855867303668,
        "muL_Kpipi": 5214.656416664541,
        "muR_Kpipi": 5183.074248990296,
        "nL": 0.3389188160976722,
        "nL_Kpipi": 4.413073505098077,
        "nR": 6.277169551172738,
        "nR_Kpipi": 1.3686501931786665e-08,
        "r_bkgK": 0.035341458516519916,
        "sigmaL_Kpipi": 19.133710600596434,
        "sigmaR_Kpipi": 39.32384704379869
    },
    "sigmaL;733": 11.031538660570135,
    "sigmaL;733_err": 0.20137039928805145,
    "sigmaR;733": 18.11673129433371,
    "sigmaR;733_err": 0.2173132085369809
}