{
    "fit_ok": true,
    "frac;932": 0.3034553810253875,
    "frac;932_err": 0.016375719952129917,
    "info_fit": "------------------------------------------------------------------\n| FCN = -3.199e+05              |     Ncalls=101 (101 total)     |\n| EDM = 1.63e-05 (Goal: 0.001)  |            up = 0.5            |\n------------------------------------------------------------------\n|  Valid Min.   | Valid Param.  | Above EDM | Reached call limit |\n------------------------------------------------------------------\n|     True      |     True      |   False   |       False        |\n------------------------------------------------------------------\n| Hesse failed  |   Has cov.    | Accurate  | Pos. def. | Forced |\n------------------------------------------------------------------\n|     False     |     True      |   True    |   True    | False  |\n------------------------------------------------------------------",
    "info_params": "name            value    minuit_hesse    at limit\n----------  ---------  --------------  ----------\nn_sig;932       52050     +/- 2.8e+02       False\u001b[0m\nn_bkg;932        5286     +/- 1.8e+02       False\u001b[0m\nfrac;932       0.3035     +/-   0.016       False\u001b[0m\nmu;932           5279     +/-   0.078       False\u001b[0m\nsigmaL;932      9.704     +/-    0.25       False\u001b[0m\nsigmaR;932      17.26     +/-    0.15       False\u001b[0m\nlambda;932  -0.002016     +/- 0.00026       False\u001b[0m",
    "lambda;932": -0.002016232699717735,
    "lambda;932_err": 0.00026044730596814337,
    "mu;932": 5278.931011980188,
    "mu;932_err": 0.07794005986668943,
    "n_bkg;932": 5285.73768346879,
    "n_bkg;932_err": 184.42916759840253,
    "n_sig;932": 52045.49027612242,
    "n_sig;932_err": 280.01886815969675,
    "r_params": {
        "alphaL": 1.9828711447954264,
        "alphaL_Kpipi": 0.23984147888569726,
        "alphaR": -1.9525715163213233,
        "alphaR_Kpipi": -3.45169511727099,
        "fraction_Kpipi": 0.8861855867303668,
        "muL_Kpipi": 5214.656416664541,
        "muR_Kpipi": 5183.074248990296,
        "nL": 0.3287079686134001,
        "nL_Kpipi": 4.413073505098077,
        "nR": 8.232980730920787,
        "nR_Kpipi": 1.3686501931786665e-08,
        "r_bkgK": 0.035341458516519916,
        "sigmaL_Kpipi": 19.133710600596434,
        "sigmaR_Kpipi": 39.32384704379869
    },
    "sigmaL;932": 9.70414689420373,
    "sigmaL;932_err": 0.25460256387953345,
    "sigmaR;932": 17.256308020912385,
    "sigmaR;932_err": 0.1538012182413668
}