{
    "fit_ok": true,
    "frac;711": 0.3821719536819247,
    "frac;711_err": 0.019920525662120214,
    "info_fit": "------------------------------------------------------------------\n| FCN = -3.199e+05              |     Ncalls=106 (106 total)     |\n| EDM = 0.000126 (Goal: 0.001)  |            up = 0.5            |\n------------------------------------------------------------------\n|  Valid Min.   | Valid Param.  | Above EDM | Reached call limit |\n------------------------------------------------------------------\n|     True      |     True      |   False   |       False        |\n------------------------------------------------------------------\n| Hesse failed  |   Has cov.    | Accurate  | Pos. def. | Forced |\n------------------------------------------------------------------\n|     False     |     True      |   True    |   True    | False  |\n------------------------------------------------------------------",
    "info_params": "name            value    minuit_hesse    at limit\n----------  ---------  --------------  ----------\nn_sig;711       52070     +/- 2.8e+02       False\u001b[0m\nn_bkg;711        4884     +/- 1.8e+02       False\u001b[0m\nfrac;711       0.3822     +/-    0.02       False\u001b[0m\nmu;711           5279     +/-   0.078       False\u001b[0m\nsigmaL;711      10.63     +/-    0.23       False\u001b[0m\nsigmaR;711      17.73     +/-     0.2       False\u001b[0m\nlambda;711  -0.001745     +/- 0.00027       False\u001b[0m",
    "lambda;711": -0.0017448058595657123,
    "lambda;711_err": 0.0002743175096562293,
    "mu;711": 5278.876479397572,
    "mu;711_err": 0.07751496426318172,
    "n_bkg;711": 4883.771097821422,
    "n_bkg;711_err": 177.33108819873675,
    "n_sig;711": 52068.50502800129,
    "n_sig;711_err": 275.2486072582455,
    "r_params": {
        "alphaL": 2.02992217591786,
        "alphaL_Kpipi": 0.23286870685213018,
        "alphaR": -1.7778067363088699,
        "alphaR_Kpipi": -3.785117361752761,
        "fraction_Kpipi": 0.8871171767374527,
        "muL_Kpipi": 5216.624290076331,
        "muR_Kpipi": 5181.954795530534,
        "nL": 0.4354740104546931,
        "nL_Kpipi": 4.295642352172426,
        "nR": 5.840596424652496,
        "nR_Kpipi": 0.0001435747383532979,
        "r_bkgK": 0.04263544351730234,
        "sigmaL_Kpipi": 19.511821629707455,
        "sigmaR_Kpipi": 39.95824153245154
    },
    "sigmaL;711": 10.625933601379714,
    "sigmaL;711_err": 0.22687155130814374,
    "sigmaR;711": 17.72978902350909,
    "sigmaR;711_err": 0.2021729095053053
}