{
    "fit_ok": true,
    "frac;726": 0.42598565625435286,
    "frac;726_err": 0.020527887492065938,
    "info_fit": "------------------------------------------------------------------\n| FCN = -3.199e+05              |     Ncalls=102 (102 total)     |\n| EDM = 0.00012 (Goal: 0.001)   |            up = 0.5            |\n------------------------------------------------------------------\n|  Valid Min.   | Valid Param.  | Above EDM | Reached call limit |\n------------------------------------------------------------------\n|     True      |     True      |   False   |       False        |\n------------------------------------------------------------------\n| Hesse failed  |   Has cov.    | Accurate  | Pos. def. | Forced |\n------------------------------------------------------------------\n|     False     |     True      |   True    |   True    | False  |\n------------------------------------------------------------------",
    "info_params": "name           value    minuit_hesse    at limit\n----------  --------  --------------  ----------\nn_sig;726      52270     +/- 2.8e+02       False\u001b[0m\nn_bkg;726       5005     +/- 1.8e+02       False\u001b[0m\nfrac;726       0.426     +/-   0.021       False\u001b[0m\nmu;726          5279     +/-   0.078       False\u001b[0m\nsigmaL;726     10.96     +/-    0.22       False\u001b[0m\nsigmaR;726     18.13     +/-    0.22       False\u001b[0m\nlambda;726  -0.00194     +/- 0.00027       False\u001b[0m",
    "lambda;726": -0.0019399012037862873,
    "lambda;726_err": 0.00026970390792745624,
    "mu;726": 5278.857775232673,
    "mu;726_err": 0.0775433604026661,
    "n_bkg;726": 5005.147715815661,
    "n_bkg;726_err": 180.4295159420554,
    "n_sig;726": 52272.13110125452,
    "n_sig;726_err": 278.6786470343065,
    "r_params": {
        "alphaL": 2.02992217591786,
        "alphaL_Kpipi": 0.23984147888569726,
        "alphaR": -1.7778067363088699,
        "alphaR_Kpipi": -3.45169511727099,
        "fraction_Kpipi": 0.8861855867303668,
        "muL_Kpipi": 5214.656416664541,
        "muR_Kpipi": 5183.074248990296,
        "mu_Ds": 5279.476592722752,
        "nL": 0.4354740104546931,
        "nL_Kpipi": 4.413073505098077,
        "nR": 5.840596424652496,
        "nR_Kpipi": 1.3686501931786665e-08,
        "n_sig_Ds": 1429.0891784234354,
        "r_bkgK": 0.035341458516519916,
        "sigmaL_Kpipi": 19.133710600596434,
        "sigmaR_Kpipi": 39.32384704379869,
        "sigma_Ds": 12.17689220715358
    },
    "sigmaL;726": 10.963869399285848,
    "sigmaL;726_err": 0.21669165156673756,
    "sigmaR;726": 18.125465332382923,
    "sigmaR;726_err": 0.22350305553217495
}