{
    "fit_ok": true,
    "frac;164": 0.4984653333984803,
    "frac;164_err": 0.027796611587477798,
    "info_fit": "------------------------------------------------------------------\n| FCN = -3.199e+05              |     Ncalls=103 (103 total)     |\n| EDM = 1.45e-05 (Goal: 0.001)  |            up = 0.5            |\n------------------------------------------------------------------\n|  Valid Min.   | Valid Param.  | Above EDM | Reached call limit |\n------------------------------------------------------------------\n|     True      |     True      |   False   |       False        |\n------------------------------------------------------------------\n| Hesse failed  |   Has cov.    | Accurate  | Pos. def. | Forced |\n------------------------------------------------------------------\n|     False     |     True      |   True    |   True    | False  |\n------------------------------------------------------------------",
    "info_params": "name            value    minuit_hesse    at limit\n----------  ---------  --------------  ----------\nn_sig;164       51320     +/- 2.7e+02       False\u001b[0m\nn_bkg;164        6041     +/- 1.7e+02       False\u001b[0m\nfrac;164       0.4985     +/-   0.028       False\u001b[0m\nmu;164           5279     +/-   0.077       False\u001b[0m\nsigmaL;164      11.41     +/-    0.23       False\u001b[0m\nsigmaR;164      19.14     +/-    0.33       False\u001b[0m\nlambda;164  -0.003158     +/-  0.0002       False\u001b[0m",
    "lambda;164": -0.0031577062787584292,
    "lambda;164_err": 0.00019655208141350716,
    "mu;164": 5278.818692755025,
    "mu;164_err": 0.07654207751767918,
    "n_bkg;164": 6041.318179223171,
    "n_bkg;164_err": 168.7166846741436,
    "n_sig;164": 51319.39476802364,
    "n_sig;164_err": 268.18634561357356,
    "r_params": {
        "alphaL": 2.1363062405926248,
        "alphaL_Kpipi": 0.23984147888569726,
        "alphaR": -1.8308681168839303,
        "alphaR_Kpipi": -3.45169511727099,
        "fraction_Kpipi": 0.8861855867303668,
        "muL_Kpipi": 5214.656416664541,
        "muR_Kpipi": 5183.074248990296,
        "nL": 0.6121106338794613,
        "nL_Kpipi": 4.413073505098077,
        "nR": 8.610946204946245,
        "nR_Kpipi": 1.3686501931786665e-08,
        "r_bkgK": 0.035341458516519916,
        "sigmaL_Kpipi": 19.133710600596434,
        "sigmaR_Kpipi": 39.32384704379869
    },
    "sigmaL;164": 11.405033251069112,
    "sigmaL;164_err": 0.22616886582519768,
    "sigmaR;164": 19.139086410952427,
    "sigmaR;164_err": 0.3337332497606787
}