{
    "fit_ok": true,
    "frac;305": 0.47180814254216547,
    "frac;305_err": 0.025104582681431193,
    "info_fit": "------------------------------------------------------------------\n| FCN = -3.199e+05              |     Ncalls=106 (106 total)     |\n| EDM = 6.5e-06 (Goal: 0.001)   |            up = 0.5            |\n------------------------------------------------------------------\n|  Valid Min.   | Valid Param.  | Above EDM | Reached call limit |\n------------------------------------------------------------------\n|     True      |     True      |   False   |       False        |\n------------------------------------------------------------------\n| Hesse failed  |   Has cov.    | Accurate  | Pos. def. | Forced |\n------------------------------------------------------------------\n|     False     |     True      |   True    |   True    | False  |\n------------------------------------------------------------------",
    "info_params": "name            value    minuit_hesse    at limit\n----------  ---------  --------------  ----------\nn_sig;305       51770     +/- 2.8e+02       False\u001b[0m\nn_bkg;305        5577     +/- 1.8e+02       False\u001b[0m\nfrac;305       0.4718     +/-   0.025       False\u001b[0m\nmu;305           5279     +/-   0.077       False\u001b[0m\nsigmaL;305      11.25     +/-    0.22       False\u001b[0m\nsigmaR;305       18.7     +/-    0.29       False\u001b[0m\nlambda;305  -0.002611     +/- 0.00023       False\u001b[0m",
    "lambda;305": -0.0026106787574761287,
    "lambda;305_err": 0.00022990676173336146,
    "mu;305": 5278.828338677005,
    "mu;305_err": 0.07691154522512551,
    "n_bkg;305": 5577.305757882318,
    "n_bkg;305_err": 178.00608257696902,
    "n_sig;305": 51767.06436355715,
    "n_sig;305_err": 275.2961922920093,
    "r_params": {
        "alphaL": 2.1081477385813283,
        "alphaL_Kpipi": 0.23984147888569726,
        "alphaR": -1.745998029954634,
        "alphaR_Kpipi": -3.45169511727099,
        "fraction_Kpipi": 0.8861855867303668,
        "muL_Kpipi": 5214.656416664541,
        "muR_Kpipi": 5183.074248990296,
        "nL": 0.500756349399923,
        "nL_Kpipi": 4.413073505098077,
        "nR": 9.6766493019258,
        "nR_Kpipi": 1.3686501931786665e-08,
        "r_bkgK": 0.035341458516519916,
        "sigmaL_Kpipi": 19.133710600596434,
        "sigmaR_Kpipi": 39.32384704379869
    },
    "sigmaL;305": 11.252582963390111,
    "sigmaL;305_err": 0.22111886146652684,
    "sigmaR;305": 18.70206925653185,
    "sigmaR;305_err": 0.2884647291952478
}