{
    "fit_ok": false,
    "frac;567": 0.5559794740341512,
    "frac;567_err": 0.008376620061038655,
    "info_fit": "------------------------------------------------------------------\n| FCN = -3.198e+05              |     Ncalls=230 (230 total)     |\n| EDM = 0.00536 (Goal: 0.001)   |            up = 0.5            |\n------------------------------------------------------------------\n|  Valid Min.   | Valid Param.  | Above EDM | Reached call limit |\n------------------------------------------------------------------\n|     True      |     True      |   False   |       False        |\n------------------------------------------------------------------\n| Hesse failed  |   Has cov.    | Accurate  | Pos. def. | Forced |\n------------------------------------------------------------------\n|     False     |     True      |   True    |   True    | False  |\n------------------------------------------------------------------",
    "info_params": "name          value    minuit_hesse    at limit\n----------  -------  --------------  ----------\nn_sig;567     57120     +/- 2.5e+02       False\u001b[0m\nn_bkg;567     16.07     +/-      79       False\u001b[0m\nfrac;567      0.556     +/-  0.0084       False\u001b[0m\nmu;567         5279     +/-    0.08       False\u001b[0m\nsigmaL;567    12.76     +/-    0.16       False\u001b[0m\nsigmaR;567    18.33     +/-    0.24       False\u001b[0m\nlambda;567   -0.169     +/-    0.55       False\u001b[0m",
    "lambda;567": -0.16898497956206204,
    "lambda;567_err": 0.5497725970219627,
    "mu;567": 5278.910559263565,
    "mu;567_err": 0.07965012181923431,
    "n_bkg;567": 16.06514329703711,
    "n_bkg;567_err": 79.41544170353744,
    "n_sig;567": 57115.734834870425,
    "n_sig;567_err": 253.0116108464411,
    "r_params": {
        "alphaL": 1.937377476044954,
        "alphaL_Kpipi": 0.23984147888569726,
        "alphaR": -1.7158097137335162,
        "alphaR_Kpipi": -3.45169511727099,
        "fraction_Kpipi": 0.8861855867303668,
        "muL_Kpipi": 5214.656416664541,
        "muR_Kpipi": 5183.074248990296,
        "nL": 0.3409102037256784,
        "nL_Kpipi": 4.413073505098077,
        "nR": 0.85209833726495,
        "nR_Kpipi": 1.3686501931786665e-08,
        "r_bkgK": 0.035341458516519916,
        "sigmaL_Kpipi": 19.133710600596434,
        "sigmaR_Kpipi": 39.32384704379869
    },
    "sigmaL;567": 12.760562330312432,
    "sigmaL;567_err": 0.16203434295203248,
    "sigmaR;567": 18.33039255972121,
    "sigmaR;567_err": 0.23928006724476564
}