{
    "fit_ok": true,
    "frac;706": 0.5126628103052031,
    "frac;706_err": 0.024244337739700608,
    "info_fit": "------------------------------------------------------------------\n| FCN = -3.199e+05              |     Ncalls=103 (103 total)     |\n| EDM = 5.36e-05 (Goal: 0.001)  |            up = 0.5            |\n------------------------------------------------------------------\n|  Valid Min.   | Valid Param.  | Above EDM | Reached call limit |\n------------------------------------------------------------------\n|     True      |     True      |   False   |       False        |\n------------------------------------------------------------------\n| Hesse failed  |   Has cov.    | Accurate  | Pos. def. | Forced |\n------------------------------------------------------------------\n|     False     |     True      |   True    |   True    | False  |\n------------------------------------------------------------------",
    "info_params": "name            value    minuit_hesse    at limit\n----------  ---------  --------------  ----------\nn_sig;706       51890     +/- 2.7e+02       False\u001b[0m\nn_bkg;706        5449     +/- 1.7e+02       False\u001b[0m\nfrac;706       0.5127     +/-   0.024       False\u001b[0m\nmu;706           5279     +/-   0.077       False\u001b[0m\nsigmaL;706      11.61     +/-     0.2       False\u001b[0m\nsigmaR;706      18.93     +/-    0.31       False\u001b[0m\nlambda;706  -0.002616     +/- 0.00023       False\u001b[0m",
    "lambda;706": -0.002615520977723551,
    "lambda;706_err": 0.0002263949534604855,
    "mu;706": 5278.835111419161,
    "mu;706_err": 0.0770460968938338,
    "n_bkg;706": 5448.840592308307,
    "n_bkg;706_err": 170.2018932387476,
    "n_sig;706": 51891.925994717996,
    "n_sig;706_err": 271.1314108233166,
    "r_params": {
        "alphaL": 2.0604474795549486,
        "alphaL_Kpipi": 0.23984147888569726,
        "alphaR": -1.7234952539076616,
        "alphaR_Kpipi": -3.45169511727099,
        "fraction_Kpipi": 0.8861855867303668,
        "muL_Kpipi": 5214.656416664541,
        "muR_Kpipi": 5183.074248990296,
        "nL": 0.5912978710198852,
        "nL_Kpipi": 4.413073505098077,
        "nR": 6.0233556949538345,
        "nR_Kpipi": 1.3686501931786665e-08,
        "r_bkgK": 0.035341458516519916,
        "sigmaL_Kpipi": 19.133710600596434,
        "sigmaR_Kpipi": 39.32384704379869
    },
    "sigmaL;706": 11.611607373957593,
    "sigmaL;706_err": 0.20321667059746581,
    "sigmaR;706": 18.92511778079585,
    "sigmaR;706_err": 0.30529800667825235
}