{
    "fit_ok": true,
    "frac;671": 0.4264294932929666,
    "frac;671_err": 0.020231331929105135,
    "info_fit": "------------------------------------------------------------------\n| FCN = -3.199e+05              |     Ncalls=104 (104 total)     |\n| EDM = 4.68e-06 (Goal: 0.001)  |            up = 0.5            |\n------------------------------------------------------------------\n|  Valid Min.   | Valid Param.  | Above EDM | Reached call limit |\n------------------------------------------------------------------\n|     True      |     True      |   False   |       False        |\n------------------------------------------------------------------\n| Hesse failed  |   Has cov.    | Accurate  | Pos. def. | Forced |\n------------------------------------------------------------------\n|     False     |     True      |   True    |   True    | False  |\n------------------------------------------------------------------",
    "info_params": "name            value    minuit_hesse    at limit\n----------  ---------  --------------  ----------\nn_sig;671       52370     +/- 2.8e+02       False\u001b[0m\nn_bkg;671        4912     +/- 1.8e+02       False\u001b[0m\nfrac;671       0.4264     +/-    0.02       False\u001b[0m\nmu;671           5279     +/-   0.077       False\u001b[0m\nsigmaL;671      10.94     +/-    0.22       False\u001b[0m\nsigmaR;671      18.17     +/-    0.22       False\u001b[0m\nlambda;671  -0.001797     +/- 0.00027       False\u001b[0m",
    "lambda;671": -0.0017971930601852204,
    "lambda;671_err": 0.00027393947363939914,
    "mu;671": 5278.860684829074,
    "mu;671_err": 0.07748282535551212,
    "n_bkg;671": 4912.0958511160015,
    "n_bkg;671_err": 178.69020199551977,
    "n_sig;671": 52369.906647470925,
    "n_sig;671_err": 277.7038206513817,
    "r_params": {
        "alphaL": 2.02992217591786,
        "alphaL_Kpipi": 0.23420344558690276,
        "alphaR": -1.7778067363088699,
        "alphaR_Kpipi": -3.568361699654374,
        "fraction_Kpipi": 0.8712365699315542,
        "muL_Kpipi": 5213.133141750288,
        "muR_Kpipi": 5185.887507523011,
        "nL": 0.4354740104546931,
        "nL_Kpipi": 4.524501921411344,
        "nR": 5.840596424652496,
        "nR_Kpipi": 0.0001685721963118749,
        "r_bkgK": 0.03610331856620894,
        "sigmaL_Kpipi": 19.37147785765497,
        "sigmaR_Kpipi": 39.493283141165016
    },
    "sigmaL;671": 10.93732295355676,
    "sigmaL;671_err": 0.21576336438409288,
    "sigmaR;671": 18.166694003263586,
    "sigmaR;671_err": 0.22288351209590454
}