{
    "fit_ok": true,
    "frac;1132": 0.37620839401766215,
    "frac;1132_err": 0.020792886500289282,
    "info_fit": "------------------------------------------------------------------\n| FCN = -3.199e+05              |     Ncalls=106 (106 total)     |\n| EDM = 1.34e-05 (Goal: 0.001)  |            up = 0.5            |\n------------------------------------------------------------------\n|  Valid Min.   | Valid Param.  | Above EDM | Reached call limit |\n------------------------------------------------------------------\n|     True      |     True      |   False   |       False        |\n------------------------------------------------------------------\n| Hesse failed  |   Has cov.    | Accurate  | Pos. def. | Forced |\n------------------------------------------------------------------\n|     False     |     True      |   True    |   True    | False  |\n------------------------------------------------------------------",
    "info_params": "name            value    minuit_hesse    at limit\n-----------  --------  --------------  ----------\nn_sig;1132      51840     +/- 2.8e+02       False\u001b[0m\nn_bkg;1132       5500     +/- 1.8e+02       False\u001b[0m\nfrac;1132      0.3762     +/-   0.021       False\u001b[0m\nmu;1132          5279     +/-   0.077       False\u001b[0m\nsigmaL;1132     10.39     +/-    0.23       False\u001b[0m\nsigmaR;1132     17.96     +/-    0.21       False\u001b[0m\nlambda;1132  -0.00237     +/- 0.00024       False\u001b[0m",
    "lambda;1132": -0.002370044495144996,
    "lambda;1132_err": 0.00024395086283065013,
    "mu;1132": 5278.899158275438,
    "mu;1132_err": 0.07713657164644067,
    "n_bkg;1132": 5500.257713191082,
    "n_bkg;1132_err": 183.8009015157207,
    "n_sig;1132": 51839.638072822636,
    "n_sig;1132_err": 278.98341224279903,
    "r_params": {
        "alphaL": 2.052833773701894,
        "alphaL_Kpipi": 0.23984147888569726,
        "alphaR": -1.9998484243568113,
        "alphaR_Kpipi": -3.45169511727099,
        "fraction_Kpipi": 0.8861855867303668,
        "muL_Kpipi": 5214.656416664541,
        "muR_Kpipi": 5183.074248990296,
        "nL": 0.4081654293297428,
        "nL_Kpipi": 4.413073505098077,
        "nR": 6.724744885874302,
        "nR_Kpipi": 1.3686501931786665e-08,
        "r_bkgK": 0.035341458516519916,
        "sigmaL_Kpipi": 19.133710600596434,
        "sigmaR_Kpipi": 39.32384704379869
    },
    "sigmaL;1132": 10.385438624333602,
    "sigmaL;1132_err": 0.23075089514713704,
    "sigmaR;1132": 17.96420127103561,
    "sigmaR;1132_err": 0.20877710342595096
}