{
    "fit_ok": true,
    "frac;1526": 0.35356365427359915,
    "frac;1526_err": 0.020158308119321053,
    "info_fit": "------------------------------------------------------------------\n| FCN = -3.199e+05              |     Ncalls=101 (101 total)     |\n| EDM = 9.77e-05 (Goal: 0.001)  |            up = 0.5            |\n------------------------------------------------------------------\n|  Valid Min.   | Valid Param.  | Above EDM | Reached call limit |\n------------------------------------------------------------------\n|     True      |     True      |   False   |       False        |\n------------------------------------------------------------------\n| Hesse failed  |   Has cov.    | Accurate  | Pos. def. | Forced |\n------------------------------------------------------------------\n|     False     |     True      |   True    |   True    | False  |\n------------------------------------------------------------------",
    "info_params": "name             value    minuit_hesse    at limit\n-----------  ---------  --------------  ----------\nn_sig;1526       51760     +/- 2.8e+02       False\u001b[0m\nn_bkg;1526        5583     +/- 1.9e+02       False\u001b[0m\nfrac;1526       0.3536     +/-    0.02       False\u001b[0m\nmu;1526           5279     +/-   0.077       False\u001b[0m\nsigmaL;1526      10.18     +/-    0.25       False\u001b[0m\nsigmaR;1526      17.73     +/-    0.19       False\u001b[0m\nlambda;1526  -0.002407     +/- 0.00024       False\u001b[0m",
    "lambda;1526": -0.0024066466658636543,
    "lambda;1526_err": 0.00024219637445301075,
    "mu;1526": 5278.927242840256,
    "mu;1526_err": 0.07747345027524004,
    "n_bkg;1526": 5582.721076368638,
    "n_bkg;1526_err": 185.1567958485999,
    "n_sig;1526": 51759.05899806202,
    "n_sig;1526_err": 279.50764969559054,
    "r_params": {
        "alphaL": 1.9980935986321908,
        "alphaL_Kpipi": 0.23984147888569726,
        "alphaR": -2.0145837508994764,
        "alphaR_Kpipi": -3.45169511727099,
        "fraction_Kpipi": 0.8861855867303668,
        "muL_Kpipi": 5214.656416664541,
        "muR_Kpipi": 5183.074248990296,
        "nL": 0.4287087492734288,
        "nL_Kpipi": 4.413073505098077,
        "nR": 8.25740399377305,
        "nR_Kpipi": 1.3686501931786665e-08,
        "r_bkgK": 0.035341458516519916,
        "sigmaL_Kpipi": 19.133710600596434,
        "sigmaR_Kpipi": 39.32384704379869
    },
    "sigmaL;1526": 10.175929106564373,
    "sigmaL;1526_err": 0.24563239984680874,
    "sigmaR;1526": 17.734683578032502,
    "sigmaR;1526_err": 0.191578262515081
}