{
    "fit_ok": true,
    "frac;1181": 0.5520447223171812,
    "frac;1181_err": 0.022210897248031537,
    "info_fit": "------------------------------------------------------------------\n| FCN = -3.199e+05              |     Ncalls=101 (101 total)     |\n| EDM = 0.000222 (Goal: 0.001)  |            up = 0.5            |\n------------------------------------------------------------------\n|  Valid Min.   | Valid Param.  | Above EDM | Reached call limit |\n------------------------------------------------------------------\n|     True      |     True      |   False   |       False        |\n------------------------------------------------------------------\n| Hesse failed  |   Has cov.    | Accurate  | Pos. def. | Forced |\n------------------------------------------------------------------\n|     False     |     True      |   True    |   True    | False  |\n------------------------------------------------------------------",
    "info_params": "name             value    minuit_hesse    at limit\n-----------  ---------  --------------  ----------\nn_sig;1181       52750     +/- 2.9e+02       False\u001b[0m\nn_bkg;1181        5764     +/- 1.9e+02       False\u001b[0m\nfrac;1181        0.552     +/-   0.022       False\u001b[0m\nmu;1181           5279     +/-   0.077       False\u001b[0m\nsigmaL;1181       11.8     +/-    0.19       False\u001b[0m\nsigmaR;1181      19.16     +/-    0.31       False\u001b[0m\nlambda;1181  -0.002939     +/- 0.00023       False\u001b[0m",
    "lambda;1181": -0.002938529886169605,
    "lambda;1181_err": 0.00023450995633580787,
    "mu;1181": 5278.8763867364605,
    "mu;1181_err": 0.07718501166034171,
    "n_bkg;1181": 5763.886787129901,
    "n_bkg;1181_err": 189.07898312445639,
    "n_sig;1181": 52747.9823892251,
    "n_sig;1181_err": 287.7803568226759,
    "r_params": {
        "alphaL": 2.02992217591786,
        "alphaL_Kpipi": 0.22765081495756978,
        "alphaR": -1.7778067363088699,
        "alphaR_Kpipi": -3.260528455400758,
        "fraction_Kpipi": 0.8881301193685828,
        "muL_Kpipi": 5216.296633430132,
        "muR_Kpipi": 5187.8388387275645,
        "nL": 0.4354740104546931,
        "nL_Kpipi": 4.481651930871654,
        "nR": 5.840596424652496,
        "nR_Kpipi": 1.3244882804997912e-05,
        "r_bkgK": 0.012564549694068193,
        "sigmaL_Kpipi": 18.725000147536676,
        "sigmaR_Kpipi": 37.538599267956414
    },
    "sigmaL;1181": 11.796165692452623,
    "sigmaL;1181_err": 0.1907179983039739,
    "sigmaR;1181": 19.164341494696608,
    "sigmaR;1181_err": 0.31217837525765446
}