{
    "fit_ok": true,
    "frac;1115": 0.4263545749052908,
    "frac;1115_err": 0.0205255981421252,
    "info_fit": "------------------------------------------------------------------\n| FCN = -3.199e+05              |     Ncalls=104 (104 total)     |\n| EDM = 0.000136 (Goal: 0.001)  |            up = 0.5            |\n------------------------------------------------------------------\n|  Valid Min.   | Valid Param.  | Above EDM | Reached call limit |\n------------------------------------------------------------------\n|     True      |     True      |   False   |       False        |\n------------------------------------------------------------------\n| Hesse failed  |   Has cov.    | Accurate  | Pos. def. | Forced |\n------------------------------------------------------------------\n|     False     |     True      |   True    |   True    | False  |\n------------------------------------------------------------------",
    "info_params": "name             value    minuit_hesse    at limit\n-----------  ---------  --------------  ----------\nn_sig;1115       52380     +/- 2.8e+02       False\u001b[0m\nn_bkg;1115        4998     +/- 1.8e+02       False\u001b[0m\nfrac;1115       0.4264     +/-   0.021       False\u001b[0m\nmu;1115           5279     +/-   0.077       False\u001b[0m\nsigmaL;1115      10.93     +/-    0.22       False\u001b[0m\nsigmaR;1115       18.1     +/-    0.22       False\u001b[0m\nlambda;1115  -0.001925     +/- 0.00027       False\u001b[0m",
    "lambda;1115": -0.001924583259720336,
    "lambda;1115_err": 0.00027026034888355234,
    "mu;1115": 5278.874573278394,
    "mu;1115_err": 0.07730684837894793,
    "n_bkg;1115": 4997.918314877987,
    "n_bkg;1115_err": 180.32400983264898,
    "n_sig;1115": 52381.389597519075,
    "n_sig;1115_err": 278.58692476070775,
    "r_params": {
        "alphaL": 2.02992217591786,
        "alphaL_Kpipi": 0.23984147888569726,
        "alphaR": -1.7778067363088699,
        "alphaR_Kpipi": -3.45169511727099,
        "fraction_Kpipi": 0.8861855867303668,
        "muL_Kpipi": 5214.656416664541,
        "muR_Kpipi": 5183.074248990296,
        "mu_Ds": 5279.108929748406,
        "nL": 0.4354740104546931,
        "nL_Kpipi": 4.413073505098077,
        "nR": 5.840596424652496,
        "nR_Kpipi": 1.3686501931786665e-08,
        "n_sig_Ds": 1323.9976106485324,
        "r_bkgK": 0.035341458516519916,
        "sigmaL_Kpipi": 19.133710600596434,
        "sigmaR_Kpipi": 39.32384704379869,
        "sigma_Ds": 12.85834682231687
    },
    "sigmaL;1115": 10.933719244518118,
    "sigmaL;1115_err": 0.2176498196281202,
    "sigmaR;1115": 18.098295083579515,
    "sigmaR;1115_err": 0.2229226189342069
}