{
    "fit_ok": true,
    "frac;1055": 0.423578016325372,
    "frac;1055_err": 0.020774040131251437,
    "info_fit": "------------------------------------------------------------------\n| FCN = -3.199e+05              |     Ncalls=106 (106 total)     |\n| EDM = 4.16e-05 (Goal: 0.001)  |            up = 0.5            |\n------------------------------------------------------------------\n|  Valid Min.   | Valid Param.  | Above EDM | Reached call limit |\n------------------------------------------------------------------\n|     True      |     True      |   False   |       False        |\n------------------------------------------------------------------\n| Hesse failed  |   Has cov.    | Accurate  | Pos. def. | Forced |\n------------------------------------------------------------------\n|     False     |     True      |   True    |   True    | False  |\n------------------------------------------------------------------",
    "info_params": "name             value    minuit_hesse    at limit\n-----------  ---------  --------------  ----------\nn_sig;1055       52290     +/- 2.8e+02       False\u001b[0m\nn_bkg;1055        5060     +/- 1.8e+02       False\u001b[0m\nfrac;1055       0.4236     +/-   0.021       False\u001b[0m\nmu;1055           5279     +/-   0.077       False\u001b[0m\nsigmaL;1055      10.94     +/-    0.22       False\u001b[0m\nsigmaR;1055      18.08     +/-    0.22       False\u001b[0m\nlambda;1055  -0.002023     +/- 0.00027       False\u001b[0m",
    "lambda;1055": -0.0020225116002670074,
    "lambda;1055_err": 0.0002674800987614704,
    "mu;1055": 5278.862382666556,
    "mu;1055_err": 0.07747165024479648,
    "n_bkg;1055": 5060.359181750324,
    "n_bkg;1055_err": 181.39757705005607,
    "n_sig;1055": 52286.51591430757,
    "n_sig;1055_err": 279.17723113385176,
    "r_params": {
        "alphaL": 2.02992217591786,
        "alphaL_Kpipi": 0.2636046997626864,
        "alphaR": -1.7778067363088699,
        "alphaR_Kpipi": -3.529109997237832,
        "fraction_Kpipi": 0.8956430122088225,
        "muL_Kpipi": 5214.186719899072,
        "muR_Kpipi": 5189.172191760484,
        "nL": 0.4354740104546931,
        "nL_Kpipi": 4.547567237233255,
        "nR": 5.840596424652496,
        "nR_Kpipi": 6.727908573788319e-05,
        "r_bkgK": 0.03493217029627953,
        "sigmaL_Kpipi": 18.817803717161787,
        "sigmaR_Kpipi": 39.290145456868125
    },
    "sigmaL;1055": 10.935707097008457,
    "sigmaL;1055_err": 0.22042019264911833,
    "sigmaR;1055": 18.0796793201921,
    "sigmaR;1055_err": 0.22262040961008836
}