{
    "fit_ok": true,
    "frac;944": 0.6021065115954446,
    "frac;944_err": 0.022277915158422687,
    "info_fit": "------------------------------------------------------------------\n| FCN = -3.199e+05              |     Ncalls=100 (100 total)     |\n| EDM = 0.000155 (Goal: 0.001)  |            up = 0.5            |\n------------------------------------------------------------------\n|  Valid Min.   | Valid Param.  | Above EDM | Reached call limit |\n------------------------------------------------------------------\n|     True      |     True      |   False   |       False        |\n------------------------------------------------------------------\n| Hesse failed  |   Has cov.    | Accurate  | Pos. def. | Forced |\n------------------------------------------------------------------\n|     False     |     True      |   True    |   True    | False  |\n------------------------------------------------------------------",
    "info_params": "name            value    minuit_hesse    at limit\n----------  ---------  --------------  ----------\nn_sig;944       52930     +/- 2.9e+02       False\u001b[0m\nn_bkg;944        6029     +/- 1.9e+02       False\u001b[0m\nfrac;944       0.6021     +/-   0.022       False\u001b[0m\nmu;944           5279     +/-   0.077       False\u001b[0m\nsigmaL;944       12.1     +/-    0.18       False\u001b[0m\nsigmaR;944      19.74     +/-    0.37       False\u001b[0m\nlambda;944  -0.003236     +/- 0.00022       False\u001b[0m",
    "lambda;944": -0.0032355427070225318,
    "lambda;944_err": 0.0002219749042263134,
    "mu;944": 5278.871681704585,
    "mu;944_err": 0.07712213708496514,
    "n_bkg;944": 6028.599552014608,
    "n_bkg;944_err": 189.95157679012055,
    "n_sig;944": 52932.131169851964,
    "n_sig;944_err": 289.86878585326383,
    "r_params": {
        "alphaL": 2.02992217591786,
        "alphaL_Kpipi": 0.2155684878744399,
        "alphaR": -1.7778067363088699,
        "alphaR_Kpipi": -3.7675690895312597,
        "fraction_Kpipi": 0.8816121073043912,
        "muL_Kpipi": 5214.65264127552,
        "muR_Kpipi": 5181.711000406574,
        "nL": 0.4354740104546931,
        "nL_Kpipi": 4.469767173176974,
        "nR": 5.840596424652496,
        "nR_Kpipi": 3.24478634589934e-05,
        "r_bkgK": 0.004045377956992419,
        "sigmaL_Kpipi": 19.145422627024153,
        "sigmaR_Kpipi": 39.410672393204834
    },
    "sigmaL;944": 12.09738888501537,
    "sigmaL;944_err": 0.17978022650931197,
    "sigmaR;944": 19.73515295498465,
    "sigmaR;944_err": 0.3664969143276515
}