{
    "fit_ok": true,
    "frac;798": 0.5171609778967631,
    "frac;798_err": 0.02279115786682832,
    "info_fit": "------------------------------------------------------------------\n| FCN = -3.199e+05              |     Ncalls=106 (106 total)     |\n| EDM = 1.97e-05 (Goal: 0.001)  |            up = 0.5            |\n------------------------------------------------------------------\n|  Valid Min.   | Valid Param.  | Above EDM | Reached call limit |\n------------------------------------------------------------------\n|     True      |     True      |   False   |       False        |\n------------------------------------------------------------------\n| Hesse failed  |   Has cov.    | Accurate  | Pos. def. | Forced |\n------------------------------------------------------------------\n|     False     |     True      |   True    |   True    | False  |\n------------------------------------------------------------------",
    "info_params": "name            value    minuit_hesse    at limit\n----------  ---------  --------------  ----------\nn_sig;798       52190     +/- 2.7e+02       False\u001b[0m\nn_bkg;798        5144     +/- 1.7e+02       False\u001b[0m\nfrac;798       0.5172     +/-   0.023       False\u001b[0m\nmu;798           5279     +/-   0.077       False\u001b[0m\nsigmaL;798      11.69     +/-    0.19       False\u001b[0m\nsigmaR;798      18.86     +/-     0.3       False\u001b[0m\nlambda;798  -0.002173     +/- 0.00025       False\u001b[0m",
    "lambda;798": -0.0021731622228154945,
    "lambda;798_err": 0.0002479765475407025,
    "mu;798": 5278.804511713138,
    "mu;798_err": 0.0772252508791654,
    "n_bkg;798": 5143.703808025556,
    "n_bkg;798_err": 173.69260736991308,
    "n_sig;798": 52185.85811776305,
    "n_sig;798_err": 274.2305778897144,
    "r_params": {
        "alphaL": 2.095790617804085,
        "alphaL_Kpipi": 0.23984147888569726,
        "alphaR": -1.6007157127164398,
        "alphaR_Kpipi": -3.45169511727099,
        "fraction_Kpipi": 0.8861855867303668,
        "muL_Kpipi": 5214.656416664541,
        "muR_Kpipi": 5183.074248990296,
        "nL": 0.4932534372045994,
        "nL_Kpipi": 4.413073505098077,
        "nR": 8.688477980785434,
        "nR_Kpipi": 1.3686501931786665e-08,
        "r_bkgK": 0.035341458516519916,
        "sigmaL_Kpipi": 19.133710600596434,
        "sigmaR_Kpipi": 39.32384704379869
    },
    "sigmaL;798": 11.689056904514784,
    "sigmaL;798_err": 0.19258771136962394,
    "sigmaR;798": 18.855730396067646,
    "sigmaR;798_err": 0.3003585929163148
}