{
    "fit_ok": true,
    "frac;1390": 0.4817748925642017,
    "frac;1390_err": 0.018492161886429243,
    "info_fit": "------------------------------------------------------------------\n| FCN = -3.199e+05              |     Ncalls=105 (105 total)     |\n| EDM = 2.17e-05 (Goal: 0.001)  |            up = 0.5            |\n------------------------------------------------------------------\n|  Valid Min.   | Valid Param.  | Above EDM | Reached call limit |\n------------------------------------------------------------------\n|     True      |     True      |   False   |       False        |\n------------------------------------------------------------------\n| Hesse failed  |   Has cov.    | Accurate  | Pos. def. | Forced |\n------------------------------------------------------------------\n|     False     |     True      |   True    |   True    | False  |\n------------------------------------------------------------------",
    "info_params": "name             value    minuit_hesse    at limit\n-----------  ---------  --------------  ----------\nn_sig;1390       52640     +/- 2.7e+02       False\u001b[0m\nn_bkg;1390        4669     +/- 1.7e+02       False\u001b[0m\nfrac;1390       0.4818     +/-   0.018       False\u001b[0m\nmu;1390           5279     +/-   0.079       False\u001b[0m\nsigmaL;1390      11.62     +/-    0.19       False\u001b[0m\nsigmaR;1390      17.94     +/-    0.23       False\u001b[0m\nlambda;1390  -0.001524     +/- 0.00028       False\u001b[0m",
    "lambda;1390": -0.0015235849774148935,
    "lambda;1390_err": 0.0002801443622892023,
    "mu;1390": 5278.85127289492,
    "mu;1390_err": 0.07856369475820062,
    "n_bkg;1390": 4669.449485880534,
    "n_bkg;1390_err": 171.58889405856848,
    "n_sig;1390": 52642.00083518921,
    "n_sig;1390_err": 274.55571746491535,
    "r_params": {
        "alphaL": 1.9201365208649945,
        "alphaL_Kpipi": 0.23984147888569726,
        "alphaR": -1.5367628255967898,
        "alphaR_Kpipi": -3.45169511727099,
        "fraction_Kpipi": 0.8861855867303668,
        "muL_Kpipi": 5214.656416664541,
        "muR_Kpipi": 5183.074248990296,
        "nL": 0.5504866663270368,
        "nL_Kpipi": 4.413073505098077,
        "nR": 7.642051850912258,
        "nR_Kpipi": 1.3686501931786665e-08,
        "r_bkgK": 0.035341458516519916,
        "sigmaL_Kpipi": 19.133710600596434,
        "sigmaR_Kpipi": 39.32384704379869
    },
    "sigmaL;1390": 11.616066789824343,
    "sigmaL;1390_err": 0.18860249874018725,
    "sigmaR;1390": 17.943207456976555,
    "sigmaR;1390_err": 0.23054176538466944
}