{
    "fit_ok": true,
    "frac;355": 0.4871795357269624,
    "frac;355_err": 0.021326043071323554,
    "info_fit": "------------------------------------------------------------------\n| FCN = -3.199e+05              |     Ncalls=105 (105 total)     |\n| EDM = 8.3e-06 (Goal: 0.001)   |            up = 0.5            |\n------------------------------------------------------------------\n|  Valid Min.   | Valid Param.  | Above EDM | Reached call limit |\n------------------------------------------------------------------\n|     True      |     True      |   False   |       False        |\n------------------------------------------------------------------\n| Hesse failed  |   Has cov.    | Accurate  | Pos. def. | Forced |\n------------------------------------------------------------------\n|     False     |     True      |   True    |   True    | False  |\n------------------------------------------------------------------",
    "info_params": "name            value    minuit_hesse    at limit\n----------  ---------  --------------  ----------\nn_sig;355       52520     +/- 2.8e+02       False\u001b[0m\nn_bkg;355        5396     +/- 1.9e+02       False\u001b[0m\nfrac;355       0.4872     +/-   0.021       False\u001b[0m\nmu;355           5279     +/-   0.077       False\u001b[0m\nsigmaL;355      11.38     +/-     0.2       False\u001b[0m\nsigmaR;355      18.57     +/-    0.26       False\u001b[0m\nlambda;355  -0.002481     +/- 0.00025       False\u001b[0m",
    "lambda;355": -0.002480539677699359,
    "lambda;355_err": 0.00025108843526515005,
    "mu;355": 5278.872002065352,
    "mu;355_err": 0.07724130723017889,
    "n_bkg;355": 5396.350181714827,
    "n_bkg;355_err": 185.93909194818178,
    "n_sig;355": 52524.18568498011,
    "n_sig;355_err": 283.86939997583283,
    "r_params": {
        "alphaL": 2.02992217591786,
        "alphaL_Kpipi": 0.2512584828547986,
        "alphaR": -1.7778067363088699,
        "alphaR_Kpipi": -3.9252550818186425,
        "fraction_Kpipi": 0.870006467873089,
        "muL_Kpipi": 5215.605247869272,
        "muR_Kpipi": 5185.750675379343,
        "nL": 0.4354740104546931,
        "nL_Kpipi": 4.3189984844126,
        "nR": 5.840596424652496,
        "nR_Kpipi": 0.00018340055763037586,
        "r_bkgK": 0.023864051270552477,
        "sigmaL_Kpipi": 18.42163517255455,
        "sigmaR_Kpipi": 38.180530649329036
    },
    "sigmaL;355": 11.383083047239015,
    "sigmaL;355_err": 0.19739002776487558,
    "sigmaR;355": 18.5709124804011,
    "sigmaR;355_err": 0.26110282248415667
}