{
    "fit_ok": true,
    "frac;1142": 0.5855025326710221,
    "frac;1142_err": 0.022255691438974438,
    "info_fit": "------------------------------------------------------------------\n| FCN = -3.199e+05              |     Ncalls=103 (103 total)     |\n| EDM = 3.87e-05 (Goal: 0.001)  |            up = 0.5            |\n------------------------------------------------------------------\n|  Valid Min.   | Valid Param.  | Above EDM | Reached call limit |\n------------------------------------------------------------------\n|     True      |     True      |   False   |       False        |\n------------------------------------------------------------------\n| Hesse failed  |   Has cov.    | Accurate  | Pos. def. | Forced |\n------------------------------------------------------------------\n|     False     |     True      |   True    |   True    | False  |\n------------------------------------------------------------------",
    "info_params": "name             value    minuit_hesse    at limit\n-----------  ---------  --------------  ----------\nn_sig;1142       52880     +/- 2.9e+02       False\u001b[0m\nn_bkg;1142        5921     +/- 1.9e+02       False\u001b[0m\nfrac;1142       0.5855     +/-   0.022       False\u001b[0m\nmu;1142           5279     +/-   0.077       False\u001b[0m\nsigmaL;1142         12     +/-    0.18       False\u001b[0m\nsigmaR;1142      19.54     +/-    0.35       False\u001b[0m\nlambda;1142  -0.003116     +/- 0.00023       False\u001b[0m",
    "lambda;1142": -0.0031157765696754325,
    "lambda;1142_err": 0.00022699511694968983,
    "mu;1142": 5278.874367757425,
    "mu;1142_err": 0.0771645109099803,
    "n_bkg;1142": 5920.727376509361,
    "n_bkg;1142_err": 189.69614437650918,
    "n_sig;1142": 52876.74153557316,
    "n_sig;1142_err": 289.1949471725234,
    "r_params": {
        "alphaL": 2.02992217591786,
        "alphaL_Kpipi": 0.21534856175142716,
        "alphaR": -1.7778067363088699,
        "alphaR_Kpipi": -3.3627597033594308,
        "fraction_Kpipi": 0.8895298968933699,
        "muL_Kpipi": 5214.512856296599,
        "muR_Kpipi": 5187.330844310437,
        "nL": 0.4354740104546931,
        "nL_Kpipi": 4.21287855358452,
        "nR": 5.840596424652496,
        "nR_Kpipi": 0.00021809762734143067,
        "r_bkgK": 0.007144803828766869,
        "sigmaL_Kpipi": 20.014177881773378,
        "sigmaR_Kpipi": 40.24654718445618
    },
    "sigmaL;1142": 11.997601253386557,
    "sigmaL;1142_err": 0.18349830146879034,
    "sigmaR;1142": 19.540677210307727,
    "sigmaR;1142_err": 0.3466106873017899
}