{
    "fit_ok": true,
    "frac;55": 0.4270210826413342,
    "frac;55_err": 0.020575337089853433,
    "info_fit": "------------------------------------------------------------------\n| FCN = -3.199e+05              |     Ncalls=105 (105 total)     |\n| EDM = 0.000269 (Goal: 0.001)  |            up = 0.5            |\n------------------------------------------------------------------\n|  Valid Min.   | Valid Param.  | Above EDM | Reached call limit |\n------------------------------------------------------------------\n|     True      |     True      |   False   |       False        |\n------------------------------------------------------------------\n| Hesse failed  |   Has cov.    | Accurate  | Pos. def. | Forced |\n------------------------------------------------------------------\n|     False     |     True      |   True    |   True    | False  |\n------------------------------------------------------------------",
    "info_params": "name          value    minuit_hesse    at limit\n---------  --------  --------------  ----------\nn_sig;55      52300     +/- 2.8e+02       False\u001b[0m\nn_bkg;55       5001     +/- 1.8e+02       False\u001b[0m\nfrac;55       0.427     +/-   0.021       False\u001b[0m\nmu;55          5279     +/-   0.077       False\u001b[0m\nsigmaL;55     10.93     +/-    0.22       False\u001b[0m\nsigmaR;55     18.11     +/-    0.22       False\u001b[0m\nlambda;55  -0.00193     +/- 0.00027       False\u001b[0m",
    "lambda;55": -0.0019300451151796905,
    "lambda;55_err": 0.0002702068017784504,
    "mu;55": 5278.888332240226,
    "mu;55_err": 0.07745833596557715,
    "n_bkg;55": 5000.974217480497,
    "n_bkg;55_err": 180.47138907628477,
    "n_sig;55": 52296.83778981179,
    "n_sig;55_err": 278.6615430806686,
    "r_params": {
        "alphaL": 2.02992217591786,
        "alphaL_Kpipi": 0.23984147888569726,
        "alphaR": -1.7778067363088699,
        "alphaR_Kpipi": -3.45169511727099,
        "fraction_Kpipi": 0.8861855867303668,
        "muL_Kpipi": 5214.656416664541,
        "muR_Kpipi": 5183.074248990296,
        "mu_Ds": 5278.681298002623,
        "nL": 0.4354740104546931,
        "nL_Kpipi": 4.413073505098077,
        "nR": 5.840596424652496,
        "nR_Kpipi": 1.3686501931786665e-08,
        "n_sig_Ds": 1408.2261322307959,
        "r_bkgK": 0.035341458516519916,
        "sigmaL_Kpipi": 19.133710600596434,
        "sigmaR_Kpipi": 39.32384704379869,
        "sigma_Ds": 12.910537729398596
    },
    "sigmaL;55": 10.933154880829328,
    "sigmaL;55_err": 0.21803479579805593,
    "sigmaR;55": 18.112059639013992,
    "sigmaR;55_err": 0.2239474125705797
}