{
    "fit_ok": true,
    "frac;1178": 0.4257966903818763,
    "frac;1178_err": 0.020516165699822453,
    "info_fit": "------------------------------------------------------------------\n| FCN = -3.199e+05              |     Ncalls=102 (102 total)     |\n| EDM = 0.000163 (Goal: 0.001)  |            up = 0.5            |\n------------------------------------------------------------------\n|  Valid Min.   | Valid Param.  | Above EDM | Reached call limit |\n------------------------------------------------------------------\n|     True      |     True      |   False   |       False        |\n------------------------------------------------------------------\n| Hesse failed  |   Has cov.    | Accurate  | Pos. def. | Forced |\n------------------------------------------------------------------\n|     False     |     True      |   True    |   True    | False  |\n------------------------------------------------------------------",
    "info_params": "name             value    minuit_hesse    at limit\n-----------  ---------  --------------  ----------\nn_sig;1178       52300     +/- 2.8e+02       False\u001b[0m\nn_bkg;1178        5005     +/- 1.8e+02       False\u001b[0m\nfrac;1178       0.4258     +/-   0.021       False\u001b[0m\nmu;1178           5279     +/-   0.078       False\u001b[0m\nsigmaL;1178      10.98     +/-    0.22       False\u001b[0m\nsigmaR;1178      18.12     +/-    0.22       False\u001b[0m\nlambda;1178  -0.001941     +/- 0.00027       False\u001b[0m",
    "lambda;1178": -0.0019408274636514289,
    "lambda;1178_err": 0.0002696221990482082,
    "mu;1178": 5278.866718055633,
    "mu;1178_err": 0.07752278687551946,
    "n_bkg;1178": 5005.365075900654,
    "n_bkg;1178_err": 180.385429853987,
    "n_sig;1178": 52297.81382078125,
    "n_sig;1178_err": 278.63253389017143,
    "r_params": {
        "alphaL": 2.02992217591786,
        "alphaL_Kpipi": 0.23984147888569726,
        "alphaR": -1.7778067363088699,
        "alphaR_Kpipi": -3.45169511727099,
        "fraction_Kpipi": 0.8861855867303668,
        "muL_Kpipi": 5214.656416664541,
        "muR_Kpipi": 5183.074248990296,
        "mu_Ds": 5279.191000972047,
        "nL": 0.4354740104546931,
        "nL_Kpipi": 4.413073505098077,
        "nR": 5.840596424652496,
        "nR_Kpipi": 1.3686501931786665e-08,
        "n_sig_Ds": 1402.4493071529039,
        "r_bkgK": 0.035341458516519916,
        "sigmaL_Kpipi": 19.133710600596434,
        "sigmaR_Kpipi": 39.32384704379869,
        "sigma_Ds": 11.943125285716775
    },
    "sigmaL;1178": 10.975008288106421,
    "sigmaL;1178_err": 0.2164762248754914,
    "sigmaR;1178": 18.12487066045825,
    "sigmaR;1178_err": 0.22311385356730437
}