{
    "fit_ok": true,
    "frac;759": 0.44344461170504884,
    "frac;759_err": 0.02085457045416899,
    "info_fit": "------------------------------------------------------------------\n| FCN = -3.199e+05              |     Ncalls=106 (106 total)     |\n| EDM = 9.62e-06 (Goal: 0.001)  |            up = 0.5            |\n------------------------------------------------------------------\n|  Valid Min.   | Valid Param.  | Above EDM | Reached call limit |\n------------------------------------------------------------------\n|     True      |     True      |   False   |       False        |\n------------------------------------------------------------------\n| Hesse failed  |   Has cov.    | Accurate  | Pos. def. | Forced |\n------------------------------------------------------------------\n|     False     |     True      |   True    |   True    | False  |\n------------------------------------------------------------------",
    "info_params": "name            value    minuit_hesse    at limit\n----------  ---------  --------------  ----------\nn_sig;759       52350     +/- 2.8e+02       False\u001b[0m\nn_bkg;759        5143     +/- 1.8e+02       False\u001b[0m\nfrac;759       0.4434     +/-   0.021       False\u001b[0m\nmu;759           5279     +/-   0.077       False\u001b[0m\nsigmaL;759      11.09     +/-    0.21       False\u001b[0m\nsigmaR;759      18.21     +/-    0.23       False\u001b[0m\nlambda;759  -0.002132     +/- 0.00026       False\u001b[0m",
    "lambda;759": -0.002132348751693325,
    "lambda;759_err": 0.00026352346714273074,
    "mu;759": 5278.874858915722,
    "mu;759_err": 0.07735142027845082,
    "n_bkg;759": 5142.992095559522,
    "n_bkg;759_err": 182.8716493679496,
    "n_sig;759": 52349.3805863814,
    "n_sig;759_err": 280.5508053872909,
    "r_params": {
        "alphaL": 2.02992217591786,
        "alphaL_Kpipi": 0.2513858287038836,
        "alphaR": -1.7778067363088699,
        "alphaR_Kpipi": -3.7048613345236356,
        "fraction_Kpipi": 0.866781641564059,
        "muL_Kpipi": 5215.662416633967,
        "muR_Kpipi": 5182.13713275815,
        "nL": 0.4354740104546931,
        "nL_Kpipi": 4.236230352002926,
        "nR": 5.840596424652496,
        "nR_Kpipi": 2.8416751672118734e-05,
        "r_bkgK": 0.03210961498373502,
        "sigmaL_Kpipi": 19.360149070882937,
        "sigmaR_Kpipi": 39.77453402904804
    },
    "sigmaL;759": 11.08553107566821,
    "sigmaL;759_err": 0.21006727376277737,
    "sigmaR;759": 18.207316540702877,
    "sigmaR;759_err": 0.23361020215502193
}