{
    "fit_ok": true,
    "frac;243": 0.4205600515627835,
    "frac;243_err": 0.020336730384266546,
    "info_fit": "------------------------------------------------------------------\n| FCN = -3.199e+05              |     Ncalls=104 (104 total)     |\n| EDM = 0.000245 (Goal: 0.001)  |            up = 0.5            |\n------------------------------------------------------------------\n|  Valid Min.   | Valid Param.  | Above EDM | Reached call limit |\n------------------------------------------------------------------\n|     True      |     True      |   False   |       False        |\n------------------------------------------------------------------\n| Hesse failed  |   Has cov.    | Accurate  | Pos. def. | Forced |\n------------------------------------------------------------------\n|     False     |     True      |   True    |   True    | False  |\n------------------------------------------------------------------",
    "info_params": "name            value    minuit_hesse    at limit\n----------  ---------  --------------  ----------\nn_sig;243       52330     +/- 2.8e+02       False\u001b[0m\nn_bkg;243        4930     +/- 1.8e+02       False\u001b[0m\nfrac;243       0.4206     +/-    0.02       False\u001b[0m\nmu;243           5279     +/-   0.077       False\u001b[0m\nsigmaL;243       10.9     +/-    0.22       False\u001b[0m\nsigmaR;243       18.1     +/-    0.22       False\u001b[0m\nlambda;243  -0.001823     +/- 0.00027       False\u001b[0m",
    "lambda;243": -0.0018232170546962911,
    "lambda;243_err": 0.00027331090319305065,
    "mu;243": 5278.860239139707,
    "mu;243_err": 0.07746407144531452,
    "n_bkg;243": 4929.538059392821,
    "n_bkg;243_err": 178.9853569393202,
    "n_sig;243": 52328.91069949963,
    "n_sig;243_err": 277.69333036472443,
    "r_params": {
        "alphaL": 2.02992217591786,
        "alphaL_Kpipi": 0.22552761762245047,
        "alphaR": -1.7778067363088699,
        "alphaR_Kpipi": -3.5567422074299238,
        "fraction_Kpipi": 0.8946641923870846,
        "muL_Kpipi": 5214.51336638984,
        "muR_Kpipi": 5182.146839735198,
        "nL": 0.4354740104546931,
        "nL_Kpipi": 4.32748585169023,
        "nR": 5.840596424652496,
        "nR_Kpipi": 1.773824740350274e-05,
        "r_bkgK": 0.036558786851862035,
        "sigmaL_Kpipi": 18.708255391955362,
        "sigmaR_Kpipi": 40.240505660061025
    },
    "sigmaL;243": 10.901534738184399,
    "sigmaL;243_err": 0.21955284007857706,
    "sigmaR;243": 18.098619033195376,
    "sigmaR;243_err": 0.21972484970592193
}