{
    "fit_ok": true,
    "frac;387": 0.47283682995841725,
    "frac;387_err": 0.021088440103855844,
    "info_fit": "------------------------------------------------------------------\n| FCN = -3.199e+05              |     Ncalls=105 (105 total)     |\n| EDM = 1.01e-05 (Goal: 0.001)  |            up = 0.5            |\n------------------------------------------------------------------\n|  Valid Min.   | Valid Param.  | Above EDM | Reached call limit |\n------------------------------------------------------------------\n|     True      |     True      |   False   |       False        |\n------------------------------------------------------------------\n| Hesse failed  |   Has cov.    | Accurate  | Pos. def. | Forced |\n------------------------------------------------------------------\n|     False     |     True      |   True    |   True    | False  |\n------------------------------------------------------------------",
    "info_params": "name            value    minuit_hesse    at limit\n----------  ---------  --------------  ----------\nn_sig;387       52510     +/- 2.8e+02       False\u001b[0m\nn_bkg;387        5268     +/- 1.8e+02       False\u001b[0m\nfrac;387       0.4728     +/-   0.021       False\u001b[0m\nmu;387           5279     +/-   0.077       False\u001b[0m\nsigmaL;387      11.28     +/-     0.2       False\u001b[0m\nsigmaR;387      18.49     +/-    0.25       False\u001b[0m\nlambda;387  -0.002313     +/- 0.00026       False\u001b[0m",
    "lambda;387": -0.0023129812561769464,
    "lambda;387_err": 0.0002573421466392694,
    "mu;387": 5278.863236111917,
    "mu;387_err": 0.07733459047906097,
    "n_bkg;387": 5267.952750788007,
    "n_bkg;387_err": 184.5967958993081,
    "n_sig;387": 52508.480725760426,
    "n_sig;387_err": 282.7061383024829,
    "r_params": {
        "alphaL": 2.02992217591786,
        "alphaL_Kpipi": 0.25317118738214267,
        "alphaR": -1.7778067363088699,
        "alphaR_Kpipi": -3.6347670159490573,
        "fraction_Kpipi": 0.8783586144928274,
        "muL_Kpipi": 5214.225891349606,
        "muR_Kpipi": 5183.807105548998,
        "nL": 0.4354740104546931,
        "nL_Kpipi": 4.757665101488564,
        "nR": 5.840596424652496,
        "nR_Kpipi": 1.6526368378704688e-05,
        "r_bkgK": 0.026604988942683178,
        "sigmaL_Kpipi": 17.9991794298829,
        "sigmaR_Kpipi": 41.62940931360517
    },
    "sigmaL;387": 11.278273051876173,
    "sigmaL;387_err": 0.20178736329607289,
    "sigmaR;387": 18.492711720997654,
    "sigmaR;387_err": 0.25165483107914566
}