{
    "fit_ok": true,
    "frac;1477": 0.4109247018587353,
    "frac;1477_err": 0.020933231015035678,
    "info_fit": "------------------------------------------------------------------\n| FCN = -3.199e+05              |     Ncalls=106 (106 total)     |\n| EDM = 2.24e-05 (Goal: 0.001)  |            up = 0.5            |\n------------------------------------------------------------------\n|  Valid Min.   | Valid Param.  | Above EDM | Reached call limit |\n------------------------------------------------------------------\n|     True      |     True      |   False   |       False        |\n------------------------------------------------------------------\n| Hesse failed  |   Has cov.    | Accurate  | Pos. def. | Forced |\n------------------------------------------------------------------\n|     False     |     True      |   True    |   True    | False  |\n------------------------------------------------------------------",
    "info_params": "name             value    minuit_hesse    at limit\n-----------  ---------  --------------  ----------\nn_sig;1477       52220     +/- 2.8e+02       False\u001b[0m\nn_bkg;1477        5006     +/- 1.8e+02       False\u001b[0m\nfrac;1477       0.4109     +/-   0.021       False\u001b[0m\nmu;1477           5279     +/-   0.078       False\u001b[0m\nsigmaL;1477      10.84     +/-    0.23       False\u001b[0m\nsigmaR;1477      17.97     +/-    0.22       False\u001b[0m\nlambda;1477  -0.001948     +/- 0.00027       False\u001b[0m",
    "lambda;1477": -0.0019476472428151537,
    "lambda;1477_err": 0.0002715753984153125,
    "mu;1477": 5278.867647736342,
    "mu;1477_err": 0.07754922170174768,
    "n_bkg;1477": 5005.708755511705,
    "n_bkg;1477_err": 181.43120952007575,
    "n_sig;1477": 52218.38184474315,
    "n_sig;1477_err": 278.71827594749055,
    "r_params": {
        "alphaL": 2.02992217591786,
        "alphaL_Kpipi": 0.2541267560082389,
        "alphaR": -1.7778067363088699,
        "alphaR_Kpipi": -3.1934205184184496,
        "fraction_Kpipi": 0.8820416821775332,
        "muL_Kpipi": 5215.295086136581,
        "muR_Kpipi": 5185.447388039751,
        "nL": 0.4354740104546931,
        "nL_Kpipi": 4.4611376723410405,
        "nR": 5.840596424652496,
        "nR_Kpipi": 0.00046684763190755997,
        "r_bkgK": 0.03731346523092234,
        "sigmaL_Kpipi": 19.008477538717194,
        "sigmaR_Kpipi": 39.03570893320936
    },
    "sigmaL;1477": 10.844664182406536,
    "sigmaL;1477_err": 0.22994789508760646,
    "sigmaR;1477": 17.96600468094707,
    "sigmaR;1477_err": 0.21757726585032666
}