{
    "fit_ok": true,
    "frac;68": 0.395591848609497,
    "frac;68_err": 0.020639277454991202,
    "info_fit": "------------------------------------------------------------------\n| FCN = -3.199e+05              |     Ncalls=106 (106 total)     |\n| EDM = 5.89e-05 (Goal: 0.001)  |            up = 0.5            |\n------------------------------------------------------------------\n|  Valid Min.   | Valid Param.  | Above EDM | Reached call limit |\n------------------------------------------------------------------\n|     True      |     True      |   False   |       False        |\n------------------------------------------------------------------\n| Hesse failed  |   Has cov.    | Accurate  | Pos. def. | Forced |\n------------------------------------------------------------------\n|     False     |     True      |   True    |   True    | False  |\n------------------------------------------------------------------",
    "info_params": "name           value    minuit_hesse    at limit\n---------  ---------  --------------  ----------\nn_sig;68       52140     +/- 2.8e+02       False\u001b[0m\nn_bkg;68        4956     +/- 1.8e+02       False\u001b[0m\nfrac;68       0.3956     +/-   0.021       False\u001b[0m\nmu;68           5279     +/-   0.078       False\u001b[0m\nsigmaL;68      10.72     +/-    0.23       False\u001b[0m\nsigmaR;68      17.85     +/-    0.21       False\u001b[0m\nlambda;68  -0.001866     +/- 0.00027       False\u001b[0m",
    "lambda;68": -0.0018656859625091199,
    "lambda;68_err": 0.0002732482470786143,
    "mu;68": 5278.866856300638,
    "mu;68_err": 0.0776026549324437,
    "n_bkg;68": 4955.664924934854,
    "n_bkg;68_err": 180.00198499093088,
    "n_sig;68": 52139.84141699404,
    "n_sig;68_err": 277.34481038227267,
    "r_params": {
        "alphaL": 2.02992217591786,
        "alphaL_Kpipi": 0.26458936101819563,
        "alphaR": -1.7778067363088699,
        "alphaR_Kpipi": -3.5042832096428955,
        "fraction_Kpipi": 0.8891995720903005,
        "muL_Kpipi": 5214.5956747033,
        "muR_Kpipi": 5187.197034830113,
        "nL": 0.4354740104546931,
        "nL_Kpipi": 4.941928671223799,
        "nR": 5.840596424652496,
        "nR_Kpipi": 0.0004296471247360998,
        "r_bkgK": 0.039828801384162595,
        "sigmaL_Kpipi": 19.306921385740992,
        "sigmaR_Kpipi": 42.513787547613816
    },
    "sigmaL;68": 10.72301052786835,
    "sigmaL;68_err": 0.23315787807127866,
    "sigmaR;68": 17.85211165217956,
    "sigmaR;68_err": 0.2100381758894871
}