{
    "fit_ok": true,
    "frac;330": 0.42648366055365655,
    "frac;330_err": 0.020534060762489575,
    "info_fit": "------------------------------------------------------------------\n| FCN = -3.199e+05              |     Ncalls=103 (103 total)     |\n| EDM = 0.000113 (Goal: 0.001)  |            up = 0.5            |\n------------------------------------------------------------------\n|  Valid Min.   | Valid Param.  | Above EDM | Reached call limit |\n------------------------------------------------------------------\n|     True      |     True      |   False   |       False        |\n------------------------------------------------------------------\n| Hesse failed  |   Has cov.    | Accurate  | Pos. def. | Forced |\n------------------------------------------------------------------\n|     False     |     True      |   True    |   True    | False  |\n------------------------------------------------------------------",
    "info_params": "name           value    minuit_hesse    at limit\n----------  --------  --------------  ----------\nn_sig;330      52330     +/- 2.8e+02       False\u001b[0m\nn_bkg;330       5000     +/- 1.8e+02       False\u001b[0m\nfrac;330      0.4265     +/-   0.021       False\u001b[0m\nmu;330          5279     +/-   0.077       False\u001b[0m\nsigmaL;330     10.94     +/-    0.22       False\u001b[0m\nsigmaR;330     18.11     +/-    0.22       False\u001b[0m\nlambda;330  -0.00193     +/- 0.00027       False\u001b[0m",
    "lambda;330": -0.0019301655056306322,
    "lambda;330_err": 0.0002698940004559428,
    "mu;330": 5278.866019579853,
    "mu;330_err": 0.07739805844565373,
    "n_bkg;330": 5000.137996829706,
    "n_bkg;330_err": 180.27383550014713,
    "n_sig;330": 52328.89778492953,
    "n_sig;330_err": 278.56480974925176,
    "r_params": {
        "alphaL": 2.02992217591786,
        "alphaL_Kpipi": 0.23984147888569726,
        "alphaR": -1.7778067363088699,
        "alphaR_Kpipi": -3.45169511727099,
        "fraction_Kpipi": 0.8861855867303668,
        "muL_Kpipi": 5214.656416664541,
        "muR_Kpipi": 5183.074248990296,
        "mu_Ds": 5279.350896833278,
        "nL": 0.4354740104546931,
        "nL_Kpipi": 4.413073505098077,
        "nR": 5.840596424652496,
        "nR_Kpipi": 1.3686501931786665e-08,
        "n_sig_Ds": 1374.8238146488027,
        "r_bkgK": 0.035341458516519916,
        "sigmaL_Kpipi": 19.133710600596434,
        "sigmaR_Kpipi": 39.32384704379869,
        "sigma_Ds": 12.788125846696298
    },
    "sigmaL;330": 10.938004512087836,
    "sigmaL;330_err": 0.21758447959762311,
    "sigmaR;330": 18.10703014937649,
    "sigmaR;330_err": 0.22329885784436632
}