{
    "fit_ok": true,
    "frac;51": 0.5900376580394178,
    "frac;51_err": 0.026394314403117035,
    "info_fit": "------------------------------------------------------------------\n| FCN = -3.199e+05              |     Ncalls=104 (104 total)     |\n| EDM = 2.98e-05 (Goal: 0.001)  |            up = 0.5            |\n------------------------------------------------------------------\n|  Valid Min.   | Valid Param.  | Above EDM | Reached call limit |\n------------------------------------------------------------------\n|     True      |     True      |   False   |       False        |\n------------------------------------------------------------------\n| Hesse failed  |   Has cov.    | Accurate  | Pos. def. | Forced |\n------------------------------------------------------------------\n|     False     |     True      |   True    |   True    | False  |\n------------------------------------------------------------------",
    "info_params": "name           value    minuit_hesse    at limit\n---------  ---------  --------------  ----------\nn_sig;51       51320     +/- 2.6e+02       False\u001b[0m\nn_bkg;51        6042     +/- 1.5e+02       False\u001b[0m\nfrac;51         0.59     +/-   0.026       False\u001b[0m\nmu;51           5279     +/-   0.077       False\u001b[0m\nsigmaL;51      12.11     +/-     0.2       False\u001b[0m\nsigmaR;51      20.01     +/-    0.41       False\u001b[0m\nlambda;51  -0.003466     +/- 0.00018       False\u001b[0m",
    "lambda;51": -0.0034661890378357013,
    "lambda;51_err": 0.0001783127075651686,
    "mu;51": 5278.80606562073,
    "mu;51_err": 0.07654078432391676,
    "n_bkg;51": 6042.362192951041,
    "n_bkg;51_err": 151.19570001804692,
    "n_sig;51": 51318.76497108159,
    "n_sig;51_err": 258.28890775608073,
    "r_params": {
        "alphaL": 2.10757169620304,
        "alphaL_Kpipi": 0.23984147888569726,
        "alphaR": -1.7781357126225354,
        "alphaR_Kpipi": -3.45169511727099,
        "fraction_Kpipi": 0.8861855867303668,
        "muL_Kpipi": 5214.656416664541,
        "muR_Kpipi": 5183.074248990296,
        "nL": 0.8240875927910534,
        "nL_Kpipi": 4.413073505098077,
        "nR": 4.280472885420144,
        "nR_Kpipi": 1.3686501931786665e-08,
        "r_bkgK": 0.035341458516519916,
        "sigmaL_Kpipi": 19.133710600596434,
        "sigmaR_Kpipi": 39.32384704379869
    },
    "sigmaL;51": 12.10752351512388,
    "sigmaL;51_err": 0.19503155642517592,
    "sigmaR;51": 20.01190369597063,
    "sigmaR;51_err": 0.409172541903725
}