{
    "fit_ok": true,
    "frac;796": 0.4251930357827234,
    "frac;796_err": 0.020466862812417427,
    "info_fit": "------------------------------------------------------------------\n| FCN = -3.199e+05              |     Ncalls=104 (104 total)     |\n| EDM = 3.18e-05 (Goal: 0.001)  |            up = 0.5            |\n------------------------------------------------------------------\n|  Valid Min.   | Valid Param.  | Above EDM | Reached call limit |\n------------------------------------------------------------------\n|     True      |     True      |   False   |       False        |\n------------------------------------------------------------------\n| Hesse failed  |   Has cov.    | Accurate  | Pos. def. | Forced |\n------------------------------------------------------------------\n|     False     |     True      |   True    |   True    | False  |\n------------------------------------------------------------------",
    "info_params": "name            value    minuit_hesse    at limit\n----------  ---------  --------------  ----------\nn_sig;796       52400     +/- 2.8e+02       False\u001b[0m\nn_bkg;796        5001     +/- 1.8e+02       False\u001b[0m\nfrac;796       0.4252     +/-    0.02       False\u001b[0m\nmu;796           5279     +/-   0.077       False\u001b[0m\nsigmaL;796      10.97     +/-    0.22       False\u001b[0m\nsigmaR;796      18.11     +/-    0.22       False\u001b[0m\nlambda;796  -0.001932     +/- 0.00027       False\u001b[0m",
    "lambda;796": -0.0019316737046874977,
    "lambda;796_err": 0.0002699179524518868,
    "mu;796": 5278.856543955565,
    "mu;796_err": 0.07732568451083464,
    "n_bkg;796": 5000.648314561436,
    "n_bkg;796_err": 180.28410610113121,
    "n_sig;796": 52397.91636382675,
    "n_sig;796_err": 278.58190648115834,
    "r_params": {
        "alphaL": 2.02992217591786,
        "alphaL_Kpipi": 0.23984147888569726,
        "alphaR": -1.7778067363088699,
        "alphaR_Kpipi": -3.45169511727099,
        "fraction_Kpipi": 0.8861855867303668,
        "muL_Kpipi": 5214.656416664541,
        "muR_Kpipi": 5183.074248990296,
        "mu_Ds": 5279.554417296585,
        "nL": 0.4354740104546931,
        "nL_Kpipi": 4.413073505098077,
        "nR": 5.840596424652496,
        "nR_Kpipi": 1.3686501931786665e-08,
        "n_sig_Ds": 1303.8033081622611,
        "r_bkgK": 0.035341458516519916,
        "sigmaL_Kpipi": 19.133710600596434,
        "sigmaR_Kpipi": 39.32384704379869,
        "sigma_Ds": 11.984543414853164
    },
    "sigmaL;796": 10.96686270313908,
    "sigmaL;796_err": 0.2161555889294073,
    "sigmaR;796": 18.10663103330257,
    "sigmaR;796_err": 0.22213691175616418
}