{
    "fit_ok": true,
    "frac;337": 0.4256448517711932,
    "frac;337_err": 0.020484311776244084,
    "info_fit": "------------------------------------------------------------------\n| FCN = -3.199e+05              |     Ncalls=103 (103 total)     |\n| EDM = 0.000752 (Goal: 0.001)  |            up = 0.5            |\n------------------------------------------------------------------\n|  Valid Min.   | Valid Param.  | Above EDM | Reached call limit |\n------------------------------------------------------------------\n|     True      |     True      |   False   |       False        |\n------------------------------------------------------------------\n| Hesse failed  |   Has cov.    | Accurate  | Pos. def. | Forced |\n------------------------------------------------------------------\n|     False     |     True      |   True    |   True    | False  |\n------------------------------------------------------------------",
    "info_params": "name            value    minuit_hesse    at limit\n----------  ---------  --------------  ----------\nn_sig;337       52390     +/- 2.8e+02       False\u001b[0m\nn_bkg;337        4999     +/- 1.8e+02       False\u001b[0m\nfrac;337       0.4256     +/-    0.02       False\u001b[0m\nmu;337           5279     +/-   0.077       False\u001b[0m\nsigmaL;337      10.94     +/-    0.22       False\u001b[0m\nsigmaR;337       18.1     +/-    0.22       False\u001b[0m\nlambda;337  -0.001927     +/- 0.00027       False\u001b[0m",
    "lambda;337": -0.0019265450597544254,
    "lambda;337_err": 0.00027017333801747254,
    "mu;337": 5278.845168288828,
    "mu;337_err": 0.07729596300795902,
    "n_bkg;337": 4999.466440822989,
    "n_bkg;337_err": 180.33316651522014,
    "n_sig;337": 52387.11748490167,
    "n_sig;337_err": 278.6176231755579,
    "r_params": {
        "alphaL": 2.02992217591786,
        "alphaL_Kpipi": 0.23984147888569726,
        "alphaR": -1.7778067363088699,
        "alphaR_Kpipi": -3.45169511727099,
        "fraction_Kpipi": 0.8861855867303668,
        "muL_Kpipi": 5214.656416664541,
        "muR_Kpipi": 5183.074248990296,
        "mu_Ds": 5280.000603413787,
        "nL": 0.4354740104546931,
        "nL_Kpipi": 4.413073505098077,
        "nR": 5.840596424652496,
        "nR_Kpipi": 1.3686501931786665e-08,
        "n_sig_Ds": 1316.6269269631694,
        "r_bkgK": 0.035341458516519916,
        "sigmaL_Kpipi": 19.133710600596434,
        "sigmaR_Kpipi": 39.32384704379869,
        "sigma_Ds": 12.505582820989904
    },
    "sigmaL;337": 10.944776487254188,
    "sigmaL;337_err": 0.21666496779098696,
    "sigmaR;337": 18.100239916025984,
    "sigmaR;337_err": 0.22257370297822604
}