{
    "fit_ok": true,
    "frac;653": 0.3128012031387062,
    "frac;653_err": 0.015223323574251602,
    "info_fit": "------------------------------------------------------------------\n| FCN = -3.199e+05              |     Ncalls=103 (103 total)     |\n| EDM = 2.04e-05 (Goal: 0.001)  |            up = 0.5            |\n------------------------------------------------------------------\n|  Valid Min.   | Valid Param.  | Above EDM | Reached call limit |\n------------------------------------------------------------------\n|     True      |     True      |   False   |       False        |\n------------------------------------------------------------------\n| Hesse failed  |   Has cov.    | Accurate  | Pos. def. | Forced |\n------------------------------------------------------------------\n|     False     |     True      |   True    |   True    | False  |\n------------------------------------------------------------------",
    "info_params": "name            value    minuit_hesse    at limit\n----------  ---------  --------------  ----------\nn_sig;653       52470     +/- 2.8e+02       False\u001b[0m\nn_bkg;653        4846     +/- 1.8e+02       False\u001b[0m\nfrac;653       0.3128     +/-   0.015       False\u001b[0m\nmu;653           5279     +/-   0.079       False\u001b[0m\nsigmaL;653      9.993     +/-    0.26       False\u001b[0m\nsigmaR;653      17.05     +/-    0.15       False\u001b[0m\nlambda;653  -0.001484     +/- 0.00029       False\u001b[0m",
    "lambda;653": -0.00148436848887612,
    "lambda;653_err": 0.00028589272254222206,
    "mu;653": 5278.8659701089,
    "mu;653_err": 0.07851507469742866,
    "n_bkg;653": 4846.318717554254,
    "n_bkg;653_err": 180.09731761560724,
    "n_sig;653": 52470.0444718981,
    "n_sig;653_err": 278.8477654317437,
    "r_params": {
        "alphaL": 1.970046622402856,
        "alphaL_Kpipi": 0.23984147888569726,
        "alphaR": -1.6771758886562127,
        "alphaR_Kpipi": -3.45169511727099,
        "fraction_Kpipi": 0.8861855867303668,
        "muL_Kpipi": 5214.656416664541,
        "muR_Kpipi": 5183.074248990296,
        "nL": 0.3012519604158571,
        "nL_Kpipi": 4.413073505098077,
        "nR": 12.275743065968562,
        "nR_Kpipi": 1.3686501931786665e-08,
        "r_bkgK": 0.035341458516519916,
        "sigmaL_Kpipi": 19.133710600596434,
        "sigmaR_Kpipi": 39.32384704379869
    },
    "sigmaL;653": 9.993100189346467,
    "sigmaL;653_err": 0.258383452712632,
    "sigmaR;653": 17.045311957587682,
    "sigmaR;653_err": 0.14600285833273383
}