{
    "fit_ok": true,
    "frac;472": 0.4266957861104603,
    "frac;472_err": 0.020587124138723406,
    "info_fit": "------------------------------------------------------------------\n| FCN = -3.199e+05              |     Ncalls=100 (100 total)     |\n| EDM = 0.00037 (Goal: 0.001)   |            up = 0.5            |\n------------------------------------------------------------------\n|  Valid Min.   | Valid Param.  | Above EDM | Reached call limit |\n------------------------------------------------------------------\n|     True      |     True      |   False   |       False        |\n------------------------------------------------------------------\n| Hesse failed  |   Has cov.    | Accurate  | Pos. def. | Forced |\n------------------------------------------------------------------\n|     False     |     True      |   True    |   True    | False  |\n------------------------------------------------------------------",
    "info_params": "name            value    minuit_hesse    at limit\n----------  ---------  --------------  ----------\nn_sig;472       52180     +/- 2.8e+02       False\u001b[0m\nn_bkg;472        5011     +/- 1.8e+02       False\u001b[0m\nfrac;472       0.4267     +/-   0.021       False\u001b[0m\nmu;472           5279     +/-   0.078       False\u001b[0m\nsigmaL;472      10.97     +/-    0.22       False\u001b[0m\nsigmaR;472      18.14     +/-    0.22       False\u001b[0m\nlambda;472  -0.001947     +/- 0.00027       False\u001b[0m",
    "lambda;472": -0.0019470940417646299,
    "lambda;472_err": 0.0002696971132997142,
    "mu;472": 5278.872434546473,
    "mu;472_err": 0.07772016534130774,
    "n_bkg;472": 5010.838121142636,
    "n_bkg;472_err": 180.67645176726413,
    "n_sig;472": 52184.89525610403,
    "n_sig;472_err": 278.80164469299973,
    "r_params": {
        "alphaL": 2.02992217591786,
        "alphaL_Kpipi": 0.23984147888569726,
        "alphaR": -1.7778067363088699,
        "alphaR_Kpipi": -3.45169511727099,
        "fraction_Kpipi": 0.8861855867303668,
        "muL_Kpipi": 5214.656416664541,
        "muR_Kpipi": 5183.074248990296,
        "mu_Ds": 5279.033358262669,
        "nL": 0.4354740104546931,
        "nL_Kpipi": 4.413073505098077,
        "nR": 5.840596424652496,
        "nR_Kpipi": 1.3686501931786665e-08,
        "n_sig_Ds": 1514.4276869388398,
        "r_bkgK": 0.035341458516519916,
        "sigmaL_Kpipi": 19.133710600596434,
        "sigmaR_Kpipi": 39.32384704379869,
        "sigma_Ds": 12.140890721801528
    },
    "sigmaL;472": 10.971841531631302,
    "sigmaL;472_err": 0.21701822134369067,
    "sigmaR;472": 18.142070890121992,
    "sigmaR;472_err": 0.22458821535933002
}