{
    "fit_ok": true,
    "frac;283": 0.44820475338996824,
    "frac;283_err": 0.022854106943987453,
    "info_fit": "------------------------------------------------------------------\n| FCN = -3.199e+05              |     Ncalls=105 (105 total)     |\n| EDM = 3.06e-05 (Goal: 0.001)  |            up = 0.5            |\n------------------------------------------------------------------\n|  Valid Min.   | Valid Param.  | Above EDM | Reached call limit |\n------------------------------------------------------------------\n|     True      |     True      |   False   |       False        |\n------------------------------------------------------------------\n| Hesse failed  |   Has cov.    | Accurate  | Pos. def. | Forced |\n------------------------------------------------------------------\n|     False     |     True      |   True    |   True    | False  |\n------------------------------------------------------------------",
    "info_params": "name            value    minuit_hesse    at limit\n----------  ---------  --------------  ----------\nn_sig;283       52240     +/- 2.8e+02       False\u001b[0m\nn_bkg;283        5087     +/- 1.8e+02       False\u001b[0m\nfrac;283       0.4482     +/-   0.023       False\u001b[0m\nmu;283           5279     +/-   0.077       False\u001b[0m\nsigmaL;283      11.01     +/-    0.22       False\u001b[0m\nsigmaR;283      18.71     +/-    0.27       False\u001b[0m\nlambda;283  -0.002033     +/- 0.00026       False\u001b[0m",
    "lambda;283": -0.0020329871435628977,
    "lambda;283_err": 0.0002643568208529619,
    "mu;283": 5278.803363259896,
    "mu;283_err": 0.0765968421575011,
    "n_bkg;283": 5086.631874417341,
    "n_bkg;283_err": 181.811024927991,
    "n_sig;283": 52240.81102812151,
    "n_sig;283_err": 279.25154658208936,
    "r_params": {
        "alphaL": 2.2341471965258926,
        "alphaL_Kpipi": 0.23984147888569726,
        "alphaR": -1.841401712884611,
        "alphaR_Kpipi": -3.45169511727099,
        "fraction_Kpipi": 0.8861855867303668,
        "muL_Kpipi": 5214.656416664541,
        "muR_Kpipi": 5183.074248990296,
        "nL": 0.29801519738966253,
        "nL_Kpipi": 4.413073505098077,
        "nR": 5.68969468092471,
        "nR_Kpipi": 1.3686501931786665e-08,
        "r_bkgK": 0.035341458516519916,
        "sigmaL_Kpipi": 19.133710600596434,
        "sigmaR_Kpipi": 39.32384704379869
    },
    "sigmaL;283": 11.014866627149281,
    "sigmaL;283_err": 0.21627726072042447,
    "sigmaR;283": 18.714856763633072,
    "sigmaR;283_err": 0.2716674362049139
}