{
    "fit_ok": true,
    "frac;987": 0.509223222347886,
    "frac;987_err": 0.021210864903190182,
    "info_fit": "------------------------------------------------------------------\n| FCN = -3.199e+05              |     Ncalls=106 (106 total)     |\n| EDM = 6.91e-06 (Goal: 0.001)  |            up = 0.5            |\n------------------------------------------------------------------\n|  Valid Min.   | Valid Param.  | Above EDM | Reached call limit |\n------------------------------------------------------------------\n|     True      |     True      |   False   |       False        |\n------------------------------------------------------------------\n| Hesse failed  |   Has cov.    | Accurate  | Pos. def. | Forced |\n------------------------------------------------------------------\n|     False     |     True      |   True    |   True    | False  |\n------------------------------------------------------------------",
    "info_params": "name            value    minuit_hesse    at limit\n----------  ---------  --------------  ----------\nn_sig;987       52660     +/- 2.8e+02       False\u001b[0m\nn_bkg;987        5393     +/- 1.9e+02       False\u001b[0m\nfrac;987       0.5092     +/-   0.021       False\u001b[0m\nmu;987           5279     +/-   0.077       False\u001b[0m\nsigmaL;987      11.51     +/-    0.19       False\u001b[0m\nsigmaR;987      18.82     +/-    0.28       False\u001b[0m\nlambda;987  -0.002474     +/- 0.00025       False\u001b[0m",
    "lambda;987": -0.002473873279460581,
    "lambda;987_err": 0.0002509927135783994,
    "mu;987": 5278.87390431229,
    "mu;987_err": 0.07718685063795629,
    "n_bkg;987": 5393.12664460452,
    "n_bkg;987_err": 186.06454563307827,
    "n_sig;987": 52656.39234090579,
    "n_sig;987_err": 284.6542441659855,
    "r_params": {
        "alphaL": 2.02992217591786,
        "alphaL_Kpipi": 0.2337174228413929,
        "alphaR": -1.7778067363088699,
        "alphaR_Kpipi": -3.536067756832351,
        "fraction_Kpipi": 0.873804105160297,
        "muL_Kpipi": 5213.937312356886,
        "muR_Kpipi": 5177.15959477991,
        "nL": 0.4354740104546931,
        "nL_Kpipi": 4.3503228571971615,
        "nR": 5.840596424652496,
        "nR_Kpipi": 0.00014293446777367233,
        "r_bkgK": 0.02135950564181841,
        "sigmaL_Kpipi": 19.825173653952877,
        "sigmaR_Kpipi": 39.77928532802636
    },
    "sigmaL;987": 11.513782130285128,
    "sigmaL;987_err": 0.19133706998327446,
    "sigmaR;987": 18.81501957202571,
    "sigmaR;987_err": 0.2764360359109935
}