{
    "fit_ok": true,
    "frac;1505": 0.44551438454608416,
    "frac;1505_err": 0.020948649282474766,
    "info_fit": "------------------------------------------------------------------\n| FCN = -3.199e+05              |     Ncalls=102 (102 total)     |\n| EDM = 1.49e-05 (Goal: 0.001)  |            up = 0.5            |\n------------------------------------------------------------------\n|  Valid Min.   | Valid Param.  | Above EDM | Reached call limit |\n------------------------------------------------------------------\n|     True      |     True      |   False   |       False        |\n------------------------------------------------------------------\n| Hesse failed  |   Has cov.    | Accurate  | Pos. def. | Forced |\n------------------------------------------------------------------\n|     False     |     True      |   True    |   True    | False  |\n------------------------------------------------------------------",
    "info_params": "name             value    minuit_hesse    at limit\n-----------  ---------  --------------  ----------\nn_sig;1505       52350     +/- 2.8e+02       False\u001b[0m\nn_bkg;1505        5180     +/- 1.8e+02       False\u001b[0m\nfrac;1505       0.4455     +/-   0.021       False\u001b[0m\nmu;1505           5279     +/-   0.077       False\u001b[0m\nsigmaL;1505       11.1     +/-    0.21       False\u001b[0m\nsigmaR;1505      18.22     +/-    0.24       False\u001b[0m\nlambda;1505  -0.002192     +/- 0.00026       False\u001b[0m",
    "lambda;1505": -0.0021921731811141987,
    "lambda;1505_err": 0.00026170501216782907,
    "mu;1505": 5278.873893476024,
    "mu;1505_err": 0.07736011687834955,
    "n_bkg;1505": 5180.1170071212855,
    "n_bkg;1505_err": 183.4029382956376,
    "n_sig;1505": 52347.7512072269,
    "n_sig;1505_err": 280.9404938885724,
    "r_params": {
        "alphaL": 2.02992217591786,
        "alphaL_Kpipi": 0.2551351493804294,
        "alphaR": -1.7778067363088699,
        "alphaR_Kpipi": -3.3076309961775006,
        "fraction_Kpipi": 0.8759261224330354,
        "muL_Kpipi": 5215.432902338543,
        "muR_Kpipi": 5185.411308488632,
        "nL": 0.4354740104546931,
        "nL_Kpipi": 4.238815142156845,
        "nR": 5.840596424652496,
        "nR_Kpipi": 0.00017182572846077216,
        "r_bkgK": 0.031435088934965036,
        "sigmaL_Kpipi": 19.21482596734705,
        "sigmaR_Kpipi": 40.3045504926192
    },
    "sigmaL;1505": 11.10237207400776,
    "sigmaL;1505_err": 0.20946257269835447,
    "sigmaR;1505": 18.216941812001007,
    "sigmaR;1505_err": 0.2350078352608869
}