{
    "fit_ok": true,
    "frac;124": 0.5412021939510434,
    "frac;124_err": 0.019621961327053367,
    "info_fit": "------------------------------------------------------------------\n| FCN = -3.199e+05              |      Ncalls=99 (99 total)      |\n| EDM = 0.000322 (Goal: 0.001)  |            up = 0.5            |\n------------------------------------------------------------------\n|  Valid Min.   | Valid Param.  | Above EDM | Reached call limit |\n------------------------------------------------------------------\n|     True      |     True      |   False   |       False        |\n------------------------------------------------------------------\n| Hesse failed  |   Has cov.    | Accurate  | Pos. def. | Forced |\n------------------------------------------------------------------\n|     False     |     True      |   True    |   True    | False  |\n------------------------------------------------------------------",
    "info_params": "name            value    minuit_hesse    at limit\n----------  ---------  --------------  ----------\nn_sig;124       52730     +/- 2.7e+02       False\u001b[0m\nn_bkg;124        4583     +/- 1.7e+02       False\u001b[0m\nfrac;124       0.5412     +/-    0.02       False\u001b[0m\nmu;124           5279     +/-   0.078       False\u001b[0m\nsigmaL;124      11.92     +/-    0.18       False\u001b[0m\nsigmaR;124      18.87     +/-    0.29       False\u001b[0m\nlambda;124  -0.001683     +/- 0.00028       False\u001b[0m",
    "lambda;124": -0.0016832129627712134,
    "lambda;124_err": 0.0002756626148047743,
    "mu;124": 5278.848560690043,
    "mu;124_err": 0.07756424356312547,
    "n_bkg;124": 4583.222231237452,
    "n_bkg;124_err": 166.9570851400793,
    "n_sig;124": 52727.021702642305,
    "n_sig;124_err": 272.2883334652312,
    "r_params": {
        "alphaL": 2.010274902707653,
        "alphaL_Kpipi": 0.23984147888569726,
        "alphaR": -1.647700539270924,
        "alphaR_Kpipi": -3.45169511727099,
        "fraction_Kpipi": 0.8861855867303668,
        "muL_Kpipi": 5214.656416664541,
        "muR_Kpipi": 5183.074248990296,
        "nL": 0.5451436105438964,
        "nL_Kpipi": 4.413073505098077,
        "nR": 4.1696180646941,
        "nR_Kpipi": 1.3686501931786665e-08,
        "r_bkgK": 0.035341458516519916,
        "sigmaL_Kpipi": 19.133710600596434,
        "sigmaR_Kpipi": 39.32384704379869
    },
    "sigmaL;124": 11.923934411519877,
    "sigmaL;124_err": 0.17589055015010094,
    "sigmaR;124": 18.8732420510899,
    "sigmaR;124_err": 0.28979788624907143
}