{
    "fit_ok": true,
    "frac;202": 0.4094608749283821,
    "frac;202_err": 0.020372369483455575,
    "info_fit": "------------------------------------------------------------------\n| FCN = -3.199e+05              |     Ncalls=104 (104 total)     |\n| EDM = 3.29e-05 (Goal: 0.001)  |            up = 0.5            |\n------------------------------------------------------------------\n|  Valid Min.   | Valid Param.  | Above EDM | Reached call limit |\n------------------------------------------------------------------\n|     True      |     True      |   False   |       False        |\n------------------------------------------------------------------\n| Hesse failed  |   Has cov.    | Accurate  | Pos. def. | Forced |\n------------------------------------------------------------------\n|     False     |     True      |   True    |   True    | False  |\n------------------------------------------------------------------",
    "info_params": "name            value    minuit_hesse    at limit\n----------  ---------  --------------  ----------\nn_sig;202       52260     +/- 2.8e+02       False\u001b[0m\nn_bkg;202        4884     +/- 1.8e+02       False\u001b[0m\nfrac;202       0.4095     +/-    0.02       False\u001b[0m\nmu;202           5279     +/-   0.078       False\u001b[0m\nsigmaL;202      10.82     +/-    0.23       False\u001b[0m\nsigmaR;202         18     +/-    0.21       False\u001b[0m\nlambda;202  -0.001747     +/- 0.00028       False\u001b[0m",
    "lambda;202": -0.0017470756177858926,
    "lambda;202_err": 0.0002761398411473227,
    "mu;202": 5278.869189453792,
    "mu;202_err": 0.07752244076609016,
    "n_bkg;202": 4883.753247466956,
    "n_bkg;202_err": 178.42225217973026,
    "n_sig;202": 52259.55618233387,
    "n_sig;202_err": 276.91344117328174,
    "r_params": {
        "alphaL": 2.02992217591786,
        "alphaL_Kpipi": 0.2359133732821568,
        "alphaR": -1.7778067363088699,
        "alphaR_Kpipi": -3.829648935422667,
        "fraction_Kpipi": 0.8909815022901048,
        "muL_Kpipi": 5214.345758678913,
        "muR_Kpipi": 5180.430960365804,
        "nL": 0.4354740104546931,
        "nL_Kpipi": 4.289217495523134,
        "nR": 5.840596424652496,
        "nR_Kpipi": 8.259175041879718e-06,
        "r_bkgK": 0.03883037758320613,
        "sigmaL_Kpipi": 20.0670614823461,
        "sigmaR_Kpipi": 38.75272036260038
    },
    "sigmaL;202": 10.818770877577474,
    "sigmaL;202_err": 0.226505162903738,
    "sigmaR;202": 17.996011775547643,
    "sigmaR;202_err": 0.2148303640135262
}