{
    "fit_ok": false,
    "frac;684": 0.42721958581433994,
    "frac;684_err": 0.020526675558776054,
    "info_fit": "------------------------------------------------------------------\n| FCN = -3.199e+05              |     Ncalls=100 (100 total)     |\n| EDM = 0.00141 (Goal: 0.001)   |            up = 0.5            |\n------------------------------------------------------------------\n|  Valid Min.   | Valid Param.  | Above EDM | Reached call limit |\n------------------------------------------------------------------\n|     True      |     True      |   False   |       False        |\n------------------------------------------------------------------\n| Hesse failed  |   Has cov.    | Accurate  | Pos. def. | Forced |\n------------------------------------------------------------------\n|     False     |     True      |   True    |   True    | False  |\n------------------------------------------------------------------",
    "info_params": "name            value    minuit_hesse    at limit\n----------  ---------  --------------  ----------\nn_sig;684       52290     +/- 2.8e+02       False\u001b[0m\nn_bkg;684        5000     +/- 1.8e+02       False\u001b[0m\nfrac;684       0.4272     +/-   0.021       False\u001b[0m\nmu;684           5279     +/-   0.077       False\u001b[0m\nsigmaL;684      10.92     +/-    0.22       False\u001b[0m\nsigmaR;684       18.1     +/-    0.22       False\u001b[0m\nlambda;684  -0.001924     +/- 0.00027       False\u001b[0m",
    "lambda;684": -0.0019242942019782605,
    "lambda;684_err": 0.0002701654221324996,
    "mu;684": 5278.8427946621505,
    "mu;684_err": 0.07737920451911563,
    "n_bkg;684": 5000.286179176469,
    "n_bkg;684_err": 180.34067179485785,
    "n_sig;684": 52291.32938797709,
    "n_sig;684_err": 278.632307196339,
    "r_params": {
        "alphaL": 2.02992217591786,
        "alphaL_Kpipi": 0.23984147888569726,
        "alphaR": -1.7778067363088699,
        "alphaR_Kpipi": -3.45169511727099,
        "fraction_Kpipi": 0.8861855867303668,
        "muL_Kpipi": 5214.656416664541,
        "muR_Kpipi": 5183.074248990296,
        "mu_Ds": 5280.149211194037,
        "nL": 0.4354740104546931,
        "nL_Kpipi": 4.413073505098077,
        "nR": 5.840596424652496,
        "nR_Kpipi": 1.3686501931786665e-08,
        "n_sig_Ds": 1415.2898793176391,
        "r_bkgK": 0.035341458516519916,
        "sigmaL_Kpipi": 19.133710600596434,
        "sigmaR_Kpipi": 39.32384704379869,
        "sigma_Ds": 13.418007584291503
    },
    "sigmaL;684": 10.9158534245986,
    "sigmaL;684_err": 0.21715997594226935,
    "sigmaR;684": 18.097878904538675,
    "sigmaR;684_err": 0.22392146783042288
}