{
    "fit_ok": true,
    "frac;1304": 0.4259104549758854,
    "frac;1304_err": 0.02052879395692032,
    "info_fit": "------------------------------------------------------------------\n| FCN = -3.199e+05              |     Ncalls=103 (103 total)     |\n| EDM = 0.00015 (Goal: 0.001)   |            up = 0.5            |\n------------------------------------------------------------------\n|  Valid Min.   | Valid Param.  | Above EDM | Reached call limit |\n------------------------------------------------------------------\n|     True      |     True      |   False   |       False        |\n------------------------------------------------------------------\n| Hesse failed  |   Has cov.    | Accurate  | Pos. def. | Forced |\n------------------------------------------------------------------\n|     False     |     True      |   True    |   True    | False  |\n------------------------------------------------------------------",
    "info_params": "name             value    minuit_hesse    at limit\n-----------  ---------  --------------  ----------\nn_sig;1304       52380     +/- 2.8e+02       False\u001b[0m\nn_bkg;1304        4999     +/- 1.8e+02       False\u001b[0m\nfrac;1304       0.4259     +/-   0.021       False\u001b[0m\nmu;1304           5279     +/-   0.077       False\u001b[0m\nsigmaL;1304      10.95     +/-    0.22       False\u001b[0m\nsigmaR;1304       18.1     +/-    0.22       False\u001b[0m\nlambda;1304  -0.001928     +/- 0.00027       False\u001b[0m",
    "lambda;1304": -0.0019284549448709276,
    "lambda;1304_err": 0.00027021422504328865,
    "mu;1304": 5278.876082012566,
    "mu;1304_err": 0.07734319985763911,
    "n_bkg;1304": 4999.06200228348,
    "n_bkg;1304_err": 180.37757378692945,
    "n_sig;1304": 52384.4034659494,
    "n_sig;1304_err": 278.6133216172642,
    "r_params": {
        "alphaL": 2.02992217591786,
        "alphaL_Kpipi": 0.23984147888569726,
        "alphaR": -1.7778067363088699,
        "alphaR_Kpipi": -3.45169511727099,
        "fraction_Kpipi": 0.8861855867303668,
        "muL_Kpipi": 5214.656416664541,
        "muR_Kpipi": 5183.074248990296,
        "mu_Ds": 5279.002697618947,
        "nL": 0.4354740104546931,
        "nL_Kpipi": 4.413073505098077,
        "nR": 5.840596424652496,
        "nR_Kpipi": 1.3686501931786665e-08,
        "n_sig_Ds": 1319.250312780103,
        "r_bkgK": 0.035341458516519916,
        "sigmaL_Kpipi": 19.133710600596434,
        "sigmaR_Kpipi": 39.32384704379869,
        "sigma_Ds": 12.428658744608116
    },
    "sigmaL;1304": 10.949385474090205,
    "sigmaL;1304_err": 0.21751952526656967,
    "sigmaR;1304": 18.1049554132942,
    "sigmaR;1304_err": 0.2227300847880179
}