{
    "fit_ok": true,
    "frac;1461": 0.5090511211306141,
    "frac;1461_err": 0.01609966811008773,
    "info_fit": "------------------------------------------------------------------\n| FCN = -3.199e+05              |     Ncalls=103 (103 total)     |\n| EDM = 5.37e-05 (Goal: 0.001)  |            up = 0.5            |\n------------------------------------------------------------------\n|  Valid Min.   | Valid Param.  | Above EDM | Reached call limit |\n------------------------------------------------------------------\n|     True      |     True      |   False   |       False        |\n------------------------------------------------------------------\n| Hesse failed  |   Has cov.    | Accurate  | Pos. def. | Forced |\n------------------------------------------------------------------\n|     False     |     True      |   True    |   True    | False  |\n------------------------------------------------------------------",
    "info_params": "name             value    minuit_hesse    at limit\n-----------  ---------  --------------  ----------\nn_sig;1461       53400     +/- 2.7e+02       False\u001b[0m\nn_bkg;1461        3885     +/- 1.6e+02       False\u001b[0m\nfrac;1461       0.5091     +/-   0.016       False\u001b[0m\nmu;1461           5279     +/-   0.078       False\u001b[0m\nsigmaL;1461      11.74     +/-    0.18       False\u001b[0m\nsigmaR;1461      18.41     +/-    0.24       False\u001b[0m\nlambda;1461  -0.001049     +/- 0.00033       False\u001b[0m",
    "lambda;1461": -0.0010488336612849425,
    "lambda;1461_err": 0.0003279073972107366,
    "mu;1461": 5278.93473410288,
    "mu;1461_err": 0.0780183437589436,
    "n_bkg;1461": 3885.411424234545,
    "n_bkg;1461_err": 160.79630883293805,
    "n_sig;1461": 53400.85117873404,
    "n_sig;1461_err": 271.26378362992057,
    "r_params": {
        "alphaL": 1.8854591165285461,
        "alphaL_Kpipi": 0.23984147888569726,
        "alphaR": -1.7581174013576915,
        "alphaR_Kpipi": -3.45169511727099,
        "fraction_Kpipi": 0.8861855867303668,
        "muL_Kpipi": 5214.656416664541,
        "muR_Kpipi": 5183.074248990296,
        "nL": 0.5771648298093326,
        "nL_Kpipi": 4.413073505098077,
        "nR": 2.5011014899788018,
        "nR_Kpipi": 1.3686501931786665e-08,
        "r_bkgK": 0.035341458516519916,
        "sigmaL_Kpipi": 19.133710600596434,
        "sigmaR_Kpipi": 39.32384704379869
    },
    "sigmaL;1461": 11.744615519241105,
    "sigmaL;1461_err": 0.17906753620064356,
    "sigmaR;1461": 18.405576556969976,
    "sigmaR;1461_err": 0.23507040258113066
}