{
    "fit_ok": true,
    "frac;68": 0.4251413328106459,
    "frac;68_err": 0.020531170958115037,
    "info_fit": "------------------------------------------------------------------\n| FCN = -3.199e+05              |     Ncalls=106 (106 total)     |\n| EDM = 0.000212 (Goal: 0.001)  |            up = 0.5            |\n------------------------------------------------------------------\n|  Valid Min.   | Valid Param.  | Above EDM | Reached call limit |\n------------------------------------------------------------------\n|     True      |     True      |   False   |       False        |\n------------------------------------------------------------------\n| Hesse failed  |   Has cov.    | Accurate  | Pos. def. | Forced |\n------------------------------------------------------------------\n|     False     |     True      |   True    |   True    | False  |\n------------------------------------------------------------------",
    "info_params": "name           value    minuit_hesse    at limit\n---------  ---------  --------------  ----------\nn_sig;68       52330     +/- 2.8e+02       False\u001b[0m\nn_bkg;68        5005     +/- 1.8e+02       False\u001b[0m\nfrac;68       0.4251     +/-   0.021       False\u001b[0m\nmu;68           5279     +/-   0.077       False\u001b[0m\nsigmaL;68      10.99     +/-    0.22       False\u001b[0m\nsigmaR;68      18.12     +/-    0.22       False\u001b[0m\nlambda;68  -0.001941     +/- 0.00027       False\u001b[0m",
    "lambda;68": -0.0019409916179385922,
    "lambda;68_err": 0.00026983414767850413,
    "mu;68": 5278.858990495867,
    "mu;68_err": 0.07749184180856807,
    "n_bkg;68": 5004.89261721502,
    "n_bkg;68_err": 180.4697894813913,
    "n_sig;68": 52333.99442807151,
    "n_sig;68_err": 278.68992673649,
    "r_params": {
        "alphaL": 2.02992217591786,
        "alphaL_Kpipi": 0.23984147888569726,
        "alphaR": -1.7778067363088699,
        "alphaR_Kpipi": -3.45169511727099,
        "fraction_Kpipi": 0.8861855867303668,
        "muL_Kpipi": 5214.656416664541,
        "muR_Kpipi": 5183.074248990296,
        "mu_Ds": 5279.376512555323,
        "nL": 0.4354740104546931,
        "nL_Kpipi": 4.413073505098077,
        "nR": 5.840596424652496,
        "nR_Kpipi": 1.3686501931786665e-08,
        "n_sig_Ds": 1364.9894201392322,
        "r_bkgK": 0.035341458516519916,
        "sigmaL_Kpipi": 19.133710600596434,
        "sigmaR_Kpipi": 39.32384704379869,
        "sigma_Ds": 11.588369797990474
    },
    "sigmaL;68": 10.99005078009225,
    "sigmaL;68_err": 0.21680698811597238,
    "sigmaR;68": 18.121207828953732,
    "sigmaR;68_err": 0.2225806297270753
}