{
    "fit_ok": true,
    "frac;188": 0.41795722229436977,
    "frac;188_err": 0.020735944430129164,
    "info_fit": "------------------------------------------------------------------\n| FCN = -3.199e+05              |     Ncalls=104 (104 total)     |\n| EDM = 1.83e-05 (Goal: 0.001)  |            up = 0.5            |\n------------------------------------------------------------------\n|  Valid Min.   | Valid Param.  | Above EDM | Reached call limit |\n------------------------------------------------------------------\n|     True      |     True      |   False   |       False        |\n------------------------------------------------------------------\n| Hesse failed  |   Has cov.    | Accurate  | Pos. def. | Forced |\n------------------------------------------------------------------\n|     False     |     True      |   True    |   True    | False  |\n------------------------------------------------------------------",
    "info_params": "name            value    minuit_hesse    at limit\n----------  ---------  --------------  ----------\nn_sig;188       52260     +/- 2.8e+02       False\u001b[0m\nn_bkg;188        5014     +/- 1.8e+02       False\u001b[0m\nfrac;188        0.418     +/-   0.021       False\u001b[0m\nmu;188           5279     +/-   0.077       False\u001b[0m\nsigmaL;188       10.9     +/-    0.22       False\u001b[0m\nsigmaR;188      18.02     +/-    0.22       False\u001b[0m\nlambda;188  -0.001948     +/- 0.00027       False\u001b[0m",
    "lambda;188": -0.001947768448756465,
    "lambda;188_err": 0.00027029611568859906,
    "mu;188": 5278.87072905515,
    "mu;188_err": 0.07745283206585826,
    "n_bkg;188": 5013.965988752751,
    "n_bkg;188_err": 181.0192752091239,
    "n_sig;188": 52256.79233454641,
    "n_sig;188_err": 278.690195589789,
    "r_params": {
        "alphaL": 2.02992217591786,
        "alphaL_Kpipi": 0.23695359011989242,
        "alphaR": -1.7778067363088699,
        "alphaR_Kpipi": -3.4563086129416214,
        "fraction_Kpipi": 0.9084056892299155,
        "muL_Kpipi": 5215.818013982432,
        "muR_Kpipi": 5178.103236414527,
        "nL": 0.4354740104546931,
        "nL_Kpipi": 4.45521669873921,
        "nR": 5.840596424652496,
        "nR_Kpipi": 7.714762617392349e-05,
        "r_bkgK": 0.0363998485759997,
        "sigmaL_Kpipi": 19.24088185253886,
        "sigmaR_Kpipi": 38.432166279425275
    },
    "sigmaL;188": 10.899327517100179,
    "sigmaL;188_err": 0.2232360089205014,
    "sigmaR;188": 18.017231769609626,
    "sigmaR;188_err": 0.2198465618577601
}