{
    "fit_ok": true,
    "frac;905": 0.4248896694384297,
    "frac;905_err": 0.02069527751941882,
    "info_fit": "------------------------------------------------------------------\n| FCN = -3.199e+05              |     Ncalls=106 (106 total)     |\n| EDM = 5.62e-05 (Goal: 0.001)  |            up = 0.5            |\n------------------------------------------------------------------\n|  Valid Min.   | Valid Param.  | Above EDM | Reached call limit |\n------------------------------------------------------------------\n|     True      |     True      |   False   |       False        |\n------------------------------------------------------------------\n| Hesse failed  |   Has cov.    | Accurate  | Pos. def. | Forced |\n------------------------------------------------------------------\n|     False     |     True      |   True    |   True    | False  |\n------------------------------------------------------------------",
    "info_params": "name            value    minuit_hesse    at limit\n----------  ---------  --------------  ----------\nn_sig;905       52260     +/- 2.8e+02       False\u001b[0m\nn_bkg;905        5015     +/- 1.8e+02       False\u001b[0m\nfrac;905       0.4249     +/-   0.021       False\u001b[0m\nmu;905           5279     +/-   0.078       False\u001b[0m\nsigmaL;905      11.02     +/-    0.22       False\u001b[0m\nsigmaR;905      18.13     +/-    0.22       False\u001b[0m\nlambda;905  -0.001954     +/- 0.00027       False\u001b[0m",
    "lambda;905": -0.0019535400134855774,
    "lambda;905_err": 0.00027002580622429334,
    "mu;905": 5278.836066650205,
    "mu;905_err": 0.07768164806728227,
    "n_bkg;905": 5014.629452120468,
    "n_bkg;905_err": 180.960163018143,
    "n_sig;905": 52264.48748214281,
    "n_sig;905_err": 278.9920011067151,
    "r_params": {
        "alphaL": 2.02992217591786,
        "alphaL_Kpipi": 0.23984147888569726,
        "alphaR": -1.7778067363088699,
        "alphaR_Kpipi": -3.45169511727099,
        "fraction_Kpipi": 0.8861855867303668,
        "muL_Kpipi": 5214.656416664541,
        "muR_Kpipi": 5183.074248990296,
        "mu_Ds": 5279.885786806372,
        "nL": 0.4354740104546931,
        "nL_Kpipi": 4.413073505098077,
        "nR": 5.840596424652496,
        "nR_Kpipi": 1.3686501931786665e-08,
        "n_sig_Ds": 1427.676260290881,
        "r_bkgK": 0.035341458516519916,
        "sigmaL_Kpipi": 19.133710600596434,
        "sigmaR_Kpipi": 39.32384704379869,
        "sigma_Ds": 11.125314091737524
    },
    "sigmaL;905": 11.024933083693206,
    "sigmaL;905_err": 0.21900209041132276,
    "sigmaR;905": 18.131035663566042,
    "sigmaR;905_err": 0.22318300897583804
}