{
    "fit_ok": true,
    "frac;1112": 0.5656200867249261,
    "frac;1112_err": 0.022096541086873672,
    "info_fit": "------------------------------------------------------------------\n| FCN = -3.199e+05              |     Ncalls=105 (105 total)     |\n| EDM = 1.05e-05 (Goal: 0.001)  |            up = 0.5            |\n------------------------------------------------------------------\n|  Valid Min.   | Valid Param.  | Above EDM | Reached call limit |\n------------------------------------------------------------------\n|     True      |     True      |   False   |       False        |\n------------------------------------------------------------------\n| Hesse failed  |   Has cov.    | Accurate  | Pos. def. | Forced |\n------------------------------------------------------------------\n|     False     |     True      |   True    |   True    | False  |\n------------------------------------------------------------------",
    "info_params": "name             value    minuit_hesse    at limit\n-----------  ---------  --------------  ----------\nn_sig;1112       52790     +/- 2.9e+02       False\u001b[0m\nn_bkg;1112        5824     +/- 1.9e+02       False\u001b[0m\nfrac;1112       0.5656     +/-   0.022       False\u001b[0m\nmu;1112           5279     +/-   0.077       False\u001b[0m\nsigmaL;1112      11.88     +/-    0.19       False\u001b[0m\nsigmaR;1112       19.3     +/-    0.32       False\u001b[0m\nlambda;1112  -0.003007     +/- 0.00023       False\u001b[0m",
    "lambda;1112": -0.0030065154438732034,
    "lambda;1112_err": 0.00023096797972182453,
    "mu;1112": 5278.878775059116,
    "mu;1112_err": 0.07713619584871048,
    "n_bkg;1112": 5824.391113408985,
    "n_bkg;1112_err": 188.88562359642034,
    "n_sig;1112": 52792.2494605221,
    "n_sig;1112_err": 288.02546417614286,
    "r_params": {
        "alphaL": 2.02992217591786,
        "alphaL_Kpipi": 0.2588174236828584,
        "alphaR": -1.7778067363088699,
        "alphaR_Kpipi": -3.3173842440378154,
        "fraction_Kpipi": 0.8847910337524096,
        "muL_Kpipi": 5214.946765865307,
        "muR_Kpipi": 5182.3902052235635,
        "nL": 0.4354740104546931,
        "nL_Kpipi": 4.320898944421174,
        "nR": 5.840596424652496,
        "nR_Kpipi": 2.1100819706464846e-05,
        "r_bkgK": 0.010582727107226911,
        "sigmaL_Kpipi": 20.75932427701617,
        "sigmaR_Kpipi": 41.09583837657627
    },
    "sigmaL;1112": 11.879010010851069,
    "sigmaL;1112_err": 0.1856731241508484,
    "sigmaR;1112": 19.304787858049686,
    "sigmaR;1112_err": 0.32431511147142944
}