{
    "fit_ok": true,
    "frac;1379": 0.25909838820493086,
    "frac;1379_err": 0.016533527116644485,
    "info_fit": "------------------------------------------------------------------\n| FCN = -3.199e+05              |     Ncalls=105 (105 total)     |\n| EDM = 0.000147 (Goal: 0.001)  |            up = 0.5            |\n------------------------------------------------------------------\n|  Valid Min.   | Valid Param.  | Above EDM | Reached call limit |\n------------------------------------------------------------------\n|     True      |     True      |   False   |       False        |\n------------------------------------------------------------------\n| Hesse failed  |   Has cov.    | Accurate  | Pos. def. | Forced |\n------------------------------------------------------------------\n|     False     |     True      |   True    |   True    | False  |\n------------------------------------------------------------------",
    "info_params": "name              value    minuit_hesse    at limit\n-----------  ----------  --------------  ----------\nn_sig;1379        51550     +/- 2.6e+02       False\u001b[0m\nn_bkg;1379         4227     +/- 1.5e+02       False\u001b[0m\nfrac;1379        0.2591     +/-   0.017       False\u001b[0m\nmu;1379            5279     +/-   0.078       False\u001b[0m\nsigmaL;1379       9.471     +/-    0.28       False\u001b[0m\nsigmaR;1379          17     +/-    0.15       False\u001b[0m\nlambda;1379  -0.0005913     +/- 0.00028       False\u001b[0m",
    "lambda;1379": -0.0005913189959712017,
    "lambda;1379_err": 0.00028442767530308593,
    "mu;1379": 5278.829623472341,
    "mu;1379_err": 0.07790067567779625,
    "n_bkg;1379": 4226.9734703316635,
    "n_bkg;1379_err": 149.8858324694217,
    "n_sig;1379": 51552.944206614455,
    "n_sig;1379_err": 256.40048706405776,
    "r_params": {
        "alphaL": 2.02992217591786,
        "alphaL_Kpipi": 0.21829958962124893,
        "alphaR": -1.7778067363088699,
        "alphaR_Kpipi": -3.8560234224965244,
        "fraction_Kpipi": 0.9024634003424604,
        "muL_Kpipi": 5214.466293559534,
        "muR_Kpipi": 5184.594673991315,
        "nL": 0.4354740104546931,
        "nL_Kpipi": 4.434523093874301,
        "nR": 5.840596424652496,
        "nR_Kpipi": 0.00025150839865228507,
        "r_bkgK": 0.06572781768071997,
        "sigmaL_Kpipi": 19.719866017889046,
        "sigmaR_Kpipi": 38.55194379113422
    },
    "sigmaL;1379": 9.470685135732621,
    "sigmaL;1379_err": 0.27546557512893094,
    "sigmaR;1379": 16.99538133170225,
    "sigmaR;1379_err": 0.1488589094085692
}