{
    "fit_ok": true,
    "frac;1403": 0.2962575266526214,
    "frac;1403_err": 0.015067116254478208,
    "info_fit": "------------------------------------------------------------------\n| FCN = -3.199e+05              |     Ncalls=103 (103 total)     |\n| EDM = 8.54e-05 (Goal: 0.001)  |            up = 0.5            |\n------------------------------------------------------------------\n|  Valid Min.   | Valid Param.  | Above EDM | Reached call limit |\n------------------------------------------------------------------\n|     True      |     True      |   False   |       False        |\n------------------------------------------------------------------\n| Hesse failed  |   Has cov.    | Accurate  | Pos. def. | Forced |\n------------------------------------------------------------------\n|     False     |     True      |   True    |   True    | False  |\n------------------------------------------------------------------",
    "info_params": "name             value    minuit_hesse    at limit\n-----------  ---------  --------------  ----------\nn_sig;1403       52140     +/- 2.8e+02       False\u001b[0m\nn_bkg;1403        5185     +/- 1.8e+02       False\u001b[0m\nfrac;1403       0.2963     +/-   0.015       False\u001b[0m\nmu;1403           5279     +/-   0.079       False\u001b[0m\nsigmaL;1403      9.708     +/-    0.25       False\u001b[0m\nsigmaR;1403      16.99     +/-    0.14       False\u001b[0m\nlambda;1403  -0.001905     +/- 0.00027       False\u001b[0m",
    "lambda;1403": -0.0019047353822322366,
    "lambda;1403_err": 0.00026505195859785933,
    "mu;1403": 5278.935796403993,
    "mu;1403_err": 0.07857646704734905,
    "n_bkg;1403": 5185.361250515642,
    "n_bkg;1403_err": 182.64936902056283,
    "n_sig;1403": 52142.6680416309,
    "n_sig;1403_err": 279.27095078380336,
    "r_params": {
        "alphaL": 1.8884214009506672,
        "alphaL_Kpipi": 0.23984147888569726,
        "alphaR": -1.7873669878489495,
        "alphaR_Kpipi": -3.45169511727099,
        "fraction_Kpipi": 0.8861855867303668,
        "muL_Kpipi": 5214.656416664541,
        "muR_Kpipi": 5183.074248990296,
        "nL": 0.3758758217556874,
        "nL_Kpipi": 4.413073505098077,
        "nR": 12.055862256855214,
        "nR_Kpipi": 1.3686501931786665e-08,
        "r_bkgK": 0.035341458516519916,
        "sigmaL_Kpipi": 19.133710600596434,
        "sigmaR_Kpipi": 39.32384704379869
    },
    "sigmaL;1403": 9.708091651311321,
    "sigmaL;1403_err": 0.2520443392953141,
    "sigmaR;1403": 16.991777016863804,
    "sigmaR;1403_err": 0.14133417739180165
}