{
    "fit_ok": true,
    "frac;458": 0.49436178917930346,
    "frac;458_err": 0.021059266299780492,
    "info_fit": "------------------------------------------------------------------\n| FCN = -3.199e+05              |     Ncalls=105 (105 total)     |\n| EDM = 8.58e-06 (Goal: 0.001)  |            up = 0.5            |\n------------------------------------------------------------------\n|  Valid Min.   | Valid Param.  | Above EDM | Reached call limit |\n------------------------------------------------------------------\n|     True      |     True      |   False   |       False        |\n------------------------------------------------------------------\n| Hesse failed  |   Has cov.    | Accurate  | Pos. def. | Forced |\n------------------------------------------------------------------\n|     False     |     True      |   True    |   True    | False  |\n------------------------------------------------------------------",
    "info_params": "name            value    minuit_hesse    at limit\n----------  ---------  --------------  ----------\nn_sig;458       52610     +/- 2.8e+02       False\u001b[0m\nn_bkg;458        5335     +/- 1.9e+02       False\u001b[0m\nfrac;458       0.4944     +/-   0.021       False\u001b[0m\nmu;458           5279     +/-   0.077       False\u001b[0m\nsigmaL;458      11.42     +/-    0.19       False\u001b[0m\nsigmaR;458      18.69     +/-    0.27       False\u001b[0m\nlambda;458  -0.002405     +/- 0.00025       False\u001b[0m",
    "lambda;458": -0.002405325406776515,
    "lambda;458_err": 0.00025343777482465476,
    "mu;458": 5278.865082069826,
    "mu;458_err": 0.07723807866513634,
    "n_bkg;458": 5335.004783023859,
    "n_bkg;458_err": 185.16233326575133,
    "n_sig;458": 52610.88335858478,
    "n_sig;458_err": 283.74227916370694,
    "r_params": {
        "alphaL": 2.02992217591786,
        "alphaL_Kpipi": 0.22353654164879286,
        "alphaR": -1.7778067363088699,
        "alphaR_Kpipi": -3.292371122217679,
        "fraction_Kpipi": 0.8711239708480641,
        "muL_Kpipi": 5214.526510606848,
        "muR_Kpipi": 5184.308431588709,
        "nL": 0.4354740104546931,
        "nL_Kpipi": 4.529284177932444,
        "nR": 5.840596424652496,
        "nR_Kpipi": 0.00013215777108340786,
        "r_bkgK": 0.02334584873857086,
        "sigmaL_Kpipi": 17.77117900150538,
        "sigmaR_Kpipi": 40.21527941810306
    },
    "sigmaL;458": 11.417590826625766,
    "sigmaL;458_err": 0.19391300971428327,
    "sigmaR;458": 18.692962502880917,
    "sigmaR;458_err": 0.2654474472571497
}