{
    "fit_ok": true,
    "frac;529": 0.42665503630697027,
    "frac;529_err": 0.020588302984715385,
    "info_fit": "------------------------------------------------------------------\n| FCN = -3.199e+05              |     Ncalls=104 (104 total)     |\n| EDM = 0.000189 (Goal: 0.001)  |            up = 0.5            |\n------------------------------------------------------------------\n|  Valid Min.   | Valid Param.  | Above EDM | Reached call limit |\n------------------------------------------------------------------\n|     True      |     True      |   False   |       False        |\n------------------------------------------------------------------\n| Hesse failed  |   Has cov.    | Accurate  | Pos. def. | Forced |\n------------------------------------------------------------------\n|     False     |     True      |   True    |   True    | False  |\n------------------------------------------------------------------",
    "info_params": "name           value    minuit_hesse    at limit\n----------  --------  --------------  ----------\nn_sig;529      52230     +/- 2.8e+02       False\u001b[0m\nn_bkg;529       5006     +/- 1.8e+02       False\u001b[0m\nfrac;529      0.4267     +/-   0.021       False\u001b[0m\nmu;529          5279     +/-   0.078       False\u001b[0m\nsigmaL;529     10.95     +/-    0.22       False\u001b[0m\nsigmaR;529     18.13     +/-    0.22       False\u001b[0m\nlambda;529  -0.00194     +/- 0.00027       False\u001b[0m",
    "lambda;529": -0.0019401415981334935,
    "lambda;529_err": 0.0002698532785724863,
    "mu;529": 5278.868962631625,
    "mu;529_err": 0.07761133193805803,
    "n_bkg;529": 5005.757150149182,
    "n_bkg;529_err": 180.54531162437152,
    "n_sig;529": 52229.509886669104,
    "n_sig;529_err": 278.73331899669404,
    "r_params": {
        "alphaL": 2.02992217591786,
        "alphaL_Kpipi": 0.23984147888569726,
        "alphaR": -1.7778067363088699,
        "alphaR_Kpipi": -3.45169511727099,
        "fraction_Kpipi": 0.8861855867303668,
        "muL_Kpipi": 5214.656416664541,
        "muR_Kpipi": 5183.074248990296,
        "mu_Ds": 5279.184866277127,
        "nL": 0.4354740104546931,
        "nL_Kpipi": 4.413073505098077,
        "nR": 5.840596424652496,
        "nR_Kpipi": 1.3686501931786665e-08,
        "n_sig_Ds": 1472.6813963233215,
        "r_bkgK": 0.035341458516519916,
        "sigmaL_Kpipi": 19.133710600596434,
        "sigmaR_Kpipi": 39.32384704379869,
        "sigma_Ds": 12.469179083420254
    },
    "sigmaL;529": 10.952296379035097,
    "sigmaL;529_err": 0.2177420069673684,
    "sigmaR;529": 18.12937442301609,
    "sigmaR;529_err": 0.22426434850680566
}