{
    "fit_ok": true,
    "frac;1249": 0.3877320741957142,
    "frac;1249_err": 0.019861710622560824,
    "info_fit": "------------------------------------------------------------------\n| FCN = -3.199e+05              |     Ncalls=105 (105 total)     |\n| EDM = 9.93e-05 (Goal: 0.001)  |            up = 0.5            |\n------------------------------------------------------------------\n|  Valid Min.   | Valid Param.  | Above EDM | Reached call limit |\n------------------------------------------------------------------\n|     True      |     True      |   False   |       False        |\n------------------------------------------------------------------\n| Hesse failed  |   Has cov.    | Accurate  | Pos. def. | Forced |\n------------------------------------------------------------------\n|     False     |     True      |   True    |   True    | False  |\n------------------------------------------------------------------",
    "info_params": "name             value    minuit_hesse    at limit\n-----------  ---------  --------------  ----------\nn_sig;1249       52150     +/- 2.8e+02       False\u001b[0m\nn_bkg;1249        4853     +/- 1.8e+02       False\u001b[0m\nfrac;1249       0.3877     +/-    0.02       False\u001b[0m\nmu;1249           5279     +/-   0.078       False\u001b[0m\nsigmaL;1249      10.65     +/-    0.23       False\u001b[0m\nsigmaR;1249      17.82     +/-     0.2       False\u001b[0m\nlambda;1249  -0.001713     +/- 0.00028       False\u001b[0m",
    "lambda;1249": -0.0017130979058869178,
    "lambda;1249_err": 0.0002757246198218304,
    "mu;1249": 5278.862635236214,
    "mu;1249_err": 0.07754470819242759,
    "n_bkg;1249": 4852.97819431604,
    "n_bkg;1249_err": 176.8291552392412,
    "n_sig;1249": 52146.34626876972,
    "n_sig;1249_err": 275.3171885032803,
    "r_params": {
        "alphaL": 2.02992217591786,
        "alphaL_Kpipi": 0.2558375237087898,
        "alphaR": -1.7778067363088699,
        "alphaR_Kpipi": -3.288715093936986,
        "fraction_Kpipi": 0.8894377913761543,
        "muL_Kpipi": 5214.533156214284,
        "muR_Kpipi": 5184.041511278111,
        "nL": 0.4354740104546931,
        "nL_Kpipi": 4.749455129287677,
        "nR": 5.840596424652496,
        "nR_Kpipi": 4.509063445046697e-05,
        "r_bkgK": 0.04166726493359692,
        "sigmaL_Kpipi": 19.444579148122187,
        "sigmaR_Kpipi": 37.2655698792881
    },
    "sigmaL;1249": 10.653555709645747,
    "sigmaL;1249_err": 0.22553133829134522,
    "sigmaR;1249": 17.823265492223932,
    "sigmaR;1249_err": 0.20440987552270035
}