{
    "fit_ok": true,
    "frac;9": 0.38087517582943714,
    "frac;9_err": 0.019817997714410594,
    "info_fit": "------------------------------------------------------------------\n| FCN = -3.199e+05              |     Ncalls=106 (106 total)     |\n| EDM = 0.000139 (Goal: 0.001)  |            up = 0.5            |\n------------------------------------------------------------------\n|  Valid Min.   | Valid Param.  | Above EDM | Reached call limit |\n------------------------------------------------------------------\n|     True      |     True      |   False   |       False        |\n------------------------------------------------------------------\n| Hesse failed  |   Has cov.    | Accurate  | Pos. def. | Forced |\n------------------------------------------------------------------\n|     False     |     True      |   True    |   True    | False  |\n------------------------------------------------------------------",
    "info_params": "name          value    minuit_hesse    at limit\n--------  ---------  --------------  ----------\nn_sig;9       52080     +/- 2.8e+02       False\u001b[0m\nn_bkg;9        4867     +/- 1.8e+02       False\u001b[0m\nfrac;9       0.3809     +/-    0.02       False\u001b[0m\nmu;9           5279     +/-   0.078       False\u001b[0m\nsigmaL;9      10.61     +/-    0.23       False\u001b[0m\nsigmaR;9      17.74     +/-     0.2       False\u001b[0m\nlambda;9  -0.001723     +/- 0.00027       False\u001b[0m",
    "lambda;9": -0.0017233614452468876,
    "lambda;9_err": 0.00027485228494516584,
    "mu;9": 5278.8708319274865,
    "mu;9_err": 0.07751963698150147,
    "n_bkg;9": 4866.7769443220195,
    "n_bkg;9_err": 176.87752927256156,
    "n_sig;9": 52081.447981874306,
    "n_sig;9_err": 275.0221811471506,
    "r_params": {
        "alphaL": 2.02992217591786,
        "alphaL_Kpipi": 0.23706404775641057,
        "alphaR": -1.7778067363088699,
        "alphaR_Kpipi": -3.5351961973632533,
        "fraction_Kpipi": 0.8998914757390741,
        "muL_Kpipi": 5216.192670019225,
        "muR_Kpipi": 5182.293699440713,
        "nL": 0.4354740104546931,
        "nL_Kpipi": 4.357781438637721,
        "nR": 5.840596424652496,
        "nR_Kpipi": 3.2160020492193436e-05,
        "r_bkgK": 0.04270069111453015,
        "sigmaL_Kpipi": 19.428659609453803,
        "sigmaR_Kpipi": 36.46511796832614
    },
    "sigmaL;9": 10.61236299160122,
    "sigmaL;9_err": 0.2262895539620172,
    "sigmaR;9": 17.73502867696069,
    "sigmaR;9_err": 0.20136071764582827
}