{
    "fit_ok": true,
    "frac;601": 0.3890168141852415,
    "frac;601_err": 0.01888539384153774,
    "info_fit": "------------------------------------------------------------------\n| FCN = -3.199e+05              |     Ncalls=103 (103 total)     |\n| EDM = 9.15e-06 (Goal: 0.001)  |            up = 0.5            |\n------------------------------------------------------------------\n|  Valid Min.   | Valid Param.  | Above EDM | Reached call limit |\n------------------------------------------------------------------\n|     True      |     True      |   False   |       False        |\n------------------------------------------------------------------\n| Hesse failed  |   Has cov.    | Accurate  | Pos. def. | Forced |\n------------------------------------------------------------------\n|     False     |     True      |   True    |   True    | False  |\n------------------------------------------------------------------",
    "info_params": "name            value    minuit_hesse    at limit\n----------  ---------  --------------  ----------\nn_sig;601       52210     +/- 2.8e+02       False\u001b[0m\nn_bkg;601        5118     +/- 1.8e+02       False\u001b[0m\nfrac;601        0.389     +/-   0.019       False\u001b[0m\nmu;601           5279     +/-   0.078       False\u001b[0m\nsigmaL;601       10.7     +/-    0.23       False\u001b[0m\nsigmaR;601      17.55     +/-    0.19       False\u001b[0m\nlambda;601  -0.002025     +/- 0.00026       False\u001b[0m",
    "lambda;601": -0.0020249638327745068,
    "lambda;601_err": 0.0002642759843595837,
    "mu;601": 5278.918082085212,
    "mu;601_err": 0.07841575489545391,
    "n_bkg;601": 5118.318219365852,
    "n_bkg;601_err": 180.86553791348882,
    "n_sig;601": 52208.744938178424,
    "n_sig;601_err": 278.4951418533564,
    "r_params": {
        "alphaL": 1.881066601552227,
        "alphaL_Kpipi": 0.23984147888569726,
        "alphaR": -1.7327804277234504,
        "alphaR_Kpipi": -3.45169511727099,
        "fraction_Kpipi": 0.8861855867303668,
        "muL_Kpipi": 5214.656416664541,
        "muR_Kpipi": 5183.074248990296,
        "nL": 0.5310786851139407,
        "nL_Kpipi": 4.413073505098077,
        "nR": 7.366969858445993,
        "nR_Kpipi": 1.3686501931786665e-08,
        "r_bkgK": 0.035341458516519916,
        "sigmaL_Kpipi": 19.133710600596434,
        "sigmaR_Kpipi": 39.32384704379869
    },
    "sigmaL;601": 10.704317425339378,
    "sigmaL;601_err": 0.23194976576478887,
    "sigmaR;601": 17.552757775431445,
    "sigmaR;601_err": 0.18665681304356033
}