{
    "fit_ok": true,
    "frac;291": 0.4260779321411729,
    "frac;291_err": 0.02054375323218204,
    "info_fit": "------------------------------------------------------------------\n| FCN = -3.199e+05              |     Ncalls=103 (103 total)     |\n| EDM = 0.000417 (Goal: 0.001)  |            up = 0.5            |\n------------------------------------------------------------------\n|  Valid Min.   | Valid Param.  | Above EDM | Reached call limit |\n------------------------------------------------------------------\n|     True      |     True      |   False   |       False        |\n------------------------------------------------------------------\n| Hesse failed  |   Has cov.    | Accurate  | Pos. def. | Forced |\n------------------------------------------------------------------\n|     False     |     True      |   True    |   True    | False  |\n------------------------------------------------------------------",
    "info_params": "name            value    minuit_hesse    at limit\n----------  ---------  --------------  ----------\nn_sig;291       52300     +/- 2.8e+02       False\u001b[0m\nn_bkg;291        5004     +/- 1.8e+02       False\u001b[0m\nfrac;291       0.4261     +/-   0.021       False\u001b[0m\nmu;291           5279     +/-   0.078       False\u001b[0m\nsigmaL;291      10.97     +/-    0.22       False\u001b[0m\nsigmaR;291      18.12     +/-    0.22       False\u001b[0m\nlambda;291  -0.001939     +/- 0.00027       False\u001b[0m",
    "lambda;291": -0.0019386307135373926,
    "lambda;291_err": 0.00026980669791701545,
    "mu;291": 5278.876019439516,
    "mu;291_err": 0.07752392505920519,
    "n_bkg;291": 5003.9302127971505,
    "n_bkg;291_err": 180.43311695852762,
    "n_sig;291": 52296.28466567803,
    "n_sig;291_err": 278.6526813931219,
    "r_params": {
        "alphaL": 2.02992217591786,
        "alphaL_Kpipi": 0.23984147888569726,
        "alphaR": -1.7778067363088699,
        "alphaR_Kpipi": -3.45169511727099,
        "fraction_Kpipi": 0.8861855867303668,
        "muL_Kpipi": 5214.656416664541,
        "muR_Kpipi": 5183.074248990296,
        "mu_Ds": 5278.9496253803745,
        "nL": 0.4354740104546931,
        "nL_Kpipi": 4.413073505098077,
        "nR": 5.840596424652496,
        "nR_Kpipi": 1.3686501931786665e-08,
        "n_sig_Ds": 1405.366100226544,
        "r_bkgK": 0.035341458516519916,
        "sigmaL_Kpipi": 19.133710600596434,
        "sigmaR_Kpipi": 39.32384704379869,
        "sigma_Ds": 12.137256677420764
    },
    "sigmaL;291": 10.96504767622933,
    "sigmaL;291_err": 0.21709368159972467,
    "sigmaR;291": 18.123888378474014,
    "sigmaR;291_err": 0.2233767759563114
}