{
    "fit_ok": true,
    "frac;214": 0.5452305605094194,
    "frac;214_err": 0.022465463197481127,
    "info_fit": "------------------------------------------------------------------\n| FCN = -3.199e+05              |     Ncalls=103 (103 total)     |\n| EDM = 8.36e-05 (Goal: 0.001)  |            up = 0.5            |\n------------------------------------------------------------------\n|  Valid Min.   | Valid Param.  | Above EDM | Reached call limit |\n------------------------------------------------------------------\n|     True      |     True      |   False   |       False        |\n------------------------------------------------------------------\n| Hesse failed  |   Has cov.    | Accurate  | Pos. def. | Forced |\n------------------------------------------------------------------\n|     False     |     True      |   True    |   True    | False  |\n------------------------------------------------------------------",
    "info_params": "name            value    minuit_hesse    at limit\n----------  ---------  --------------  ----------\nn_sig;214       52230     +/- 2.7e+02       False\u001b[0m\nn_bkg;214        5102     +/- 1.7e+02       False\u001b[0m\nfrac;214       0.5452     +/-   0.022       False\u001b[0m\nmu;214           5279     +/-   0.077       False\u001b[0m\nsigmaL;214      11.89     +/-    0.18       False\u001b[0m\nsigmaR;214      19.14     +/-    0.32       False\u001b[0m\nlambda;214  -0.002268     +/- 0.00024       False\u001b[0m",
    "lambda;214": -0.0022677923915994935,
    "lambda;214_err": 0.00024193605655391145,
    "mu;214": 5278.818411861497,
    "mu;214_err": 0.07714351424982084,
    "n_bkg;214": 5102.4475528335115,
    "n_bkg;214_err": 168.2939620399746,
    "n_sig;214": 52226.53115140176,
    "n_sig;214_err": 271.25509679682386,
    "r_params": {
        "alphaL": 2.078304968056993,
        "alphaL_Kpipi": 0.23984147888569726,
        "alphaR": -1.6494505357464415,
        "alphaR_Kpipi": -3.45169511727099,
        "fraction_Kpipi": 0.8861855867303668,
        "muL_Kpipi": 5214.656416664541,
        "muR_Kpipi": 5183.074248990296,
        "nL": 0.5503675241067693,
        "nL_Kpipi": 4.413073505098077,
        "nR": 5.490729061158895,
        "nR_Kpipi": 1.3686501931786665e-08,
        "r_bkgK": 0.035341458516519916,
        "sigmaL_Kpipi": 19.133710600596434,
        "sigmaR_Kpipi": 39.32384704379869
    },
    "sigmaL;214": 11.888036886226203,
    "sigmaL;214_err": 0.18390686113695007,
    "sigmaR;214": 19.143636765686335,
    "sigmaR;214_err": 0.32204601631461294
}