{
    "fit_ok": true,
    "frac;379": 0.37676467994145996,
    "frac;379_err": 0.019207544959691823,
    "info_fit": "------------------------------------------------------------------\n| FCN = -3.199e+05              |     Ncalls=104 (104 total)     |\n| EDM = 0.000205 (Goal: 0.001)  |            up = 0.5            |\n------------------------------------------------------------------\n|  Valid Min.   | Valid Param.  | Above EDM | Reached call limit |\n------------------------------------------------------------------\n|     True      |     True      |   False   |       False        |\n------------------------------------------------------------------\n| Hesse failed  |   Has cov.    | Accurate  | Pos. def. | Forced |\n------------------------------------------------------------------\n|     False     |     True      |   True    |   True    | False  |\n------------------------------------------------------------------",
    "info_params": "name            value    minuit_hesse    at limit\n----------  ---------  --------------  ----------\nn_sig;379       52110     +/- 2.7e+02       False\u001b[0m\nn_bkg;379        4737     +/- 1.7e+02       False\u001b[0m\nfrac;379       0.3768     +/-   0.019       False\u001b[0m\nmu;379           5279     +/-   0.078       False\u001b[0m\nsigmaL;379      10.56     +/-    0.22       False\u001b[0m\nsigmaR;379      17.76     +/-     0.2       False\u001b[0m\nlambda;379  -0.001515     +/- 0.00028       False\u001b[0m",
    "lambda;379": -0.0015146834095743078,
    "lambda;379_err": 0.00027925021975451584,
    "mu;379": 5278.866397284389,
    "mu;379_err": 0.07753272900974205,
    "n_bkg;379": 4737.150313538189,
    "n_bkg;379_err": 173.26354309160234,
    "n_sig;379": 52114.71500287706,
    "n_sig;379_err": 272.8595140284565,
    "r_params": {
        "alphaL": 2.02992217591786,
        "alphaL_Kpipi": 0.22528191215294682,
        "alphaR": -1.7778067363088699,
        "alphaR_Kpipi": -3.699101298651098,
        "fraction_Kpipi": 0.9050566575879153,
        "muL_Kpipi": 5214.591205200707,
        "muR_Kpipi": 5182.429461455798,
        "nL": 0.4354740104546931,
        "nL_Kpipi": 4.617519351190951,
        "nR": 5.840596424652496,
        "nR_Kpipi": 1.3242018755484063e-05,
        "r_bkgK": 0.04451474498340491,
        "sigmaL_Kpipi": 20.14509366315276,
        "sigmaR_Kpipi": 37.317929710324655
    },
    "sigmaL;379": 10.56261809729919,
    "sigmaL;379_err": 0.22258238182151371,
    "sigmaR;379": 17.755675057405167,
    "sigmaR;379_err": 0.19770889527295035
}