{
    "fit_ok": true,
    "frac;547": 0.48295385994496315,
    "frac;547_err": 0.02466262787904289,
    "info_fit": "------------------------------------------------------------------\n| FCN = -3.199e+05              |     Ncalls=105 (105 total)     |\n| EDM = 5.12e-06 (Goal: 0.001)  |            up = 0.5            |\n------------------------------------------------------------------\n|  Valid Min.   | Valid Param.  | Above EDM | Reached call limit |\n------------------------------------------------------------------\n|     True      |     True      |   False   |       False        |\n------------------------------------------------------------------\n| Hesse failed  |   Has cov.    | Accurate  | Pos. def. | Forced |\n------------------------------------------------------------------\n|     False     |     True      |   True    |   True    | False  |\n------------------------------------------------------------------",
    "info_params": "name            value    minuit_hesse    at limit\n----------  ---------  --------------  ----------\nn_sig;547       51860     +/- 2.7e+02       False\u001b[0m\nn_bkg;547        5480     +/- 1.7e+02       False\u001b[0m\nfrac;547        0.483     +/-   0.025       False\u001b[0m\nmu;547           5279     +/-   0.077       False\u001b[0m\nsigmaL;547      11.32     +/-    0.21       False\u001b[0m\nsigmaR;547       18.9     +/-     0.3       False\u001b[0m\nlambda;547  -0.002591     +/- 0.00023       False\u001b[0m",
    "lambda;547": -0.0025907212414764125,
    "lambda;547_err": 0.00023043946102554406,
    "mu;547": 5278.826067982092,
    "mu;547_err": 0.07668453753596927,
    "n_bkg;547": 5480.411499836321,
    "n_bkg;547_err": 174.65253454602254,
    "n_sig;547": 51861.021536287524,
    "n_sig;547_err": 273.64656471119184,
    "r_params": {
        "alphaL": 2.1324342054011045,
        "alphaL_Kpipi": 0.23984147888569726,
        "alphaR": -1.8225377743556506,
        "alphaR_Kpipi": -3.45169511727099,
        "fraction_Kpipi": 0.8861855867303668,
        "muL_Kpipi": 5214.656416664541,
        "muR_Kpipi": 5183.074248990296,
        "nL": 0.4862973802932926,
        "nL_Kpipi": 4.413073505098077,
        "nR": 5.7422505607791985,
        "nR_Kpipi": 1.3686501931786665e-08,
        "r_bkgK": 0.035341458516519916,
        "sigmaL_Kpipi": 19.133710600596434,
        "sigmaR_Kpipi": 39.32384704379869
    },
    "sigmaL;547": 11.318911275643686,
    "sigmaL;547_err": 0.2133834427010267,
    "sigmaR;547": 18.89561780199472,
    "sigmaR;547_err": 0.296850993452301
}