{
    "fit_ok": true,
    "frac;255": 0.45958025908367417,
    "frac;255_err": 0.020999840546357396,
    "info_fit": "------------------------------------------------------------------\n| FCN = -3.199e+05              |     Ncalls=105 (105 total)     |\n| EDM = 4.14e-06 (Goal: 0.001)  |            up = 0.5            |\n------------------------------------------------------------------\n|  Valid Min.   | Valid Param.  | Above EDM | Reached call limit |\n------------------------------------------------------------------\n|     True      |     True      |   False   |       False        |\n------------------------------------------------------------------\n| Hesse failed  |   Has cov.    | Accurate  | Pos. def. | Forced |\n------------------------------------------------------------------\n|     False     |     True      |   True    |   True    | False  |\n------------------------------------------------------------------",
    "info_params": "name            value    minuit_hesse    at limit\n----------  ---------  --------------  ----------\nn_sig;255       52430     +/- 2.8e+02       False\u001b[0m\nn_bkg;255        5235     +/- 1.8e+02       False\u001b[0m\nfrac;255       0.4596     +/-   0.021       False\u001b[0m\nmu;255           5279     +/-   0.077       False\u001b[0m\nsigmaL;255      11.19     +/-    0.21       False\u001b[0m\nsigmaR;255      18.36     +/-    0.24       False\u001b[0m\nlambda;255  -0.002267     +/- 0.00026       False\u001b[0m",
    "lambda;255": -0.002267014522825808,
    "lambda;255_err": 0.00025863375730042303,
    "mu;255": 5278.867597064682,
    "mu;255_err": 0.07732853755191574,
    "n_bkg;255": 5235.41015415283,
    "n_bkg;255_err": 183.86349630443584,
    "n_sig;255": 52430.04399350909,
    "n_sig;255_err": 281.76723997743153,
    "r_params": {
        "alphaL": 2.02992217591786,
        "alphaL_Kpipi": 0.25843439257512957,
        "alphaR": -1.7778067363088699,
        "alphaR_Kpipi": -3.5120004429714196,
        "fraction_Kpipi": 0.9361737975977465,
        "muL_Kpipi": 5213.828650542417,
        "muR_Kpipi": 5185.459114976429,
        "nL": 0.4354740104546931,
        "nL_Kpipi": 4.535039089347814,
        "nR": 5.840596424652496,
        "nR_Kpipi": 0.00013342114928769152,
        "r_bkgK": 0.02876056550859543,
        "sigmaL_Kpipi": 19.31777162611683,
        "sigmaR_Kpipi": 41.201012699226666
    },
    "sigmaL;255": 11.193907047756117,
    "sigmaL;255_err": 0.20509052115980314,
    "sigmaR;255": 18.355864114684145,
    "sigmaR;255_err": 0.2427784487346976
}