{
    "fit_ok": false,
    "frac;837": 0.42591770756342634,
    "frac;837_err": 0.020488875781486483,
    "info_fit": "------------------------------------------------------------------\n| FCN = -3.199e+05              |     Ncalls=106 (106 total)     |\n| EDM = 0.00101 (Goal: 0.001)   |            up = 0.5            |\n------------------------------------------------------------------\n|  Valid Min.   | Valid Param.  | Above EDM | Reached call limit |\n------------------------------------------------------------------\n|     True      |     True      |   False   |       False        |\n------------------------------------------------------------------\n| Hesse failed  |   Has cov.    | Accurate  | Pos. def. | Forced |\n------------------------------------------------------------------\n|     False     |     True      |   True    |   True    | False  |\n------------------------------------------------------------------",
    "info_params": "name            value    minuit_hesse    at limit\n----------  ---------  --------------  ----------\nn_sig;837       52300     +/- 2.8e+02       False\u001b[0m\nn_bkg;837        5003     +/- 1.8e+02       False\u001b[0m\nfrac;837       0.4259     +/-    0.02       False\u001b[0m\nmu;837           5279     +/-   0.077       False\u001b[0m\nsigmaL;837      10.95     +/-    0.22       False\u001b[0m\nsigmaR;837      18.11     +/-    0.22       False\u001b[0m\nlambda;837  -0.001934     +/- 0.00027       False\u001b[0m",
    "lambda;837": -0.0019339927065213924,
    "lambda;837_err": 0.00026976767988588915,
    "mu;837": 5278.837157522237,
    "mu;837_err": 0.07744494831333096,
    "n_bkg;837": 5003.150822982469,
    "n_bkg;837_err": 180.31922264394976,
    "n_sig;837": 52299.65104849353,
    "n_sig;837_err": 278.65723000100303,
    "r_params": {
        "alphaL": 2.02992217591786,
        "alphaL_Kpipi": 0.23984147888569726,
        "alphaR": -1.7778067363088699,
        "alphaR_Kpipi": -3.45169511727099,
        "fraction_Kpipi": 0.8861855867303668,
        "muL_Kpipi": 5214.656416664541,
        "muR_Kpipi": 5183.074248990296,
        "mu_Ds": 5280.152550662116,
        "nL": 0.4354740104546931,
        "nL_Kpipi": 4.413073505098077,
        "nR": 5.840596424652496,
        "nR_Kpipi": 1.3686501931786665e-08,
        "n_sig_Ds": 1404.4309181431802,
        "r_bkgK": 0.035341458516519916,
        "sigmaL_Kpipi": 19.133710600596434,
        "sigmaR_Kpipi": 39.32384704379869,
        "sigma_Ds": 12.464520596347572
    },
    "sigmaL;837": 10.949220727364004,
    "sigmaL;837_err": 0.21644463091277333,
    "sigmaR;837": 18.11270199518053,
    "sigmaR;837_err": 0.22314853575627297
}