{
    "fit_ok": true,
    "frac;371": 0.4612170614332535,
    "frac;371_err": 0.024172232498599705,
    "info_fit": "------------------------------------------------------------------\n| FCN = -3.199e+05              |     Ncalls=105 (105 total)     |\n| EDM = 7.68e-06 (Goal: 0.001)  |            up = 0.5            |\n------------------------------------------------------------------\n|  Valid Min.   | Valid Param.  | Above EDM | Reached call limit |\n------------------------------------------------------------------\n|     True      |     True      |   False   |       False        |\n------------------------------------------------------------------\n| Hesse failed  |   Has cov.    | Accurate  | Pos. def. | Forced |\n------------------------------------------------------------------\n|     False     |     True      |   True    |   True    | False  |\n------------------------------------------------------------------",
    "info_params": "name            value    minuit_hesse    at limit\n----------  ---------  --------------  ----------\nn_sig;371       52060     +/- 2.8e+02       False\u001b[0m\nn_bkg;371        5274     +/- 1.8e+02       False\u001b[0m\nfrac;371       0.4612     +/-   0.024       False\u001b[0m\nmu;371           5279     +/-   0.077       False\u001b[0m\nsigmaL;371      11.11     +/-    0.22       False\u001b[0m\nsigmaR;371      18.86     +/-    0.29       False\u001b[0m\nlambda;371  -0.002287     +/- 0.00025       False\u001b[0m",
    "lambda;371": -0.0022865523669208243,
    "lambda;371_err": 0.00025027887301130245,
    "mu;371": 5278.804554442514,
    "mu;371_err": 0.07653044280304994,
    "n_bkg;371": 5273.70116552085,
    "n_bkg;371_err": 180.79583986698285,
    "n_sig;371": 52060.2845816888,
    "n_sig;371_err": 278.02055046410527,
    "r_params": {
        "alphaL": 2.2280185226315155,
        "alphaL_Kpipi": 0.23984147888569726,
        "alphaR": -1.8573215702696364,
        "alphaR_Kpipi": -3.45169511727099,
        "fraction_Kpipi": 0.8861855867303668,
        "muL_Kpipi": 5214.656416664541,
        "muR_Kpipi": 5183.074248990296,
        "nL": 0.3405026084209078,
        "nL_Kpipi": 4.413073505098077,
        "nR": 5.706117077291178,
        "nR_Kpipi": 1.3686501931786665e-08,
        "r_bkgK": 0.035341458516519916,
        "sigmaL_Kpipi": 19.133710600596434,
        "sigmaR_Kpipi": 39.32384704379869
    },
    "sigmaL;371": 11.108994863138648,
    "sigmaL;371_err": 0.21862015683039357,
    "sigmaR;371": 18.858825444223108,
    "sigmaR;371_err": 0.29054301489313716
}