{
    "fit_ok": true,
    "frac;501": 0.3686541811468256,
    "frac;501_err": 0.019684467541485194,
    "info_fit": "------------------------------------------------------------------\n| FCN = -3.199e+05              |     Ncalls=105 (105 total)     |\n| EDM = 7.76e-06 (Goal: 0.001)  |            up = 0.5            |\n------------------------------------------------------------------\n|  Valid Min.   | Valid Param.  | Above EDM | Reached call limit |\n------------------------------------------------------------------\n|     True      |     True      |   False   |       False        |\n------------------------------------------------------------------\n| Hesse failed  |   Has cov.    | Accurate  | Pos. def. | Forced |\n------------------------------------------------------------------\n|     False     |     True      |   True    |   True    | False  |\n------------------------------------------------------------------",
    "info_params": "name            value    minuit_hesse    at limit\n----------  ---------  --------------  ----------\nn_sig;501       51940     +/- 2.8e+02       False\u001b[0m\nn_bkg;501        5395     +/- 1.8e+02       False\u001b[0m\nfrac;501       0.3687     +/-    0.02       False\u001b[0m\nmu;501           5279     +/-   0.078       False\u001b[0m\nsigmaL;501       10.4     +/-    0.24       False\u001b[0m\nsigmaR;501      17.62     +/-    0.19       False\u001b[0m\nlambda;501  -0.002308     +/- 0.00025       False\u001b[0m",
    "lambda;501": -0.0023080113499635013,
    "lambda;501_err": 0.00025024317711973314,
    "mu;501": 5278.936093040794,
    "mu;501_err": 0.07800986624729284,
    "n_bkg;501": 5395.281041258773,
    "n_bkg;501_err": 183.2710318597096,
    "n_sig;501": 51941.59817507265,
    "n_sig;501_err": 279.0103989654616,
    "r_params": {
        "alphaL": 1.9088070976039042,
        "alphaL_Kpipi": 0.23984147888569726,
        "alphaR": -1.865520068940979,
        "alphaR_Kpipi": -3.45169511727099,
        "fraction_Kpipi": 0.8861855867303668,
        "muL_Kpipi": 5214.656416664541,
        "muR_Kpipi": 5183.074248990296,
        "nL": 0.5154489947914477,
        "nL_Kpipi": 4.413073505098077,
        "nR": 7.103323962493688,
        "nR_Kpipi": 1.3686501931786665e-08,
        "r_bkgK": 0.035341458516519916,
        "sigmaL_Kpipi": 19.133710600596434,
        "sigmaR_Kpipi": 39.32384704379869
    },
    "sigmaL;501": 10.403668423190691,
    "sigmaL;501_err": 0.2424402757707492,
    "sigmaR;501": 17.616866879583252,
    "sigmaR;501_err": 0.18674656538024256
}