{
    "fit_ok": true,
    "frac;819": 0.38252863189710645,
    "frac;819_err": 0.01895519260407091,
    "info_fit": "------------------------------------------------------------------\n| FCN = -3.199e+05              |     Ncalls=105 (105 total)     |\n| EDM = 0.000149 (Goal: 0.001)  |            up = 0.5            |\n------------------------------------------------------------------\n|  Valid Min.   | Valid Param.  | Above EDM | Reached call limit |\n------------------------------------------------------------------\n|     True      |     True      |   False   |       False        |\n------------------------------------------------------------------\n| Hesse failed  |   Has cov.    | Accurate  | Pos. def. | Forced |\n------------------------------------------------------------------\n|     False     |     True      |   True    |   True    | False  |\n------------------------------------------------------------------",
    "info_params": "name            value    minuit_hesse    at limit\n----------  ---------  --------------  ----------\nn_sig;819       52210     +/- 2.7e+02       False\u001b[0m\nn_bkg;819        4678     +/- 1.7e+02       False\u001b[0m\nfrac;819       0.3825     +/-   0.019       False\u001b[0m\nmu;819           5279     +/-   0.078       False\u001b[0m\nsigmaL;819      10.59     +/-    0.22       False\u001b[0m\nsigmaR;819      17.87     +/-     0.2       False\u001b[0m\nlambda;819  -0.001427     +/- 0.00028       False\u001b[0m",
    "lambda;819": -0.001427131108456381,
    "lambda;819_err": 0.00028115336542435394,
    "mu;819": 5278.848029303327,
    "mu;819_err": 0.07756688344889409,
    "n_bkg;819": 4678.0853102705205,
    "n_bkg;819_err": 171.54308971213393,
    "n_sig;819": 52213.12144337983,
    "n_sig;819_err": 272.28391819506913,
    "r_params": {
        "alphaL": 2.02992217591786,
        "alphaL_Kpipi": 0.22298108486094737,
        "alphaR": -1.7778067363088699,
        "alphaR_Kpipi": -3.5752594868927754,
        "fraction_Kpipi": 0.8887522679070126,
        "muL_Kpipi": 5213.418760773666,
        "muR_Kpipi": 5184.0896302223,
        "nL": 0.4354740104546931,
        "nL_Kpipi": 4.239107991251369,
        "nR": 5.840596424652496,
        "nR_Kpipi": 0.00011236276089216888,
        "r_bkgK": 0.043673073954140676,
        "sigmaL_Kpipi": 18.710952188515943,
        "sigmaR_Kpipi": 41.525855945654094
    },
    "sigmaL;819": 10.587550182236455,
    "sigmaL;819_err": 0.21937569168220236,
    "sigmaR;819": 17.870289568683873,
    "sigmaR;819_err": 0.19898271593178432
}