{
    "fit_ok": true,
    "frac;106": 0.4251345655111157,
    "frac;106_err": 0.02050533019104846,
    "info_fit": "------------------------------------------------------------------\n| FCN = -3.199e+05              |     Ncalls=106 (106 total)     |\n| EDM = 0.0001 (Goal: 0.001)    |            up = 0.5            |\n------------------------------------------------------------------\n|  Valid Min.   | Valid Param.  | Above EDM | Reached call limit |\n------------------------------------------------------------------\n|     True      |     True      |   False   |       False        |\n------------------------------------------------------------------\n| Hesse failed  |   Has cov.    | Accurate  | Pos. def. | Forced |\n------------------------------------------------------------------\n|     False     |     True      |   True    |   True    | False  |\n------------------------------------------------------------------",
    "info_params": "name            value    minuit_hesse    at limit\n----------  ---------  --------------  ----------\nn_sig;106       52350     +/- 2.8e+02       False\u001b[0m\nn_bkg;106        5004     +/- 1.8e+02       False\u001b[0m\nfrac;106       0.4251     +/-   0.021       False\u001b[0m\nmu;106           5279     +/-   0.077       False\u001b[0m\nsigmaL;106      10.98     +/-    0.22       False\u001b[0m\nsigmaR;106      18.12     +/-    0.22       False\u001b[0m\nlambda;106  -0.001938     +/- 0.00027       False\u001b[0m",
    "lambda;106": -0.0019384248191266495,
    "lambda;106_err": 0.00026983196157347,
    "mu;106": 5278.855730043723,
    "mu;106_err": 0.07744371921327577,
    "n_bkg;106": 5003.6956717677485,
    "n_bkg;106_err": 180.4092589356914,
    "n_sig;106": 52348.309165699175,
    "n_sig;106_err": 278.6660046592553,
    "r_params": {
        "alphaL": 2.02992217591786,
        "alphaL_Kpipi": 0.23984147888569726,
        "alphaR": -1.7778067363088699,
        "alphaR_Kpipi": -3.45169511727099,
        "fraction_Kpipi": 0.8861855867303668,
        "muL_Kpipi": 5214.656416664541,
        "muR_Kpipi": 5183.074248990296,
        "mu_Ds": 5279.501624653451,
        "nL": 0.4354740104546931,
        "nL_Kpipi": 4.413073505098077,
        "nR": 5.840596424652496,
        "nR_Kpipi": 1.3686501931786665e-08,
        "n_sig_Ds": 1351.7055799134787,
        "r_bkgK": 0.035341458516519916,
        "sigmaL_Kpipi": 19.133710600596434,
        "sigmaR_Kpipi": 39.32384704379869,
        "sigma_Ds": 11.711121636715133
    },
    "sigmaL;106": 10.982282946995022,
    "sigmaL;106_err": 0.21645475469120457,
    "sigmaR;106": 18.117631821175365,
    "sigmaR;106_err": 0.22248349981747853
}