{
    "fit_ok": false,
    "frac;39": 0.42649811113776065,
    "frac;39_err": 0.02058254464182476,
    "info_fit": "------------------------------------------------------------------\n| FCN = -3.199e+05              |     Ncalls=104 (104 total)     |\n| EDM = 0.00216 (Goal: 0.001)   |            up = 0.5            |\n------------------------------------------------------------------\n|  Valid Min.   | Valid Param.  | Above EDM | Reached call limit |\n------------------------------------------------------------------\n|     True      |     True      |   False   |       False        |\n------------------------------------------------------------------\n| Hesse failed  |   Has cov.    | Accurate  | Pos. def. | Forced |\n------------------------------------------------------------------\n|     False     |     True      |   True    |   True    | False  |\n------------------------------------------------------------------",
    "info_params": "name           value    minuit_hesse    at limit\n---------  ---------  --------------  ----------\nn_sig;39       52240     +/- 2.8e+02       False\u001b[0m\nn_bkg;39        5010     +/- 1.8e+02       False\u001b[0m\nfrac;39       0.4265     +/-   0.021       False\u001b[0m\nmu;39           5279     +/-   0.078       False\u001b[0m\nsigmaL;39         11     +/-    0.22       False\u001b[0m\nsigmaR;39      18.14     +/-    0.22       False\u001b[0m\nlambda;39  -0.001947     +/- 0.00027       False\u001b[0m",
    "lambda;39": -0.0019468858309376058,
    "lambda;39_err": 0.00026984994276834734,
    "mu;39": 5278.894351367959,
    "mu;39_err": 0.07770035955820749,
    "n_bkg;39": 5010.307490242683,
    "n_bkg;39_err": 180.7010966849534,
    "n_sig;39": 52235.79926049923,
    "n_sig;39_err": 278.7656956396093,
    "r_params": {
        "alphaL": 2.02992217591786,
        "alphaL_Kpipi": 0.23984147888569726,
        "alphaR": -1.7778067363088699,
        "alphaR_Kpipi": -3.45169511727099,
        "fraction_Kpipi": 0.8861855867303668,
        "muL_Kpipi": 5214.656416664541,
        "muR_Kpipi": 5183.074248990296,
        "mu_Ds": 5278.367410897739,
        "nL": 0.4354740104546931,
        "nL_Kpipi": 4.413073505098077,
        "nR": 5.840596424652496,
        "nR_Kpipi": 1.3686501931786665e-08,
        "n_sig_Ds": 1461.8914840372897,
        "r_bkgK": 0.035341458516519916,
        "sigmaL_Kpipi": 19.133710600596434,
        "sigmaR_Kpipi": 39.32384704379869,
        "sigma_Ds": 11.584182491803015
    },
    "sigmaL;39": 11.000558980680015,
    "sigmaL;39_err": 0.21675105651245427,
    "sigmaR;39": 18.142834337109377,
    "sigmaR;39_err": 0.22394599312357752
}