{
    "fit_ok": true,
    "frac;64": 0.4252999248653112,
    "frac;64_err": 0.02049963053861965,
    "info_fit": "------------------------------------------------------------------\n| FCN = -3.199e+05              |     Ncalls=106 (106 total)     |\n| EDM = 0.000266 (Goal: 0.001)  |            up = 0.5            |\n------------------------------------------------------------------\n|  Valid Min.   | Valid Param.  | Above EDM | Reached call limit |\n------------------------------------------------------------------\n|     True      |     True      |   False   |       False        |\n------------------------------------------------------------------\n| Hesse failed  |   Has cov.    | Accurate  | Pos. def. | Forced |\n------------------------------------------------------------------\n|     False     |     True      |   True    |   True    | False  |\n------------------------------------------------------------------",
    "info_params": "name           value    minuit_hesse    at limit\n---------  ---------  --------------  ----------\nn_sig;64       52320     +/- 2.8e+02       False\u001b[0m\nn_bkg;64        5004     +/- 1.8e+02       False\u001b[0m\nfrac;64       0.4253     +/-    0.02       False\u001b[0m\nmu;64           5279     +/-   0.077       False\u001b[0m\nsigmaL;64      10.97     +/-    0.22       False\u001b[0m\nsigmaR;64      18.12     +/-    0.22       False\u001b[0m\nlambda;64  -0.001938     +/- 0.00027       False\u001b[0m",
    "lambda;64": -0.0019384357376861505,
    "lambda;64_err": 0.00026975661568791467,
    "mu;64": 5278.846423594577,
    "mu;64_err": 0.0774586104473292,
    "n_bkg;64": 5004.122158004731,
    "n_bkg;64_err": 180.3903295433288,
    "n_sig;64": 52324.21223489284,
    "n_sig;64_err": 278.665411447014,
    "r_params": {
        "alphaL": 2.02992217591786,
        "alphaL_Kpipi": 0.23984147888569726,
        "alphaR": -1.7778067363088699,
        "alphaR_Kpipi": -3.45169511727099,
        "fraction_Kpipi": 0.8861855867303668,
        "muL_Kpipi": 5214.656416664541,
        "muR_Kpipi": 5183.074248990296,
        "mu_Ds": 5279.795209847321,
        "nL": 0.4354740104546931,
        "nL_Kpipi": 4.413073505098077,
        "nR": 5.840596424652496,
        "nR_Kpipi": 1.3686501931786665e-08,
        "n_sig_Ds": 1376.265810109091,
        "r_bkgK": 0.035341458516519916,
        "sigmaL_Kpipi": 19.133710600596434,
        "sigmaR_Kpipi": 39.32384704379869,
        "sigma_Ds": 11.890102735460983
    },
    "sigmaL;64": 10.974110522685415,
    "sigmaL;64_err": 0.21634198796911946,
    "sigmaR;64": 18.118941435549715,
    "sigmaR;64_err": 0.2227660070029727
}