{
    "fit_ok": true,
    "frac;391": 0.43599933644555294,
    "frac;391_err": 0.021067384816770535,
    "info_fit": "------------------------------------------------------------------\n| FCN = -3.199e+05              |     Ncalls=106 (106 total)     |\n| EDM = 3.72e-05 (Goal: 0.001)  |            up = 0.5            |\n------------------------------------------------------------------\n|  Valid Min.   | Valid Param.  | Above EDM | Reached call limit |\n------------------------------------------------------------------\n|     True      |     True      |   False   |       False        |\n------------------------------------------------------------------\n| Hesse failed  |   Has cov.    | Accurate  | Pos. def. | Forced |\n------------------------------------------------------------------\n|     False     |     True      |   True    |   True    | False  |\n------------------------------------------------------------------",
    "info_params": "name            value    minuit_hesse    at limit\n----------  ---------  --------------  ----------\nn_sig;391       52290     +/- 2.8e+02       False\u001b[0m\nn_bkg;391        5144     +/- 1.8e+02       False\u001b[0m\nfrac;391        0.436     +/-   0.021       False\u001b[0m\nmu;391           5279     +/-   0.077       False\u001b[0m\nsigmaL;391      11.04     +/-    0.22       False\u001b[0m\nsigmaR;391      18.12     +/-    0.23       False\u001b[0m\nlambda;391  -0.002131     +/- 0.00026       False\u001b[0m",
    "lambda;391": -0.002131002104043933,
    "lambda;391_err": 0.0002643452775030809,
    "mu;391": 5278.88007085844,
    "mu;391_err": 0.07739332633560242,
    "n_bkg;391": 5143.960191511901,
    "n_bkg;391_err": 183.27562581136624,
    "n_sig;391": 52292.05654399031,
    "n_sig;391_err": 280.4846007864777,
    "r_params": {
        "alphaL": 2.02992217591786,
        "alphaL_Kpipi": 0.23687145428567252,
        "alphaR": -1.7778067363088699,
        "alphaR_Kpipi": -3.6696382075223317,
        "fraction_Kpipi": 0.9006989455573935,
        "muL_Kpipi": 5216.534904020835,
        "muR_Kpipi": 5180.2959663169895,
        "nL": 0.4354740104546931,
        "nL_Kpipi": 4.462805175530973,
        "nR": 5.840596424652496,
        "nR_Kpipi": 9.463373197173581e-05,
        "r_bkgK": 0.0332204075587529,
        "sigmaL_Kpipi": 19.642614958726277,
        "sigmaR_Kpipi": 39.330123868182945
    },
    "sigmaL;391": 11.040022453267415,
    "sigmaL;391_err": 0.2166018382611849,
    "sigmaR;391": 18.1200769943434,
    "sigmaR;391_err": 0.2298308181362983
}