{
    "fit_ok": true,
    "frac;876": 0.4225749553793243,
    "frac;876_err": 0.020393137897169792,
    "info_fit": "------------------------------------------------------------------\n| FCN = -3.199e+05              |     Ncalls=103 (103 total)     |\n| EDM = 0.000105 (Goal: 0.001)  |            up = 0.5            |\n------------------------------------------------------------------\n|  Valid Min.   | Valid Param.  | Above EDM | Reached call limit |\n------------------------------------------------------------------\n|     True      |     True      |   False   |       False        |\n------------------------------------------------------------------\n| Hesse failed  |   Has cov.    | Accurate  | Pos. def. | Forced |\n------------------------------------------------------------------\n|     False     |     True      |   True    |   True    | False  |\n------------------------------------------------------------------",
    "info_params": "name            value    minuit_hesse    at limit\n----------  ---------  --------------  ----------\nn_sig;876       52330     +/- 2.8e+02       False\u001b[0m\nn_bkg;876        4948     +/- 1.8e+02       False\u001b[0m\nfrac;876       0.4226     +/-    0.02       False\u001b[0m\nmu;876           5279     +/-   0.077       False\u001b[0m\nsigmaL;876      10.92     +/-    0.22       False\u001b[0m\nsigmaR;876      18.11     +/-    0.22       False\u001b[0m\nlambda;876  -0.001855     +/- 0.00027       False\u001b[0m",
    "lambda;876": -0.0018549997212784497,
    "lambda;876_err": 0.00027249970843225177,
    "mu;876": 5278.860679239306,
    "mu;876_err": 0.07747042522309182,
    "n_bkg;876": 4948.491484037284,
    "n_bkg;876_err": 179.4368436429367,
    "n_sig;876": 52333.95808439518,
    "n_sig;876_err": 278.035431840308,
    "r_params": {
        "alphaL": 2.02992217591786,
        "alphaL_Kpipi": 0.2284947283693304,
        "alphaR": -1.7778067363088699,
        "alphaR_Kpipi": -3.342341716437155,
        "fraction_Kpipi": 0.890058068611866,
        "muL_Kpipi": 5214.506654513832,
        "muR_Kpipi": 5181.354398798422,
        "nL": 0.4354740104546931,
        "nL_Kpipi": 4.59809652405926,
        "nR": 5.840596424652496,
        "nR_Kpipi": 0.0003507798159421425,
        "r_bkgK": 0.036138473100771694,
        "sigmaL_Kpipi": 18.759502444543187,
        "sigmaR_Kpipi": 40.66842820762902
    },
    "sigmaL;876": 10.918673012797573,
    "sigmaL;876_err": 0.21887800716587816,
    "sigmaR;876": 18.10923875796068,
    "sigmaR;876_err": 0.220961186883712
}