{
    "fit_ok": true,
    "frac;550": 0.36308995833890684,
    "frac;550_err": 0.016712753319436804,
    "info_fit": "------------------------------------------------------------------\n| FCN = -3.199e+05              |     Ncalls=102 (102 total)     |\n| EDM = 0.000473 (Goal: 0.001)  |            up = 0.5            |\n------------------------------------------------------------------\n|  Valid Min.   | Valid Param.  | Above EDM | Reached call limit |\n------------------------------------------------------------------\n|     True      |     True      |   False   |       False        |\n------------------------------------------------------------------\n| Hesse failed  |   Has cov.    | Accurate  | Pos. def. | Forced |\n------------------------------------------------------------------\n|     False     |     True      |   True    |   True    | False  |\n------------------------------------------------------------------",
    "info_params": "name            value    minuit_hesse    at limit\n----------  ---------  --------------  ----------\nn_sig;550       52510     +/- 2.8e+02       False\u001b[0m\nn_bkg;550        4802     +/- 1.8e+02       False\u001b[0m\nfrac;550       0.3631     +/-   0.017       False\u001b[0m\nmu;550           5279     +/-   0.079       False\u001b[0m\nsigmaL;550       10.5     +/-    0.24       False\u001b[0m\nsigmaR;550      17.31     +/-    0.17       False\u001b[0m\nlambda;550  -0.001571     +/- 0.00029       False\u001b[0m",
    "lambda;550": -0.0015705459014309087,
    "lambda;550_err": 0.00028593838420153605,
    "mu;550": 5278.904309594037,
    "mu;550_err": 0.07865140338519039,
    "n_bkg;550": 4802.167807840674,
    "n_bkg;550_err": 179.3555643422652,
    "n_sig;550": 52513.49478428647,
    "n_sig;550_err": 278.6279318958733,
    "r_params": {
        "alphaL": 1.894357789988089,
        "alphaL_Kpipi": 0.23984147888569726,
        "alphaR": -1.7012706454737851,
        "alphaR_Kpipi": -3.45169511727099,
        "fraction_Kpipi": 0.8861855867303668,
        "muL_Kpipi": 5214.656416664541,
        "muR_Kpipi": 5183.074248990296,
        "nL": 0.43620342944504836,
        "nL_Kpipi": 4.413073505098077,
        "nR": 7.328185074859734,
        "nR_Kpipi": 1.3686501931786665e-08,
        "r_bkgK": 0.035341458516519916,
        "sigmaL_Kpipi": 19.133710600596434,
        "sigmaR_Kpipi": 39.32384704379869
    },
    "sigmaL;550": 10.504249179813844,
    "sigmaL;550_err": 0.24002663444774347,
    "sigmaR;550": 17.314037668965348,
    "sigmaR;550_err": 0.16590837708613007
}