{
    "fit_ok": true,
    "frac;938": 0.37076964106022936,
    "frac;938_err": 0.018933267995228088,
    "info_fit": "------------------------------------------------------------------\n| FCN = -3.199e+05              |     Ncalls=102 (102 total)     |\n| EDM = 0.000425 (Goal: 0.001)  |            up = 0.5            |\n------------------------------------------------------------------\n|  Valid Min.   | Valid Param.  | Above EDM | Reached call limit |\n------------------------------------------------------------------\n|     True      |     True      |   False   |       False        |\n------------------------------------------------------------------\n| Hesse failed  |   Has cov.    | Accurate  | Pos. def. | Forced |\n------------------------------------------------------------------\n|     False     |     True      |   True    |   True    | False  |\n------------------------------------------------------------------",
    "info_params": "name            value    minuit_hesse    at limit\n----------  ---------  --------------  ----------\nn_sig;938       52120     +/- 2.7e+02       False\u001b[0m\nn_bkg;938        4678     +/- 1.7e+02       False\u001b[0m\nfrac;938       0.3708     +/-   0.019       False\u001b[0m\nmu;938           5279     +/-   0.078       False\u001b[0m\nsigmaL;938      10.51     +/-    0.22       False\u001b[0m\nsigmaR;938      17.75     +/-    0.19       False\u001b[0m\nlambda;938  -0.001425     +/- 0.00028       False\u001b[0m",
    "lambda;938": -0.0014247565236101822,
    "lambda;938_err": 0.00028095208029848325,
    "mu;938": 5278.853631280644,
    "mu;938_err": 0.07757699626651851,
    "n_bkg;938": 4678.4753613628245,
    "n_bkg;938_err": 171.35122863220386,
    "n_sig;938": 52123.757802600194,
    "n_sig;938_err": 271.70658065491995,
    "r_params": {
        "alphaL": 2.02992217591786,
        "alphaL_Kpipi": 0.23087197949838517,
        "alphaR": -1.7778067363088699,
        "alphaR_Kpipi": -3.5831898087054768,
        "fraction_Kpipi": 0.8950352969408054,
        "muL_Kpipi": 5214.100472545548,
        "muR_Kpipi": 5181.986173802786,
        "nL": 0.4354740104546931,
        "nL_Kpipi": 4.954823927579211,
        "nR": 5.840596424652496,
        "nR_Kpipi": 7.782714370560355e-05,
        "r_bkgK": 0.045449670802465814,
        "sigmaL_Kpipi": 19.255589967358343,
        "sigmaR_Kpipi": 39.31677487416866
    },
    "sigmaL;938": 10.506476697064777,
    "sigmaL;938_err": 0.22340702491073683,
    "sigmaR;938": 17.747501170341373,
    "sigmaR;938_err": 0.1942125938469989
}