{
    "fit_ok": true,
    "frac;771": 0.49516568187920756,
    "frac;771_err": 0.021264287304896726,
    "info_fit": "------------------------------------------------------------------\n| FCN = -3.199e+05              |     Ncalls=105 (105 total)     |\n| EDM = 5.52e-06 (Goal: 0.001)  |            up = 0.5            |\n------------------------------------------------------------------\n|  Valid Min.   | Valid Param.  | Above EDM | Reached call limit |\n------------------------------------------------------------------\n|     True      |     True      |   False   |       False        |\n------------------------------------------------------------------\n| Hesse failed  |   Has cov.    | Accurate  | Pos. def. | Forced |\n------------------------------------------------------------------\n|     False     |     True      |   True    |   True    | False  |\n------------------------------------------------------------------",
    "info_params": "name            value    minuit_hesse    at limit\n----------  ---------  --------------  ----------\nn_sig;771       52560     +/- 2.8e+02       False\u001b[0m\nn_bkg;771        5387     +/- 1.9e+02       False\u001b[0m\nfrac;771       0.4952     +/-   0.021       False\u001b[0m\nmu;771           5279     +/-   0.077       False\u001b[0m\nsigmaL;771      11.43     +/-    0.19       False\u001b[0m\nsigmaR;771      18.64     +/-    0.27       False\u001b[0m\nlambda;771  -0.002469     +/- 0.00025       False\u001b[0m",
    "lambda;771": -0.0024690145125270124,
    "lambda;771_err": 0.0002515086206988055,
    "mu;771": 5278.8780444996,
    "mu;771_err": 0.07720248222332754,
    "n_bkg;771": 5387.497961064174,
    "n_bkg;771_err": 186.05751615089534,
    "n_sig;771": 52561.48815719557,
    "n_sig;771_err": 284.12666654953017,
    "r_params": {
        "alphaL": 2.02992217591786,
        "alphaL_Kpipi": 0.21783589663686978,
        "alphaR": -1.7778067363088699,
        "alphaR_Kpipi": -3.258833485084753,
        "fraction_Kpipi": 0.890074792157352,
        "muL_Kpipi": 5215.923355320135,
        "muR_Kpipi": 5182.096838213397,
        "nL": 0.4354740104546931,
        "nL_Kpipi": 4.905522496499034,
        "nR": 5.840596424652496,
        "nR_Kpipi": 0.0004925283100726086,
        "r_bkgK": 0.023307141075897805,
        "sigmaL_Kpipi": 19.38914218938647,
        "sigmaR_Kpipi": 39.29720420191863
    },
    "sigmaL;771": 11.433559188079418,
    "sigmaL;771_err": 0.19427916876256043,
    "sigmaR;771": 18.642799434101114,
    "sigmaR;771_err": 0.2665492402127238
}