{
    "fit_ok": true,
    "frac;847": 0.5996103397345585,
    "frac;847_err": 0.02761703952394706,
    "info_fit": "------------------------------------------------------------------\n| FCN = -3.199e+05              |     Ncalls=105 (105 total)     |\n| EDM = 9.67e-06 (Goal: 0.001)  |            up = 0.5            |\n------------------------------------------------------------------\n|  Valid Min.   | Valid Param.  | Above EDM | Reached call limit |\n------------------------------------------------------------------\n|     True      |     True      |   False   |       False        |\n------------------------------------------------------------------\n| Hesse failed  |   Has cov.    | Accurate  | Pos. def. | Forced |\n------------------------------------------------------------------\n|     False     |     True      |   True    |   True    | False  |\n------------------------------------------------------------------",
    "info_params": "name            value    minuit_hesse    at limit\n----------  ---------  --------------  ----------\nn_sig;847       51190     +/- 2.6e+02       False\u001b[0m\nn_bkg;847        6172     +/- 1.5e+02       False\u001b[0m\nfrac;847       0.5996     +/-   0.028       False\u001b[0m\nmu;847           5279     +/-   0.076       False\u001b[0m\nsigmaL;847      12.14     +/-     0.2       False\u001b[0m\nsigmaR;847      20.51     +/-    0.46       False\u001b[0m\nlambda;847  -0.003568     +/- 0.00017       False\u001b[0m",
    "lambda;847": -0.0035682529208043157,
    "lambda;847_err": 0.0001709202587459614,
    "mu;847": 5278.734605032018,
    "mu;847_err": 0.07623555774461352,
    "n_bkg;847": 6172.374038132571,
    "n_bkg;847_err": 150.85051566020294,
    "n_sig;847": 51194.308715642685,
    "n_sig;847_err": 257.64901629587547,
    "r_params": {
        "alphaL": 2.3106245635829974,
        "alphaL_Kpipi": 0.23984147888569726,
        "alphaR": -1.727725016737815,
        "alphaR_Kpipi": -3.45169511727099,
        "fraction_Kpipi": 0.8861855867303668,
        "muL_Kpipi": 5214.656416664541,
        "muR_Kpipi": 5183.074248990296,
        "nL": 0.6226142442812121,
        "nL_Kpipi": 4.413073505098077,
        "nR": 5.426840254787815,
        "nR_Kpipi": 1.3686501931786665e-08,
        "r_bkgK": 0.035341458516519916,
        "sigmaL_Kpipi": 19.133710600596434,
        "sigmaR_Kpipi": 39.32384704379869
    },
    "sigmaL;847": 12.13835283275314,
    "sigmaL;847_err": 0.20423175666107987,
    "sigmaR;847": 20.512580104146227,
    "sigmaR;847_err": 0.4630427913055488
}