{
    "fit_ok": true,
    "frac;559": 0.42525507273932184,
    "frac;559_err": 0.020475949161783538,
    "info_fit": "------------------------------------------------------------------\n| FCN = -3.199e+05              |     Ncalls=106 (106 total)     |\n| EDM = 3.94e-05 (Goal: 0.001)  |            up = 0.5            |\n------------------------------------------------------------------\n|  Valid Min.   | Valid Param.  | Above EDM | Reached call limit |\n------------------------------------------------------------------\n|     True      |     True      |   False   |       False        |\n------------------------------------------------------------------\n| Hesse failed  |   Has cov.    | Accurate  | Pos. def. | Forced |\n------------------------------------------------------------------\n|     False     |     True      |   True    |   True    | False  |\n------------------------------------------------------------------",
    "info_params": "name            value    minuit_hesse    at limit\n----------  ---------  --------------  ----------\nn_sig;559       52400     +/- 2.8e+02       False\u001b[0m\nn_bkg;559        5000     +/- 1.8e+02       False\u001b[0m\nfrac;559       0.4253     +/-    0.02       False\u001b[0m\nmu;559           5279     +/-   0.077       False\u001b[0m\nsigmaL;559      10.97     +/-    0.22       False\u001b[0m\nsigmaR;559      18.11     +/-    0.22       False\u001b[0m\nlambda;559  -0.001931     +/- 0.00027       False\u001b[0m",
    "lambda;559": -0.0019312287636329417,
    "lambda;559_err": 0.0002699929158085838,
    "mu;559": 5278.865373816171,
    "mu;559_err": 0.07732616767582327,
    "n_bkg;559": 5000.2490107050735,
    "n_bkg;559_err": 180.30699976058307,
    "n_sig;559": 52404.379215545225,
    "n_sig;559_err": 278.5865248598244,
    "r_params": {
        "alphaL": 2.02992217591786,
        "alphaL_Kpipi": 0.23984147888569726,
        "alphaR": -1.7778067363088699,
        "alphaR_Kpipi": -3.45169511727099,
        "fraction_Kpipi": 0.8861855867303668,
        "muL_Kpipi": 5214.656416664541,
        "muR_Kpipi": 5183.074248990296,
        "mu_Ds": 5279.276309326541,
        "nL": 0.4354740104546931,
        "nL_Kpipi": 4.413073505098077,
        "nR": 5.840596424652496,
        "nR_Kpipi": 1.3686501931786665e-08,
        "n_sig_Ds": 1297.6141371463052,
        "r_bkgK": 0.035341458516519916,
        "sigmaL_Kpipi": 19.133710600596434,
        "sigmaR_Kpipi": 39.32384704379869,
        "sigma_Ds": 11.969429687937149
    },
    "sigmaL;559": 10.967411646791394,
    "sigmaL;559_err": 0.21633651269457757,
    "sigmaR;559": 18.106611668227984,
    "sigmaR;559_err": 0.22212382173839879
}