{
    "fit_ok": true,
    "frac;1185": 0.3607138538180351,
    "frac;1185_err": 0.018501180103644297,
    "info_fit": "------------------------------------------------------------------\n| FCN = -3.199e+05              |     Ncalls=106 (106 total)     |\n| EDM = 7.56e-06 (Goal: 0.001)  |            up = 0.5            |\n------------------------------------------------------------------\n|  Valid Min.   | Valid Param.  | Above EDM | Reached call limit |\n------------------------------------------------------------------\n|     True      |     True      |   False   |       False        |\n------------------------------------------------------------------\n| Hesse failed  |   Has cov.    | Accurate  | Pos. def. | Forced |\n------------------------------------------------------------------\n|     False     |     True      |   True    |   True    | False  |\n------------------------------------------------------------------",
    "info_params": "name             value    minuit_hesse    at limit\n-----------  ---------  --------------  ----------\nn_sig;1185       52110     +/- 2.7e+02       False\u001b[0m\nn_bkg;1185        4587     +/- 1.7e+02       False\u001b[0m\nfrac;1185       0.3607     +/-   0.019       False\u001b[0m\nmu;1185           5279     +/-   0.078       False\u001b[0m\nsigmaL;1185      10.41     +/-    0.22       False\u001b[0m\nsigmaR;1185      17.72     +/-    0.19       False\u001b[0m\nlambda;1185  -0.001272     +/- 0.00028       False\u001b[0m",
    "lambda;1185": -0.0012724214601557149,
    "lambda;1185_err": 0.0002834178405729466,
    "mu;1185": 5278.841404841011,
    "mu;1185_err": 0.07765048065369044,
    "n_bkg;1185": 4587.222899100921,
    "n_bkg;1185_err": 168.16170001459773,
    "n_sig;1185": 52109.31896125764,
    "n_sig;1185_err": 269.6534062836168,
    "r_params": {
        "alphaL": 2.02992217591786,
        "alphaL_Kpipi": 0.2360200456025408,
        "alphaR": -1.7778067363088699,
        "alphaR_Kpipi": -3.8363769710222644,
        "fraction_Kpipi": 0.8691311263810715,
        "muL_Kpipi": 5213.0913143204,
        "muR_Kpipi": 5187.630837708329,
        "nL": 0.4354740104546931,
        "nL_Kpipi": 4.42225933387755,
        "nR": 5.840596424652496,
        "nR_Kpipi": 0.00018113500226986097,
        "r_bkgK": 0.047488257884279,
        "sigmaL_Kpipi": 18.723043615006286,
        "sigmaR_Kpipi": 39.79312351734929
    },
    "sigmaL;1185": 10.413481867907077,
    "sigmaL;1185_err": 0.2248781567451885,
    "sigmaR;1185": 17.717786934955825,
    "sigmaR;1185_err": 0.1887187934909019
}