{
    "fit_ok": false,
    "frac;824": 0.4260057967422132,
    "frac;824_err": 0.02054264248704875,
    "info_fit": "------------------------------------------------------------------\n| FCN = -3.199e+05              |     Ncalls=101 (101 total)     |\n| EDM = 0.00108 (Goal: 0.001)   |            up = 0.5            |\n------------------------------------------------------------------\n|  Valid Min.   | Valid Param.  | Above EDM | Reached call limit |\n------------------------------------------------------------------\n|     True      |     True      |   False   |       False        |\n------------------------------------------------------------------\n| Hesse failed  |   Has cov.    | Accurate  | Pos. def. | Forced |\n------------------------------------------------------------------\n|     False     |     True      |   True    |   True    | False  |\n------------------------------------------------------------------",
    "info_params": "name           value    minuit_hesse    at limit\n----------  --------  --------------  ----------\nn_sig;824      52300     +/- 2.8e+02       False\u001b[0m\nn_bkg;824       5004     +/- 1.8e+02       False\u001b[0m\nfrac;824       0.426     +/-   0.021       False\u001b[0m\nmu;824          5279     +/-   0.078       False\u001b[0m\nsigmaL;824     10.97     +/-    0.22       False\u001b[0m\nsigmaR;824     18.13     +/-    0.22       False\u001b[0m\nlambda;824  -0.00194     +/- 0.00027       False\u001b[0m",
    "lambda;824": -0.001940206309027137,
    "lambda;824_err": 0.0002697488897274871,
    "mu;824": 5278.88417588407,
    "mu;824_err": 0.07753852603175816,
    "n_bkg;824": 5004.164489230301,
    "n_bkg;824_err": 180.42688745025146,
    "n_sig;824": 52300.66333783592,
    "n_sig;824_err": 278.6390987743934,
    "r_params": {
        "alphaL": 2.02992217591786,
        "alphaL_Kpipi": 0.23984147888569726,
        "alphaR": -1.7778067363088699,
        "alphaR_Kpipi": -3.45169511727099,
        "fraction_Kpipi": 0.8861855867303668,
        "muL_Kpipi": 5214.656416664541,
        "muR_Kpipi": 5183.074248990296,
        "mu_Ds": 5278.690592700571,
        "nL": 0.4354740104546931,
        "nL_Kpipi": 4.413073505098077,
        "nR": 5.840596424652496,
        "nR_Kpipi": 1.3686501931786665e-08,
        "n_sig_Ds": 1400.4506508388297,
        "r_bkgK": 0.035341458516519916,
        "sigmaL_Kpipi": 19.133710600596434,
        "sigmaR_Kpipi": 39.32384704379869,
        "sigma_Ds": 11.965229162169708
    },
    "sigmaL;824": 10.97277900517171,
    "sigmaL;824_err": 0.21696947309018885,
    "sigmaR;824": 18.12611420907983,
    "sigmaR;824_err": 0.22327357812716414
}