{
    "fit_ok": true,
    "frac;1290": 0.42649021265652587,
    "frac;1290_err": 0.020516035013938748,
    "info_fit": "------------------------------------------------------------------\n| FCN = -3.199e+05              |     Ncalls=103 (103 total)     |\n| EDM = 0.000315 (Goal: 0.001)  |            up = 0.5            |\n------------------------------------------------------------------\n|  Valid Min.   | Valid Param.  | Above EDM | Reached call limit |\n------------------------------------------------------------------\n|     True      |     True      |   False   |       False        |\n------------------------------------------------------------------\n| Hesse failed  |   Has cov.    | Accurate  | Pos. def. | Forced |\n------------------------------------------------------------------\n|     False     |     True      |   True    |   True    | False  |\n------------------------------------------------------------------",
    "info_params": "name             value    minuit_hesse    at limit\n-----------  ---------  --------------  ----------\nn_sig;1290       52350     +/- 2.8e+02       False\u001b[0m\nn_bkg;1290        4999     +/- 1.8e+02       False\u001b[0m\nfrac;1290       0.4265     +/-   0.021       False\u001b[0m\nmu;1290           5279     +/-   0.077       False\u001b[0m\nsigmaL;1290      10.94     +/-    0.22       False\u001b[0m\nsigmaR;1290       18.1     +/-    0.22       False\u001b[0m\nlambda;1290  -0.001929     +/- 0.00027       False\u001b[0m",
    "lambda;1290": -0.0019287224693990135,
    "lambda;1290_err": 0.00026976368379634475,
    "mu;1290": 5278.865504705699,
    "mu;1290_err": 0.07735359654842566,
    "n_bkg;1290": 4999.064025105634,
    "n_bkg;1290_err": 180.15374861431764,
    "n_sig;1290": 52348.09444925718,
    "n_sig;1290_err": 278.4848642272693,
    "r_params": {
        "alphaL": 2.02992217591786,
        "alphaL_Kpipi": 0.23984147888569726,
        "alphaR": -1.7778067363088699,
        "alphaR_Kpipi": -3.45169511727099,
        "fraction_Kpipi": 0.8861855867303668,
        "muL_Kpipi": 5214.656416664541,
        "muR_Kpipi": 5183.074248990296,
        "mu_Ds": 5279.3875495597,
        "nL": 0.4354740104546931,
        "nL_Kpipi": 4.413073505098077,
        "nR": 5.840596424652496,
        "nR_Kpipi": 1.3686501931786665e-08,
        "n_sig_Ds": 1355.1397437373387,
        "r_bkgK": 0.035341458516519916,
        "sigmaL_Kpipi": 19.133710600596434,
        "sigmaR_Kpipi": 39.32384704379869,
        "sigma_Ds": 12.865731537691557
    },
    "sigmaL;1290": 10.93531530262051,
    "sigmaL;1290_err": 0.21746181052481425,
    "sigmaR;1290": 18.102336882874486,
    "sigmaR;1290_err": 0.22305559143774475
}