{
    "fit_ok": true,
    "frac;951": 0.4265115735546918,
    "frac;951_err": 0.02053157855310446,
    "info_fit": "------------------------------------------------------------------\n| FCN = -3.199e+05              |     Ncalls=104 (104 total)     |\n| EDM = 0.000342 (Goal: 0.001)  |            up = 0.5            |\n------------------------------------------------------------------\n|  Valid Min.   | Valid Param.  | Above EDM | Reached call limit |\n------------------------------------------------------------------\n|     True      |     True      |   False   |       False        |\n------------------------------------------------------------------\n| Hesse failed  |   Has cov.    | Accurate  | Pos. def. | Forced |\n------------------------------------------------------------------\n|     False     |     True      |   True    |   True    | False  |\n------------------------------------------------------------------",
    "info_params": "name            value    minuit_hesse    at limit\n----------  ---------  --------------  ----------\nn_sig;951       52400     +/- 2.8e+02       False\u001b[0m\nn_bkg;951        4994     +/- 1.8e+02       False\u001b[0m\nfrac;951       0.4265     +/-   0.021       False\u001b[0m\nmu;951           5279     +/-   0.077       False\u001b[0m\nsigmaL;951      10.93     +/-    0.22       False\u001b[0m\nsigmaR;951       18.1     +/-    0.22       False\u001b[0m\nlambda;951  -0.001921     +/- 0.00027       False\u001b[0m",
    "lambda;951": -0.0019208764547224977,
    "lambda;951_err": 0.00027050995812123626,
    "mu;951": 5278.895267221885,
    "mu;951_err": 0.07728296295570275,
    "n_bkg;951": 4994.433512023148,
    "n_bkg;951_err": 180.33377406112882,
    "n_sig;951": 52404.31124144187,
    "n_sig;951_err": 278.6027476913105,
    "r_params": {
        "alphaL": 2.02992217591786,
        "alphaL_Kpipi": 0.23984147888569726,
        "alphaR": -1.7778067363088699,
        "alphaR_Kpipi": -3.45169511727099,
        "fraction_Kpipi": 0.8861855867303668,
        "muL_Kpipi": 5214.656416664541,
        "muR_Kpipi": 5183.074248990296,
        "mu_Ds": 5278.4266504429925,
        "nL": 0.4354740104546931,
        "nL_Kpipi": 4.413073505098077,
        "nR": 5.840596424652496,
        "nR_Kpipi": 1.3686501931786665e-08,
        "n_sig_Ds": 1304.9468502013399,
        "r_bkgK": 0.035341458516519916,
        "sigmaL_Kpipi": 19.133710600596434,
        "sigmaR_Kpipi": 39.32384704379869,
        "sigma_Ds": 12.808947015764574
    },
    "sigmaL;951": 10.93255798142329,
    "sigmaL;951_err": 0.21776620629182503,
    "sigmaR;951": 18.100133978194478,
    "sigmaR;951_err": 0.2229614151463371
}