{
    "fit_ok": true,
    "frac;392": 0.5545307012398706,
    "frac;392_err": 0.023593912058630352,
    "info_fit": "------------------------------------------------------------------\n| FCN = -3.199e+05              |     Ncalls=105 (105 total)     |\n| EDM = 9.04e-06 (Goal: 0.001)  |            up = 0.5            |\n------------------------------------------------------------------\n|  Valid Min.   | Valid Param.  | Above EDM | Reached call limit |\n------------------------------------------------------------------\n|     True      |     True      |   False   |       False        |\n------------------------------------------------------------------\n| Hesse failed  |   Has cov.    | Accurate  | Pos. def. | Forced |\n------------------------------------------------------------------\n|     False     |     True      |   True    |   True    | False  |\n------------------------------------------------------------------",
    "info_params": "name            value    minuit_hesse    at limit\n----------  ---------  --------------  ----------\nn_sig;392       52210     +/- 2.7e+02       False\u001b[0m\nn_bkg;392        5121     +/- 1.7e+02       False\u001b[0m\nfrac;392       0.5545     +/-   0.024       False\u001b[0m\nmu;392           5279     +/-   0.077       False\u001b[0m\nsigmaL;392      11.87     +/-    0.19       False\u001b[0m\nsigmaR;392      19.69     +/-    0.36       False\u001b[0m\nlambda;392  -0.002268     +/- 0.00024       False\u001b[0m",
    "lambda;392": -0.002268129747673084,
    "lambda;392_err": 0.00024070837541656284,
    "mu;392": 5278.758973752169,
    "mu;392_err": 0.07653221693596186,
    "n_bkg;392": 5120.857645265244,
    "n_bkg;392_err": 169.64185877691358,
    "n_sig;392": 52208.61876208253,
    "n_sig;392_err": 272.00237833362524,
    "r_params": {
        "alphaL": 2.2567592490053943,
        "alphaL_Kpipi": 0.23984147888569726,
        "alphaR": -1.6571057247434906,
        "alphaR_Kpipi": -3.45169511727099,
        "fraction_Kpipi": 0.8861855867303668,
        "muL_Kpipi": 5214.656416664541,
        "muR_Kpipi": 5183.074248990296,
        "nL": 0.3874638004918634,
        "nL_Kpipi": 4.413073505098077,
        "nR": 6.04508942716865,
        "nR_Kpipi": 1.3686501931786665e-08,
        "r_bkgK": 0.035341458516519916,
        "sigmaL_Kpipi": 19.133710600596434,
        "sigmaR_Kpipi": 39.32384704379869
    },
    "sigmaL;392": 11.866598140270018,
    "sigmaL;392_err": 0.18764686413807455,
    "sigmaR;392": 19.69451013991189,
    "sigmaR;392_err": 0.3644197030925689
}