{
    "fit_ok": true,
    "frac;290": 0.4435433442176717,
    "frac;290_err": 0.016421414947434803,
    "info_fit": "------------------------------------------------------------------\n| FCN = -3.199e+05              |     Ncalls=105 (105 total)     |\n| EDM = 0.000166 (Goal: 0.001)  |            up = 0.5            |\n------------------------------------------------------------------\n|  Valid Min.   | Valid Param.  | Above EDM | Reached call limit |\n------------------------------------------------------------------\n|     True      |     True      |   False   |       False        |\n------------------------------------------------------------------\n| Hesse failed  |   Has cov.    | Accurate  | Pos. def. | Forced |\n------------------------------------------------------------------\n|     False     |     True      |   True    |   True    | False  |\n------------------------------------------------------------------",
    "info_params": "name             value    minuit_hesse    at limit\n----------  ----------  --------------  ----------\nn_sig;290        53520     +/- 2.7e+02       False\u001b[0m\nn_bkg;290         3763     +/- 1.6e+02       False\u001b[0m\nfrac;290        0.4435     +/-   0.016       False\u001b[0m\nmu;290            5279     +/-   0.077       False\u001b[0m\nsigmaL;290       11.01     +/-    0.19       False\u001b[0m\nsigmaR;290       18.64     +/-    0.21       False\u001b[0m\nlambda;290  -0.0006591     +/- 0.00034       False\u001b[0m",
    "lambda;290": -0.0006590794090977209,
    "lambda;290_err": 0.00034163236758138127,
    "mu;290": 5278.845668504946,
    "mu;290_err": 0.07685351478531574,
    "n_bkg;290": 3763.166474572025,
    "n_bkg;290_err": 159.43645804364587,
    "n_sig;290": 53518.395145533825,
    "n_sig;290_err": 270.83400916082735,
    "r_params": {
        "alphaL": 2.172572678024515,
        "alphaL_Kpipi": 0.23984147888569726,
        "alphaR": -1.9347687178671025,
        "alphaR_Kpipi": -3.45169511727099,
        "fraction_Kpipi": 0.8861855867303668,
        "muL_Kpipi": 5214.656416664541,
        "muR_Kpipi": 5183.074248990296,
        "nL": 0.24942019386306372,
        "nL_Kpipi": 4.413073505098077,
        "nR": 2.249679648707198,
        "nR_Kpipi": 1.3686501931786665e-08,
        "r_bkgK": 0.035341458516519916,
        "sigmaL_Kpipi": 19.133710600596434,
        "sigmaR_Kpipi": 39.32384704379869
    },
    "sigmaL;290": 11.005014948045002,
    "sigmaL;290_err": 0.19461481213608015,
    "sigmaR;290": 18.639214907010746,
    "sigmaR;290_err": 0.21263692061497638
}