{
    "fit_ok": true,
    "frac;319": 0.3453705661665897,
    "frac;319_err": 0.01386023767482607,
    "info_fit": "------------------------------------------------------------------\n| FCN = -3.199e+05              |     Ncalls=157 (157 total)     |\n| EDM = 0.000125 (Goal: 0.001)  |            up = 0.5            |\n------------------------------------------------------------------\n|  Valid Min.   | Valid Param.  | Above EDM | Reached call limit |\n------------------------------------------------------------------\n|     True      |     True      |   False   |       False        |\n------------------------------------------------------------------\n| Hesse failed  |   Has cov.    | Accurate  | Pos. def. | Forced |\n------------------------------------------------------------------\n|     False     |     True      |   True    |   True    | False  |\n------------------------------------------------------------------",
    "info_params": "name             value    minuit_hesse    at limit\n----------  ----------  --------------  ----------\nn_sig;319        53060     +/- 2.7e+02       False\u001b[0m\nn_bkg;319         4241     +/- 1.7e+02       False\u001b[0m\nfrac;319        0.3454     +/-   0.014       False\u001b[0m\nmu;319            5279     +/-   0.079       False\u001b[0m\nsigmaL;319       10.32     +/-    0.24       False\u001b[0m\nsigmaR;319       17.22     +/-    0.15       False\u001b[0m\nlambda;319  -0.0008777     +/- 0.00031       False\u001b[0m",
    "lambda;319": -0.0008777304737832697,
    "lambda;319_err": 0.0003147076585670873,
    "mu;319": 5278.911471269878,
    "mu;319_err": 0.07852745247507377,
    "n_bkg;319": 4240.852230624489,
    "n_bkg;319_err": 168.48920914262123,
    "n_sig;319": 53055.586550787564,
    "n_sig;319_err": 273.8664432652861,
    "r_params": {
        "alphaL": 1.9112364773181483,
        "alphaL_Kpipi": 0.23984147888569726,
        "alphaR": -1.777743561763721,
        "alphaR_Kpipi": -3.45169511727099,
        "fraction_Kpipi": 0.8861855867303668,
        "muL_Kpipi": 5214.656416664541,
        "muR_Kpipi": 5183.074248990296,
        "nL": 0.3518416261414225,
        "nL_Kpipi": 4.413073505098077,
        "nR": 4.24822540827269,
        "nR_Kpipi": 1.3686501931786665e-08,
        "r_bkgK": 0.035341458516519916,
        "sigmaL_Kpipi": 19.133710600596434,
        "sigmaR_Kpipi": 39.32384704379869
    },
    "sigmaL;319": 10.321711174011782,
    "sigmaL;319_err": 0.2367960910199811,
    "sigmaR;319": 17.22213698792978,
    "sigmaR;319_err": 0.14702422160664838
}