{
    "fit_ok": true,
    "frac;1470": 0.39808541306459355,
    "frac;1470_err": 0.0206359252111568,
    "info_fit": "------------------------------------------------------------------\n| FCN = -3.199e+05              |     Ncalls=106 (106 total)     |\n| EDM = 2.38e-05 (Goal: 0.001)  |            up = 0.5            |\n------------------------------------------------------------------\n|  Valid Min.   | Valid Param.  | Above EDM | Reached call limit |\n------------------------------------------------------------------\n|     True      |     True      |   False   |       False        |\n------------------------------------------------------------------\n| Hesse failed  |   Has cov.    | Accurate  | Pos. def. | Forced |\n------------------------------------------------------------------\n|     False     |     True      |   True    |   True    | False  |\n------------------------------------------------------------------",
    "info_params": "name             value    minuit_hesse    at limit\n-----------  ---------  --------------  ----------\nn_sig;1470       52170     +/- 2.8e+02       False\u001b[0m\nn_bkg;1470        4943     +/- 1.8e+02       False\u001b[0m\nfrac;1470       0.3981     +/-   0.021       False\u001b[0m\nmu;1470           5279     +/-   0.078       False\u001b[0m\nsigmaL;1470      10.74     +/-    0.23       False\u001b[0m\nsigmaR;1470      17.88     +/-    0.21       False\u001b[0m\nlambda;1470  -0.001848     +/- 0.00027       False\u001b[0m",
    "lambda;1470": -0.0018484236116186326,
    "lambda;1470_err": 0.0002739153195358341,
    "mu;1470": 5278.8659504932575,
    "mu;1470_err": 0.07761997576534267,
    "n_bkg;1470": 4943.34497795598,
    "n_bkg;1470_err": 179.85994969455766,
    "n_sig;1470": 52165.00480138651,
    "n_sig;1470_err": 277.3698649642999,
    "r_params": {
        "alphaL": 2.02992217591786,
        "alphaL_Kpipi": 0.2772932603250403,
        "alphaR": -1.7778067363088699,
        "alphaR_Kpipi": -3.463038831532959,
        "fraction_Kpipi": 0.8915335275124494,
        "muL_Kpipi": 5213.827764547949,
        "muR_Kpipi": 5187.852530810696,
        "nL": 0.4354740104546931,
        "nL_Kpipi": 4.426358165306613,
        "nR": 5.840596424652496,
        "nR_Kpipi": 5.987485439950321e-05,
        "r_bkgK": 0.03956584611874725,
        "sigmaL_Kpipi": 19.823716686285138,
        "sigmaR_Kpipi": 38.531197969495736
    },
    "sigmaL;1470": 10.738523594820846,
    "sigmaL;1470_err": 0.2326043056795895,
    "sigmaR;1470": 17.88305774927787,
    "sigmaR;1470_err": 0.21124622113694785
}