{
    "fit_ok": false,
    "frac;654": 0.520820126635835,
    "frac;654_err": 0.01373493490047776,
    "info_fit": "------------------------------------------------------------------\n| FCN = -3.199e+05              |      Ncalls=90 (90 total)      |\n| EDM = 0.00105 (Goal: 0.001)   |            up = 0.5            |\n------------------------------------------------------------------\n|  Valid Min.   | Valid Param.  | Above EDM | Reached call limit |\n------------------------------------------------------------------\n|     True      |     True      |   False   |       False        |\n------------------------------------------------------------------\n| Hesse failed  |   Has cov.    | Accurate  | Pos. def. | Forced |\n------------------------------------------------------------------\n|     False     |     True      |   True    |   True    | False  |\n------------------------------------------------------------------",
    "info_params": "name             value    minuit_hesse    at limit\n----------  ----------  --------------  ----------\nn_sig;654        53590     +/- 2.4e+02       False\u001b[0m\nn_bkg;654         3691     +/-      98       False\u001b[0m\nfrac;654        0.5208     +/-   0.014       False\u001b[0m\nmu;654            5279     +/-   0.078       False\u001b[0m\nsigmaL;654       11.88     +/-    0.17       False\u001b[0m\nsigmaR;654       18.52     +/-     0.2       False\u001b[0m\nlambda;654  -3.607e-05     +/- 0.00019       False\u001b[0m",
    "lambda;654": -3.607427553575793e-05,
    "lambda;654_err": 0.00019417082431826986,
    "mu;654": 5278.788472643688,
    "mu;654_err": 0.07752759677166815,
    "n_bkg;654": 3691.4295258886486,
    "n_bkg;654_err": 98.11623869031472,
    "n_sig;654": 53588.73602039176,
    "n_sig;654_err": 241.92183207578063,
    "r_params": {
        "alphaL": 2.0694348757230197,
        "alphaL_Kpipi": 0.23984147888569726,
        "alphaR": -1.511704799590837,
        "alphaR_Kpipi": -3.45169511727099,
        "fraction_Kpipi": 0.8861855867303668,
        "muL_Kpipi": 5214.656416664541,
        "muR_Kpipi": 5183.074248990296,
        "nL": 0.3550109438717485,
        "nL_Kpipi": 4.413073505098077,
        "nR": 4.917988268343492,
        "nR_Kpipi": 1.3686501931786665e-08,
        "r_bkgK": 0.035341458516519916,
        "sigmaL_Kpipi": 19.133710600596434,
        "sigmaR_Kpipi": 39.32384704379869
    },
    "sigmaL;654": 11.878921534110878,
    "sigmaL;654_err": 0.16682020590708418,
    "sigmaR;654": 18.519071268285003,
    "sigmaR;654_err": 0.20088394004050455
}