{
    "fit_ok": true,
    "frac;1287": 0.42532969824918015,
    "frac;1287_err": 0.02049750386082885,
    "info_fit": "------------------------------------------------------------------\n| FCN = -3.199e+05              |     Ncalls=100 (100 total)     |\n| EDM = 0.000277 (Goal: 0.001)  |            up = 0.5            |\n------------------------------------------------------------------\n|  Valid Min.   | Valid Param.  | Above EDM | Reached call limit |\n------------------------------------------------------------------\n|     True      |     True      |   False   |       False        |\n------------------------------------------------------------------\n| Hesse failed  |   Has cov.    | Accurate  | Pos. def. | Forced |\n------------------------------------------------------------------\n|     False     |     True      |   True    |   True    | False  |\n------------------------------------------------------------------",
    "info_params": "name             value    minuit_hesse    at limit\n-----------  ---------  --------------  ----------\nn_sig;1287       52350     +/- 2.8e+02       False\u001b[0m\nn_bkg;1287        5003     +/- 1.8e+02       False\u001b[0m\nfrac;1287       0.4253     +/-    0.02       False\u001b[0m\nmu;1287           5279     +/-   0.077       False\u001b[0m\nsigmaL;1287      10.97     +/-    0.22       False\u001b[0m\nsigmaR;1287      18.12     +/-    0.22       False\u001b[0m\nlambda;1287  -0.001934     +/- 0.00027       False\u001b[0m",
    "lambda;1287": -0.0019343148953298028,
    "lambda;1287_err": 0.00027008370111703434,
    "mu;1287": 5278.8493501948915,
    "mu;1287_err": 0.07740820397076276,
    "n_bkg;1287": 5002.9109647317355,
    "n_bkg;1287_err": 180.48109792652087,
    "n_sig;1287": 52348.05641711362,
    "n_sig;1287_err": 278.70075166337364,
    "r_params": {
        "alphaL": 2.02992217591786,
        "alphaL_Kpipi": 0.23984147888569726,
        "alphaR": -1.7778067363088699,
        "alphaR_Kpipi": -3.45169511727099,
        "fraction_Kpipi": 0.8861855867303668,
        "muL_Kpipi": 5214.656416664541,
        "muR_Kpipi": 5183.074248990296,
        "mu_Ds": 5279.753021093058,
        "nL": 0.4354740104546931,
        "nL_Kpipi": 4.413073505098077,
        "nR": 5.840596424652496,
        "nR_Kpipi": 1.3686501931786665e-08,
        "n_sig_Ds": 1352.793995367159,
        "r_bkgK": 0.035341458516519916,
        "sigmaL_Kpipi": 19.133710600596434,
        "sigmaR_Kpipi": 39.32384704379869,
        "sigma_Ds": 11.989322055077189
    },
    "sigmaL;1287": 10.967764612562851,
    "sigmaL;1287_err": 0.2162598072843572,
    "sigmaR;1287": 18.11512678083435,
    "sigmaR;1287_err": 0.22277684697488537
}