{
    "fit_ok": true,
    "frac;1519": 0.46025341305924866,
    "frac;1519_err": 0.02123252662853218,
    "info_fit": "------------------------------------------------------------------\n| FCN = -3.199e+05              |     Ncalls=101 (101 total)     |\n| EDM = 1.71e-05 (Goal: 0.001)  |            up = 0.5            |\n------------------------------------------------------------------\n|  Valid Min.   | Valid Param.  | Above EDM | Reached call limit |\n------------------------------------------------------------------\n|     True      |     True      |   False   |       False        |\n------------------------------------------------------------------\n| Hesse failed  |   Has cov.    | Accurate  | Pos. def. | Forced |\n------------------------------------------------------------------\n|     False     |     True      |   True    |   True    | False  |\n------------------------------------------------------------------",
    "info_params": "name            value    minuit_hesse    at limit\n-----------  --------  --------------  ----------\nn_sig;1519      52400     +/- 2.8e+02       False\u001b[0m\nn_bkg;1519       5299     +/- 1.8e+02       False\u001b[0m\nfrac;1519      0.4603     +/-   0.021       False\u001b[0m\nmu;1519          5279     +/-   0.077       False\u001b[0m\nsigmaL;1519     11.21     +/-    0.21       False\u001b[0m\nsigmaR;1519     18.32     +/-    0.24       False\u001b[0m\nlambda;1519  -0.00235     +/- 0.00026       False\u001b[0m",
    "lambda;1519": -0.0023503997735784266,
    "lambda;1519_err": 0.00025607045927602103,
    "mu;1519": 5278.873779356077,
    "mu;1519_err": 0.07729278166099139,
    "n_bkg;1519": 5299.000421663416,
    "n_bkg;1519_err": 184.8755482185254,
    "n_sig;1519": 52395.35506380891,
    "n_sig;1519_err": 282.3249022153937,
    "r_params": {
        "alphaL": 2.02992217591786,
        "alphaL_Kpipi": 0.26031754111346234,
        "alphaR": -1.7778067363088699,
        "alphaR_Kpipi": -3.7297276986971544,
        "fraction_Kpipi": 0.8938974782626222,
        "muL_Kpipi": 5216.380584615254,
        "muR_Kpipi": 5180.648980410746,
        "nL": 0.4354740104546931,
        "nL_Kpipi": 4.104591827601661,
        "nR": 5.840596424652496,
        "nR_Kpipi": 0.00032342166590668456,
        "r_bkgK": 0.0282339024519092,
        "sigmaL_Kpipi": 18.679296921677413,
        "sigmaR_Kpipi": 37.68070593801094
    },
    "sigmaL;1519": 11.210507902301085,
    "sigmaL;1519_err": 0.2060250986168892,
    "sigmaR;1519": 18.3176432230129,
    "sigmaR;1519_err": 0.24368590171492457
}