{
    "fit_ok": true,
    "frac;80": 0.2757432571749961,
    "frac;80_err": 0.014499636115559685,
    "info_fit": "------------------------------------------------------------------\n| FCN = -3.199e+05              |     Ncalls=105 (105 total)     |\n| EDM = 4.64e-05 (Goal: 0.001)  |            up = 0.5            |\n------------------------------------------------------------------\n|  Valid Min.   | Valid Param.  | Above EDM | Reached call limit |\n------------------------------------------------------------------\n|     True      |     True      |   False   |       False        |\n------------------------------------------------------------------\n| Hesse failed  |   Has cov.    | Accurate  | Pos. def. | Forced |\n------------------------------------------------------------------\n|     False     |     True      |   True    |   True    | False  |\n------------------------------------------------------------------",
    "info_params": "name           value    minuit_hesse    at limit\n---------  ---------  --------------  ----------\nn_sig;80       52280     +/- 2.8e+02       False\u001b[0m\nn_bkg;80        5048     +/- 1.8e+02       False\u001b[0m\nfrac;80       0.2757     +/-   0.014       False\u001b[0m\nmu;80           5279     +/-   0.078       False\u001b[0m\nsigmaL;80      9.415     +/-    0.27       False\u001b[0m\nsigmaR;80      17.02     +/-    0.14       False\u001b[0m\nlambda;80  -0.001716     +/- 0.00027       False\u001b[0m",
    "lambda;80": -0.0017160648982294385,
    "lambda;80_err": 0.00027476280658851317,
    "mu;80": 5278.921654755229,
    "mu;80_err": 0.07822457379327105,
    "n_bkg;80": 5047.717009163805,
    "n_bkg;80_err": 182.85903194447624,
    "n_sig;80": 52275.270261930586,
    "n_sig;80_err": 279.83616457929696,
    "r_params": {
        "alphaL": 1.9995733516437644,
        "alphaL_Kpipi": 0.23984147888569726,
        "alphaR": -1.9509717804176838,
        "alphaR_Kpipi": -3.45169511727099,
        "fraction_Kpipi": 0.8861855867303668,
        "muL_Kpipi": 5214.656416664541,
        "muR_Kpipi": 5183.074248990296,
        "nL": 0.25364412400481684,
        "nL_Kpipi": 4.413073505098077,
        "nR": 6.666755688889048,
        "nR_Kpipi": 1.3686501931786665e-08,
        "r_bkgK": 0.035341458516519916,
        "sigmaL_Kpipi": 19.133710600596434,
        "sigmaR_Kpipi": 39.32384704379869
    },
    "sigmaL;80": 9.415171977346617,
    "sigmaL;80_err": 0.2714698301283141,
    "sigmaR;80": 17.0234852565353,
    "sigmaR;80_err": 0.13728830250641838
}