{
    "fit_ok": true,
    "frac;797": 0.42576540130378127,
    "frac;797_err": 0.020496423999649332,
    "info_fit": "------------------------------------------------------------------\n| FCN = -3.199e+05              |     Ncalls=104 (104 total)     |\n| EDM = 0.000392 (Goal: 0.001)  |            up = 0.5            |\n------------------------------------------------------------------\n|  Valid Min.   | Valid Param.  | Above EDM | Reached call limit |\n------------------------------------------------------------------\n|     True      |     True      |   False   |       False        |\n------------------------------------------------------------------\n| Hesse failed  |   Has cov.    | Accurate  | Pos. def. | Forced |\n------------------------------------------------------------------\n|     False     |     True      |   True    |   True    | False  |\n------------------------------------------------------------------",
    "info_params": "name            value    minuit_hesse    at limit\n----------  ---------  --------------  ----------\nn_sig;797       52380     +/- 2.8e+02       False\u001b[0m\nn_bkg;797        4999     +/- 1.8e+02       False\u001b[0m\nfrac;797       0.4258     +/-    0.02       False\u001b[0m\nmu;797           5279     +/-   0.077       False\u001b[0m\nsigmaL;797      10.94     +/-    0.22       False\u001b[0m\nsigmaR;797       18.1     +/-    0.22       False\u001b[0m\nlambda;797  -0.001927     +/- 0.00027       False\u001b[0m",
    "lambda;797": -0.0019270103303485886,
    "lambda;797_err": 0.00027015087723031105,
    "mu;797": 5278.8524216956175,
    "mu;797_err": 0.07730995101826205,
    "n_bkg;797": 4999.333770660305,
    "n_bkg;797_err": 180.32505273567278,
    "n_sig;797": 52383.48154469044,
    "n_sig;797_err": 278.60386572037413,
    "r_params": {
        "alphaL": 2.02992217591786,
        "alphaL_Kpipi": 0.23984147888569726,
        "alphaR": -1.7778067363088699,
        "alphaR_Kpipi": -3.45169511727099,
        "fraction_Kpipi": 0.8861855867303668,
        "muL_Kpipi": 5214.656416664541,
        "muR_Kpipi": 5183.074248990296,
        "mu_Ds": 5279.767683157068,
        "nL": 0.4354740104546931,
        "nL_Kpipi": 4.413073505098077,
        "nR": 5.840596424652496,
        "nR_Kpipi": 1.3686501931786665e-08,
        "n_sig_Ds": 1320.3596014334153,
        "r_bkgK": 0.035341458516519916,
        "sigmaL_Kpipi": 19.133710600596434,
        "sigmaR_Kpipi": 39.32384704379869,
        "sigma_Ds": 12.529441894827904
    },
    "sigmaL;797": 10.9447155789744,
    "sigmaL;797_err": 0.21692747773029683,
    "sigmaR;797": 18.10132777828575,
    "sigmaR;797_err": 0.22263760843165764
}