{
    "fit_ok": true,
    "frac;1377": 0.7111973055015425,
    "frac;1377_err": 0.0145989382832631,
    "info_fit": "------------------------------------------------------------------\n| FCN = -3.199e+05              |     Ncalls=104 (104 total)     |\n| EDM = 8.57e-05 (Goal: 0.001)  |            up = 0.5            |\n------------------------------------------------------------------\n|  Valid Min.   | Valid Param.  | Above EDM | Reached call limit |\n------------------------------------------------------------------\n|     True      |     True      |   False   |       False        |\n------------------------------------------------------------------\n| Hesse failed  |   Has cov.    | Accurate  | Pos. def. | Forced |\n------------------------------------------------------------------\n|     False     |     True      |   True    |   True    | False  |\n------------------------------------------------------------------",
    "info_params": "name             value    minuit_hesse    at limit\n-----------  ---------  --------------  ----------\nn_sig;1377       53540     +/- 2.7e+02       False\u001b[0m\nn_bkg;1377        3738     +/- 1.6e+02       False\u001b[0m\nfrac;1377       0.7112     +/-   0.015       False\u001b[0m\nmu;1377           5279     +/-   0.077       False\u001b[0m\nsigmaL;1377      13.03     +/-    0.13       False\u001b[0m\nsigmaR;1377      22.04     +/-     0.5       False\u001b[0m\nlambda;1377  -0.001581     +/- 0.00031       False\u001b[0m",
    "lambda;1377": -0.0015806322025375685,
    "lambda;1377_err": 0.0003065247240601542,
    "mu;1377": 5278.790011713189,
    "mu;1377_err": 0.07658081400651391,
    "n_bkg;1377": 3738.0626302821597,
    "n_bkg;1377_err": 155.06553148430947,
    "n_sig;1377": 53544.93962806063,
    "n_sig;1377_err": 268.84474998222305,
    "r_params": {
        "alphaL": 2.189850733485572,
        "alphaL_Kpipi": 0.23984147888569726,
        "alphaR": -1.5913842511247671,
        "alphaR_Kpipi": -3.45169511727099,
        "fraction_Kpipi": 0.8861855867303668,
        "muL_Kpipi": 5214.656416664541,
        "muR_Kpipi": 5183.074248990296,
        "nL": 0.4655309759537441,
        "nL_Kpipi": 4.413073505098077,
        "nR": 2.0074523211357773,
        "nR_Kpipi": 1.3686501931786665e-08,
        "r_bkgK": 0.035341458516519916,
        "sigmaL_Kpipi": 19.133710600596434,
        "sigmaR_Kpipi": 39.32384704379869
    },
    "sigmaL;1377": 13.031950830368473,
    "sigmaL;1377_err": 0.13026477130164849,
    "sigmaR;1377": 22.042156932031602,
    "sigmaR;1377_err": 0.49608442535291236
}