{
    "fit_ok": true,
    "frac;348": 0.48512192144794325,
    "frac;348_err": 0.02329600323795093,
    "info_fit": "------------------------------------------------------------------\n| FCN = -3.199e+05              |     Ncalls=105 (105 total)     |\n| EDM = 3.04e-06 (Goal: 0.001)  |            up = 0.5            |\n------------------------------------------------------------------\n|  Valid Min.   | Valid Param.  | Above EDM | Reached call limit |\n------------------------------------------------------------------\n|     True      |     True      |   False   |       False        |\n------------------------------------------------------------------\n| Hesse failed  |   Has cov.    | Accurate  | Pos. def. | Forced |\n------------------------------------------------------------------\n|     False     |     True      |   True    |   True    | False  |\n------------------------------------------------------------------",
    "info_params": "name            value    minuit_hesse    at limit\n----------  ---------  --------------  ----------\nn_sig;348       51930     +/- 2.7e+02       False\u001b[0m\nn_bkg;348        5408     +/- 1.7e+02       False\u001b[0m\nfrac;348       0.4851     +/-   0.023       False\u001b[0m\nmu;348           5279     +/-   0.077       False\u001b[0m\nsigmaL;348      11.42     +/-     0.2       False\u001b[0m\nsigmaR;348       18.6     +/-    0.28       False\u001b[0m\nlambda;348  -0.002484     +/- 0.00023       False\u001b[0m",
    "lambda;348": -0.002483886221388204,
    "lambda;348_err": 0.00023431129354144456,
    "mu;348": 5278.845264625765,
    "mu;348_err": 0.07724039976308494,
    "n_bkg;348": 5408.446103485212,
    "n_bkg;348_err": 174.40477026814983,
    "n_sig;348": 51930.07213641359,
    "n_sig;348_err": 273.7239034092149,
    "r_params": {
        "alphaL": 2.0349109869788085,
        "alphaL_Kpipi": 0.23984147888569726,
        "alphaR": -1.7035092824707523,
        "alphaR_Kpipi": -3.45169511727099,
        "fraction_Kpipi": 0.8861855867303668,
        "muL_Kpipi": 5214.656416664541,
        "muR_Kpipi": 5183.074248990296,
        "nL": 0.5661277918336397,
        "nL_Kpipi": 4.413073505098077,
        "nR": 7.561178207653304,
        "nR_Kpipi": 1.3686501931786665e-08,
        "r_bkgK": 0.035341458516519916,
        "sigmaL_Kpipi": 19.133710600596434,
        "sigmaR_Kpipi": 39.32384704379869
    },
    "sigmaL;348": 11.420919145358873,
    "sigmaL;348_err": 0.2020442219476198,
    "sigmaR;348": 18.59917171034416,
    "sigmaR;348_err": 0.2776597909324851
}