{
    "fit_ok": true,
    "frac;931": 0.40367815949533753,
    "frac;931_err": 0.02061773959898418,
    "info_fit": "------------------------------------------------------------------\n| FCN = -3.199e+05              |     Ncalls=105 (105 total)     |\n| EDM = 0.000116 (Goal: 0.001)  |            up = 0.5            |\n------------------------------------------------------------------\n|  Valid Min.   | Valid Param.  | Above EDM | Reached call limit |\n------------------------------------------------------------------\n|     True      |     True      |   False   |       False        |\n------------------------------------------------------------------\n| Hesse failed  |   Has cov.    | Accurate  | Pos. def. | Forced |\n------------------------------------------------------------------\n|     False     |     True      |   True    |   True    | False  |\n------------------------------------------------------------------",
    "info_params": "name            value    minuit_hesse    at limit\n----------  ---------  --------------  ----------\nn_sig;931       52210     +/- 2.8e+02       False\u001b[0m\nn_bkg;931        5115     +/- 1.8e+02       False\u001b[0m\nfrac;931       0.4037     +/-   0.021       False\u001b[0m\nmu;931           5279     +/-   0.077       False\u001b[0m\nsigmaL;931      10.71     +/-    0.23       False\u001b[0m\nsigmaR;931      18.02     +/-    0.21       False\u001b[0m\nlambda;931  -0.002049     +/- 0.00027       False\u001b[0m",
    "lambda;931": -0.0020486486560574724,
    "lambda;931_err": 0.0002658464410200894,
    "mu;931": 5278.882055461722,
    "mu;931_err": 0.0773886359752678,
    "n_bkg;931": 5115.16680865636,
    "n_bkg;931_err": 182.60236010130293,
    "n_sig;931": 52213.65509458759,
    "n_sig;931_err": 279.5968907152355,
    "r_params": {
        "alphaL": 2.031042332337064,
        "alphaL_Kpipi": 0.23984147888569726,
        "alphaR": -1.8596226868422665,
        "alphaR_Kpipi": -3.45169511727099,
        "fraction_Kpipi": 0.8861855867303668,
        "muL_Kpipi": 5214.656416664541,
        "muR_Kpipi": 5183.074248990296,
        "nL": 0.42251002386240644,
        "nL_Kpipi": 4.413073505098077,
        "nR": 5.419615585620797,
        "nR_Kpipi": 1.3686501931786665e-08,
        "r_bkgK": 0.035341458516519916,
        "sigmaL_Kpipi": 19.133710600596434,
        "sigmaR_Kpipi": 39.32384704379869
    },
    "sigmaL;931": 10.708412541779385,
    "sigmaL;931_err": 0.22894387963636473,
    "sigmaR;931": 18.020611038242734,
    "sigmaR;931_err": 0.21421261471600633
}