{
    "fit_ok": true,
    "frac;1315": 0.46818733344961005,
    "frac;1315_err": 0.015633990974737114,
    "info_fit": "------------------------------------------------------------------\n| FCN = -3.199e+05              |     Ncalls=103 (103 total)     |\n| EDM = 0.000188 (Goal: 0.001)  |            up = 0.5            |\n------------------------------------------------------------------\n|  Valid Min.   | Valid Param.  | Above EDM | Reached call limit |\n------------------------------------------------------------------\n|     True      |     True      |   False   |       False        |\n------------------------------------------------------------------\n| Hesse failed  |   Has cov.    | Accurate  | Pos. def. | Forced |\n------------------------------------------------------------------\n|     False     |     True      |   True    |   True    | False  |\n------------------------------------------------------------------",
    "info_params": "name              value    minuit_hesse    at limit\n-----------  ----------  --------------  ----------\nn_sig;1315        53350     +/- 2.7e+02       False\u001b[0m\nn_bkg;1315         3941     +/- 1.6e+02       False\u001b[0m\nfrac;1315        0.4682     +/-   0.016       False\u001b[0m\nmu;1315            5279     +/-   0.078       False\u001b[0m\nsigmaL;1315       11.43     +/-    0.18       False\u001b[0m\nsigmaR;1315       18.19     +/-    0.21       False\u001b[0m\nlambda;1315  -0.0005701     +/- 0.00032       False\u001b[0m",
    "lambda;1315": -0.0005701032948542961,
    "lambda;1315_err": 0.0003202812490393882,
    "mu;1315": 5278.848257307824,
    "mu;1315_err": 0.07765059305759107,
    "n_bkg;1315": 3940.749685169542,
    "n_bkg;1315_err": 157.7639259961014,
    "n_sig;1315": 53347.61039320883,
    "n_sig;1315_err": 269.27404624497234,
    "r_params": {
        "alphaL": 2.011984568071018,
        "alphaL_Kpipi": 0.23984147888569726,
        "alphaR": -1.660817096534622,
        "alphaR_Kpipi": -3.45169511727099,
        "fraction_Kpipi": 0.8861855867303668,
        "muL_Kpipi": 5214.656416664541,
        "muR_Kpipi": 5183.074248990296,
        "nL": 0.3886074938938925,
        "nL_Kpipi": 4.413073505098077,
        "nR": 3.9862833514163487,
        "nR_Kpipi": 1.3686501931786665e-08,
        "r_bkgK": 0.035341458516519916,
        "sigmaL_Kpipi": 19.133710600596434,
        "sigmaR_Kpipi": 39.32384704379869
    },
    "sigmaL;1315": 11.427805514929418,
    "sigmaL;1315_err": 0.18265538045688484,
    "sigmaR;1315": 18.186381212530446,
    "sigmaR;1315_err": 0.20891246202824654
}