{
    "fit_ok": true,
    "frac;476": 0.4264571115637458,
    "frac;476_err": 0.020574061076396713,
    "info_fit": "------------------------------------------------------------------\n| FCN = -3.199e+05              |     Ncalls=103 (103 total)     |\n| EDM = 0.000118 (Goal: 0.001)  |            up = 0.5            |\n------------------------------------------------------------------\n|  Valid Min.   | Valid Param.  | Above EDM | Reached call limit |\n------------------------------------------------------------------\n|     True      |     True      |   False   |       False        |\n------------------------------------------------------------------\n| Hesse failed  |   Has cov.    | Accurate  | Pos. def. | Forced |\n------------------------------------------------------------------\n|     False     |     True      |   True    |   True    | False  |\n------------------------------------------------------------------",
    "info_params": "name            value    minuit_hesse    at limit\n----------  ---------  --------------  ----------\nn_sig;476       52180     +/- 2.8e+02       False\u001b[0m\nn_bkg;476        5012     +/- 1.8e+02       False\u001b[0m\nfrac;476       0.4265     +/-   0.021       False\u001b[0m\nmu;476           5279     +/-   0.078       False\u001b[0m\nsigmaL;476      10.98     +/-    0.22       False\u001b[0m\nsigmaR;476      18.14     +/-    0.22       False\u001b[0m\nlambda;476  -0.001949     +/- 0.00027       False\u001b[0m",
    "lambda;476": -0.0019486985673553558,
    "lambda;476_err": 0.0002695770397178962,
    "mu;476": 5278.861493845322,
    "mu;476_err": 0.07771760041206047,
    "n_bkg;476": 5011.957118594769,
    "n_bkg;476_err": 180.65178241944102,
    "n_sig;476": 52182.579275781405,
    "n_sig;476_err": 278.79327240265275,
    "r_params": {
        "alphaL": 2.02992217591786,
        "alphaL_Kpipi": 0.23984147888569726,
        "alphaR": -1.7778067363088699,
        "alphaR_Kpipi": -3.45169511727099,
        "fraction_Kpipi": 0.8861855867303668,
        "muL_Kpipi": 5214.656416664541,
        "muR_Kpipi": 5183.074248990296,
        "mu_Ds": 5279.3148289002875,
        "nL": 0.4354740104546931,
        "nL_Kpipi": 4.413073505098077,
        "nR": 5.840596424652496,
        "nR_Kpipi": 1.3686501931786665e-08,
        "n_sig_Ds": 1515.6188196147104,
        "r_bkgK": 0.035341458516519916,
        "sigmaL_Kpipi": 19.133710600596434,
        "sigmaR_Kpipi": 39.32384704379869,
        "sigma_Ds": 12.057415341559203
    },
    "sigmaL;476": 10.976145353749217,
    "sigmaL;476_err": 0.21677051668689473,
    "sigmaR;476": 18.14203035290651,
    "sigmaR;476_err": 0.22443117825545952
}