{
    "fit_ok": true,
    "frac;679": 0.4271886183981125,
    "frac;679_err": 0.02058910851515547,
    "info_fit": "------------------------------------------------------------------\n| FCN = -3.199e+05              |     Ncalls=104 (104 total)     |\n| EDM = 0.00017 (Goal: 0.001)   |            up = 0.5            |\n------------------------------------------------------------------\n|  Valid Min.   | Valid Param.  | Above EDM | Reached call limit |\n------------------------------------------------------------------\n|     True      |     True      |   False   |       False        |\n------------------------------------------------------------------\n| Hesse failed  |   Has cov.    | Accurate  | Pos. def. | Forced |\n------------------------------------------------------------------\n|     False     |     True      |   True    |   True    | False  |\n------------------------------------------------------------------",
    "info_params": "name            value    minuit_hesse    at limit\n----------  ---------  --------------  ----------\nn_sig;679       52260     +/- 2.8e+02       False\u001b[0m\nn_bkg;679        5002     +/- 1.8e+02       False\u001b[0m\nfrac;679       0.4272     +/-   0.021       False\u001b[0m\nmu;679           5279     +/-   0.078       False\u001b[0m\nsigmaL;679      10.93     +/-    0.22       False\u001b[0m\nsigmaR;679      18.12     +/-    0.22       False\u001b[0m\nlambda;679  -0.001932     +/- 0.00027       False\u001b[0m",
    "lambda;679": -0.0019320018604822575,
    "lambda;679_err": 0.00027016513906786817,
    "mu;679": 5278.88445609733,
    "mu;679_err": 0.07751504157549807,
    "n_bkg;679": 5002.044821679925,
    "n_bkg;679_err": 180.5116812320341,
    "n_sig;679": 52263.39383585653,
    "n_sig;679_err": 278.68519743565594,
    "r_params": {
        "alphaL": 2.02992217591786,
        "alphaL_Kpipi": 0.23984147888569726,
        "alphaR": -1.7778067363088699,
        "alphaR_Kpipi": -3.45169511727099,
        "fraction_Kpipi": 0.8861855867303668,
        "muL_Kpipi": 5214.656416664541,
        "muR_Kpipi": 5183.074248990296,
        "mu_Ds": 5278.795494916131,
        "nL": 0.4354740104546931,
        "nL_Kpipi": 4.413073505098077,
        "nR": 5.840596424652496,
        "nR_Kpipi": 1.3686501931786665e-08,
        "n_sig_Ds": 1440.9112672731394,
        "r_bkgK": 0.035341458516519916,
        "sigmaL_Kpipi": 19.133710600596434,
        "sigmaR_Kpipi": 39.32384704379869,
        "sigma_Ds": 12.92982180364634
    },
    "sigmaL;679": 10.933529698191261,
    "sigmaL;679_err": 0.2181066992505918,
    "sigmaR;679": 18.11677379776306,
    "sigmaR;679_err": 0.22428980045034427
}