{
    "fit_ok": true,
    "frac;604": 0.3673638191697741,
    "frac;604_err": 0.01910806138117319,
    "info_fit": "------------------------------------------------------------------\n| FCN = -3.199e+05              |     Ncalls=107 (107 total)     |\n| EDM = 3.99e-06 (Goal: 0.001)  |            up = 0.5            |\n------------------------------------------------------------------\n|  Valid Min.   | Valid Param.  | Above EDM | Reached call limit |\n------------------------------------------------------------------\n|     True      |     True      |   False   |       False        |\n------------------------------------------------------------------\n| Hesse failed  |   Has cov.    | Accurate  | Pos. def. | Forced |\n------------------------------------------------------------------\n|     False     |     True      |   True    |   True    | False  |\n------------------------------------------------------------------",
    "info_params": "name            value    minuit_hesse    at limit\n----------  ---------  --------------  ----------\nn_sig;604       52080     +/- 2.7e+02       False\u001b[0m\nn_bkg;604        4722     +/- 1.7e+02       False\u001b[0m\nfrac;604       0.3674     +/-   0.019       False\u001b[0m\nmu;604           5279     +/-   0.078       False\u001b[0m\nsigmaL;604      10.49     +/-    0.23       False\u001b[0m\nsigmaR;604      17.69     +/-    0.19       False\u001b[0m\nlambda;604  -0.001491     +/- 0.00028       False\u001b[0m",
    "lambda;604": -0.001491322952854035,
    "lambda;604_err": 0.0002793944649153242,
    "mu;604": 5278.858300456093,
    "mu;604_err": 0.07757650191090136,
    "n_bkg;604": 4721.956271306058,
    "n_bkg;604_err": 172.53662331776908,
    "n_sig;604": 52075.190791504865,
    "n_sig;604_err": 272.2015651625022,
    "r_params": {
        "alphaL": 2.02992217591786,
        "alphaL_Kpipi": 0.2129069596725118,
        "alphaR": -1.7778067363088699,
        "alphaR_Kpipi": -3.7403087492096136,
        "fraction_Kpipi": 0.9148490844542233,
        "muL_Kpipi": 5215.036813982885,
        "muR_Kpipi": 5188.048670652348,
        "nL": 0.4354740104546931,
        "nL_Kpipi": 4.372606681105409,
        "nR": 5.840596424652496,
        "nR_Kpipi": 0.00023477899553370324,
        "r_bkgK": 0.045597817620417494,
        "sigmaL_Kpipi": 19.165870821960493,
        "sigmaR_Kpipi": 38.04631951542811
    },
    "sigmaL;604": 10.490913504602982,
    "sigmaL;604_err": 0.22606090550509778,
    "sigmaR;604": 17.689976485393398,
    "sigmaR;604_err": 0.19357339114162006
}