{
    "fit_ok": true,
    "frac;1041": 0.46681400048750465,
    "frac;1041_err": 0.02102729909010436,
    "info_fit": "------------------------------------------------------------------\n| FCN = -3.199e+05              |     Ncalls=105 (105 total)     |\n| EDM = 1.66e-05 (Goal: 0.001)  |            up = 0.5            |\n------------------------------------------------------------------\n|  Valid Min.   | Valid Param.  | Above EDM | Reached call limit |\n------------------------------------------------------------------\n|     True      |     True      |   False   |       False        |\n------------------------------------------------------------------\n| Hesse failed  |   Has cov.    | Accurate  | Pos. def. | Forced |\n------------------------------------------------------------------\n|     False     |     True      |   True    |   True    | False  |\n------------------------------------------------------------------",
    "info_params": "name             value    minuit_hesse    at limit\n-----------  ---------  --------------  ----------\nn_sig;1041       52470     +/- 2.8e+02       False\u001b[0m\nn_bkg;1041        5262     +/- 1.8e+02       False\u001b[0m\nfrac;1041       0.4668     +/-   0.021       False\u001b[0m\nmu;1041           5279     +/-   0.077       False\u001b[0m\nsigmaL;1041      11.24     +/-     0.2       False\u001b[0m\nsigmaR;1041      18.42     +/-    0.25       False\u001b[0m\nlambda;1041  -0.002304     +/- 0.00026       False\u001b[0m",
    "lambda;1041": -0.0023035130111230817,
    "lambda;1041_err": 0.0002572511936796643,
    "mu;1041": 5278.865460904694,
    "mu;1041_err": 0.07729299114843445,
    "n_bkg;1041": 5262.293960091456,
    "n_bkg;1041_err": 184.203049703246,
    "n_sig;1041": 52471.10886486565,
    "n_sig;1041_err": 282.2525988187162,
    "r_params": {
        "alphaL": 2.02992217591786,
        "alphaL_Kpipi": 0.23620464990888623,
        "alphaR": -1.7778067363088699,
        "alphaR_Kpipi": -3.5981275549056195,
        "fraction_Kpipi": 0.8901509419061274,
        "muL_Kpipi": 5215.541323917318,
        "muR_Kpipi": 5184.579023030449,
        "nL": 0.4354740104546931,
        "nL_Kpipi": 4.756559614793667,
        "nR": 5.840596424652496,
        "nR_Kpipi": 1.2267002814418338e-05,
        "r_bkgK": 0.027444635773090854,
        "sigmaL_Kpipi": 17.964325150709232,
        "sigmaR_Kpipi": 36.865085351004524
    },
    "sigmaL;1041": 11.244158845501783,
    "sigmaL;1041_err": 0.2027186063079527,
    "sigmaR;1041": 18.4205262303742,
    "sigmaR;1041_err": 0.2470998325707527
}