{
    "fit_ok": true,
    "frac;393": 0.5158702270869714,
    "frac;393_err": 0.019625207828270833,
    "info_fit": "------------------------------------------------------------------\n| FCN = -3.199e+05              |     Ncalls=101 (101 total)     |\n| EDM = 3e-05 (Goal: 0.001)     |            up = 0.5            |\n------------------------------------------------------------------\n|  Valid Min.   | Valid Param.  | Above EDM | Reached call limit |\n------------------------------------------------------------------\n|     True      |     True      |   False   |       False        |\n------------------------------------------------------------------\n| Hesse failed  |   Has cov.    | Accurate  | Pos. def. | Forced |\n------------------------------------------------------------------\n|     False     |     True      |   True    |   True    | False  |\n------------------------------------------------------------------",
    "info_params": "name            value    minuit_hesse    at limit\n----------  ---------  --------------  ----------\nn_sig;393       52800     +/- 2.7e+02       False\u001b[0m\nn_bkg;393        4512     +/- 1.7e+02       False\u001b[0m\nfrac;393       0.5159     +/-    0.02       False\u001b[0m\nmu;393           5279     +/-   0.077       False\u001b[0m\nsigmaL;393      11.68     +/-    0.18       False\u001b[0m\nsigmaR;393      18.87     +/-    0.28       False\u001b[0m\nlambda;393  -0.001559     +/- 0.00029       False\u001b[0m",
    "lambda;393": -0.00155892153699623,
    "lambda;393_err": 0.000285790660086007,
    "mu;393": 5278.839554011174,
    "mu;393_err": 0.07717686955161263,
    "n_bkg;393": 4511.565481619852,
    "n_bkg;393_err": 169.1045586703735,
    "n_sig;393": 52796.2243701154,
    "n_sig;393_err": 273.7553170052562,
    "r_params": {
        "alphaL": 2.0643919074385413,
        "alphaL_Kpipi": 0.23984147888569726,
        "alphaR": -1.7110195819041882,
        "alphaR_Kpipi": -3.45169511727099,
        "fraction_Kpipi": 0.8861855867303668,
        "muL_Kpipi": 5214.656416664541,
        "muR_Kpipi": 5183.074248990296,
        "nL": 0.4586858668167234,
        "nL_Kpipi": 4.413073505098077,
        "nR": 3.8939981385784783,
        "nR_Kpipi": 1.3686501931786665e-08,
        "r_bkgK": 0.035341458516519916,
        "sigmaL_Kpipi": 19.133710600596434,
        "sigmaR_Kpipi": 39.32384704379869
    },
    "sigmaL;393": 11.683795179511115,
    "sigmaL;393_err": 0.18136511840714978,
    "sigmaR;393": 18.870279172292275,
    "sigmaR;393_err": 0.2750434112670373
}