{
    "fit_ok": true,
    "frac;502": 0.5039896123362684,
    "frac;502_err": 0.021264112946448505,
    "info_fit": "------------------------------------------------------------------\n| FCN = -3.199e+05              |     Ncalls=106 (106 total)     |\n| EDM = 9.2e-06 (Goal: 0.001)   |            up = 0.5            |\n------------------------------------------------------------------\n|  Valid Min.   | Valid Param.  | Above EDM | Reached call limit |\n------------------------------------------------------------------\n|     True      |     True      |   False   |       False        |\n------------------------------------------------------------------\n| Hesse failed  |   Has cov.    | Accurate  | Pos. def. | Forced |\n------------------------------------------------------------------\n|     False     |     True      |   True    |   True    | False  |\n------------------------------------------------------------------",
    "info_params": "name            value    minuit_hesse    at limit\n----------  ---------  --------------  ----------\nn_sig;502       52620     +/- 2.8e+02       False\u001b[0m\nn_bkg;502        5403     +/- 1.9e+02       False\u001b[0m\nfrac;502        0.504     +/-   0.021       False\u001b[0m\nmu;502           5279     +/-   0.077       False\u001b[0m\nsigmaL;502      11.49     +/-    0.19       False\u001b[0m\nsigmaR;502      18.75     +/-    0.27       False\u001b[0m\nlambda;502  -0.002488     +/- 0.00025       False\u001b[0m",
    "lambda;502": -0.0024876009474193994,
    "lambda;502_err": 0.00025064464695485943,
    "mu;502": 5278.874065014051,
    "mu;502_err": 0.07720210760257828,
    "n_bkg;502": 5403.354721456282,
    "n_bkg;502_err": 186.19278017246168,
    "n_sig;502": 52620.5845558511,
    "n_sig;502_err": 284.5642509559601,
    "r_params": {
        "alphaL": 2.02992217591786,
        "alphaL_Kpipi": 0.2211361607410431,
        "alphaR": -1.7778067363088699,
        "alphaR_Kpipi": -3.520599878635443,
        "fraction_Kpipi": 0.8890538441763886,
        "muL_Kpipi": 5215.130762256819,
        "muR_Kpipi": 5180.825319871754,
        "nL": 0.4354740104546931,
        "nL_Kpipi": 4.285339859342851,
        "nR": 5.840596424652496,
        "nR_Kpipi": 0.00012449206217914955,
        "r_bkgK": 0.021858118656666585,
        "sigmaL_Kpipi": 19.229345059034788,
        "sigmaR_Kpipi": 37.29209758192759
    },
    "sigmaL;502": 11.48514652988348,
    "sigmaL;502_err": 0.19259121642109137,
    "sigmaR;502": 18.747670724324173,
    "sigmaR;502_err": 0.27283190200636265
}