{
    "fit_ok": true,
    "frac;277": 0.4262540627188537,
    "frac;277_err": 0.020543843074085535,
    "info_fit": "------------------------------------------------------------------\n| FCN = -3.199e+05              |     Ncalls=102 (102 total)     |\n| EDM = 0.000288 (Goal: 0.001)  |            up = 0.5            |\n------------------------------------------------------------------\n|  Valid Min.   | Valid Param.  | Above EDM | Reached call limit |\n------------------------------------------------------------------\n|     True      |     True      |   False   |       False        |\n------------------------------------------------------------------\n| Hesse failed  |   Has cov.    | Accurate  | Pos. def. | Forced |\n------------------------------------------------------------------\n|     False     |     True      |   True    |   True    | False  |\n------------------------------------------------------------------",
    "info_params": "name            value    minuit_hesse    at limit\n----------  ---------  --------------  ----------\nn_sig;277       52280     +/- 2.8e+02       False\u001b[0m\nn_bkg;277        5003     +/- 1.8e+02       False\u001b[0m\nfrac;277       0.4263     +/-   0.021       False\u001b[0m\nmu;277           5279     +/-   0.078       False\u001b[0m\nsigmaL;277      10.95     +/-    0.22       False\u001b[0m\nsigmaR;277      18.12     +/-    0.22       False\u001b[0m\nlambda;277  -0.001934     +/- 0.00027       False\u001b[0m",
    "lambda;277": -0.0019343317694582307,
    "lambda;277_err": 0.0002700309395758599,
    "mu;277": 5278.854474845526,
    "mu;277_err": 0.0775006234373641,
    "n_bkg;277": 5003.031768194504,
    "n_bkg;277_err": 180.47226103735662,
    "n_sig;277": 52280.73910759941,
    "n_sig;277_err": 278.7137994065477,
    "r_params": {
        "alphaL": 2.02992217591786,
        "alphaL_Kpipi": 0.23984147888569726,
        "alphaR": -1.7778067363088699,
        "alphaR_Kpipi": -3.45169511727099,
        "fraction_Kpipi": 0.8861855867303668,
        "muL_Kpipi": 5214.656416664541,
        "muR_Kpipi": 5183.074248990296,
        "mu_Ds": 5279.624201176894,
        "nL": 0.4354740104546931,
        "nL_Kpipi": 4.413073505098077,
        "nR": 5.840596424652496,
        "nR_Kpipi": 1.3686501931786665e-08,
        "n_sig_Ds": 1423.1589869911609,
        "r_bkgK": 0.035341458516519916,
        "sigmaL_Kpipi": 19.133710600596434,
        "sigmaR_Kpipi": 39.32384704379869,
        "sigma_Ds": 12.484000112856283
    },
    "sigmaL;277": 10.948910363251265,
    "sigmaL;277_err": 0.21726013874837424,
    "sigmaR;277": 18.119281759552898,
    "sigmaR;277_err": 0.22362569387895864
}