{
    "fit_ok": true,
    "frac;372": 0.4331220901519649,
    "frac;372_err": 0.020542307838327573,
    "info_fit": "------------------------------------------------------------------\n| FCN = -3.199e+05              |     Ncalls=105 (105 total)     |\n| EDM = 2.54e-05 (Goal: 0.001)  |            up = 0.5            |\n------------------------------------------------------------------\n|  Valid Min.   | Valid Param.  | Above EDM | Reached call limit |\n------------------------------------------------------------------\n|     True      |     True      |   False   |       False        |\n------------------------------------------------------------------\n| Hesse failed  |   Has cov.    | Accurate  | Pos. def. | Forced |\n------------------------------------------------------------------\n|     False     |     True      |   True    |   True    | False  |\n------------------------------------------------------------------",
    "info_params": "name           value    minuit_hesse    at limit\n----------  --------  --------------  ----------\nn_sig;372      52360     +/- 2.8e+02       False\u001b[0m\nn_bkg;372       5026     +/- 1.8e+02       False\u001b[0m\nfrac;372      0.4331     +/-   0.021       False\u001b[0m\nmu;372          5279     +/-   0.077       False\u001b[0m\nsigmaL;372        11     +/-    0.21       False\u001b[0m\nsigmaR;372     18.18     +/-    0.23       False\u001b[0m\nlambda;372  -0.00197     +/- 0.00027       False\u001b[0m",
    "lambda;372": -0.0019697972015881304,
    "lambda;372_err": 0.00026892552096109213,
    "mu;372": 5278.8639132972285,
    "mu;372_err": 0.07743017595332138,
    "n_bkg;372": 5025.567076572978,
    "n_bkg;372_err": 180.9204366073618,
    "n_sig;372": 52358.62996765583,
    "n_sig;372_err": 279.20677543376064,
    "r_params": {
        "alphaL": 2.02992217591786,
        "alphaL_Kpipi": 0.26061956381196616,
        "alphaR": -1.7778067363088699,
        "alphaR_Kpipi": -3.430564939740271,
        "fraction_Kpipi": 0.8944193912002583,
        "muL_Kpipi": 5213.347583006084,
        "muR_Kpipi": 5183.80237146329,
        "nL": 0.4354740104546931,
        "nL_Kpipi": 4.44287407009159,
        "nR": 5.840596424652496,
        "nR_Kpipi": 1.0838583770419615e-05,
        "r_bkgK": 0.03416573703738417,
        "sigmaL_Kpipi": 19.569195102766624,
        "sigmaR_Kpipi": 39.401630060578974
    },
    "sigmaL;372": 10.997354546229626,
    "sigmaL;372_err": 0.21352000952923728,
    "sigmaR;372": 18.180663178755694,
    "sigmaR;372_err": 0.2273794699550355
}