{
    "fit_ok": true,
    "frac;769": 0.26742410191014365,
    "frac;769_err": 0.01704831852745765,
    "info_fit": "------------------------------------------------------------------\n| FCN = -3.199e+05              |     Ncalls=105 (105 total)     |\n| EDM = 6.75e-05 (Goal: 0.001)  |            up = 0.5            |\n------------------------------------------------------------------\n|  Valid Min.   | Valid Param.  | Above EDM | Reached call limit |\n------------------------------------------------------------------\n|     True      |     True      |   False   |       False        |\n------------------------------------------------------------------\n| Hesse failed  |   Has cov.    | Accurate  | Pos. def. | Forced |\n------------------------------------------------------------------\n|     False     |     True      |   True    |   True    | False  |\n------------------------------------------------------------------",
    "info_params": "name             value    minuit_hesse    at limit\n----------  ----------  --------------  ----------\nn_sig;769        51590     +/- 2.6e+02       False\u001b[0m\nn_bkg;769         4332     +/- 1.6e+02       False\u001b[0m\nfrac;769        0.2674     +/-   0.017       False\u001b[0m\nmu;769            5279     +/-   0.078       False\u001b[0m\nsigmaL;769       9.567     +/-    0.27       False\u001b[0m\nsigmaR;769       17.03     +/-    0.15       False\u001b[0m\nlambda;769  -0.0007994     +/- 0.00029       False\u001b[0m",
    "lambda;769": -0.000799358939213124,
    "lambda;769_err": 0.000285490438684065,
    "mu;769": 5278.826264314813,
    "mu;769_err": 0.07789157413013992,
    "n_bkg;769": 4331.869580216457,
    "n_bkg;769_err": 155.7683687638805,
    "n_sig;769": 51585.00819168361,
    "n_sig;769_err": 259.7816883266592,
    "r_params": {
        "alphaL": 2.02992217591786,
        "alphaL_Kpipi": 0.241383826895424,
        "alphaR": -1.7778067363088699,
        "alphaR_Kpipi": -3.961279473985238,
        "fraction_Kpipi": 0.8926891368969385,
        "muL_Kpipi": 5215.271393766664,
        "muR_Kpipi": 5182.04750393004,
        "nL": 0.4354740104546931,
        "nL_Kpipi": 4.353178183075563,
        "nR": 5.840596424652496,
        "nR_Kpipi": 0.00036799281195998426,
        "r_bkgK": 0.06304587308144094,
        "sigmaL_Kpipi": 18.638705544353552,
        "sigmaR_Kpipi": 39.44857695627901
    },
    "sigmaL;769": 9.56737267171517,
    "sigmaL;769_err": 0.27261161884653146,
    "sigmaR;769": 17.033514052649515,
    "sigmaR;769_err": 0.15354326176729335
}