{
    "fit_ok": true,
    "frac;1471": 0.31323512977123935,
    "frac;1471_err": 0.01712635423350673,
    "info_fit": "------------------------------------------------------------------\n| FCN = -3.199e+05              |     Ncalls=104 (104 total)     |\n| EDM = 1.11e-05 (Goal: 0.001)  |            up = 0.5            |\n------------------------------------------------------------------\n|  Valid Min.   | Valid Param.  | Above EDM | Reached call limit |\n------------------------------------------------------------------\n|     True      |     True      |   False   |       False        |\n------------------------------------------------------------------\n| Hesse failed  |   Has cov.    | Accurate  | Pos. def. | Forced |\n------------------------------------------------------------------\n|     False     |     True      |   True    |   True    | False  |\n------------------------------------------------------------------",
    "info_params": "name             value    minuit_hesse    at limit\n-----------  ---------  --------------  ----------\nn_sig;1471       52160     +/- 2.8e+02       False\u001b[0m\nn_bkg;1471        5167     +/- 1.9e+02       False\u001b[0m\nfrac;1471       0.3132     +/-   0.017       False\u001b[0m\nmu;1471           5279     +/-   0.078       False\u001b[0m\nsigmaL;1471      9.827     +/-    0.27       False\u001b[0m\nsigmaR;1471      17.34     +/-    0.16       False\u001b[0m\nlambda;1471  -0.001896     +/- 0.00027       False\u001b[0m",
    "lambda;1471": -0.0018961313533154556,
    "lambda;1471_err": 0.00026997883793894375,
    "mu;1471": 5278.908615434786,
    "mu;1471_err": 0.07794508086583335,
    "n_bkg;1471": 5167.0401893754315,
    "n_bkg;1471_err": 185.7180150584248,
    "n_sig;1471": 52160.32571390831,
    "n_sig;1471_err": 281.21148866218067,
    "r_params": {
        "alphaL": 2.0204517019607158,
        "alphaL_Kpipi": 0.23984147888569726,
        "alphaR": -1.9215496988361112,
        "alphaR_Kpipi": -3.45169511727099,
        "fraction_Kpipi": 0.8861855867303668,
        "muL_Kpipi": 5214.656416664541,
        "muR_Kpipi": 5183.074248990296,
        "nL": 0.3036381971202087,
        "nL_Kpipi": 4.413073505098077,
        "nR": 7.650717575471721,
        "nR_Kpipi": 1.3686501931786665e-08,
        "r_bkgK": 0.035341458516519916,
        "sigmaL_Kpipi": 19.133710600596434,
        "sigmaR_Kpipi": 39.32384704379869
    },
    "sigmaL;1471": 9.827326414410155,
    "sigmaL;1471_err": 0.2652965111918484,
    "sigmaR;1471": 17.336240090564054,
    "sigmaR;1471_err": 0.16051958818243217
}