{
    "fit_ok": true,
    "frac;388": 0.456449174186416,
    "frac;388_err": 0.02085278744260823,
    "info_fit": "------------------------------------------------------------------\n| FCN = -3.199e+05              |     Ncalls=105 (105 total)     |\n| EDM = 8.14e-06 (Goal: 0.001)  |            up = 0.5            |\n------------------------------------------------------------------\n|  Valid Min.   | Valid Param.  | Above EDM | Reached call limit |\n------------------------------------------------------------------\n|     True      |     True      |   False   |       False        |\n------------------------------------------------------------------\n| Hesse failed  |   Has cov.    | Accurate  | Pos. def. | Forced |\n------------------------------------------------------------------\n|     False     |     True      |   True    |   True    | False  |\n------------------------------------------------------------------",
    "info_params": "name            value    minuit_hesse    at limit\n----------  ---------  --------------  ----------\nn_sig;388       52430     +/- 2.8e+02       False\u001b[0m\nn_bkg;388        5181     +/- 1.8e+02       False\u001b[0m\nfrac;388       0.4564     +/-   0.021       False\u001b[0m\nmu;388           5279     +/-   0.077       False\u001b[0m\nsigmaL;388      11.17     +/-    0.21       False\u001b[0m\nsigmaR;388      18.34     +/-    0.24       False\u001b[0m\nlambda;388  -0.002192     +/- 0.00026       False\u001b[0m",
    "lambda;388": -0.0021917378628192596,
    "lambda;388_err": 0.0002612683386732738,
    "mu;388": 5278.869259310004,
    "mu;388_err": 0.0773104387224572,
    "n_bkg;388": 5181.159988327367,
    "n_bkg;388_err": 183.25737251853658,
    "n_sig;388": 52428.89565120841,
    "n_sig;388_err": 281.29248954406705,
    "r_params": {
        "alphaL": 2.02992217591786,
        "alphaL_Kpipi": 0.24895642054580347,
        "alphaR": -1.7778067363088699,
        "alphaR_Kpipi": -3.3786170268944695,
        "fraction_Kpipi": 0.8868094083077153,
        "muL_Kpipi": 5214.901736958886,
        "muR_Kpipi": 5178.402648857607,
        "nL": 0.4354740104546931,
        "nL_Kpipi": 4.561387945039608,
        "nR": 5.840596424652496,
        "nR_Kpipi": 0.0004300096380900057,
        "r_bkgK": 0.029820566893005915,
        "sigmaL_Kpipi": 18.976311654392358,
        "sigmaR_Kpipi": 41.63472076656296
    },
    "sigmaL;388": 11.171209462535305,
    "sigmaL;388_err": 0.20516575889094749,
    "sigmaR;388": 18.336331422284964,
    "sigmaR;388_err": 0.24067278983295906
}