{
    "fit_ok": true,
    "frac;261": 0.37874828224846663,
    "frac;261_err": 0.01049816732686759,
    "info_fit": "------------------------------------------------------------------\n| FCN = -3.199e+05              |     Ncalls=105 (105 total)     |\n| EDM = 1.38e-05 (Goal: 0.001)  |            up = 0.5            |\n------------------------------------------------------------------\n|  Valid Min.   | Valid Param.  | Above EDM | Reached call limit |\n------------------------------------------------------------------\n|     True      |     True      |   False   |       False        |\n------------------------------------------------------------------\n| Hesse failed  |   Has cov.    | Accurate  | Pos. def. | Forced |\n------------------------------------------------------------------\n|     False     |     True      |   True    |   True    | False  |\n------------------------------------------------------------------",
    "info_params": "name             value    minuit_hesse    at limit\n----------  ----------  --------------  ----------\nn_sig;261        53910     +/- 2.4e+02       False\u001b[0m\nn_bkg;261         3359     +/-      91       False\u001b[0m\nfrac;261        0.3787     +/-    0.01       False\u001b[0m\nmu;261            5279     +/-   0.078       False\u001b[0m\nsigmaL;261       10.81     +/-    0.21       False\u001b[0m\nsigmaR;261       17.34     +/-    0.13       False\u001b[0m\nlambda;261  -4.077e-10     +/- 3.4e-07       False\u001b[0m",
    "lambda;261": -4.0773028009422063e-10,
    "lambda;261_err": 3.393427968782291e-07,
    "mu;261": 5278.861384758781,
    "mu;261_err": 0.07762194773507011,
    "n_bkg;261": 3358.863127289362,
    "n_bkg;261_err": 90.56302429489553,
    "n_sig;261": 53905.772221498024,
    "n_sig;261_err": 240.6668876334567,
    "r_params": {
        "alphaL": 1.9612055185312463,
        "alphaL_Kpipi": 0.23984147888569726,
        "alphaR": -1.7380365965123543,
        "alphaR_Kpipi": -3.45169511727099,
        "fraction_Kpipi": 0.8861855867303668,
        "muL_Kpipi": 5214.656416664541,
        "muR_Kpipi": 5183.074248990296,
        "nL": 0.29456141766757105,
        "nL_Kpipi": 4.413073505098077,
        "nR": 2.749662681743134,
        "nR_Kpipi": 1.3686501931786665e-08,
        "r_bkgK": 0.035341458516519916,
        "sigmaL_Kpipi": 19.133710600596434,
        "sigmaR_Kpipi": 39.32384704379869
    },
    "sigmaL;261": 10.812037993824722,
    "sigmaL;261_err": 0.20956213323337644,
    "sigmaR;261": 17.340778924687115,
    "sigmaR;261_err": 0.12611548959671726
}