{
    "fit_ok": true,
    "frac;498": 0.21140353730507302,
    "frac;498_err": 0.014592440469594646,
    "info_fit": "------------------------------------------------------------------\n| FCN = -3.199e+05              |      Ncalls=88 (88 total)      |\n| EDM = 0.000905 (Goal: 0.001)  |            up = 0.5            |\n------------------------------------------------------------------\n|  Valid Min.   | Valid Param.  | Above EDM | Reached call limit |\n------------------------------------------------------------------\n|     True      |     True      |   False   |       False        |\n------------------------------------------------------------------\n| Hesse failed  |   Has cov.    | Accurate  | Pos. def. | Forced |\n------------------------------------------------------------------\n|     False     |     True      |   True    |   True    | False  |\n------------------------------------------------------------------",
    "info_params": "name             value    minuit_hesse    at limit\n----------  ----------  --------------  ----------\nn_sig;498        51320     +/- 2.5e+02       False\u001b[0m\nn_bkg;498         4024     +/- 1.3e+02       False\u001b[0m\nfrac;498        0.2114     +/-   0.015       False\u001b[0m\nmu;498            5279     +/-   0.078       False\u001b[0m\nsigmaL;498       8.912     +/-    0.29       False\u001b[0m\nsigmaR;498       16.74     +/-    0.13       False\u001b[0m\nlambda;498  -0.0001835     +/- 0.00026       False\u001b[0m",
    "lambda;498": -0.00018350455943150212,
    "lambda;498_err": 0.0002636072734297182,
    "mu;498": 5278.778310297507,
    "mu;498_err": 0.07804222474481472,
    "n_bkg;498": 4024.1001953591103,
    "n_bkg;498_err": 129.5936638639561,
    "n_sig;498": 51322.14628576448,
    "n_sig;498_err": 245.05243444506644,
    "r_params": {
        "alphaL": 2.02992217591786,
        "alphaL_Kpipi": 0.24002891204184987,
        "alphaR": -1.7778067363088699,
        "alphaR_Kpipi": -3.4257554698446446,
        "fraction_Kpipi": 0.8854218620645863,
        "muL_Kpipi": 5214.774424387864,
        "muR_Kpipi": 5180.907686165157,
        "nL": 0.4354740104546931,
        "nL_Kpipi": 4.371616800731179,
        "nR": 5.840596424652496,
        "nR_Kpipi": 0.0004153800964414979,
        "r_bkgK": 0.07440623728601842,
        "sigmaL_Kpipi": 17.752718691219762,
        "sigmaR_Kpipi": 38.05434899183016
    },
    "sigmaL;498": 8.911919662271574,
    "sigmaL;498_err": 0.2904419504629228,
    "sigmaR;498": 16.74398609654336,
    "sigmaR;498_err": 0.12883461911289043
}