{
    "fit_ok": true,
    "frac;1605": 0.41556763276703834,
    "frac;1605_err": 0.020241719936520564,
    "info_fit": "------------------------------------------------------------------\n| FCN = -3.199e+05              |     Ncalls=118 (118 total)     |\n| EDM = 0.000561 (Goal: 0.001)  |            up = 0.5            |\n------------------------------------------------------------------\n|  Valid Min.   | Valid Param.  | Above EDM | Reached call limit |\n------------------------------------------------------------------\n|     True      |     True      |   False   |       False        |\n------------------------------------------------------------------\n| Hesse failed  |   Has cov.    | Accurate  | Pos. def. | Forced |\n------------------------------------------------------------------\n|     False     |     True      |   True    |   True    | False  |\n------------------------------------------------------------------",
    "info_params": "name             value    minuit_hesse    at limit\n-----------  ---------  --------------  ----------\nn_sig;1605       52310     +/- 2.8e+02       False\u001b[0m\nn_bkg;1605        4893     +/- 1.8e+02       False\u001b[0m\nfrac;1605       0.4156     +/-    0.02       False\u001b[0m\nmu;1605           5279     +/-   0.077       False\u001b[0m\nsigmaL;1605      10.87     +/-    0.22       False\u001b[0m\nsigmaR;1605      18.05     +/-    0.22       False\u001b[0m\nlambda;1605  -0.001761     +/- 0.00028       False\u001b[0m",
    "lambda;1605": -0.0017614437771233948,
    "lambda;1605_err": 0.0002751463609078306,
    "mu;1605": 5278.8654395818585,
    "mu;1605_err": 0.07748867513366504,
    "n_bkg;1605": 4893.29271124639,
    "n_bkg;1605_err": 178.31941659336002,
    "n_sig;1605": 52306.28645721049,
    "n_sig;1605_err": 277.0912336293444,
    "r_params": {
        "alphaL": 2.02992217591786,
        "alphaL_Kpipi": 0.194562365523486,
        "alphaR": -1.7778067363088699,
        "alphaR_Kpipi": -3.5144460352914026,
        "fraction_Kpipi": 0.8895196263322744,
        "muL_Kpipi": 5216.119234061627,
        "muR_Kpipi": 5180.121681636528,
        "nL": 0.4354740104546931,
        "nL_Kpipi": 4.670540712819786,
        "nR": 5.840596424652496,
        "nR_Kpipi": 0.00016837648284889967,
        "r_bkgK": 0.03774334762151696,
        "sigmaL_Kpipi": 18.54979147906472,
        "sigmaR_Kpipi": 38.81207962603979
    },
    "sigmaL;1605": 10.871884989635948,
    "sigmaL;1605_err": 0.22188132488564818,
    "sigmaR;1605": 18.047057849658025,
    "sigmaR;1605_err": 0.21694539137670207
}