{
    "fit_ok": true,
    "frac;1394": 0.34996396046681166,
    "frac;1394_err": 0.018283834196335124,
    "info_fit": "------------------------------------------------------------------\n| FCN = -3.199e+05              |     Ncalls=105 (105 total)     |\n| EDM = 4.49e-05 (Goal: 0.001)  |            up = 0.5            |\n------------------------------------------------------------------\n|  Valid Min.   | Valid Param.  | Above EDM | Reached call limit |\n------------------------------------------------------------------\n|     True      |     True      |   False   |       False        |\n------------------------------------------------------------------\n| Hesse failed  |   Has cov.    | Accurate  | Pos. def. | Forced |\n------------------------------------------------------------------\n|     False     |     True      |   True    |   True    | False  |\n------------------------------------------------------------------",
    "info_params": "name             value    minuit_hesse    at limit\n-----------  ---------  --------------  ----------\nn_sig;1394       52070     +/- 2.7e+02       False\u001b[0m\nn_bkg;1394        4543     +/- 1.7e+02       False\u001b[0m\nfrac;1394         0.35     +/-   0.018       False\u001b[0m\nmu;1394           5279     +/-   0.078       False\u001b[0m\nsigmaL;1394      10.33     +/-    0.23       False\u001b[0m\nsigmaR;1394      17.64     +/-    0.18       False\u001b[0m\nlambda;1394  -0.001197     +/- 0.00028       False\u001b[0m",
    "lambda;1394": -0.0011967801925099053,
    "lambda;1394_err": 0.0002845555210383602,
    "mu;1394": 5278.836474752033,
    "mu;1394_err": 0.07767179058601804,
    "n_bkg;1394": 4543.4316100000115,
    "n_bkg;1394_err": 166.51258877291306,
    "n_sig;1394": 52066.40515530064,
    "n_sig;1394_err": 268.4279395349954,
    "r_params": {
        "alphaL": 2.02992217591786,
        "alphaL_Kpipi": 0.24203912985870532,
        "alphaR": -1.7778067363088699,
        "alphaR_Kpipi": -3.7718946825410655,
        "fraction_Kpipi": 0.8880389085058576,
        "muL_Kpipi": 5213.174729202188,
        "muR_Kpipi": 5184.351734721333,
        "nL": 0.4354740104546931,
        "nL_Kpipi": 4.297869982511267,
        "nR": 5.840596424652496,
        "nR_Kpipi": 0.0007681816114028661,
        "r_bkgK": 0.04918666051135448,
        "sigmaL_Kpipi": 18.76193756720393,
        "sigmaR_Kpipi": 38.58693570284194
    },
    "sigmaL;1394": 10.325815663648862,
    "sigmaL;1394_err": 0.22823495770322644,
    "sigmaR;1394": 17.644384205224462,
    "sigmaR;1394_err": 0.18396043917338603
}