{
    "fit_ok": true,
    "frac;150": 0.4691368319348228,
    "frac;150_err": 0.02081248327151868,
    "info_fit": "------------------------------------------------------------------\n| FCN = -3.199e+05              |     Ncalls=105 (105 total)     |\n| EDM = 1.39e-05 (Goal: 0.001)  |            up = 0.5            |\n------------------------------------------------------------------\n|  Valid Min.   | Valid Param.  | Above EDM | Reached call limit |\n------------------------------------------------------------------\n|     True      |     True      |   False   |       False        |\n------------------------------------------------------------------\n| Hesse failed  |   Has cov.    | Accurate  | Pos. def. | Forced |\n------------------------------------------------------------------\n|     False     |     True      |   True    |   True    | False  |\n------------------------------------------------------------------",
    "info_params": "name          value    minuit_hesse    at limit\n----------  -------  --------------  ----------\nn_sig;150     52510     +/- 2.8e+02       False\u001b[0m\nn_bkg;150      5182     +/- 1.8e+02       False\u001b[0m\nfrac;150     0.4691     +/-   0.021       False\u001b[0m\nmu;150         5279     +/-   0.077       False\u001b[0m\nsigmaL;150    11.25     +/-     0.2       False\u001b[0m\nsigmaR;150    18.48     +/-    0.25       False\u001b[0m\nlambda;150  -0.0022     +/- 0.00026       False\u001b[0m",
    "lambda;150": -0.002199575618638816,
    "lambda;150_err": 0.00026122943649455136,
    "mu;150": 5278.865890165709,
    "mu;150_err": 0.07731187676116733,
    "n_bkg;150": 5181.647193290718,
    "n_bkg;150_err": 183.5139785945287,
    "n_sig;150": 52514.63054922876,
    "n_sig;150_err": 281.9011601793887,
    "r_params": {
        "alphaL": 2.02992217591786,
        "alphaL_Kpipi": 0.2505414152181385,
        "alphaR": -1.7778067363088699,
        "alphaR_Kpipi": -3.17511860019698,
        "fraction_Kpipi": 0.8723099651294369,
        "muL_Kpipi": 5213.408936298545,
        "muR_Kpipi": 5183.782762676422,
        "nL": 0.4354740104546931,
        "nL_Kpipi": 4.037343813176004,
        "nR": 5.840596424652496,
        "nR_Kpipi": 0.00033135944399924447,
        "r_bkgK": 0.028125941992985657,
        "sigmaL_Kpipi": 19.167616763057282,
        "sigmaR_Kpipi": 39.22055942657263
    },
    "sigmaL;150": 11.248099476578814,
    "sigmaL;150_err": 0.2006946687242799,
    "sigmaR;150": 18.479507531237466,
    "sigmaR;150_err": 0.24881796721950467
}