{
    "fit_ok": true,
    "frac;753": 0.33910035877134836,
    "frac;753_err": 0.015182803466084412,
    "info_fit": "------------------------------------------------------------------\n| FCN = -3.199e+05              |     Ncalls=104 (104 total)     |\n| EDM = 2.11e-05 (Goal: 0.001)  |            up = 0.5            |\n------------------------------------------------------------------\n|  Valid Min.   | Valid Param.  | Above EDM | Reached call limit |\n------------------------------------------------------------------\n|     True      |     True      |   False   |       False        |\n------------------------------------------------------------------\n| Hesse failed  |   Has cov.    | Accurate  | Pos. def. | Forced |\n------------------------------------------------------------------\n|     False     |     True      |   True    |   True    | False  |\n------------------------------------------------------------------",
    "info_params": "name            value    minuit_hesse    at limit\n----------  ---------  --------------  ----------\nn_sig;753       52740     +/- 2.8e+02       False\u001b[0m\nn_bkg;753        4564     +/- 1.8e+02       False\u001b[0m\nfrac;753       0.3391     +/-   0.015       False\u001b[0m\nmu;753           5279     +/-   0.078       False\u001b[0m\nsigmaL;753      10.23     +/-    0.23       False\u001b[0m\nsigmaR;753      17.31     +/-    0.16       False\u001b[0m\nlambda;753  -0.001212     +/-  0.0003       False\u001b[0m",
    "lambda;753": -0.0012124390348251524,
    "lambda;753_err": 0.0002997615458852909,
    "mu;753": 5278.87178224729,
    "mu;753_err": 0.07800678987271055,
    "n_bkg;753": 4564.182375440413,
    "n_bkg;753_err": 175.84283709104872,
    "n_sig;753": 52743.46471509,
    "n_sig;753_err": 277.3077557912859,
    "r_params": {
        "alphaL": 2.0002018954585883,
        "alphaL_Kpipi": 0.23984147888569726,
        "alphaR": -1.7642676054369781,
        "alphaR_Kpipi": -3.45169511727099,
        "fraction_Kpipi": 0.8861855867303668,
        "muL_Kpipi": 5214.656416664541,
        "muR_Kpipi": 5183.074248990296,
        "nL": 0.29773321645896933,
        "nL_Kpipi": 4.413073505098077,
        "nR": 5.943421405986107,
        "nR_Kpipi": 1.3686501931786665e-08,
        "r_bkgK": 0.035341458516519916,
        "sigmaL_Kpipi": 19.133710600596434,
        "sigmaR_Kpipi": 39.32384704379869
    },
    "sigmaL;753": 10.23312792764722,
    "sigmaL;753_err": 0.23415812364095176,
    "sigmaR;753": 17.310759577123854,
    "sigmaR;753_err": 0.15565558271593127
}