{
    "fit_ok": true,
    "frac;97": 0.4258061689169894,
    "frac;97_err": 0.020567220466823598,
    "info_fit": "------------------------------------------------------------------\n| FCN = -3.199e+05              |     Ncalls=106 (106 total)     |\n| EDM = 0.000203 (Goal: 0.001)  |            up = 0.5            |\n------------------------------------------------------------------\n|  Valid Min.   | Valid Param.  | Above EDM | Reached call limit |\n------------------------------------------------------------------\n|     True      |     True      |   False   |       False        |\n------------------------------------------------------------------\n| Hesse failed  |   Has cov.    | Accurate  | Pos. def. | Forced |\n------------------------------------------------------------------\n|     False     |     True      |   True    |   True    | False  |\n------------------------------------------------------------------",
    "info_params": "name           value    minuit_hesse    at limit\n---------  ---------  --------------  ----------\nn_sig;97       52260     +/- 2.8e+02       False\u001b[0m\nn_bkg;97        5010     +/- 1.8e+02       False\u001b[0m\nfrac;97       0.4258     +/-   0.021       False\u001b[0m\nmu;97           5279     +/-   0.078       False\u001b[0m\nsigmaL;97      10.99     +/-    0.22       False\u001b[0m\nsigmaR;97      18.13     +/-    0.22       False\u001b[0m\nlambda;97  -0.001947     +/- 0.00027       False\u001b[0m",
    "lambda;97": -0.0019465603754024174,
    "lambda;97_err": 0.00026967138600870425,
    "mu;97": 5278.865203316308,
    "mu;97_err": 0.07762460778605254,
    "n_bkg;97": 5009.695531264206,
    "n_bkg;97_err": 180.5762766550248,
    "n_sig;97": 52263.01445042356,
    "n_sig;97_err": 278.7252017323315,
    "r_params": {
        "alphaL": 2.02992217591786,
        "alphaL_Kpipi": 0.23984147888569726,
        "alphaR": -1.7778067363088699,
        "alphaR_Kpipi": -3.45169511727099,
        "fraction_Kpipi": 0.8861855867303668,
        "muL_Kpipi": 5214.656416664541,
        "muR_Kpipi": 5183.074248990296,
        "mu_Ds": 5279.175942721034,
        "nL": 0.4354740104546931,
        "nL_Kpipi": 4.413073505098077,
        "nR": 5.840596424652496,
        "nR_Kpipi": 1.3686501931786665e-08,
        "n_sig_Ds": 1434.0839830441123,
        "r_bkgK": 0.035341458516519916,
        "sigmaL_Kpipi": 19.133710600596434,
        "sigmaR_Kpipi": 39.32384704379869,
        "sigma_Ds": 11.650420240175421
    },
    "sigmaL;97": 10.994703102120287,
    "sigmaL;97_err": 0.21701180721219493,
    "sigmaR;97": 18.13316993422387,
    "sigmaR;97_err": 0.22337718041735508
}