{
    "fit_ok": true,
    "frac;1366": 0.374231490871042,
    "frac;1366_err": 0.01936450672051132,
    "info_fit": "------------------------------------------------------------------\n| FCN = -3.199e+05              |     Ncalls=104 (104 total)     |\n| EDM = 0.000254 (Goal: 0.001)  |            up = 0.5            |\n------------------------------------------------------------------\n|  Valid Min.   | Valid Param.  | Above EDM | Reached call limit |\n------------------------------------------------------------------\n|     True      |     True      |   False   |       False        |\n------------------------------------------------------------------\n| Hesse failed  |   Has cov.    | Accurate  | Pos. def. | Forced |\n------------------------------------------------------------------\n|     False     |     True      |   True    |   True    | False  |\n------------------------------------------------------------------",
    "info_params": "name             value    minuit_hesse    at limit\n-----------  ---------  --------------  ----------\nn_sig;1366       52090     +/- 2.7e+02       False\u001b[0m\nn_bkg;1366        4778     +/- 1.7e+02       False\u001b[0m\nfrac;1366       0.3742     +/-   0.019       False\u001b[0m\nmu;1366           5279     +/-   0.078       False\u001b[0m\nsigmaL;1366      10.55     +/-    0.22       False\u001b[0m\nsigmaR;1366      17.73     +/-     0.2       False\u001b[0m\nlambda;1366  -0.001599     +/- 0.00028       False\u001b[0m",
    "lambda;1366": -0.001599241670164786,
    "lambda;1366_err": 0.0002776113185102751,
    "mu;1366": 5278.861307144183,
    "mu;1366_err": 0.07754757910834745,
    "n_bkg;1366": 4778.42230579616,
    "n_bkg;1366_err": 174.40839842256398,
    "n_sig;1366": 52089.30327778077,
    "n_sig;1366_err": 273.47319671238034,
    "r_params": {
        "alphaL": 2.02992217591786,
        "alphaL_Kpipi": 0.25233720141341826,
        "alphaR": -1.7778067363088699,
        "alphaR_Kpipi": -3.1567185498095567,
        "fraction_Kpipi": 0.8941184474100536,
        "muL_Kpipi": 5214.842914549352,
        "muR_Kpipi": 5179.393006743987,
        "nL": 0.4354740104546931,
        "nL_Kpipi": 4.522990312141576,
        "nR": 5.840596424652496,
        "nR_Kpipi": 4.572084329853307e-05,
        "r_bkgK": 0.04423235549152534,
        "sigmaL_Kpipi": 19.395297614184987,
        "sigmaR_Kpipi": 39.54054943174585
    },
    "sigmaL;1366": 10.548475196559455,
    "sigmaL;1366_err": 0.2245208293878141,
    "sigmaR;1366": 17.725681092260853,
    "sigmaR;1366_err": 0.19719357792461367
}