{
    "fit_ok": true,
    "frac;618": 0.3781036721340337,
    "frac;618_err": 0.016135883560123142,
    "info_fit": "------------------------------------------------------------------\n| FCN = -3.199e+05              |     Ncalls=106 (106 total)     |\n| EDM = 0.000112 (Goal: 0.001)  |            up = 0.5            |\n------------------------------------------------------------------\n|  Valid Min.   | Valid Param.  | Above EDM | Reached call limit |\n------------------------------------------------------------------\n|     True      |     True      |   False   |       False        |\n------------------------------------------------------------------\n| Hesse failed  |   Has cov.    | Accurate  | Pos. def. | Forced |\n------------------------------------------------------------------\n|     False     |     True      |   True    |   True    | False  |\n------------------------------------------------------------------",
    "info_params": "name           value    minuit_hesse    at limit\n----------  --------  --------------  ----------\nn_sig;618      52730     +/- 2.8e+02       False\u001b[0m\nn_bkg;618       4574     +/- 1.8e+02       False\u001b[0m\nfrac;618      0.3781     +/-   0.016       False\u001b[0m\nmu;618          5279     +/-   0.078       False\u001b[0m\nsigmaL;618     10.68     +/-    0.22       False\u001b[0m\nsigmaR;618     17.44     +/-    0.17       False\u001b[0m\nlambda;618  -0.00124     +/-  0.0003       False\u001b[0m",
    "lambda;618": -0.001240314624547878,
    "lambda;618_err": 0.00029728610060718357,
    "mu;618": 5278.85630940143,
    "mu;618_err": 0.07821119768303385,
    "n_bkg;618": 4573.682511585282,
    "n_bkg;618_err": 175.02298219944518,
    "n_sig;618": 52734.08954325796,
    "n_sig;618_err": 276.8086483359547,
    "r_params": {
        "alphaL": 1.9687489977958312,
        "alphaL_Kpipi": 0.23984147888569726,
        "alphaR": -1.649339295468638,
        "alphaR_Kpipi": -3.45169511727099,
        "fraction_Kpipi": 0.8861855867303668,
        "muL_Kpipi": 5214.656416664541,
        "muR_Kpipi": 5183.074248990296,
        "nL": 0.3663667050274062,
        "nL_Kpipi": 4.413073505098077,
        "nR": 7.587445557424923,
        "nR_Kpipi": 1.3686501931786665e-08,
        "r_bkgK": 0.035341458516519916,
        "sigmaL_Kpipi": 19.133710600596434,
        "sigmaR_Kpipi": 39.32384704379869
    },
    "sigmaL;618": 10.677598421477592,
    "sigmaL;618_err": 0.2179415467441655,
    "sigmaR;618": 17.43738559892844,
    "sigmaR;618_err": 0.17188870163198577
}