{
    "fit_ok": true,
    "frac;154": 0.3898973576844929,
    "frac;154_err": 0.019417457382972465,
    "info_fit": "------------------------------------------------------------------\n| FCN = -3.199e+05              |     Ncalls=106 (106 total)     |\n| EDM = 6.57e-05 (Goal: 0.001)  |            up = 0.5            |\n------------------------------------------------------------------\n|  Valid Min.   | Valid Param.  | Above EDM | Reached call limit |\n------------------------------------------------------------------\n|     True      |     True      |   False   |       False        |\n------------------------------------------------------------------\n| Hesse failed  |   Has cov.    | Accurate  | Pos. def. | Forced |\n------------------------------------------------------------------\n|     False     |     True      |   True    |   True    | False  |\n------------------------------------------------------------------",
    "info_params": "name            value    minuit_hesse    at limit\n----------  ---------  --------------  ----------\nn_sig;154       52210     +/- 2.7e+02       False\u001b[0m\nn_bkg;154        4734     +/- 1.7e+02       False\u001b[0m\nfrac;154       0.3899     +/-   0.019       False\u001b[0m\nmu;154           5279     +/-   0.078       False\u001b[0m\nsigmaL;154      10.66     +/-    0.22       False\u001b[0m\nsigmaR;154      17.89     +/-     0.2       False\u001b[0m\nlambda;154  -0.001529     +/- 0.00028       False\u001b[0m",
    "lambda;154": -0.0015290213125601637,
    "lambda;154_err": 0.0002804086600803549,
    "mu;154": 5278.861861570993,
    "mu;154_err": 0.07753569221957711,
    "n_bkg;154": 4733.589256750016,
    "n_bkg;154_err": 173.99728892972564,
    "n_sig;154": 52210.121153586915,
    "n_sig;154_err": 273.77891305702946,
    "r_params": {
        "alphaL": 2.02992217591786,
        "alphaL_Kpipi": 0.22363666903410379,
        "alphaR": -1.7778067363088699,
        "alphaR_Kpipi": -3.1055174127311114,
        "fraction_Kpipi": 0.882984193475578,
        "muL_Kpipi": 5213.887678096369,
        "muR_Kpipi": 5182.598684907295,
        "nL": 0.4354740104546931,
        "nL_Kpipi": 4.331861811696532,
        "nR": 5.840596424652496,
        "nR_Kpipi": 8.223734266960342e-05,
        "r_bkgK": 0.04267941642594116,
        "sigmaL_Kpipi": 19.812661185466297,
        "sigmaR_Kpipi": 39.33667875254209
    },
    "sigmaL;154": 10.655068742519271,
    "sigmaL;154_err": 0.2219238344992459,
    "sigmaR;154": 17.885749382589736,
    "sigmaR;154_err": 0.20371578555181688
}