{
    "fit_ok": false,
    "frac;790": 0.4266204212034062,
    "frac;790_err": 0.020489529598990416,
    "info_fit": "------------------------------------------------------------------\n| FCN = -3.199e+05              |     Ncalls=100 (100 total)     |\n| EDM = 0.00118 (Goal: 0.001)   |            up = 0.5            |\n------------------------------------------------------------------\n|  Valid Min.   | Valid Param.  | Above EDM | Reached call limit |\n------------------------------------------------------------------\n|     True      |     True      |   False   |       False        |\n------------------------------------------------------------------\n| Hesse failed  |   Has cov.    | Accurate  | Pos. def. | Forced |\n------------------------------------------------------------------\n|     False     |     True      |   True    |   True    | False  |\n------------------------------------------------------------------",
    "info_params": "name            value    minuit_hesse    at limit\n----------  ---------  --------------  ----------\nn_sig;790       52360     +/- 2.8e+02       False\u001b[0m\nn_bkg;790        4997     +/- 1.8e+02       False\u001b[0m\nfrac;790       0.4266     +/-    0.02       False\u001b[0m\nmu;790           5279     +/-   0.077       False\u001b[0m\nsigmaL;790      10.91     +/-    0.22       False\u001b[0m\nsigmaR;790      18.08     +/-    0.22       False\u001b[0m\nlambda;790  -0.001922     +/- 0.00027       False\u001b[0m",
    "lambda;790": -0.001922144908946044,
    "lambda;790_err": 0.0002698971679109473,
    "mu;790": 5278.839485044959,
    "mu;790_err": 0.07724401065037494,
    "n_bkg;790": 4996.698393103069,
    "n_bkg;790_err": 180.09160663576782,
    "n_sig;790": 52357.99537680061,
    "n_sig;790_err": 278.49077403408165,
    "r_params": {
        "alphaL": 2.02992217591786,
        "alphaL_Kpipi": 0.23984147888569726,
        "alphaR": -1.7778067363088699,
        "alphaR_Kpipi": -3.45169511727099,
        "fraction_Kpipi": 0.8861855867303668,
        "muL_Kpipi": 5214.656416664541,
        "muR_Kpipi": 5183.074248990296,
        "mu_Ds": 5280.338446547206,
        "nL": 0.4354740104546931,
        "nL_Kpipi": 4.413073505098077,
        "nR": 5.840596424652496,
        "nR_Kpipi": 1.3686501931786665e-08,
        "n_sig_Ds": 1349.0374181711002,
        "r_bkgK": 0.035341458516519916,
        "sigmaL_Kpipi": 19.133710600596434,
        "sigmaR_Kpipi": 39.32384704379869,
        "sigma_Ds": 13.529115437744956
    },
    "sigmaL;790": 10.906873740204556,
    "sigmaL;790_err": 0.21700687375521086,
    "sigmaR;790": 18.084012778977332,
    "sigmaR;790_err": 0.22312704682206316
}