{
    "fit_ok": true,
    "frac;595": 0.3310167264749913,
    "frac;595_err": 0.014243521466898999,
    "info_fit": "------------------------------------------------------------------\n| FCN = -3.199e+05              |     Ncalls=103 (103 total)     |\n| EDM = 0.00012 (Goal: 0.001)   |            up = 0.5            |\n------------------------------------------------------------------\n|  Valid Min.   | Valid Param.  | Above EDM | Reached call limit |\n------------------------------------------------------------------\n|     True      |     True      |   False   |       False        |\n------------------------------------------------------------------\n| Hesse failed  |   Has cov.    | Accurate  | Pos. def. | Forced |\n------------------------------------------------------------------\n|     False     |     True      |   True    |   True    | False  |\n------------------------------------------------------------------",
    "info_params": "name            value    minuit_hesse    at limit\n----------  ---------  --------------  ----------\nn_sig;595       52890     +/- 2.8e+02       False\u001b[0m\nn_bkg;595        4414     +/- 1.7e+02       False\u001b[0m\nfrac;595        0.331     +/-   0.014       False\u001b[0m\nmu;595           5279     +/-   0.078       False\u001b[0m\nsigmaL;595      10.09     +/-    0.24       False\u001b[0m\nsigmaR;595      17.24     +/-    0.15       False\u001b[0m\nlambda;595  -0.001144     +/- 0.00031       False\u001b[0m",
    "lambda;595": -0.0011444362831573018,
    "lambda;595_err": 0.0003080665261182298,
    "mu;595": 5278.93249290614,
    "mu;595_err": 0.07829041932799026,
    "n_bkg;595": 4413.725354327369,
    "n_bkg;595_err": 174.00953447510886,
    "n_sig;595": 52889.086195022675,
    "n_sig;595_err": 276.77164224650994,
    "r_params": {
        "alphaL": 1.919029432569905,
        "alphaL_Kpipi": 0.23984147888569726,
        "alphaR": -1.8704117513543848,
        "alphaR_Kpipi": -3.45169511727099,
        "fraction_Kpipi": 0.8861855867303668,
        "muL_Kpipi": 5214.656416664541,
        "muR_Kpipi": 5183.074248990296,
        "nL": 0.3462831937937254,
        "nL_Kpipi": 4.413073505098077,
        "nR": 3.848730361046142,
        "nR_Kpipi": 1.3686501931786665e-08,
        "r_bkgK": 0.035341458516519916,
        "sigmaL_Kpipi": 19.133710600596434,
        "sigmaR_Kpipi": 39.32384704379869
    },
    "sigmaL;595": 10.092593345581257,
    "sigmaL;595_err": 0.23916921125717508,
    "sigmaR;595": 17.2388708438177,
    "sigmaR;595_err": 0.14639085617895375
}