{
    "fit_ok": true,
    "frac;1583": 0.3444466676078122,
    "frac;1583_err": 0.018636012852864738,
    "info_fit": "------------------------------------------------------------------\n| FCN = -3.199e+05              |     Ncalls=106 (106 total)     |\n| EDM = 1.99e-05 (Goal: 0.001)  |            up = 0.5            |\n------------------------------------------------------------------\n|  Valid Min.   | Valid Param.  | Above EDM | Reached call limit |\n------------------------------------------------------------------\n|     True      |     True      |   False   |       False        |\n------------------------------------------------------------------\n| Hesse failed  |   Has cov.    | Accurate  | Pos. def. | Forced |\n------------------------------------------------------------------\n|     False     |     True      |   True    |   True    | False  |\n------------------------------------------------------------------",
    "info_params": "name             value    minuit_hesse    at limit\n-----------  ---------  --------------  ----------\nn_sig;1583       51970     +/- 2.7e+02       False\u001b[0m\nn_bkg;1583        4626     +/- 1.7e+02       False\u001b[0m\nfrac;1583       0.3444     +/-   0.019       False\u001b[0m\nmu;1583           5279     +/-   0.078       False\u001b[0m\nsigmaL;1583       10.3     +/-    0.23       False\u001b[0m\nsigmaR;1583      17.54     +/-    0.18       False\u001b[0m\nlambda;1583  -0.001335     +/- 0.00028       False\u001b[0m",
    "lambda;1583": -0.0013346680133458078,
    "lambda;1583_err": 0.00028206836920677633,
    "mu;1583": 5278.850739868142,
    "mu;1583_err": 0.07766052123198243,
    "n_bkg;1583": 4625.597771738374,
    "n_bkg;1583_err": 169.18648609842703,
    "n_sig;1583": 51966.95999999944,
    "n_sig;1583_err": 269.5620606035894,
    "r_params": {
        "alphaL": 2.02992217591786,
        "alphaL_Kpipi": 0.2398980665667324,
        "alphaR": -1.7778067363088699,
        "alphaR_Kpipi": -3.559916520048696,
        "fraction_Kpipi": 0.9013388399087428,
        "muL_Kpipi": 5214.301481346657,
        "muR_Kpipi": 5187.271352764637,
        "nL": 0.4354740104546931,
        "nL_Kpipi": 4.300412613549394,
        "nR": 5.840596424652496,
        "nR_Kpipi": 0.0001596963522342412,
        "r_bkgK": 0.0496216128755629,
        "sigmaL_Kpipi": 19.3340724527987,
        "sigmaR_Kpipi": 38.6224082883479
    },
    "sigmaL;1583": 10.301366822583814,
    "sigmaL;1583_err": 0.2329785756238927,
    "sigmaR;1583": 17.53670884458813,
    "sigmaR;1583_err": 0.1834437134949867
}