{
    "fit_ok": true,
    "frac;135": 0.42540260200281155,
    "frac;135_err": 0.020479710382984222,
    "info_fit": "------------------------------------------------------------------\n| FCN = -3.199e+05              |     Ncalls=106 (106 total)     |\n| EDM = 0.000333 (Goal: 0.001)  |            up = 0.5            |\n------------------------------------------------------------------\n|  Valid Min.   | Valid Param.  | Above EDM | Reached call limit |\n------------------------------------------------------------------\n|     True      |     True      |   False   |       False        |\n------------------------------------------------------------------\n| Hesse failed  |   Has cov.    | Accurate  | Pos. def. | Forced |\n------------------------------------------------------------------\n|     False     |     True      |   True    |   True    | False  |\n------------------------------------------------------------------",
    "info_params": "name            value    minuit_hesse    at limit\n----------  ---------  --------------  ----------\nn_sig;135       52370     +/- 2.8e+02       False\u001b[0m\nn_bkg;135        5002     +/- 1.8e+02       False\u001b[0m\nfrac;135       0.4254     +/-    0.02       False\u001b[0m\nmu;135           5279     +/-   0.077       False\u001b[0m\nsigmaL;135      10.96     +/-    0.22       False\u001b[0m\nsigmaR;135      18.11     +/-    0.22       False\u001b[0m\nlambda;135  -0.001932     +/- 0.00027       False\u001b[0m",
    "lambda;135": -0.0019315705897211544,
    "lambda;135_err": 0.00027000610126890395,
    "mu;135": 5278.847291562081,
    "mu;135_err": 0.07735837722797055,
    "n_bkg;135": 5001.599792373695,
    "n_bkg;135_err": 180.3627864031081,
    "n_sig;135": 52367.0401120038,
    "n_sig;135_err": 278.64174813975706,
    "r_params": {
        "alphaL": 2.02992217591786,
        "alphaL_Kpipi": 0.23984147888569726,
        "alphaR": -1.7778067363088699,
        "alphaR_Kpipi": -3.45169511727099,
        "fraction_Kpipi": 0.8861855867303668,
        "muL_Kpipi": 5214.656416664541,
        "muR_Kpipi": 5183.074248990296,
        "mu_Ds": 5279.857462879361,
        "nL": 0.4354740104546931,
        "nL_Kpipi": 4.413073505098077,
        "nR": 5.840596424652496,
        "nR_Kpipi": 1.3686501931786665e-08,
        "n_sig_Ds": 1335.6141808157754,
        "r_bkgK": 0.035341458516519916,
        "sigmaL_Kpipi": 19.133710600596434,
        "sigmaR_Kpipi": 39.32384704379869,
        "sigma_Ds": 12.179324681706431
    },
    "sigmaL;135": 10.958770873808112,
    "sigmaL;135_err": 0.21628702298815755,
    "sigmaR;135": 18.108434977450933,
    "sigmaR;135_err": 0.22256170111918197
}