{
    "fit_ok": true,
    "frac;29": 0.39507923407782314,
    "frac;29_err": 0.02001074519340614,
    "info_fit": "------------------------------------------------------------------\n| FCN = -3.199e+05              |     Ncalls=106 (106 total)     |\n| EDM = 6.52e-05 (Goal: 0.001)  |            up = 0.5            |\n------------------------------------------------------------------\n|  Valid Min.   | Valid Param.  | Above EDM | Reached call limit |\n------------------------------------------------------------------\n|     True      |     True      |   False   |       False        |\n------------------------------------------------------------------\n| Hesse failed  |   Has cov.    | Accurate  | Pos. def. | Forced |\n------------------------------------------------------------------\n|     False     |     True      |   True    |   True    | False  |\n------------------------------------------------------------------",
    "info_params": "name           value    minuit_hesse    at limit\n---------  ---------  --------------  ----------\nn_sig;29       52220     +/- 2.8e+02       False\u001b[0m\nn_bkg;29        4825     +/- 1.8e+02       False\u001b[0m\nfrac;29       0.3951     +/-    0.02       False\u001b[0m\nmu;29           5279     +/-   0.078       False\u001b[0m\nsigmaL;29       10.7     +/-    0.23       False\u001b[0m\nsigmaR;29      17.91     +/-    0.21       False\u001b[0m\nlambda;29  -0.001667     +/- 0.00028       False\u001b[0m",
    "lambda;29": -0.0016670500436987284,
    "lambda;29_err": 0.00027796664842512993,
    "mu;29": 5278.857313971234,
    "mu;29_err": 0.07758371968785485,
    "n_bkg;29": 4824.855377388209,
    "n_bkg;29_err": 176.766040840389,
    "n_sig;29": 52219.025492388944,
    "n_sig;29_err": 275.604889132954,
    "r_params": {
        "alphaL": 2.02992217591786,
        "alphaL_Kpipi": 0.239786434404759,
        "alphaR": -1.7778067363088699,
        "alphaR_Kpipi": -3.360429488153233,
        "fraction_Kpipi": 0.8866437322340203,
        "muL_Kpipi": 5214.449723277677,
        "muR_Kpipi": 5182.015625323381,
        "nL": 0.4354740104546931,
        "nL_Kpipi": 3.8655830094570995,
        "nR": 5.840596424652496,
        "nR_Kpipi": 5.234383175713609e-06,
        "r_bkgK": 0.040758300586094275,
        "sigmaL_Kpipi": 18.826187789064296,
        "sigmaR_Kpipi": 39.368711664229075
    },
    "sigmaL;29": 10.702250983860122,
    "sigmaL;29_err": 0.22791535532803442,
    "sigmaR;29": 17.910402817531462,
    "sigmaR;29_err": 0.2077855345394455
}