{
    "fit_ok": true,
    "frac;1260": 0.3092478314991921,
    "frac;1260_err": 0.012166885885616593,
    "info_fit": "------------------------------------------------------------------\n| FCN = -3.199e+05              |     Ncalls=103 (103 total)     |\n| EDM = 0.00031 (Goal: 0.001)   |            up = 0.5            |\n------------------------------------------------------------------\n|  Valid Min.   | Valid Param.  | Above EDM | Reached call limit |\n------------------------------------------------------------------\n|     True      |     True      |   False   |       False        |\n------------------------------------------------------------------\n| Hesse failed  |   Has cov.    | Accurate  | Pos. def. | Forced |\n------------------------------------------------------------------\n|     False     |     True      |   True    |   True    | False  |\n------------------------------------------------------------------",
    "info_params": "name              value    minuit_hesse    at limit\n-----------  ----------  --------------  ----------\nn_sig;1260        52980     +/- 2.7e+02       False\u001b[0m\nn_bkg;1260         4322     +/- 1.7e+02       False\u001b[0m\nfrac;1260        0.3092     +/-   0.012       False\u001b[0m\nmu;1260            5279     +/-    0.08       False\u001b[0m\nsigmaL;1260       10.05     +/-    0.25       False\u001b[0m\nsigmaR;1260       16.71     +/-    0.13       False\u001b[0m\nlambda;1260  -0.0009025     +/- 0.00031       False\u001b[0m",
    "lambda;1260": -0.0009025409838532283,
    "lambda;1260_err": 0.0003088442399657201,
    "mu;1260": 5278.944707640566,
    "mu;1260_err": 0.07951350472795607,
    "n_bkg;1260": 4322.405077192513,
    "n_bkg;1260_err": 168.34108805577205,
    "n_sig;1260": 52975.95342560849,
    "n_sig;1260_err": 273.7477371285458,
    "r_params": {
        "alphaL": 1.768438685136319,
        "alphaL_Kpipi": 0.23984147888569726,
        "alphaR": -1.6995037100954962,
        "alphaR_Kpipi": -3.45169511727099,
        "fraction_Kpipi": 0.8861855867303668,
        "muL_Kpipi": 5214.656416664541,
        "muR_Kpipi": 5183.074248990296,
        "nL": 0.40551759509612056,
        "nL_Kpipi": 4.413073505098077,
        "nR": 5.439061439409342,
        "nR_Kpipi": 1.3686501931786665e-08,
        "r_bkgK": 0.035341458516519916,
        "sigmaL_Kpipi": 19.133710600596434,
        "sigmaR_Kpipi": 39.32384704379869
    },
    "sigmaL;1260": 10.049957960803702,
    "sigmaL;1260_err": 0.2540151682643153,
    "sigmaR;1260": 16.707149947088546,
    "sigmaR;1260_err": 0.12687578670989128
}