{
    "fit_ok": true,
    "frac;847": 0.4369209837820142,
    "frac;847_err": 0.020396905982444303,
    "info_fit": "------------------------------------------------------------------\n| FCN = -3.199e+05              |     Ncalls=106 (106 total)     |\n| EDM = 1.96e-05 (Goal: 0.001)  |            up = 0.5            |\n------------------------------------------------------------------\n|  Valid Min.   | Valid Param.  | Above EDM | Reached call limit |\n------------------------------------------------------------------\n|     True      |     True      |   False   |       False        |\n------------------------------------------------------------------\n| Hesse failed  |   Has cov.    | Accurate  | Pos. def. | Forced |\n------------------------------------------------------------------\n|     False     |     True      |   True    |   True    | False  |\n------------------------------------------------------------------",
    "info_params": "name            value    minuit_hesse    at limit\n----------  ---------  --------------  ----------\nn_sig;847       52430     +/- 2.8e+02       False\u001b[0m\nn_bkg;847        4986     +/- 1.8e+02       False\u001b[0m\nfrac;847       0.4369     +/-    0.02       False\u001b[0m\nmu;847           5279     +/-   0.077       False\u001b[0m\nsigmaL;847      11.01     +/-    0.21       False\u001b[0m\nsigmaR;847      18.26     +/-    0.23       False\u001b[0m\nlambda;847  -0.001919     +/- 0.00027       False\u001b[0m",
    "lambda;847": -0.001919483149547041,
    "lambda;847_err": 0.00027043432111049475,
    "mu;847": 5278.8514756864815,
    "mu;847_err": 0.07746202050140706,
    "n_bkg;847": 4985.655778035809,
    "n_bkg;847_err": 180.10886752651422,
    "n_sig;847": 52428.75443717259,
    "n_sig;847_err": 279.01445035378526,
    "r_params": {
        "alphaL": 2.02992217591786,
        "alphaL_Kpipi": 0.24134363221982333,
        "alphaR": -1.7778067363088699,
        "alphaR_Kpipi": -3.2112477420261762,
        "fraction_Kpipi": 0.9013061951031175,
        "muL_Kpipi": 5213.21166575512,
        "muR_Kpipi": 5182.874281283922,
        "nL": 0.4354740104546931,
        "nL_Kpipi": 4.643047853511215,
        "nR": 5.840596424652496,
        "nR_Kpipi": 9.486814804838947e-06,
        "r_bkgK": 0.03354226756663542,
        "sigmaL_Kpipi": 18.05414623485625,
        "sigmaR_Kpipi": 40.50092646493894
    },
    "sigmaL;847": 11.013712721783339,
    "sigmaL;847_err": 0.212142733933216,
    "sigmaR;847": 18.26141327752818,
    "sigmaR;847_err": 0.22886386338594464
}