{
    "fit_ok": true,
    "frac;1466": 0.39685646749974113,
    "frac;1466_err": 0.021249678644731745,
    "info_fit": "------------------------------------------------------------------\n| FCN = -3.199e+05              |     Ncalls=103 (103 total)     |\n| EDM = 2.37e-05 (Goal: 0.001)  |            up = 0.5            |\n------------------------------------------------------------------\n|  Valid Min.   | Valid Param.  | Above EDM | Reached call limit |\n------------------------------------------------------------------\n|     True      |     True      |   False   |       False        |\n------------------------------------------------------------------\n| Hesse failed  |   Has cov.    | Accurate  | Pos. def. | Forced |\n------------------------------------------------------------------\n|     False     |     True      |   True    |   True    | False  |\n------------------------------------------------------------------",
    "info_params": "name             value    minuit_hesse    at limit\n-----------  ---------  --------------  ----------\nn_sig;1466       52130     +/- 2.8e+02       False\u001b[0m\nn_bkg;1466        5198     +/- 1.8e+02       False\u001b[0m\nfrac;1466       0.3969     +/-   0.021       False\u001b[0m\nmu;1466           5279     +/-   0.077       False\u001b[0m\nsigmaL;1466      10.57     +/-    0.23       False\u001b[0m\nsigmaR;1466      18.24     +/-    0.23       False\u001b[0m\nlambda;1466  -0.002066     +/- 0.00026       False\u001b[0m",
    "lambda;1466": -0.002065913873755987,
    "lambda;1466_err": 0.0002626831895260618,
    "mu;1466": 5278.845830791268,
    "mu;1466_err": 0.07680332835121717,
    "n_bkg;1466": 5197.5706976339025,
    "n_bkg;1466_err": 184.6052531034235,
    "n_sig;1466": 52132.82211982153,
    "n_sig;1466_err": 280.5205950079486,
    "r_params": {
        "alphaL": 2.175046105913617,
        "alphaL_Kpipi": 0.23984147888569726,
        "alphaR": -1.9552568560495043,
        "alphaR_Kpipi": -3.45169511727099,
        "fraction_Kpipi": 0.8861855867303668,
        "muL_Kpipi": 5214.656416664541,
        "muR_Kpipi": 5183.074248990296,
        "nL": 0.2993668322118892,
        "nL_Kpipi": 4.413073505098077,
        "nR": 5.6020387648305014,
        "nR_Kpipi": 1.3686501931786665e-08,
        "r_bkgK": 0.035341458516519916,
        "sigmaL_Kpipi": 19.133710600596434,
        "sigmaR_Kpipi": 39.32384704379869
    },
    "sigmaL;1466": 10.572395401116054,
    "sigmaL;1466_err": 0.22546245065492032,
    "sigmaR;1466": 18.237332225117015,
    "sigmaR;1466_err": 0.2290527922707996
}