{
    "fit_ok": true,
    "frac;131": 0.4223580611015485,
    "frac;131_err": 0.02049331669208193,
    "info_fit": "------------------------------------------------------------------\n| FCN = -3.199e+05              |     Ncalls=106 (106 total)     |\n| EDM = 4.53e-05 (Goal: 0.001)  |            up = 0.5            |\n------------------------------------------------------------------\n|  Valid Min.   | Valid Param.  | Above EDM | Reached call limit |\n------------------------------------------------------------------\n|     True      |     True      |   False   |       False        |\n------------------------------------------------------------------\n| Hesse failed  |   Has cov.    | Accurate  | Pos. def. | Forced |\n------------------------------------------------------------------\n|     False     |     True      |   True    |   True    | False  |\n------------------------------------------------------------------",
    "info_params": "name            value    minuit_hesse    at limit\n----------  ---------  --------------  ----------\nn_sig;131       52340     +/- 2.8e+02       False\u001b[0m\nn_bkg;131        4987     +/- 1.8e+02       False\u001b[0m\nfrac;131       0.4224     +/-    0.02       False\u001b[0m\nmu;131           5279     +/-   0.077       False\u001b[0m\nsigmaL;131       10.9     +/-    0.21       False\u001b[0m\nsigmaR;131      18.17     +/-    0.23       False\u001b[0m\nlambda;131  -0.001865     +/- 0.00027       False\u001b[0m",
    "lambda;131": -0.0018651519179217202,
    "lambda;131_err": 0.00027239334482196607,
    "mu;131": 5278.842897343164,
    "mu;131_err": 0.0772047482891869,
    "n_bkg;131": 4987.480642229074,
    "n_bkg;131_err": 181.39141281749338,
    "n_sig;131": 52335.48754357371,
    "n_sig;131_err": 279.27919708070834,
    "r_params": {
        "alphaL": 2.0898726820338807,
        "alphaL_Kpipi": 0.23984147888569726,
        "alphaR": -1.7673491991251755,
        "alphaR_Kpipi": -3.45169511727099,
        "fraction_Kpipi": 0.8861855867303668,
        "muL_Kpipi": 5214.656416664541,
        "muR_Kpipi": 5183.074248990296,
        "nL": 0.37320948538620685,
        "nL_Kpipi": 4.413073505098077,
        "nR": 6.665762389674148,
        "nR_Kpipi": 1.3686501931786665e-08,
        "r_bkgK": 0.035341458516519916,
        "sigmaL_Kpipi": 19.133710600596434,
        "sigmaR_Kpipi": 39.32384704379869
    },
    "sigmaL;131": 10.897167507646355,
    "sigmaL;131_err": 0.2134398640805763,
    "sigmaR;131": 18.17274693250709,
    "sigmaR;131_err": 0.22678581616438798
}