{
    "fit_ok": true,
    "frac;621": 0.4306863816961563,
    "frac;621_err": 0.020329320519732588,
    "info_fit": "------------------------------------------------------------------\n| FCN = -3.199e+05              |     Ncalls=102 (102 total)     |\n| EDM = 7.4e-05 (Goal: 0.001)   |            up = 0.5            |\n------------------------------------------------------------------\n|  Valid Min.   | Valid Param.  | Above EDM | Reached call limit |\n------------------------------------------------------------------\n|     True      |     True      |   False   |       False        |\n------------------------------------------------------------------\n| Hesse failed  |   Has cov.    | Accurate  | Pos. def. | Forced |\n------------------------------------------------------------------\n|     False     |     True      |   True    |   True    | False  |\n------------------------------------------------------------------",
    "info_params": "name            value    minuit_hesse    at limit\n----------  ---------  --------------  ----------\nn_sig;621       52380     +/- 2.8e+02       False\u001b[0m\nn_bkg;621        4972     +/- 1.8e+02       False\u001b[0m\nfrac;621       0.4307     +/-    0.02       False\u001b[0m\nmu;621           5279     +/-   0.077       False\u001b[0m\nsigmaL;621      10.97     +/-    0.21       False\u001b[0m\nsigmaR;621      18.19     +/-    0.23       False\u001b[0m\nlambda;621  -0.001895     +/- 0.00027       False\u001b[0m",
    "lambda;621": -0.0018951249047888252,
    "lambda;621_err": 0.00027101039160434533,
    "mu;621": 5278.8579705816865,
    "mu;621_err": 0.07743660964589925,
    "n_bkg;621": 4972.360980632757,
    "n_bkg;621_err": 179.7913922685812,
    "n_sig;621": 52382.12701636104,
    "n_sig;621_err": 278.54803350055954,
    "r_params": {
        "alphaL": 2.02992217591786,
        "alphaL_Kpipi": 0.2535357057705759,
        "alphaR": -1.7778067363088699,
        "alphaR_Kpipi": -3.2846264834189745,
        "fraction_Kpipi": 0.8963796862661488,
        "muL_Kpipi": 5213.169106258051,
        "muR_Kpipi": 5181.8603920197065,
        "nL": 0.4354740104546931,
        "nL_Kpipi": 4.276175288488712,
        "nR": 5.840596424652496,
        "nR_Kpipi": 0.0003593131071647325,
        "r_bkgK": 0.03472674357808066,
        "sigmaL_Kpipi": 19.024909027930875,
        "sigmaR_Kpipi": 39.06120561135085
    },
    "sigmaL;621": 10.971710571757473,
    "sigmaL;621_err": 0.21306007143936578,
    "sigmaR;621": 18.191552138466896,
    "sigmaR;621_err": 0.22544971571369382
}