{
    "fit_ok": true,
    "frac;1293": 0.4267048178839895,
    "frac;1293_err": 0.0205724781115235,
    "info_fit": "------------------------------------------------------------------\n| FCN = -3.199e+05              |     Ncalls=102 (102 total)     |\n| EDM = 8.65e-05 (Goal: 0.001)  |            up = 0.5            |\n------------------------------------------------------------------\n|  Valid Min.   | Valid Param.  | Above EDM | Reached call limit |\n------------------------------------------------------------------\n|     True      |     True      |   False   |       False        |\n------------------------------------------------------------------\n| Hesse failed  |   Has cov.    | Accurate  | Pos. def. | Forced |\n------------------------------------------------------------------\n|     False     |     True      |   True    |   True    | False  |\n------------------------------------------------------------------",
    "info_params": "name             value    minuit_hesse    at limit\n-----------  ---------  --------------  ----------\nn_sig;1293       52270     +/- 2.8e+02       False\u001b[0m\nn_bkg;1293        5003     +/- 1.8e+02       False\u001b[0m\nfrac;1293       0.4267     +/-   0.021       False\u001b[0m\nmu;1293           5279     +/-   0.078       False\u001b[0m\nsigmaL;1293      10.94     +/-    0.22       False\u001b[0m\nsigmaR;1293      18.12     +/-    0.22       False\u001b[0m\nlambda;1293  -0.001934     +/- 0.00027       False\u001b[0m",
    "lambda;1293": -0.0019335948042900064,
    "lambda;1293_err": 0.0002700479349628718,
    "mu;1293": 5278.862706184498,
    "mu;1293_err": 0.07750811546425718,
    "n_bkg;1293": 5003.050445872553,
    "n_bkg;1293_err": 180.48419579064222,
    "n_sig;1293": 52269.93970983782,
    "n_sig;1293_err": 278.7231972644646,
    "r_params": {
        "alphaL": 2.02992217591786,
        "alphaL_Kpipi": 0.23984147888569726,
        "alphaR": -1.7778067363088699,
        "alphaR_Kpipi": -3.45169511727099,
        "fraction_Kpipi": 0.8861855867303668,
        "muL_Kpipi": 5214.656416664541,
        "muR_Kpipi": 5183.074248990296,
        "mu_Ds": 5279.418573818272,
        "nL": 0.4354740104546931,
        "nL_Kpipi": 4.413073505098077,
        "nR": 5.840596424652496,
        "nR_Kpipi": 1.3686501931786665e-08,
        "n_sig_Ds": 1435.481100650417,
        "r_bkgK": 0.035341458516519916,
        "sigmaL_Kpipi": 19.133710600596434,
        "sigmaR_Kpipi": 39.32384704379869,
        "sigma_Ds": 12.756914423264998
    },
    "sigmaL;1293": 10.939222685753759,
    "sigmaL;1293_err": 0.2178336151150758,
    "sigmaR;1293": 18.11741355913948,
    "sigmaR;1293_err": 0.22399735004126733
}