{
    "fit_ok": true,
    "frac;1589": 0.3562439749608047,
    "frac;1589_err": 0.01961225375360468,
    "info_fit": "------------------------------------------------------------------\n| FCN = -3.199e+05              |     Ncalls=103 (103 total)     |\n| EDM = 4.88e-06 (Goal: 0.001)  |            up = 0.5            |\n------------------------------------------------------------------\n|  Valid Min.   | Valid Param.  | Above EDM | Reached call limit |\n------------------------------------------------------------------\n|     True      |     True      |   False   |       False        |\n------------------------------------------------------------------\n| Hesse failed  |   Has cov.    | Accurate  | Pos. def. | Forced |\n------------------------------------------------------------------\n|     False     |     True      |   True    |   True    | False  |\n------------------------------------------------------------------",
    "info_params": "name             value    minuit_hesse    at limit\n-----------  ---------  --------------  ----------\nn_sig;1589       51940     +/- 2.7e+02       False\u001b[0m\nn_bkg;1589        4847     +/- 1.8e+02       False\u001b[0m\nfrac;1589       0.3562     +/-    0.02       False\u001b[0m\nmu;1589           5279     +/-   0.078       False\u001b[0m\nsigmaL;1589      10.43     +/-    0.23       False\u001b[0m\nsigmaR;1589      17.54     +/-    0.19       False\u001b[0m\nlambda;1589  -0.001696     +/- 0.00027       False\u001b[0m",
    "lambda;1589": -0.0016961019675238997,
    "lambda;1589_err": 0.0002747491474629764,
    "mu;1589": 5278.862766863105,
    "mu;1589_err": 0.07760768303419754,
    "n_bkg;1589": 4847.2285061768425,
    "n_bkg;1589_err": 175.73128029109972,
    "n_sig;1589": 51936.14794986694,
    "n_sig;1589_err": 273.55276759665463,
    "r_params": {
        "alphaL": 2.02992217591786,
        "alphaL_Kpipi": 0.2645129364727497,
        "alphaR": -1.7778067363088699,
        "alphaR_Kpipi": -3.5406255122656973,
        "fraction_Kpipi": 0.9044110832681553,
        "muL_Kpipi": 5216.031586186971,
        "muR_Kpipi": 5183.775252102518,
        "nL": 0.4354740104546931,
        "nL_Kpipi": 4.446128211105085,
        "nR": 5.840596424652496,
        "nR_Kpipi": 0.0004406171653386789,
        "r_bkgK": 0.04598804486253109,
        "sigmaL_Kpipi": 18.98423715202239,
        "sigmaR_Kpipi": 38.75928740013844
    },
    "sigmaL;1589": 10.426138333190828,
    "sigmaL;1589_err": 0.23448881518351575,
    "sigmaR;1589": 17.54006236984526,
    "sigmaR;1589_err": 0.19122352751469823
}