{
    "fit_ok": true,
    "frac;716": 0.3328054664469419,
    "frac;716_err": 0.017028566768199763,
    "info_fit": "------------------------------------------------------------------\n| FCN = -3.199e+05              |     Ncalls=105 (105 total)     |\n| EDM = 8.54e-06 (Goal: 0.001)  |            up = 0.5            |\n------------------------------------------------------------------\n|  Valid Min.   | Valid Param.  | Above EDM | Reached call limit |\n------------------------------------------------------------------\n|     True      |     True      |   False   |       False        |\n------------------------------------------------------------------\n| Hesse failed  |   Has cov.    | Accurate  | Pos. def. | Forced |\n------------------------------------------------------------------\n|     False     |     True      |   True    |   True    | False  |\n------------------------------------------------------------------",
    "info_params": "name            value    minuit_hesse    at limit\n----------  ---------  --------------  ----------\nn_sig;716       52340     +/- 2.8e+02       False\u001b[0m\nn_bkg;716        4978     +/- 1.8e+02       False\u001b[0m\nfrac;716       0.3328     +/-   0.017       False\u001b[0m\nmu;716           5279     +/-   0.078       False\u001b[0m\nsigmaL;716      10.09     +/-    0.24       False\u001b[0m\nsigmaR;716      17.43     +/-    0.17       False\u001b[0m\nlambda;716  -0.001691     +/- 0.00028       False\u001b[0m",
    "lambda;716": -0.00169098226864961,
    "lambda;716_err": 0.00027950566927959603,
    "mu;716": 5278.875998104235,
    "mu;716_err": 0.07776930892737643,
    "n_bkg;716": 4977.787683224809,
    "n_bkg;716_err": 183.45624448514485,
    "n_sig;716": 52343.66729010334,
    "n_sig;716_err": 280.46831600702666,
    "r_params": {
        "alphaL": 2.0468576226732145,
        "alphaL_Kpipi": 0.23984147888569726,
        "alphaR": -1.825655319952768,
        "alphaR_Kpipi": -3.45169511727099,
        "fraction_Kpipi": 0.8861855867303668,
        "muL_Kpipi": 5214.656416664541,
        "muR_Kpipi": 5183.074248990296,
        "nL": 0.29081630249695073,
        "nL_Kpipi": 4.413073505098077,
        "nR": 7.979519343857911,
        "nR_Kpipi": 1.3686501931786665e-08,
        "r_bkgK": 0.035341458516519916,
        "sigmaL_Kpipi": 19.133710600596434,
        "sigmaR_Kpipi": 39.32384704379869
    },
    "sigmaL;716": 10.08743375097963,
    "sigmaL;716_err": 0.24450915946399576,
    "sigmaR;716": 17.42888579311537,
    "sigmaR;716_err": 0.16712835284362748
}