{
    "fit_ok": false,
    "frac;361": 0.42668122785720913,
    "frac;361_err": 0.02057410058324407,
    "info_fit": "------------------------------------------------------------------\n| FCN = -3.199e+05              |     Ncalls=100 (100 total)     |\n| EDM = 0.00185 (Goal: 0.001)   |            up = 0.5            |\n------------------------------------------------------------------\n|  Valid Min.   | Valid Param.  | Above EDM | Reached call limit |\n------------------------------------------------------------------\n|     True      |     True      |   False   |       False        |\n------------------------------------------------------------------\n| Hesse failed  |   Has cov.    | Accurate  | Pos. def. | Forced |\n------------------------------------------------------------------\n|     False     |     True      |   True    |   True    | False  |\n------------------------------------------------------------------",
    "info_params": "name            value    minuit_hesse    at limit\n----------  ---------  --------------  ----------\nn_sig;361       52260     +/- 2.8e+02       False\u001b[0m\nn_bkg;361        5007     +/- 1.8e+02       False\u001b[0m\nfrac;361       0.4267     +/-   0.021       False\u001b[0m\nmu;361           5279     +/-   0.078       False\u001b[0m\nsigmaL;361      10.98     +/-    0.22       False\u001b[0m\nsigmaR;361      18.14     +/-    0.22       False\u001b[0m\nlambda;361  -0.001941     +/- 0.00027       False\u001b[0m",
    "lambda;361": -0.0019414659180090332,
    "lambda;361_err": 0.00026996383935076046,
    "mu;361": 5278.897716843933,
    "mu;361_err": 0.07763456719431054,
    "n_bkg;361": 5006.909198046272,
    "n_bkg;361_err": 180.61886220304618,
    "n_sig;361": 52256.33756661524,
    "n_sig;361_err": 278.7197550333472,
    "r_params": {
        "alphaL": 2.02992217591786,
        "alphaL_Kpipi": 0.23984147888569726,
        "alphaR": -1.7778067363088699,
        "alphaR_Kpipi": -3.45169511727099,
        "fraction_Kpipi": 0.8861855867303668,
        "muL_Kpipi": 5214.656416664541,
        "muR_Kpipi": 5183.074248990296,
        "mu_Ds": 5278.311100460514,
        "nL": 0.4354740104546931,
        "nL_Kpipi": 4.413073505098077,
        "nR": 5.840596424652496,
        "nR_Kpipi": 1.3686501931786665e-08,
        "n_sig_Ds": 1444.0576236172328,
        "r_bkgK": 0.035341458516519916,
        "sigmaL_Kpipi": 19.133710600596434,
        "sigmaR_Kpipi": 39.32384704379869,
        "sigma_Ds": 11.904351199754718
    },
    "sigmaL;361": 10.980528465547497,
    "sigmaL;361_err": 0.21700624479566535,
    "sigmaR;361": 18.136529984277388,
    "sigmaR;361_err": 0.22395138624528912
}