{
    "fit_ok": true,
    "frac;1584": 0.3784955001554954,
    "frac;1584_err": 0.019540005980026663,
    "info_fit": "------------------------------------------------------------------\n| FCN = -3.199e+05              |     Ncalls=106 (106 total)     |\n| EDM = 0.000177 (Goal: 0.001)  |            up = 0.5            |\n------------------------------------------------------------------\n|  Valid Min.   | Valid Param.  | Above EDM | Reached call limit |\n------------------------------------------------------------------\n|     True      |     True      |   False   |       False        |\n------------------------------------------------------------------\n| Hesse failed  |   Has cov.    | Accurate  | Pos. def. | Forced |\n------------------------------------------------------------------\n|     False     |     True      |   True    |   True    | False  |\n------------------------------------------------------------------",
    "info_params": "name             value    minuit_hesse    at limit\n-----------  ---------  --------------  ----------\nn_sig;1584       52100     +/- 2.7e+02       False\u001b[0m\nn_bkg;1584        4816     +/- 1.8e+02       False\u001b[0m\nfrac;1584       0.3785     +/-    0.02       False\u001b[0m\nmu;1584           5279     +/-   0.078       False\u001b[0m\nsigmaL;1584      10.58     +/-    0.22       False\u001b[0m\nsigmaR;1584      17.75     +/-     0.2       False\u001b[0m\nlambda;1584  -0.001647     +/- 0.00028       False\u001b[0m",
    "lambda;1584": -0.001647066026842614,
    "lambda;1584_err": 0.00027636673983880757,
    "mu;1584": 5278.863708423239,
    "mu;1584_err": 0.07753422279154566,
    "n_bkg;1584": 4816.016719047077,
    "n_bkg;1584_err": 175.38519306476002,
    "n_sig;1584": 52099.42055901384,
    "n_sig;1584_err": 274.1560238539126,
    "r_params": {
        "alphaL": 2.02992217591786,
        "alphaL_Kpipi": 0.2562129303784786,
        "alphaR": -1.7778067363088699,
        "alphaR_Kpipi": -3.5411839094738444,
        "fraction_Kpipi": 0.8731526560689323,
        "muL_Kpipi": 5215.5040014341275,
        "muR_Kpipi": 5178.11244541,
        "nL": 0.4354740104546931,
        "nL_Kpipi": 4.110974302447043,
        "nR": 5.840596424652496,
        "nR_Kpipi": 0.00010472530472217619,
        "r_bkgK": 0.04331309155915808,
        "sigmaL_Kpipi": 19.095830996713826,
        "sigmaR_Kpipi": 40.11645091079104
    },
    "sigmaL;1584": 10.584872699929353,
    "sigmaL;1584_err": 0.22453989649041256,
    "sigmaR;1584": 17.74697865866063,
    "sigmaR;1584_err": 0.19951247403329325
}