{
    "fit_ok": true,
    "frac;688": 0.5069238453652327,
    "frac;688_err": 0.021457943400963804,
    "info_fit": "------------------------------------------------------------------\n| FCN = -3.199e+05              |     Ncalls=105 (105 total)     |\n| EDM = 4.15e-06 (Goal: 0.001)  |            up = 0.5            |\n------------------------------------------------------------------\n|  Valid Min.   | Valid Param.  | Above EDM | Reached call limit |\n------------------------------------------------------------------\n|     True      |     True      |   False   |       False        |\n------------------------------------------------------------------\n| Hesse failed  |   Has cov.    | Accurate  | Pos. def. | Forced |\n------------------------------------------------------------------\n|     False     |     True      |   True    |   True    | False  |\n------------------------------------------------------------------",
    "info_params": "name            value    minuit_hesse    at limit\n----------  ---------  --------------  ----------\nn_sig;688       52600     +/- 2.8e+02       False\u001b[0m\nn_bkg;688        5454     +/- 1.9e+02       False\u001b[0m\nfrac;688       0.5069     +/-   0.021       False\u001b[0m\nmu;688           5279     +/-   0.077       False\u001b[0m\nsigmaL;688      11.51     +/-    0.19       False\u001b[0m\nsigmaR;688      18.75     +/-    0.28       False\u001b[0m\nlambda;688  -0.002552     +/- 0.00025       False\u001b[0m",
    "lambda;688": -0.0025519721602124124,
    "lambda;688_err": 0.0002486541854991345,
    "mu;688": 5278.880356446129,
    "mu;688_err": 0.07720021910564275,
    "n_bkg;688": 5453.863164980599,
    "n_bkg;688_err": 186.90043241875873,
    "n_sig;688": 52599.2931360183,
    "n_sig;688_err": 284.984227667195,
    "r_params": {
        "alphaL": 2.02992217591786,
        "alphaL_Kpipi": 0.22868431480943877,
        "alphaR": -1.7778067363088699,
        "alphaR_Kpipi": -3.539453199984786,
        "fraction_Kpipi": 0.8653361445373533,
        "muL_Kpipi": 5215.4690468571935,
        "muR_Kpipi": 5185.124127806807,
        "nL": 0.4354740104546931,
        "nL_Kpipi": 4.683097773586314,
        "nR": 5.840596424652496,
        "nR_Kpipi": 9.928191321064187e-05,
        "r_bkgK": 0.02131705407697925,
        "sigmaL_Kpipi": 19.93959466389612,
        "sigmaR_Kpipi": 38.98271492540637
    },
    "sigmaL;688": 11.507663785834993,
    "sigmaL;688_err": 0.19310632679316558,
    "sigmaR;688": 18.74695164833974,
    "sigmaR;688_err": 0.2755123128486986
}