{
    "fit_ok": true,
    "frac;298": 0.7144870681162178,
    "frac;298_err": 0.014283102604214452,
    "info_fit": "------------------------------------------------------------------\n| FCN = -3.199e+05              |     Ncalls=101 (101 total)     |\n| EDM = 0.000123 (Goal: 0.001)  |            up = 0.5            |\n------------------------------------------------------------------\n|  Valid Min.   | Valid Param.  | Above EDM | Reached call limit |\n------------------------------------------------------------------\n|     True      |     True      |   False   |       False        |\n------------------------------------------------------------------\n| Hesse failed  |   Has cov.    | Accurate  | Pos. def. | Forced |\n------------------------------------------------------------------\n|     False     |     True      |   True    |   True    | False  |\n------------------------------------------------------------------",
    "info_params": "name           value    minuit_hesse    at limit\n----------  --------  --------------  ----------\nn_sig;298      53610     +/- 2.7e+02       False\u001b[0m\nn_bkg;298       3672     +/- 1.5e+02       False\u001b[0m\nfrac;298      0.7145     +/-   0.014       False\u001b[0m\nmu;298          5279     +/-   0.077       False\u001b[0m\nsigmaL;298     13.09     +/-    0.13       False\u001b[0m\nsigmaR;298     21.56     +/-    0.49       False\u001b[0m\nlambda;298  -0.00227     +/- 0.00031       False\u001b[0m",
    "lambda;298": -0.002270284085598276,
    "lambda;298_err": 0.00031192175842516127,
    "mu;298": 5278.874311697274,
    "mu;298_err": 0.07676539718008692,
    "n_bkg;298": 3671.762371964717,
    "n_bkg;298_err": 149.88363435189723,
    "n_sig;298": 53606.945410330205,
    "n_sig;298_err": 266.31600409469223,
    "r_params": {
        "alphaL": 2.0283878445756915,
        "alphaL_Kpipi": 0.23984147888569726,
        "alphaR": -1.6512452528785593,
        "alphaR_Kpipi": -3.45169511727099,
        "fraction_Kpipi": 0.8861855867303668,
        "muL_Kpipi": 5214.656416664541,
        "muR_Kpipi": 5183.074248990296,
        "nL": 0.6688602365243873,
        "nL_Kpipi": 4.413073505098077,
        "nR": 1.4953514284770142,
        "nR_Kpipi": 1.3686501931786665e-08,
        "r_bkgK": 0.035341458516519916,
        "sigmaL_Kpipi": 19.133710600596434,
        "sigmaR_Kpipi": 39.32384704379869
    },
    "sigmaL;298": 13.088636830191685,
    "sigmaL;298_err": 0.1270727773686689,
    "sigmaR;298": 21.562676996150657,
    "sigmaR;298_err": 0.4870965918248854
}