{
    "fit_ok": true,
    "frac;528": 0.4238682143809817,
    "frac;528_err": 0.020445455442160736,
    "info_fit": "------------------------------------------------------------------\n| FCN = -3.199e+05              |     Ncalls=136 (136 total)     |\n| EDM = 0.000246 (Goal: 0.001)  |            up = 0.5            |\n------------------------------------------------------------------\n|  Valid Min.   | Valid Param.  | Above EDM | Reached call limit |\n------------------------------------------------------------------\n|     True      |     True      |   False   |       False        |\n------------------------------------------------------------------\n| Hesse failed  |   Has cov.    | Accurate  | Pos. def. | Forced |\n------------------------------------------------------------------\n|     False     |     True      |   True    |   True    | False  |\n------------------------------------------------------------------",
    "info_params": "name            value    minuit_hesse    at limit\n----------  ---------  --------------  ----------\nn_sig;528       52320     +/- 2.8e+02       False\u001b[0m\nn_bkg;528        5014     +/- 1.8e+02       False\u001b[0m\nfrac;528       0.4239     +/-    0.02       False\u001b[0m\nmu;528           5279     +/-   0.077       False\u001b[0m\nsigmaL;528      10.94     +/-    0.22       False\u001b[0m\nsigmaR;528      18.09     +/-    0.22       False\u001b[0m\nlambda;528  -0.001948     +/- 0.00027       False\u001b[0m",
    "lambda;528": -0.0019480588218401262,
    "lambda;528_err": 0.00026902168449633346,
    "mu;528": 5278.810824224169,
    "mu;528_err": 0.07738306857506258,
    "n_bkg;528": 5013.650970314088,
    "n_bkg;528_err": 180.2991128099345,
    "n_sig;528": 52319.56004277896,
    "n_sig;528_err": 278.35578816082534,
    "r_params": {
        "alphaL": 2.02992217591786,
        "alphaL_Kpipi": 0.23984147888569726,
        "alphaR": -1.7778067363088699,
        "alphaR_Kpipi": -3.45169511727099,
        "fraction_Kpipi": 0.8861855867303668,
        "muL_Kpipi": 5214.656416664541,
        "muR_Kpipi": 5183.074248990296,
        "mu_Ds": 5280.966859077494,
        "nL": 0.4354740104546931,
        "nL_Kpipi": 4.413073505098077,
        "nR": 5.840596424652496,
        "nR_Kpipi": 1.3686501931786665e-08,
        "n_sig_Ds": 1370.2456413050193,
        "r_bkgK": 0.035341458516519916,
        "sigmaL_Kpipi": 19.133710600596434,
        "sigmaR_Kpipi": 39.32384704379869,
        "sigma_Ds": 12.325810034371825
    },
    "sigmaL;528": 10.936040845517354,
    "sigmaL;528_err": 0.2164323070251356,
    "sigmaR;528": 18.09438464665039,
    "sigmaR;528_err": 0.22216006881399644
}