{
    "fit_ok": true,
    "frac;1352": 0.3059479213955061,
    "frac;1352_err": 0.009709005799740983,
    "info_fit": "------------------------------------------------------------------\n| FCN = -3.199e+05              |     Ncalls=102 (102 total)     |\n| EDM = 4.86e-06 (Goal: 0.001)  |            up = 0.5            |\n------------------------------------------------------------------\n|  Valid Min.   | Valid Param.  | Above EDM | Reached call limit |\n------------------------------------------------------------------\n|     True      |     True      |   False   |       False        |\n------------------------------------------------------------------\n| Hesse failed  |   Has cov.    | Accurate  | Pos. def. | Forced |\n------------------------------------------------------------------\n|     False     |     True      |   True    |   True    | False  |\n------------------------------------------------------------------",
    "info_params": "name              value    minuit_hesse    at limit\n-----------  ----------  --------------  ----------\nn_sig;1352        54160     +/- 2.4e+02       False\u001b[0m\nn_bkg;1352         3090     +/-      88       False\u001b[0m\nfrac;1352        0.3059     +/-  0.0097       False\u001b[0m\nmu;1352            5279     +/-   0.078       False\u001b[0m\nsigmaL;1352       10.32     +/-    0.27       False\u001b[0m\nsigmaR;1352       16.77     +/-     0.1       False\u001b[0m\nlambda;1352  -1.021e-10     +/- 1.8e-08       False\u001b[0m",
    "lambda;1352": -1.0207168443798764e-10,
    "lambda;1352_err": 1.7861439639268624e-08,
    "mu;1352": 5278.739336577147,
    "mu;1352_err": 0.0782458602308908,
    "n_bkg;1352": 3089.9807571874944,
    "n_bkg;1352_err": 88.47152024689399,
    "n_sig;1352": 54161.58922162659,
    "n_sig;1352_err": 240.9862314379169,
    "r_params": {
        "alphaL": 2.095187637580214,
        "alphaL_Kpipi": 0.23984147888569726,
        "alphaR": -1.7094873910030972,
        "alphaR_Kpipi": -3.45169511727099,
        "fraction_Kpipi": 0.8861855867303668,
        "muL_Kpipi": 5214.656416664541,
        "muR_Kpipi": 5183.074248990296,
        "nL": 0.1118916862560142,
        "nL_Kpipi": 4.413073505098077,
        "nR": 2.5673359337317843,
        "nR_Kpipi": 1.3686501931786665e-08,
        "r_bkgK": 0.035341458516519916,
        "sigmaL_Kpipi": 19.133710600596434,
        "sigmaR_Kpipi": 39.32384704379869
    },
    "sigmaL;1352": 10.317365157319326,
    "sigmaL;1352_err": 0.27241982653371566,
    "sigmaR;1352": 16.774652984283847,
    "sigmaR;1352_err": 0.10374168705093983
}