{
    "fit_ok": true,
    "frac;677": 0.4218590224458427,
    "frac;677_err": 0.02034037692098274,
    "info_fit": "------------------------------------------------------------------\n| FCN = -3.199e+05              |     Ncalls=102 (102 total)     |\n| EDM = 0.000157 (Goal: 0.001)  |            up = 0.5            |\n------------------------------------------------------------------\n|  Valid Min.   | Valid Param.  | Above EDM | Reached call limit |\n------------------------------------------------------------------\n|     True      |     True      |   False   |       False        |\n------------------------------------------------------------------\n| Hesse failed  |   Has cov.    | Accurate  | Pos. def. | Forced |\n------------------------------------------------------------------\n|     False     |     True      |   True    |   True    | False  |\n------------------------------------------------------------------",
    "info_params": "name           value    minuit_hesse    at limit\n----------  --------  --------------  ----------\nn_sig;677      52320     +/- 2.8e+02       False\u001b[0m\nn_bkg;677       4927     +/- 1.8e+02       False\u001b[0m\nfrac;677      0.4219     +/-    0.02       False\u001b[0m\nmu;677          5279     +/-   0.077       False\u001b[0m\nsigmaL;677     10.91     +/-    0.22       False\u001b[0m\nsigmaR;677      18.1     +/-    0.22       False\u001b[0m\nlambda;677  -0.00182     +/- 0.00027       False\u001b[0m",
    "lambda;677": -0.0018199342133866647,
    "lambda;677_err": 0.0002734129320924144,
    "mu;677": 5278.868808320353,
    "mu;677_err": 0.0774589981137378,
    "n_bkg;677": 4926.995744960454,
    "n_bkg;677_err": 179.02024080157742,
    "n_sig;677": 52315.237160292796,
    "n_sig;677_err": 277.63700572240344,
    "r_params": {
        "alphaL": 2.02992217591786,
        "alphaL_Kpipi": 0.24211208365574896,
        "alphaR": -1.7778067363088699,
        "alphaR_Kpipi": -3.428266889874766,
        "fraction_Kpipi": 0.8665903508325488,
        "muL_Kpipi": 5213.708543602191,
        "muR_Kpipi": 5183.0186141445065,
        "nL": 0.4354740104546931,
        "nL_Kpipi": 4.315836665258932,
        "nR": 5.840596424652496,
        "nR_Kpipi": 0.00025820958876541784,
        "r_bkgK": 0.03688083098366103,
        "sigmaL_Kpipi": 20.03641812652241,
        "sigmaR_Kpipi": 40.926055690958954
    },
    "sigmaL;677": 10.910280418545014,
    "sigmaL;677_err": 0.21889175444118927,
    "sigmaR;677": 18.09824197092048,
    "sigmaR;677_err": 0.2205260766323224
}