{
    "fit_ok": true,
    "frac;1530": 0.36993323399795763,
    "frac;1530_err": 0.018256232254785273,
    "info_fit": "------------------------------------------------------------------\n| FCN = -3.199e+05              |     Ncalls=102 (102 total)     |\n| EDM = 4.3e-05 (Goal: 0.001)   |            up = 0.5            |\n------------------------------------------------------------------\n|  Valid Min.   | Valid Param.  | Above EDM | Reached call limit |\n------------------------------------------------------------------\n|     True      |     True      |   False   |       False        |\n------------------------------------------------------------------\n| Hesse failed  |   Has cov.    | Accurate  | Pos. def. | Forced |\n------------------------------------------------------------------\n|     False     |     True      |   True    |   True    | False  |\n------------------------------------------------------------------",
    "info_params": "name             value    minuit_hesse    at limit\n-----------  ---------  --------------  ----------\nn_sig;1530       52270     +/- 2.8e+02       False\u001b[0m\nn_bkg;1530        5056     +/- 1.8e+02       False\u001b[0m\nfrac;1530       0.3699     +/-   0.018       False\u001b[0m\nmu;1530           5279     +/-   0.078       False\u001b[0m\nsigmaL;1530      10.51     +/-    0.24       False\u001b[0m\nsigmaR;1530      17.48     +/-    0.18       False\u001b[0m\nlambda;1530  -0.001891     +/- 0.00027       False\u001b[0m",
    "lambda;1530": -0.0018907425101130082,
    "lambda;1530_err": 0.00027148984715222584,
    "mu;1530": 5278.906092655315,
    "mu;1530_err": 0.07832279344388945,
    "n_bkg;1530": 5055.874935457032,
    "n_bkg;1530_err": 182.40742677064935,
    "n_sig;1530": 52268.87394187416,
    "n_sig;1530_err": 279.60770703680646,
    "r_params": {
        "alphaL": 1.9174079277651956,
        "alphaL_Kpipi": 0.23984147888569726,
        "alphaR": -1.740672892401425,
        "alphaR_Kpipi": -3.45169511727099,
        "fraction_Kpipi": 0.8861855867303668,
        "muL_Kpipi": 5214.656416664541,
        "muR_Kpipi": 5183.074248990296,
        "nL": 0.4576318917652855,
        "nL_Kpipi": 4.413073505098077,
        "nR": 8.046113536079847,
        "nR_Kpipi": 1.3686501931786665e-08,
        "r_bkgK": 0.035341458516519916,
        "sigmaL_Kpipi": 19.133710600596434,
        "sigmaR_Kpipi": 39.32384704379869
    },
    "sigmaL;1530": 10.514094724097095,
    "sigmaL;1530_err": 0.23870768115400282,
    "sigmaR;1530": 17.476532582897626,
    "sigmaR;1530_err": 0.17814519081340605
}