{
    "fit_ok": true,
    "frac;539": 0.5194714173545192,
    "frac;539_err": 0.02563920922571597,
    "info_fit": "------------------------------------------------------------------\n| FCN = -3.199e+05              |     Ncalls=103 (103 total)     |\n| EDM = 0.000134 (Goal: 0.001)  |            up = 0.5            |\n------------------------------------------------------------------\n|  Valid Min.   | Valid Param.  | Above EDM | Reached call limit |\n------------------------------------------------------------------\n|     True      |     True      |   False   |       False        |\n------------------------------------------------------------------\n| Hesse failed  |   Has cov.    | Accurate  | Pos. def. | Forced |\n------------------------------------------------------------------\n|     False     |     True      |   True    |   True    | False  |\n------------------------------------------------------------------",
    "info_params": "name            value    minuit_hesse    at limit\n----------  ---------  --------------  ----------\nn_sig;539       51660     +/- 2.7e+02       False\u001b[0m\nn_bkg;539        5689     +/- 1.7e+02       False\u001b[0m\nfrac;539       0.5195     +/-   0.026       False\u001b[0m\nmu;539           5279     +/-   0.077       False\u001b[0m\nsigmaL;539      11.61     +/-    0.21       False\u001b[0m\nsigmaR;539      19.19     +/-    0.33       False\u001b[0m\nlambda;539  -0.002889     +/- 0.00021       False\u001b[0m",
    "lambda;539": -0.0028891037114873175,
    "lambda;539_err": 0.0002103043587028874,
    "mu;539": 5278.818238833947,
    "mu;539_err": 0.07670143688165222,
    "n_bkg;539": 5688.59257746874,
    "n_bkg;539_err": 167.21754828864692,
    "n_sig;539": 51660.30425308937,
    "n_sig;539_err": 268.5696014779249,
    "r_params": {
        "alphaL": 2.11378844131876,
        "alphaL_Kpipi": 0.23984147888569726,
        "alphaR": -1.7709239972176856,
        "alphaR_Kpipi": -3.45169511727099,
        "fraction_Kpipi": 0.8861855867303668,
        "muL_Kpipi": 5214.656416664541,
        "muR_Kpipi": 5183.074248990296,
        "nL": 0.594255321039382,
        "nL_Kpipi": 4.413073505098077,
        "nR": 5.988416885971604,
        "nR_Kpipi": 1.3686501931786665e-08,
        "r_bkgK": 0.035341458516519916,
        "sigmaL_Kpipi": 19.133710600596434,
        "sigmaR_Kpipi": 39.32384704379869
    },
    "sigmaL;539": 11.613537941421935,
    "sigmaL;539_err": 0.20694480071582244,
    "sigmaR;539": 19.185667939836158,
    "sigmaR;539_err": 0.3293106075835251
}