{
    "fit_ok": true,
    "frac;940": 0.3624153796976636,
    "frac;940_err": 0.015169662585328519,
    "info_fit": "------------------------------------------------------------------\n| FCN = -3.199e+05              |     Ncalls=106 (106 total)     |\n| EDM = 7.22e-05 (Goal: 0.001)  |            up = 0.5            |\n------------------------------------------------------------------\n|  Valid Min.   | Valid Param.  | Above EDM | Reached call limit |\n------------------------------------------------------------------\n|     True      |     True      |   False   |       False        |\n------------------------------------------------------------------\n| Hesse failed  |   Has cov.    | Accurate  | Pos. def. | Forced |\n------------------------------------------------------------------\n|     False     |     True      |   True    |   True    | False  |\n------------------------------------------------------------------",
    "info_params": "name            value    minuit_hesse    at limit\n----------  ---------  --------------  ----------\nn_sig;940       52850     +/- 2.8e+02       False\u001b[0m\nn_bkg;940        4449     +/- 1.7e+02       False\u001b[0m\nfrac;940       0.3624     +/-   0.015       False\u001b[0m\nmu;940           5279     +/-   0.078       False\u001b[0m\nsigmaL;940      10.51     +/-    0.22       False\u001b[0m\nsigmaR;940      17.38     +/-    0.16       False\u001b[0m\nlambda;940  -0.001077     +/-  0.0003       False\u001b[0m",
    "lambda;940": -0.0010765600724316204,
    "lambda;940_err": 0.000303948586953084,
    "mu;940": 5278.863118300275,
    "mu;940_err": 0.07803530992483747,
    "n_bkg;940": 4449.1499058722775,
    "n_bkg;940_err": 172.59343412002923,
    "n_sig;940": 52854.39902157292,
    "n_sig;940_err": 275.801485037617,
    "r_params": {
        "alphaL": 1.979153147670295,
        "alphaL_Kpipi": 0.23984147888569726,
        "alphaR": -1.7001992078304213,
        "alphaR_Kpipi": -3.45169511727099,
        "fraction_Kpipi": 0.8861855867303668,
        "muL_Kpipi": 5214.656416664541,
        "muR_Kpipi": 5183.074248990296,
        "nL": 0.3306339018926278,
        "nL_Kpipi": 4.413073505098077,
        "nR": 6.1142402476776425,
        "nR_Kpipi": 1.3686501931786665e-08,
        "r_bkgK": 0.035341458516519916,
        "sigmaL_Kpipi": 19.133710600596434,
        "sigmaR_Kpipi": 39.32384704379869
    },
    "sigmaL;940": 10.51226179553312,
    "sigmaL;940_err": 0.21986215762472297,
    "sigmaR;940": 17.377454993567156,
    "sigmaR;940_err": 0.16181579113641928
}