{
    "fit_ok": true,
    "frac;1330": 0.42675220873015995,
    "frac;1330_err": 0.020579936327171918,
    "info_fit": "------------------------------------------------------------------\n| FCN = -3.199e+05              |     Ncalls=100 (100 total)     |\n| EDM = 0.000187 (Goal: 0.001)  |            up = 0.5            |\n------------------------------------------------------------------\n|  Valid Min.   | Valid Param.  | Above EDM | Reached call limit |\n------------------------------------------------------------------\n|     True      |     True      |   False   |       False        |\n------------------------------------------------------------------\n| Hesse failed  |   Has cov.    | Accurate  | Pos. def. | Forced |\n------------------------------------------------------------------\n|     False     |     True      |   True    |   True    | False  |\n------------------------------------------------------------------",
    "info_params": "name             value    minuit_hesse    at limit\n-----------  ---------  --------------  ----------\nn_sig;1330       52280     +/- 2.8e+02       False\u001b[0m\nn_bkg;1330        5002     +/- 1.8e+02       False\u001b[0m\nfrac;1330       0.4268     +/-   0.021       False\u001b[0m\nmu;1330           5279     +/-   0.078       False\u001b[0m\nsigmaL;1330      10.94     +/-    0.22       False\u001b[0m\nsigmaR;1330      18.12     +/-    0.22       False\u001b[0m\nlambda;1330  -0.001933     +/- 0.00027       False\u001b[0m",
    "lambda;1330": -0.0019333194055595193,
    "lambda;1330_err": 0.00027006732324359473,
    "mu;1330": 5278.877600983387,
    "mu;1330_err": 0.0775005520541553,
    "n_bkg;1330": 5002.443285731952,
    "n_bkg;1330_err": 180.4699171961994,
    "n_sig;1330": 52283.077208699244,
    "n_sig;1330_err": 278.69953130997084,
    "r_params": {
        "alphaL": 2.02992217591786,
        "alphaL_Kpipi": 0.23984147888569726,
        "alphaR": -1.7778067363088699,
        "alphaR_Kpipi": -3.45169511727099,
        "fraction_Kpipi": 0.8861855867303668,
        "muL_Kpipi": 5214.656416664541,
        "muR_Kpipi": 5183.074248990296,
        "mu_Ds": 5278.971612252426,
        "nL": 0.4354740104546931,
        "nL_Kpipi": 4.413073505098077,
        "nR": 5.840596424652496,
        "nR_Kpipi": 1.3686501931786665e-08,
        "n_sig_Ds": 1422.3672196578143,
        "r_bkgK": 0.035341458516519916,
        "sigmaL_Kpipi": 19.133710600596434,
        "sigmaR_Kpipi": 39.32384704379869,
        "sigma_Ds": 12.730063353155451
    },
    "sigmaL;1330": 10.940014863584569,
    "sigmaL;1330_err": 0.21814033621675735,
    "sigmaR;1330": 18.11617911253323,
    "sigmaR;1330_err": 0.22385134424148484
}