{
    "fit_ok": true,
    "frac;1326": 0.3634145532807365,
    "frac;1326_err": 0.017555808441805147,
    "info_fit": "------------------------------------------------------------------\n| FCN = -3.199e+05              |     Ncalls=106 (106 total)     |\n| EDM = 0.000223 (Goal: 0.001)  |            up = 0.5            |\n------------------------------------------------------------------\n|  Valid Min.   | Valid Param.  | Above EDM | Reached call limit |\n------------------------------------------------------------------\n|     True      |     True      |   False   |       False        |\n------------------------------------------------------------------\n| Hesse failed  |   Has cov.    | Accurate  | Pos. def. | Forced |\n------------------------------------------------------------------\n|     False     |     True      |   True    |   True    | False  |\n------------------------------------------------------------------",
    "info_params": "name             value    minuit_hesse    at limit\n-----------  ---------  --------------  ----------\nn_sig;1326       52470     +/- 2.8e+02       False\u001b[0m\nn_bkg;1326        4843     +/- 1.8e+02       False\u001b[0m\nfrac;1326       0.3634     +/-   0.018       False\u001b[0m\nmu;1326           5279     +/-   0.077       False\u001b[0m\nsigmaL;1326      10.36     +/-    0.22       False\u001b[0m\nsigmaR;1326      17.71     +/-    0.18       False\u001b[0m\nlambda;1326  -0.001611     +/- 0.00028       False\u001b[0m",
    "lambda;1326": -0.0016112238018261005,
    "lambda;1326_err": 0.0002841632979582874,
    "mu;1326": 5278.8670844936005,
    "mu;1326_err": 0.07738269501700028,
    "n_bkg;1326": 4843.30857895916,
    "n_bkg;1326_err": 181.10253238564152,
    "n_sig;1326": 52473.80700975811,
    "n_sig;1326_err": 279.54216797541307,
    "r_params": {
        "alphaL": 2.0740361421156224,
        "alphaL_Kpipi": 0.23984147888569726,
        "alphaR": -1.8442145840511581,
        "alphaR_Kpipi": -3.45169511727099,
        "fraction_Kpipi": 0.8861855867303668,
        "muL_Kpipi": 5214.656416664541,
        "muR_Kpipi": 5183.074248990296,
        "nL": 0.30207198912363376,
        "nL_Kpipi": 4.413073505098077,
        "nR": 5.782745235016942,
        "nR_Kpipi": 1.3686501931786665e-08,
        "r_bkgK": 0.035341458516519916,
        "sigmaL_Kpipi": 19.133710600596434,
        "sigmaR_Kpipi": 39.32384704379869
    },
    "sigmaL;1326": 10.358487099611354,
    "sigmaL;1326_err": 0.2228938258382699,
    "sigmaR;1326": 17.70835409250941,
    "sigmaR;1326_err": 0.18306379217666588
}