{
    "fit_ok": true,
    "frac;814": 0.36350661107945564,
    "frac;814_err": 0.018734366096369474,
    "info_fit": "------------------------------------------------------------------\n| FCN = -3.199e+05              |     Ncalls=106 (106 total)     |\n| EDM = 7.18e-06 (Goal: 0.001)  |            up = 0.5            |\n------------------------------------------------------------------\n|  Valid Min.   | Valid Param.  | Above EDM | Reached call limit |\n------------------------------------------------------------------\n|     True      |     True      |   False   |       False        |\n------------------------------------------------------------------\n| Hesse failed  |   Has cov.    | Accurate  | Pos. def. | Forced |\n------------------------------------------------------------------\n|     False     |     True      |   True    |   True    | False  |\n------------------------------------------------------------------",
    "info_params": "name            value    minuit_hesse    at limit\n----------  ---------  --------------  ----------\nn_sig;814       52070     +/- 2.7e+02       False\u001b[0m\nn_bkg;814        4639     +/- 1.7e+02       False\u001b[0m\nfrac;814       0.3635     +/-   0.019       False\u001b[0m\nmu;814           5279     +/-   0.078       False\u001b[0m\nsigmaL;814      10.45     +/-    0.22       False\u001b[0m\nsigmaR;814      17.69     +/-    0.19       False\u001b[0m\nlambda;814  -0.001364     +/- 0.00028       False\u001b[0m",
    "lambda;814": -0.0013638259903507866,
    "lambda;814_err": 0.00028202503239478546,
    "mu;814": 5278.859159878759,
    "mu;814_err": 0.07759300725024794,
    "n_bkg;814": 4638.943819263805,
    "n_bkg;814_err": 170.0847181864085,
    "n_sig;814": 52069.196180798615,
    "n_sig;814_err": 270.61773974910255,
    "r_params": {
        "alphaL": 2.02992217591786,
        "alphaL_Kpipi": 0.24325118254918013,
        "alphaR": -1.7778067363088699,
        "alphaR_Kpipi": -3.3434672684581503,
        "fraction_Kpipi": 0.8588090625554773,
        "muL_Kpipi": 5213.496151011735,
        "muR_Kpipi": 5185.251063985319,
        "nL": 0.4354740104546931,
        "nL_Kpipi": 4.604181115995583,
        "nR": 5.840596424652496,
        "nR_Kpipi": 0.00022544872255657146,
        "r_bkgK": 0.04730971814540459,
        "sigmaL_Kpipi": 20.020186038455474,
        "sigmaR_Kpipi": 40.98061605066785
    },
    "sigmaL;814": 10.44845670439403,
    "sigmaL;814_err": 0.22413874516043109,
    "sigmaR;814": 17.688204400666475,
    "sigmaR;814_err": 0.1908874854367561
}