{
    "fit_ok": true,
    "frac;0": 0.46836342069330034,
    "frac;0_err": 0.02778994964137901,
    "info_fit": "------------------------------------------------------------------\n| FCN = -3.199e+05              |     Ncalls=105 (105 total)     |\n| EDM = 3.52e-06 (Goal: 0.001)  |            up = 0.5            |\n------------------------------------------------------------------\n|  Valid Min.   | Valid Param.  | Above EDM | Reached call limit |\n------------------------------------------------------------------\n|     True      |     True      |   False   |       False        |\n------------------------------------------------------------------\n| Hesse failed  |   Has cov.    | Accurate  | Pos. def. | Forced |\n------------------------------------------------------------------\n|     False     |     True      |   True    |   True    | False  |\n------------------------------------------------------------------",
    "info_params": "name          value    minuit_hesse    at limit\n--------  ---------  --------------  ----------\nn_sig;0       51360     +/- 2.7e+02       False\u001b[0m\nn_bkg;0        6000     +/- 1.8e+02       False\u001b[0m\nfrac;0       0.4684     +/-   0.028       False\u001b[0m\nmu;0           5279     +/-   0.077       False\u001b[0m\nsigmaL;0      11.13     +/-    0.24       False\u001b[0m\nsigmaR;0      18.96     +/-    0.31       False\u001b[0m\nlambda;0  -0.003047     +/- 0.00021       False\u001b[0m",
    "lambda;0": -0.0030468871774631673,
    "lambda;0_err": 0.00020594079120872744,
    "mu;0": 5278.840148187014,
    "mu;0_err": 0.07652336551383365,
    "n_bkg;0": 5999.6603284762805,
    "n_bkg;0_err": 175.1961549790574,
    "n_sig;0": 51359.03642231514,
    "n_sig;0_err": 272.1398201559642,
    "r_params": {
        "alphaL": 2.1409219857678474,
        "alphaL_Kpipi": 0.23984147888569726,
        "alphaR": -1.970775888795639,
        "alphaR_Kpipi": -3.45169511727099,
        "fraction_Kpipi": 0.8861855867303668,
        "muL_Kpipi": 5214.656416664541,
        "muR_Kpipi": 5183.074248990296,
        "nL": 0.5486144697107205,
        "nL_Kpipi": 4.413073505098077,
        "nR": 7.194432034680528,
        "nR_Kpipi": 1.3686501931786665e-08,
        "r_bkgK": 0.035341458516519916,
        "sigmaL_Kpipi": 19.133710600596434,
        "sigmaR_Kpipi": 39.32384704379869
    },
    "sigmaL;0": 11.127135451934626,
    "sigmaL;0_err": 0.238972311593781,
    "sigmaR;0": 18.955794374550155,
    "sigmaR;0_err": 0.31472738587547977
}