{
    "fit_ok": true,
    "frac;1344": 0.42600436299605915,
    "frac;1344_err": 0.020539574658558536,
    "info_fit": "------------------------------------------------------------------\n| FCN = -3.199e+05              |     Ncalls=102 (102 total)     |\n| EDM = 0.000197 (Goal: 0.001)  |            up = 0.5            |\n------------------------------------------------------------------\n|  Valid Min.   | Valid Param.  | Above EDM | Reached call limit |\n------------------------------------------------------------------\n|     True      |     True      |   False   |       False        |\n------------------------------------------------------------------\n| Hesse failed  |   Has cov.    | Accurate  | Pos. def. | Forced |\n------------------------------------------------------------------\n|     False     |     True      |   True    |   True    | False  |\n------------------------------------------------------------------",
    "info_params": "name             value    minuit_hesse    at limit\n-----------  ---------  --------------  ----------\nn_sig;1344       52300     +/- 2.8e+02       False\u001b[0m\nn_bkg;1344        5004     +/- 1.8e+02       False\u001b[0m\nfrac;1344        0.426     +/-   0.021       False\u001b[0m\nmu;1344           5279     +/-   0.077       False\u001b[0m\nsigmaL;1344      10.95     +/-    0.22       False\u001b[0m\nsigmaR;1344      18.12     +/-    0.22       False\u001b[0m\nlambda;1344  -0.001935     +/- 0.00027       False\u001b[0m",
    "lambda;1344": -0.0019346801273293357,
    "lambda;1344_err": 0.00027016848059666093,
    "mu;1344": 5278.855706473838,
    "mu;1344_err": 0.077489050767566,
    "n_bkg;1344": 5003.721834924468,
    "n_bkg;1344_err": 180.57176609413924,
    "n_sig;1344": 52295.916122762486,
    "n_sig;1344_err": 278.76672502846077,
    "r_params": {
        "alphaL": 2.02992217591786,
        "alphaL_Kpipi": 0.23984147888569726,
        "alphaR": -1.7778067363088699,
        "alphaR_Kpipi": -3.45169511727099,
        "fraction_Kpipi": 0.8861855867303668,
        "muL_Kpipi": 5214.656416664541,
        "muR_Kpipi": 5183.074248990296,
        "mu_Ds": 5279.578795233042,
        "nL": 0.4354740104546931,
        "nL_Kpipi": 4.413073505098077,
        "nR": 5.840596424652496,
        "nR_Kpipi": 1.3686501931786665e-08,
        "n_sig_Ds": 1407.6106166976751,
        "r_bkgK": 0.035341458516519916,
        "sigmaL_Kpipi": 19.133710600596434,
        "sigmaR_Kpipi": 39.32384704379869,
        "sigma_Ds": 12.34748314318455
    },
    "sigmaL;1344": 10.954833048726762,
    "sigmaL;1344_err": 0.21693115333145585,
    "sigmaR;1344": 18.11961092957648,
    "sigmaR;1344_err": 0.22357575867671578
}