{
    "fit_ok": true,
    "frac;1246": 0.4259941114278668,
    "frac;1246_err": 0.02051149429513759,
    "info_fit": "------------------------------------------------------------------\n| FCN = -3.199e+05              |     Ncalls=104 (104 total)     |\n| EDM = 3.07e-05 (Goal: 0.001)  |            up = 0.5            |\n------------------------------------------------------------------\n|  Valid Min.   | Valid Param.  | Above EDM | Reached call limit |\n------------------------------------------------------------------\n|     True      |     True      |   False   |       False        |\n------------------------------------------------------------------\n| Hesse failed  |   Has cov.    | Accurate  | Pos. def. | Forced |\n------------------------------------------------------------------\n|     False     |     True      |   True    |   True    | False  |\n------------------------------------------------------------------",
    "info_params": "name             value    minuit_hesse    at limit\n-----------  ---------  --------------  ----------\nn_sig;1246       52430     +/- 2.8e+02       False\u001b[0m\nn_bkg;1246        4994     +/- 1.8e+02       False\u001b[0m\nfrac;1246        0.426     +/-   0.021       False\u001b[0m\nmu;1246           5279     +/-   0.077       False\u001b[0m\nsigmaL;1246      10.93     +/-    0.22       False\u001b[0m\nsigmaR;1246      18.09     +/-    0.22       False\u001b[0m\nlambda;1246  -0.001921     +/- 0.00027       False\u001b[0m",
    "lambda;1246": -0.0019208692640743097,
    "lambda;1246_err": 0.0002703826428120043,
    "mu;1246": 5278.879511390579,
    "mu;1246_err": 0.07723329842679195,
    "n_bkg;1246": 4993.945850859487,
    "n_bkg;1246_err": 180.24239644330208,
    "n_sig;1246": 52432.30295924884,
    "n_sig;1246_err": 278.54289889297434,
    "r_params": {
        "alphaL": 2.02992217591786,
        "alphaL_Kpipi": 0.23984147888569726,
        "alphaR": -1.7778067363088699,
        "alphaR_Kpipi": -3.45169511727099,
        "fraction_Kpipi": 0.8861855867303668,
        "muL_Kpipi": 5214.656416664541,
        "muR_Kpipi": 5183.074248990296,
        "mu_Ds": 5278.938525100975,
        "nL": 0.4354740104546931,
        "nL_Kpipi": 4.413073505098077,
        "nR": 5.840596424652496,
        "nR_Kpipi": 1.3686501931786665e-08,
        "n_sig_Ds": 1275.182668469529,
        "r_bkgK": 0.035341458516519916,
        "sigmaL_Kpipi": 19.133710600596434,
        "sigmaR_Kpipi": 39.32384704379869,
        "sigma_Ds": 12.756618310488776
    },
    "sigmaL;1246": 10.933599535077837,
    "sigmaL;1246_err": 0.21768506744437813,
    "sigmaR;1246": 18.094178974822302,
    "sigmaR;1246_err": 0.22245093020180565
}