{
    "fit_ok": true,
    "frac;1513": 0.40590040100096025,
    "frac;1513_err": 0.020242290609530866,
    "info_fit": "------------------------------------------------------------------\n| FCN = -3.199e+05              |     Ncalls=105 (105 total)     |\n| EDM = 3.64e-05 (Goal: 0.001)  |            up = 0.5            |\n------------------------------------------------------------------\n|  Valid Min.   | Valid Param.  | Above EDM | Reached call limit |\n------------------------------------------------------------------\n|     True      |     True      |   False   |       False        |\n------------------------------------------------------------------\n| Hesse failed  |   Has cov.    | Accurate  | Pos. def. | Forced |\n------------------------------------------------------------------\n|     False     |     True      |   True    |   True    | False  |\n------------------------------------------------------------------",
    "info_params": "name             value    minuit_hesse    at limit\n-----------  ---------  --------------  ----------\nn_sig;1513       52260     +/- 2.8e+02       False\u001b[0m\nn_bkg;1513        4872     +/- 1.8e+02       False\u001b[0m\nfrac;1513       0.4059     +/-    0.02       False\u001b[0m\nmu;1513           5279     +/-   0.078       False\u001b[0m\nsigmaL;1513      10.79     +/-    0.23       False\u001b[0m\nsigmaR;1513      17.99     +/-    0.21       False\u001b[0m\nlambda;1513  -0.001733     +/- 0.00028       False\u001b[0m",
    "lambda;1513": -0.0017334994733509967,
    "lambda;1513_err": 0.00027614891172743773,
    "mu;1513": 5278.85887214403,
    "mu;1513_err": 0.07754594289255282,
    "n_bkg;1513": 4872.022831490044,
    "n_bkg;1513_err": 177.87526386919583,
    "n_sig;1513": 52264.49920364403,
    "n_sig;1513_err": 276.59019388140655,
    "r_params": {
        "alphaL": 2.02992217591786,
        "alphaL_Kpipi": 0.22563107408401437,
        "alphaR": -1.7778067363088699,
        "alphaR_Kpipi": -3.7808841551071795,
        "fraction_Kpipi": 0.8739668785550098,
        "muL_Kpipi": 5214.947760127437,
        "muR_Kpipi": 5183.116060086552,
        "nL": 0.4354740104546931,
        "nL_Kpipi": 4.250568199963475,
        "nR": 5.840596424652496,
        "nR_Kpipi": 0.0006408574111858094,
        "r_bkgK": 0.03895455604270155,
        "sigmaL_Kpipi": 18.418826641849638,
        "sigmaR_Kpipi": 40.496558183957795
    },
    "sigmaL;1513": 10.788556238672653,
    "sigmaL;1513_err": 0.22631465251965374,
    "sigmaR;1513": 17.98805567923242,
    "sigmaR;1513_err": 0.21283556243838725
}