{
    "fit_ok": true,
    "frac;1574": 0.43559000863445324,
    "frac;1574_err": 0.021041974760323073,
    "info_fit": "------------------------------------------------------------------\n| FCN = -3.199e+05              |     Ncalls=105 (105 total)     |\n| EDM = 1.04e-05 (Goal: 0.001)  |            up = 0.5            |\n------------------------------------------------------------------\n|  Valid Min.   | Valid Param.  | Above EDM | Reached call limit |\n------------------------------------------------------------------\n|     True      |     True      |   False   |       False        |\n------------------------------------------------------------------\n| Hesse failed  |   Has cov.    | Accurate  | Pos. def. | Forced |\n------------------------------------------------------------------\n|     False     |     True      |   True    |   True    | False  |\n------------------------------------------------------------------",
    "info_params": "name            value    minuit_hesse    at limit\n-----------  --------  --------------  ----------\nn_sig;1574      52310     +/- 2.8e+02       False\u001b[0m\nn_bkg;1574       5153     +/- 1.8e+02       False\u001b[0m\nfrac;1574      0.4356     +/-   0.021       False\u001b[0m\nmu;1574          5279     +/-   0.077       False\u001b[0m\nsigmaL;1574     11.03     +/-    0.22       False\u001b[0m\nsigmaR;1574     18.15     +/-    0.23       False\u001b[0m\nlambda;1574  -0.00215     +/- 0.00026       False\u001b[0m",
    "lambda;1574": -0.0021497287141933885,
    "lambda;1574_err": 0.00026348640328439156,
    "mu;1574": 5278.868122920071,
    "mu;1574_err": 0.07743219054164478,
    "n_bkg;1574": 5152.738672724659,
    "n_bkg;1574_err": 183.08142834641754,
    "n_sig;1574": 52311.66501636102,
    "n_sig;1574_err": 280.492389322095,
    "r_params": {
        "alphaL": 2.02992217591786,
        "alphaL_Kpipi": 0.2597780692584579,
        "alphaR": -1.7778067363088699,
        "alphaR_Kpipi": -4.1157537265849236,
        "fraction_Kpipi": 0.906405500471062,
        "muL_Kpipi": 5214.833748089704,
        "muR_Kpipi": 5188.37965403902,
        "nL": 0.4354740104546931,
        "nL_Kpipi": 4.188262244458663,
        "nR": 5.840596424652496,
        "nR_Kpipi": 2.843139913334736e-05,
        "r_bkgK": 0.03266918232736066,
        "sigmaL_Kpipi": 18.981148598364083,
        "sigmaR_Kpipi": 39.94759167150057
    },
    "sigmaL;1574": 11.030559451336096,
    "sigmaL;1574_err": 0.21662030714933794,
    "sigmaR;1574": 18.145574497169623,
    "sigmaR;1574_err": 0.22964380656294406
}