{
    "fit_ok": true,
    "frac;863": 0.42521238469142386,
    "frac;863_err": 0.02050118352923443,
    "info_fit": "------------------------------------------------------------------\n| FCN = -3.199e+05              |     Ncalls=106 (106 total)     |\n| EDM = 9.23e-05 (Goal: 0.001)  |            up = 0.5            |\n------------------------------------------------------------------\n|  Valid Min.   | Valid Param.  | Above EDM | Reached call limit |\n------------------------------------------------------------------\n|     True      |     True      |   False   |       False        |\n------------------------------------------------------------------\n| Hesse failed  |   Has cov.    | Accurate  | Pos. def. | Forced |\n------------------------------------------------------------------\n|     False     |     True      |   True    |   True    | False  |\n------------------------------------------------------------------",
    "info_params": "name            value    minuit_hesse    at limit\n----------  ---------  --------------  ----------\nn_sig;863       52340     +/- 2.8e+02       False\u001b[0m\nn_bkg;863        5004     +/- 1.8e+02       False\u001b[0m\nfrac;863       0.4252     +/-   0.021       False\u001b[0m\nmu;863           5279     +/-   0.077       False\u001b[0m\nsigmaL;863      10.98     +/-    0.22       False\u001b[0m\nsigmaR;863      18.12     +/-    0.22       False\u001b[0m\nlambda;863  -0.001938     +/- 0.00027       False\u001b[0m",
    "lambda;863": -0.0019381918500087636,
    "lambda;863_err": 0.0002698111300088717,
    "mu;863": 5278.856962090821,
    "mu;863_err": 0.07744388345209387,
    "n_bkg;863": 5003.617929827611,
    "n_bkg;863_err": 180.3949032149654,
    "n_sig;863": 52344.996644930776,
    "n_sig;863_err": 278.6524571211864,
    "r_params": {
        "alphaL": 2.02992217591786,
        "alphaL_Kpipi": 0.23984147888569726,
        "alphaR": -1.7778067363088699,
        "alphaR_Kpipi": -3.45169511727099,
        "fraction_Kpipi": 0.8861855867303668,
        "muL_Kpipi": 5214.656416664541,
        "muR_Kpipi": 5183.074248990296,
        "mu_Ds": 5279.470974876057,
        "nL": 0.4354740104546931,
        "nL_Kpipi": 4.413073505098077,
        "nR": 5.840596424652496,
        "nR_Kpipi": 1.3686501931786665e-08,
        "n_sig_Ds": 1355.2182331468596,
        "r_bkgK": 0.035341458516519916,
        "sigmaL_Kpipi": 19.133710600596434,
        "sigmaR_Kpipi": 39.32384704379869,
        "sigma_Ds": 11.760683204958566
    },
    "sigmaL;863": 10.980080219787148,
    "sigmaL;863_err": 0.21637721404068289,
    "sigmaR;863": 18.11786115990523,
    "sigmaR;863_err": 0.22253587198439725
}