{
    "fit_ok": true,
    "frac;1380": 0.4271814103871127,
    "frac;1380_err": 0.020538189692868615,
    "info_fit": "------------------------------------------------------------------\n| FCN = -3.199e+05              |     Ncalls=104 (104 total)     |\n| EDM = 0.000148 (Goal: 0.001)  |            up = 0.5            |\n------------------------------------------------------------------\n|  Valid Min.   | Valid Param.  | Above EDM | Reached call limit |\n------------------------------------------------------------------\n|     True      |     True      |   False   |       False        |\n------------------------------------------------------------------\n| Hesse failed  |   Has cov.    | Accurate  | Pos. def. | Forced |\n------------------------------------------------------------------\n|     False     |     True      |   True    |   True    | False  |\n------------------------------------------------------------------",
    "info_params": "name             value    minuit_hesse    at limit\n-----------  ---------  --------------  ----------\nn_sig;1380       52300     +/- 2.8e+02       False\u001b[0m\nn_bkg;1380        5000     +/- 1.8e+02       False\u001b[0m\nfrac;1380       0.4272     +/-   0.021       False\u001b[0m\nmu;1380           5279     +/-   0.077       False\u001b[0m\nsigmaL;1380      10.93     +/-    0.22       False\u001b[0m\nsigmaR;1380      18.11     +/-    0.22       False\u001b[0m\nlambda;1380  -0.001929     +/- 0.00027       False\u001b[0m",
    "lambda;1380": -0.0019294053292622237,
    "lambda;1380_err": 0.0002697787085557679,
    "mu;1380": 5278.88165032251,
    "mu;1380_err": 0.0774163486681539,
    "n_bkg;1380": 4999.847907098639,
    "n_bkg;1380_err": 180.2081037754024,
    "n_sig;1380": 52299.897503005915,
    "n_sig;1380_err": 278.5186946187562,
    "r_params": {
        "alphaL": 2.02992217591786,
        "alphaL_Kpipi": 0.23984147888569726,
        "alphaR": -1.7778067363088699,
        "alphaR_Kpipi": -3.45169511727099,
        "fraction_Kpipi": 0.8861855867303668,
        "muL_Kpipi": 5214.656416664541,
        "muR_Kpipi": 5183.074248990296,
        "mu_Ds": 5278.904665208513,
        "nL": 0.4354740104546931,
        "nL_Kpipi": 4.413073505098077,
        "nR": 5.840596424652496,
        "nR_Kpipi": 1.3686501931786665e-08,
        "n_sig_Ds": 1405.913211179905,
        "r_bkgK": 0.035341458516519916,
        "sigmaL_Kpipi": 19.133710600596434,
        "sigmaR_Kpipi": 39.32384704379869,
        "sigma_Ds": 13.15138168245037
    },
    "sigmaL;1380": 10.926194652165496,
    "sigmaL;1380_err": 0.21761564766690936,
    "sigmaR;1380": 18.105418081031843,
    "sigmaR;1380_err": 0.223740370077995
}