{
    "fit_ok": true,
    "frac;1367": 0.20938694707952812,
    "frac;1367_err": 0.00964506132741461,
    "info_fit": "------------------------------------------------------------------\n| FCN = -3.199e+05              |     Ncalls=106 (106 total)     |\n| EDM = 6.27e-05 (Goal: 0.001)  |            up = 0.5            |\n------------------------------------------------------------------\n|  Valid Min.   | Valid Param.  | Above EDM | Reached call limit |\n------------------------------------------------------------------\n|     True      |     True      |   False   |       False        |\n------------------------------------------------------------------\n| Hesse failed  |   Has cov.    | Accurate  | Pos. def. | Forced |\n------------------------------------------------------------------\n|     False     |     True      |   True    |   True    | False  |\n------------------------------------------------------------------",
    "info_params": "name              value    minuit_hesse    at limit\n-----------  ----------  --------------  ----------\nn_sig;1367        52830     +/- 2.7e+02       False\u001b[0m\nn_bkg;1367         4474     +/- 1.7e+02       False\u001b[0m\nfrac;1367        0.2094     +/-  0.0096       False\u001b[0m\nmu;1367            5279     +/-   0.078       False\u001b[0m\nsigmaL;1367       8.732     +/-    0.29       False\u001b[0m\nsigmaR;1367       16.44     +/-     0.1       False\u001b[0m\nlambda;1367  -0.0009256     +/-  0.0003       False\u001b[0m",
    "lambda;1367": -0.0009255860784481706,
    "lambda;1367_err": 0.00029953717560506597,
    "mu;1367": 5278.845130191161,
    "mu;1367_err": 0.07826457375816914,
    "n_bkg;1367": 4473.94887360165,
    "n_bkg;1367_err": 169.70472813265857,
    "n_sig;1367": 52828.51574456028,
    "n_sig;1367_err": 273.9313898830592,
    "r_params": {
        "alphaL": 2.089910866070334,
        "alphaL_Kpipi": 0.23984147888569726,
        "alphaR": -1.8709605548252597,
        "alphaR_Kpipi": -3.45169511727099,
        "fraction_Kpipi": 0.8861855867303668,
        "muL_Kpipi": 5214.656416664541,
        "muR_Kpipi": 5183.074248990296,
        "nL": 0.0680723515811934,
        "nL_Kpipi": 4.413073505098077,
        "nR": 5.409142410232944,
        "nR_Kpipi": 1.3686501931786665e-08,
        "r_bkgK": 0.035341458516519916,
        "sigmaL_Kpipi": 19.133710600596434,
        "sigmaR_Kpipi": 39.32384704379869
    },
    "sigmaL;1367": 8.73173517756933,
    "sigmaL;1367_err": 0.28504296880790514,
    "sigmaR;1367": 16.437291654429792,
    "sigmaR;1367_err": 0.10352870283419273
}