{
    "fit_ok": true,
    "frac;379": 0.4271236119516121,
    "frac;379_err": 0.020555059250539187,
    "info_fit": "------------------------------------------------------------------\n| FCN = -3.199e+05              |     Ncalls=106 (106 total)     |\n| EDM = 0.000314 (Goal: 0.001)  |            up = 0.5            |\n------------------------------------------------------------------\n|  Valid Min.   | Valid Param.  | Above EDM | Reached call limit |\n------------------------------------------------------------------\n|     True      |     True      |   False   |       False        |\n------------------------------------------------------------------\n| Hesse failed  |   Has cov.    | Accurate  | Pos. def. | Forced |\n------------------------------------------------------------------\n|     False     |     True      |   True    |   True    | False  |\n------------------------------------------------------------------",
    "info_params": "name            value    minuit_hesse    at limit\n----------  ---------  --------------  ----------\nn_sig;379       52310     +/- 2.8e+02       False\u001b[0m\nn_bkg;379        5000     +/- 1.8e+02       False\u001b[0m\nfrac;379       0.4271     +/-   0.021       False\u001b[0m\nmu;379           5279     +/-   0.077       False\u001b[0m\nsigmaL;379      10.93     +/-    0.22       False\u001b[0m\nsigmaR;379      18.11     +/-    0.22       False\u001b[0m\nlambda;379  -0.001928     +/- 0.00027       False\u001b[0m",
    "lambda;379": -0.001927756625373922,
    "lambda;379_err": 0.0002701549976415824,
    "mu;379": 5278.892477831172,
    "mu;379_err": 0.07740533315135191,
    "n_bkg;379": 4999.739440919104,
    "n_bkg;379_err": 180.38186909775393,
    "n_sig;379": 52314.21083901837,
    "n_sig;379_err": 278.6072942902651,
    "r_params": {
        "alphaL": 2.02992217591786,
        "alphaL_Kpipi": 0.23984147888569726,
        "alphaR": -1.7778067363088699,
        "alphaR_Kpipi": -3.45169511727099,
        "fraction_Kpipi": 0.8861855867303668,
        "muL_Kpipi": 5214.656416664541,
        "muR_Kpipi": 5183.074248990296,
        "mu_Ds": 5278.568362839223,
        "nL": 0.4354740104546931,
        "nL_Kpipi": 4.413073505098077,
        "nR": 5.840596424652496,
        "nR_Kpipi": 1.3686501931786665e-08,
        "n_sig_Ds": 1391.5250638156308,
        "r_bkgK": 0.035341458516519916,
        "sigmaL_Kpipi": 19.133710600596434,
        "sigmaR_Kpipi": 39.32384704379869,
        "sigma_Ds": 13.054158608108859
    },
    "sigmaL;379": 10.927892541760663,
    "sigmaL;379_err": 0.2177806659978433,
    "sigmaR;379": 18.10655492716358,
    "sigmaR;379_err": 0.22379379362607624
}