{
    "fit_ok": true,
    "frac;40": 0.4263073021152392,
    "frac;40_err": 0.020555056903140457,
    "info_fit": "------------------------------------------------------------------\n| FCN = -3.199e+05              |     Ncalls=106 (106 total)     |\n| EDM = 4.89e-06 (Goal: 0.001)  |            up = 0.5            |\n------------------------------------------------------------------\n|  Valid Min.   | Valid Param.  | Above EDM | Reached call limit |\n------------------------------------------------------------------\n|     True      |     True      |   False   |       False        |\n------------------------------------------------------------------\n| Hesse failed  |   Has cov.    | Accurate  | Pos. def. | Forced |\n------------------------------------------------------------------\n|     False     |     True      |   True    |   True    | False  |\n------------------------------------------------------------------",
    "info_params": "name           value    minuit_hesse    at limit\n---------  ---------  --------------  ----------\nn_sig;40       52310     +/- 2.8e+02       False\u001b[0m\nn_bkg;40        5002     +/- 1.8e+02       False\u001b[0m\nfrac;40       0.4263     +/-   0.021       False\u001b[0m\nmu;40           5279     +/-   0.077       False\u001b[0m\nsigmaL;40      10.95     +/-    0.22       False\u001b[0m\nsigmaR;40      18.11     +/-    0.22       False\u001b[0m\nlambda;40  -0.001933     +/- 0.00027       False\u001b[0m",
    "lambda;40": -0.0019329330780971654,
    "lambda;40_err": 0.0002700636339330701,
    "mu;40": 5278.867672307197,
    "mu;40_err": 0.07745620142848277,
    "n_bkg;40": 5002.013923280116,
    "n_bkg;40_err": 180.4508665946501,
    "n_sig;40": 52311.57459916257,
    "n_sig;40_err": 278.6817298249237,
    "r_params": {
        "alphaL": 2.02992217591786,
        "alphaL_Kpipi": 0.23984147888569726,
        "alphaR": -1.7778067363088699,
        "alphaR_Kpipi": -3.45169511727099,
        "fraction_Kpipi": 0.8861855867303668,
        "muL_Kpipi": 5214.656416664541,
        "muR_Kpipi": 5183.074248990296,
        "mu_Ds": 5279.260316142734,
        "nL": 0.4354740104546931,
        "nL_Kpipi": 4.413073505098077,
        "nR": 5.840596424652496,
        "nR_Kpipi": 1.3686501931786665e-08,
        "n_sig_Ds": 1392.2946326167757,
        "r_bkgK": 0.035341458516519916,
        "sigmaL_Kpipi": 19.133710600596434,
        "sigmaR_Kpipi": 39.32384704379869,
        "sigma_Ds": 12.55531406603104
    },
    "sigmaL;40": 10.94637899037722,
    "sigmaL;40_err": 0.21763070488168273,
    "sigmaR;40": 18.11445389339591,
    "sigmaR;40_err": 0.22349975891327503
}