{
    "fit_ok": true,
    "frac;514": 0.4515102554473815,
    "frac;514_err": 0.012349735790351446,
    "info_fit": "------------------------------------------------------------------\n| FCN = -3.199e+05              |     Ncalls=123 (123 total)     |\n| EDM = 5.45e-07 (Goal: 0.001)  |            up = 0.5            |\n------------------------------------------------------------------\n|  Valid Min.   | Valid Param.  | Above EDM | Reached call limit |\n------------------------------------------------------------------\n|     True      |     True      |   False   |       False        |\n------------------------------------------------------------------\n| Hesse failed  |   Has cov.    | Accurate  | Pos. def. | Forced |\n------------------------------------------------------------------\n|     False     |     True      |   True    |   True    | False  |\n------------------------------------------------------------------",
    "info_params": "name             value    minuit_hesse    at limit\n----------  ----------  --------------  ----------\nn_sig;514        53490     +/- 2.4e+02       False\u001b[0m\nn_bkg;514         3790     +/-      94       False\u001b[0m\nfrac;514        0.4515     +/-   0.012       False\u001b[0m\nmu;514            5279     +/-   0.078       False\u001b[0m\nsigmaL;514       11.48     +/-    0.18       False\u001b[0m\nsigmaR;514       17.67     +/-    0.16       False\u001b[0m\nlambda;514  -6.495e-06     +/-  0.0001       False\u001b[0m",
    "lambda;514": -6.495059838629302e-06,
    "lambda;514_err": 0.00010141060917179853,
    "mu;514": 5278.766107152542,
    "mu;514_err": 0.07781477411516376,
    "n_bkg;514": 3789.545409322003,
    "n_bkg;514_err": 94.32988097105974,
    "n_sig;514": 53490.37618951626,
    "n_sig;514_err": 240.2998917570583,
    "r_params": {
        "alphaL": 2.0219993525565676,
        "alphaL_Kpipi": 0.23984147888569726,
        "alphaR": -1.4650638391746507,
        "alphaR_Kpipi": -3.45169511727099,
        "fraction_Kpipi": 0.8861855867303668,
        "muL_Kpipi": 5214.656416664541,
        "muR_Kpipi": 5183.074248990296,
        "nL": 0.32283646027057955,
        "nL_Kpipi": 4.413073505098077,
        "nR": 6.996237922413819,
        "nR_Kpipi": 1.3686501931786665e-08,
        "r_bkgK": 0.035341458516519916,
        "sigmaL_Kpipi": 19.133710600596434,
        "sigmaR_Kpipi": 39.32384704379869
    },
    "sigmaL;514": 11.480559407171404,
    "sigmaL;514_err": 0.18310689624844778,
    "sigmaR;514": 17.672307474257156,
    "sigmaR;514_err": 0.156346385583212
}