{
    "fit_ok": true,
    "frac;538": 0.28574378474667916,
    "frac;538_err": 0.014271904528705236,
    "info_fit": "------------------------------------------------------------------\n| FCN = -3.199e+05              |     Ncalls=105 (105 total)     |\n| EDM = 4.66e-05 (Goal: 0.001)  |            up = 0.5            |\n------------------------------------------------------------------\n|  Valid Min.   | Valid Param.  | Above EDM | Reached call limit |\n------------------------------------------------------------------\n|     True      |     True      |   False   |       False        |\n------------------------------------------------------------------\n| Hesse failed  |   Has cov.    | Accurate  | Pos. def. | Forced |\n------------------------------------------------------------------\n|     False     |     True      |   True    |   True    | False  |\n------------------------------------------------------------------",
    "info_params": "name            value    minuit_hesse    at limit\n----------  ---------  --------------  ----------\nn_sig;538       52450     +/- 2.8e+02       False\u001b[0m\nn_bkg;538        4862     +/- 1.8e+02       False\u001b[0m\nfrac;538       0.2857     +/-   0.014       False\u001b[0m\nmu;538           5279     +/-   0.078       False\u001b[0m\nsigmaL;538      9.607     +/-    0.27       False\u001b[0m\nsigmaR;538      16.98     +/-    0.14       False\u001b[0m\nlambda;538  -0.001503     +/- 0.00029       False\u001b[0m",
    "lambda;538": -0.001503499097359473,
    "lambda;538_err": 0.0002851256059071173,
    "mu;538": 5278.8968737206005,
    "mu;538_err": 0.0783786952920228,
    "n_bkg;538": 4862.2075027854335,
    "n_bkg;538_err": 180.62966111846757,
    "n_sig;538": 52454.59143398298,
    "n_sig;538_err": 279.1064771113083,
    "r_params": {
        "alphaL": 1.9837104278169253,
        "alphaL_Kpipi": 0.23984147888569726,
        "alphaR": -1.821165845079593,
        "alphaR_Kpipi": -3.45169511727099,
        "fraction_Kpipi": 0.8861855867303668,
        "muL_Kpipi": 5214.656416664541,
        "muR_Kpipi": 5183.074248990296,
        "nL": 0.2611428310133015,
        "nL_Kpipi": 4.413073505098077,
        "nR": 7.665003240268213,
        "nR_Kpipi": 1.3686501931786665e-08,
        "r_bkgK": 0.035341458516519916,
        "sigmaL_Kpipi": 19.133710600596434,
        "sigmaR_Kpipi": 39.32384704379869
    },
    "sigmaL;538": 9.606844083318595,
    "sigmaL;538_err": 0.26799393905940316,
    "sigmaR;538": 16.97987522102099,
    "sigmaR;538_err": 0.13675124354057622
}