{
    "fit_ok": true,
    "frac;1339": 0.48192351534916605,
    "frac;1339_err": 0.02107037065824832,
    "info_fit": "------------------------------------------------------------------\n| FCN = -3.199e+05              |     Ncalls=103 (103 total)     |\n| EDM = 8.25e-06 (Goal: 0.001)  |            up = 0.5            |\n------------------------------------------------------------------\n|  Valid Min.   | Valid Param.  | Above EDM | Reached call limit |\n------------------------------------------------------------------\n|     True      |     True      |   False   |       False        |\n------------------------------------------------------------------\n| Hesse failed  |   Has cov.    | Accurate  | Pos. def. | Forced |\n------------------------------------------------------------------\n|     False     |     True      |   True    |   True    | False  |\n------------------------------------------------------------------",
    "info_params": "name             value    minuit_hesse    at limit\n-----------  ---------  --------------  ----------\nn_sig;1339       52530     +/- 2.8e+02       False\u001b[0m\nn_bkg;1339        5281     +/- 1.8e+02       False\u001b[0m\nfrac;1339       0.4819     +/-   0.021       False\u001b[0m\nmu;1339           5279     +/-   0.077       False\u001b[0m\nsigmaL;1339      11.34     +/-     0.2       False\u001b[0m\nsigmaR;1339      18.55     +/-    0.26       False\u001b[0m\nlambda;1339  -0.002324     +/- 0.00026       False\u001b[0m",
    "lambda;1339": -0.0023240450786183864,
    "lambda;1339_err": 0.00025672220911669827,
    "mu;1339": 5278.874411966215,
    "mu;1339_err": 0.0772595490228216,
    "n_bkg;1339": 5281.400087116584,
    "n_bkg;1339_err": 184.92014211215292,
    "n_sig;1339": 52533.76152668117,
    "n_sig;1339_err": 283.0671936681958,
    "r_params": {
        "alphaL": 2.02992217591786,
        "alphaL_Kpipi": 0.23048049035872342,
        "alphaR": -1.7778067363088699,
        "alphaR_Kpipi": -3.7220205360607777,
        "fraction_Kpipi": 0.8943858980343817,
        "muL_Kpipi": 5214.307884563749,
        "muR_Kpipi": 5183.209312124883,
        "nL": 0.4354740104546931,
        "nL_Kpipi": 4.388309666672843,
        "nR": 5.840596424652496,
        "nR_Kpipi": 5.385658391694913e-05,
        "r_bkgK": 0.025869913466455625,
        "sigmaL_Kpipi": 19.775106579999278,
        "sigmaR_Kpipi": 40.632504737293694
    },
    "sigmaL;1339": 11.340619093595778,
    "sigmaL;1339_err": 0.19789992323380667,
    "sigmaR;1339": 18.554254600066336,
    "sigmaR;1339_err": 0.2575228958955993
}