{
    "fit_ok": true,
    "frac;123": 0.34034418072612743,
    "frac;123_err": 0.018099972273274558,
    "info_fit": "------------------------------------------------------------------\n| FCN = -3.199e+05              |     Ncalls=105 (105 total)     |\n| EDM = 5.89e-05 (Goal: 0.001)  |            up = 0.5            |\n------------------------------------------------------------------\n|  Valid Min.   | Valid Param.  | Above EDM | Reached call limit |\n------------------------------------------------------------------\n|     True      |     True      |   False   |       False        |\n------------------------------------------------------------------\n| Hesse failed  |   Has cov.    | Accurate  | Pos. def. | Forced |\n------------------------------------------------------------------\n|     False     |     True      |   True    |   True    | False  |\n------------------------------------------------------------------",
    "info_params": "name            value    minuit_hesse    at limit\n----------  ---------  --------------  ----------\nn_sig;123       52030     +/- 2.7e+02       False\u001b[0m\nn_bkg;123        4512     +/- 1.7e+02       False\u001b[0m\nfrac;123       0.3403     +/-   0.018       False\u001b[0m\nmu;123           5279     +/-   0.078       False\u001b[0m\nsigmaL;123      10.24     +/-    0.23       False\u001b[0m\nsigmaR;123      17.59     +/-    0.18       False\u001b[0m\nlambda;123  -0.001152     +/- 0.00029       False\u001b[0m",
    "lambda;123": -0.0011521970440857149,
    "lambda;123_err": 0.00028519225997998494,
    "mu;123": 5278.826911897855,
    "mu;123_err": 0.07772806443622635,
    "n_bkg;123": 4512.127111196182,
    "n_bkg;123_err": 165.29885920930155,
    "n_sig;123": 52029.642386013766,
    "n_sig;123_err": 267.5115078266086,
    "r_params": {
        "alphaL": 2.02992217591786,
        "alphaL_Kpipi": 0.24439617653173037,
        "alphaR": -1.7778067363088699,
        "alphaR_Kpipi": -3.3758337379011802,
        "fraction_Kpipi": 0.8894193215080555,
        "muL_Kpipi": 5213.63510613955,
        "muR_Kpipi": 5182.538120698508,
        "nL": 0.4354740104546931,
        "nL_Kpipi": 4.78697097958308,
        "nR": 5.840596424652496,
        "nR_Kpipi": 3.2179810205729883e-05,
        "r_bkgK": 0.05051738627614357,
        "sigmaL_Kpipi": 17.983782177636563,
        "sigmaR_Kpipi": 38.55604845543252
    },
    "sigmaL;123": 10.244807223460178,
    "sigmaL;123_err": 0.23110898475202427,
    "sigmaR;123": 17.585642254940566,
    "sigmaR;123_err": 0.1798325493184702
}