{
    "fit_ok": true,
    "frac;1227": 0.41206378400254906,
    "frac;1227_err": 0.021918415394526877,
    "info_fit": "------------------------------------------------------------------\n| FCN = -3.199e+05              |     Ncalls=104 (104 total)     |\n| EDM = 5.52e-06 (Goal: 0.001)  |            up = 0.5            |\n------------------------------------------------------------------\n|  Valid Min.   | Valid Param.  | Above EDM | Reached call limit |\n------------------------------------------------------------------\n|     True      |     True      |   False   |       False        |\n------------------------------------------------------------------\n| Hesse failed  |   Has cov.    | Accurate  | Pos. def. | Forced |\n------------------------------------------------------------------\n|     False     |     True      |   True    |   True    | False  |\n------------------------------------------------------------------",
    "info_params": "name             value    minuit_hesse    at limit\n-----------  ---------  --------------  ----------\nn_sig;1227       52030     +/- 2.8e+02       False\u001b[0m\nn_bkg;1227        5301     +/- 1.8e+02       False\u001b[0m\nfrac;1227       0.4121     +/-   0.022       False\u001b[0m\nmu;1227           5279     +/-   0.077       False\u001b[0m\nsigmaL;1227      10.78     +/-    0.23       False\u001b[0m\nsigmaR;1227      18.13     +/-    0.23       False\u001b[0m\nlambda;1227  -0.002212     +/- 0.00026       False\u001b[0m",
    "lambda;1227": -0.0022120818875984716,
    "lambda;1227_err": 0.0002556018877476619,
    "mu;1227": 5278.863118277383,
    "mu;1227_err": 0.07726792228892901,
    "n_bkg;1227": 5300.524679871285,
    "n_bkg;1227_err": 183.9543442414249,
    "n_sig;1227": 52033.5788337929,
    "n_sig;1227_err": 279.7801019931151,
    "r_params": {
        "alphaL": 2.0622059114709117,
        "alphaL_Kpipi": 0.23984147888569726,
        "alphaR": -1.8129923828811694,
        "alphaR_Kpipi": -3.45169511727099,
        "fraction_Kpipi": 0.8861855867303668,
        "muL_Kpipi": 5214.656416664541,
        "muR_Kpipi": 5183.074248990296,
        "nL": 0.42246563830920364,
        "nL_Kpipi": 4.413073505098077,
        "nR": 7.915289931223633,
        "nR_Kpipi": 1.3686501931786665e-08,
        "r_bkgK": 0.035341458516519916,
        "sigmaL_Kpipi": 19.133710600596434,
        "sigmaR_Kpipi": 39.32384704379869
    },
    "sigmaL;1227": 10.779530004964702,
    "sigmaL;1227_err": 0.22898173325183513,
    "sigmaR;1227": 18.12552967374647,
    "sigmaR;1227_err": 0.22893789254239913
}