{
    "fit_ok": true,
    "frac;633": 0.3370973649593308,
    "frac;633_err": 0.01176995146784825,
    "info_fit": "------------------------------------------------------------------\n| FCN = -3.199e+05              |     Ncalls=115 (115 total)     |\n| EDM = 0.000102 (Goal: 0.001)  |            up = 0.5            |\n------------------------------------------------------------------\n|  Valid Min.   | Valid Param.  | Above EDM | Reached call limit |\n------------------------------------------------------------------\n|     True      |     True      |   False   |       False        |\n------------------------------------------------------------------\n| Hesse failed  |   Has cov.    | Accurate  | Pos. def. | Forced |\n------------------------------------------------------------------\n|     False     |     True      |   True    |   True    | False  |\n------------------------------------------------------------------",
    "info_params": "name             value    minuit_hesse    at limit\n----------  ----------  --------------  ----------\nn_sig;633        53350     +/- 2.6e+02       False\u001b[0m\nn_bkg;633         3938     +/- 1.4e+02       False\u001b[0m\nfrac;633        0.3371     +/-   0.012       False\u001b[0m\nmu;633            5279     +/-   0.078       False\u001b[0m\nsigmaL;633       10.42     +/-    0.22       False\u001b[0m\nsigmaR;633       17.05     +/-    0.13       False\u001b[0m\nlambda;633  -0.0002025     +/- 0.00029       False\u001b[0m",
    "lambda;633": -0.0002025278893373894,
    "lambda;633_err": 0.00028710184210029065,
    "mu;633": 5278.791209497907,
    "mu;633_err": 0.07794959079794493,
    "n_bkg;633": 3938.1943708524495,
    "n_bkg;633_err": 138.8610739506495,
    "n_sig;633": 53346.65574269498,
    "n_sig;633_err": 259.1905648828243,
    "r_params": {
        "alphaL": 2.0278979389806153,
        "alphaL_Kpipi": 0.23984147888569726,
        "alphaR": -1.602093833569824,
        "alphaR_Kpipi": -3.45169511727099,
        "fraction_Kpipi": 0.8861855867303668,
        "muL_Kpipi": 5214.656416664541,
        "muR_Kpipi": 5183.074248990296,
        "nL": 0.21775078152077734,
        "nL_Kpipi": 4.413073505098077,
        "nR": 6.263089578313902,
        "nR_Kpipi": 1.3686501931786665e-08,
        "r_bkgK": 0.035341458516519916,
        "sigmaL_Kpipi": 19.133710600596434,
        "sigmaR_Kpipi": 39.32384704379869
    },
    "sigmaL;633": 10.416905992614252,
    "sigmaL;633_err": 0.22489859333591944,
    "sigmaR;633": 17.048792689380733,
    "sigmaR;633_err": 0.13017466666216237
}