{
    "fit_ok": true,
    "frac;884": 0.46142482357653036,
    "frac;884_err": 0.020675204632591572,
    "info_fit": "------------------------------------------------------------------\n| FCN = -3.199e+05              |     Ncalls=105 (105 total)     |\n| EDM = 7.76e-06 (Goal: 0.001)  |            up = 0.5            |\n------------------------------------------------------------------\n|  Valid Min.   | Valid Param.  | Above EDM | Reached call limit |\n------------------------------------------------------------------\n|     True      |     True      |   False   |       False        |\n------------------------------------------------------------------\n| Hesse failed  |   Has cov.    | Accurate  | Pos. def. | Forced |\n------------------------------------------------------------------\n|     False     |     True      |   True    |   True    | False  |\n------------------------------------------------------------------",
    "info_params": "name            value    minuit_hesse    at limit\n----------  ---------  --------------  ----------\nn_sig;884       52480     +/- 2.8e+02       False\u001b[0m\nn_bkg;884        5132     +/- 1.8e+02       False\u001b[0m\nfrac;884       0.4614     +/-   0.021       False\u001b[0m\nmu;884           5279     +/-   0.077       False\u001b[0m\nsigmaL;884       11.2     +/-     0.2       False\u001b[0m\nsigmaR;884      18.41     +/-    0.24       False\u001b[0m\nlambda;884  -0.002118     +/- 0.00026       False\u001b[0m",
    "lambda;884": -0.002118257261722878,
    "lambda;884_err": 0.0002634597837078348,
    "mu;884": 5278.869315426833,
    "mu;884_err": 0.07731705153940632,
    "n_bkg;884": 5131.544127042688,
    "n_bkg;884_err": 182.57099429230664,
    "n_sig;884": 52481.51552564333,
    "n_sig;884_err": 281.05066958445855,
    "r_params": {
        "alphaL": 2.02992217591786,
        "alphaL_Kpipi": 0.227992746118814,
        "alphaR": -1.7778067363088699,
        "alphaR_Kpipi": -3.465365133217489,
        "fraction_Kpipi": 0.8961038105519203,
        "muL_Kpipi": 5213.963714049917,
        "muR_Kpipi": 5182.017772799939,
        "nL": 0.4354740104546931,
        "nL_Kpipi": 4.048803842502592,
        "nR": 5.840596424652496,
        "nR_Kpipi": 2.992414837798105e-05,
        "r_bkgK": 0.02973168065610437,
        "sigmaL_Kpipi": 19.64195161314938,
        "sigmaR_Kpipi": 39.020032652441486
    },
    "sigmaL;884": 11.19690930438351,
    "sigmaL;884_err": 0.20263297539255376,
    "sigmaR;884": 18.40811937995509,
    "sigmaR;884_err": 0.2433081665165477
}