{
    "fit_ok": true,
    "frac;1300": 0.21849679991454174,
    "frac;1300_err": 0.015127844540317445,
    "info_fit": "------------------------------------------------------------------\n| FCN = -3.199e+05              |     Ncalls=102 (102 total)     |\n| EDM = 7.87e-05 (Goal: 0.001)  |            up = 0.5            |\n------------------------------------------------------------------\n|  Valid Min.   | Valid Param.  | Above EDM | Reached call limit |\n------------------------------------------------------------------\n|     True      |     True      |   False   |       False        |\n------------------------------------------------------------------\n| Hesse failed  |   Has cov.    | Accurate  | Pos. def. | Forced |\n------------------------------------------------------------------\n|     False     |     True      |   True    |   True    | False  |\n------------------------------------------------------------------",
    "info_params": "name              value    minuit_hesse    at limit\n-----------  ----------  --------------  ----------\nn_sig;1300        51320     +/- 2.5e+02       False\u001b[0m\nn_bkg;1300         4097     +/- 1.4e+02       False\u001b[0m\nfrac;1300        0.2185     +/-   0.015       False\u001b[0m\nmu;1300            5279     +/-   0.078       False\u001b[0m\nsigmaL;1300       9.005     +/-    0.29       False\u001b[0m\nsigmaR;1300       16.76     +/-    0.13       False\u001b[0m\nlambda;1300  -0.0003348     +/- 0.00027       False\u001b[0m",
    "lambda;1300": -0.00033484637876379786,
    "lambda;1300_err": 0.000274598829796232,
    "mu;1300": 5278.7969738827705,
    "mu;1300_err": 0.07803844230306184,
    "n_bkg;1300": 4096.959657848068,
    "n_bkg;1300_err": 138.69894155677417,
    "n_sig;1300": 51324.59260466249,
    "n_sig;1300_err": 249.5425458029462,
    "r_params": {
        "alphaL": 2.02992217591786,
        "alphaL_Kpipi": 0.2482377516749204,
        "alphaR": -1.7778067363088699,
        "alphaR_Kpipi": -3.414743292634426,
        "fraction_Kpipi": 0.9130348049618645,
        "muL_Kpipi": 5214.033751359729,
        "muR_Kpipi": 5181.306017826287,
        "nL": 0.4354740104546931,
        "nL_Kpipi": 4.60979582497305,
        "nR": 5.840596424652496,
        "nR_Kpipi": 0.00011760836587055567,
        "r_bkgK": 0.07296102642890757,
        "sigmaL_Kpipi": 18.849850377804962,
        "sigmaR_Kpipi": 41.18085388600486
    },
    "sigmaL;1300": 9.004740375924996,
    "sigmaL;1300_err": 0.2893296648330864,
    "sigmaR;1300": 16.75628291398107,
    "sigmaR;1300_err": 0.1341645657053066
}