{
    "fit_ok": true,
    "frac;54": 0.28912728172212343,
    "frac;54_err": 0.018313224990795962,
    "info_fit": "------------------------------------------------------------------\n| FCN = -3.199e+05              |     Ncalls=105 (105 total)     |\n| EDM = 8.26e-05 (Goal: 0.001)  |            up = 0.5            |\n------------------------------------------------------------------\n|  Valid Min.   | Valid Param.  | Above EDM | Reached call limit |\n------------------------------------------------------------------\n|     True      |     True      |   False   |       False        |\n------------------------------------------------------------------\n| Hesse failed  |   Has cov.    | Accurate  | Pos. def. | Forced |\n------------------------------------------------------------------\n|     False     |     True      |   True    |   True    | False  |\n------------------------------------------------------------------",
    "info_params": "name           value    minuit_hesse    at limit\n---------  ---------  --------------  ----------\nn_sig;54       51660     +/- 2.6e+02       False\u001b[0m\nn_bkg;54        4453     +/- 1.6e+02       False\u001b[0m\nfrac;54       0.2891     +/-   0.018       False\u001b[0m\nmu;54           5279     +/-   0.078       False\u001b[0m\nsigmaL;54      9.807     +/-    0.28       False\u001b[0m\nsigmaR;54      17.13     +/-    0.16       False\u001b[0m\nlambda;54  -0.001022     +/- 0.00029       False\u001b[0m",
    "lambda;54": -0.0010223875793406723,
    "lambda;54_err": 0.0002871084802008722,
    "mu;54": 5278.846231480099,
    "mu;54_err": 0.07783818234728218,
    "n_bkg;54": 4452.503982670773,
    "n_bkg;54_err": 162.69165450280227,
    "n_sig;54": 51663.58197474378,
    "n_sig;54_err": 264.0845287581342,
    "r_params": {
        "alphaL": 2.02992217591786,
        "alphaL_Kpipi": 0.23003566654009983,
        "alphaR": -1.7778067363088699,
        "alphaR_Kpipi": -3.65095102123839,
        "fraction_Kpipi": 0.884690539981672,
        "muL_Kpipi": 5216.44173792697,
        "muR_Kpipi": 5182.386163307176,
        "nL": 0.4354740104546931,
        "nL_Kpipi": 4.259970434735175,
        "nR": 5.840596424652496,
        "nR_Kpipi": 0.00011298387780658275,
        "r_bkgK": 0.0591083611943829,
        "sigmaL_Kpipi": 18.849649574736368,
        "sigmaR_Kpipi": 38.4787738020765
    },
    "sigmaL;54": 9.807188067001622,
    "sigmaL;54_err": 0.278720868259415,
    "sigmaR;54": 17.132870005939516,
    "sigmaR;54_err": 0.16340363308383163
}