{
    "fit_ok": true,
    "frac;177": 0.21698584363105117,
    "frac;177_err": 0.009747039577024864,
    "info_fit": "------------------------------------------------------------------\n| FCN = -3.199e+05              |     Ncalls=105 (105 total)     |\n| EDM = 6.54e-05 (Goal: 0.001)  |            up = 0.5            |\n------------------------------------------------------------------\n|  Valid Min.   | Valid Param.  | Above EDM | Reached call limit |\n------------------------------------------------------------------\n|     True      |     True      |   False   |       False        |\n------------------------------------------------------------------\n| Hesse failed  |   Has cov.    | Accurate  | Pos. def. | Forced |\n------------------------------------------------------------------\n|     False     |     True      |   True    |   True    | False  |\n------------------------------------------------------------------",
    "info_params": "name             value    minuit_hesse    at limit\n----------  ----------  --------------  ----------\nn_sig;177        52860     +/- 2.7e+02       False\u001b[0m\nn_bkg;177         4445     +/- 1.7e+02       False\u001b[0m\nfrac;177         0.217     +/-  0.0097       False\u001b[0m\nmu;177            5279     +/-   0.079       False\u001b[0m\nsigmaL;177       8.829     +/-     0.3       False\u001b[0m\nsigmaR;177       16.39     +/-     0.1       False\u001b[0m\nlambda;177  -0.0009142     +/-  0.0003       False\u001b[0m",
    "lambda;177": -0.0009142307485293932,
    "lambda;177_err": 0.00030099362458705704,
    "mu;177": 5278.884332607267,
    "mu;177_err": 0.07872753906512421,
    "n_bkg;177": 4445.214332484337,
    "n_bkg;177_err": 169.14083582784272,
    "n_sig;177": 52856.40406602988,
    "n_sig;177_err": 273.7223270176293,
    "r_params": {
        "alphaL": 1.9599933061869215,
        "alphaL_Kpipi": 0.23984147888569726,
        "alphaR": -1.8473574717252408,
        "alphaR_Kpipi": -3.45169511727099,
        "fraction_Kpipi": 0.8861855867303668,
        "muL_Kpipi": 5214.656416664541,
        "muR_Kpipi": 5183.074248990296,
        "nL": 0.14203754004319358,
        "nL_Kpipi": 4.413073505098077,
        "nR": 5.329580174720413,
        "nR_Kpipi": 1.3686501931786665e-08,
        "r_bkgK": 0.035341458516519916,
        "sigmaL_Kpipi": 19.133710600596434,
        "sigmaR_Kpipi": 39.32384704379869
    },
    "sigmaL;177": 8.82893313061911,
    "sigmaL;177_err": 0.2962308027187148,
    "sigmaR;177": 16.392864622457115,
    "sigmaR;177_err": 0.10228366221227753
}