{
    "fit_ok": true,
    "frac;1196": 0.6014095956049095,
    "frac;1196_err": 0.02230899287203489,
    "info_fit": "------------------------------------------------------------------\n| FCN = -3.199e+05              |      Ncalls=98 (98 total)      |\n| EDM = 0.000165 (Goal: 0.001)  |            up = 0.5            |\n------------------------------------------------------------------\n|  Valid Min.   | Valid Param.  | Above EDM | Reached call limit |\n------------------------------------------------------------------\n|     True      |     True      |   False   |       False        |\n------------------------------------------------------------------\n| Hesse failed  |   Has cov.    | Accurate  | Pos. def. | Forced |\n------------------------------------------------------------------\n|     False     |     True      |   True    |   True    | False  |\n------------------------------------------------------------------",
    "info_params": "name             value    minuit_hesse    at limit\n-----------  ---------  --------------  ----------\nn_sig;1196       52920     +/- 2.9e+02       False\u001b[0m\nn_bkg;1196        6040     +/- 1.9e+02       False\u001b[0m\nfrac;1196       0.6014     +/-   0.022       False\u001b[0m\nmu;1196           5279     +/-   0.077       False\u001b[0m\nsigmaL;1196      12.09     +/-    0.18       False\u001b[0m\nsigmaR;1196      19.72     +/-    0.37       False\u001b[0m\nlambda;1196  -0.003248     +/- 0.00022       False\u001b[0m",
    "lambda;1196": -0.003247993404054017,
    "lambda;1196_err": 0.000221498472359096,
    "mu;1196": 5278.8720483390325,
    "mu;1196_err": 0.07712792021901566,
    "n_bkg;1196": 6039.675088580107,
    "n_bkg;1196_err": 189.89996228535804,
    "n_sig;1196": 52923.021134357085,
    "n_sig;1196_err": 289.79998659426093,
    "r_params": {
        "alphaL": 2.02992217591786,
        "alphaL_Kpipi": 0.23178945885377666,
        "alphaR": -1.7778067363088699,
        "alphaR_Kpipi": -3.8554677081275357,
        "fraction_Kpipi": 0.9126007814809909,
        "muL_Kpipi": 5215.147762276111,
        "muR_Kpipi": 5183.251254741008,
        "nL": 0.4354740104546931,
        "nL_Kpipi": 4.329626163165426,
        "nR": 5.840596424652496,
        "nR_Kpipi": 8.92946809474155e-05,
        "r_bkgK": 0.00401075492621944,
        "sigmaL_Kpipi": 19.21318313909009,
        "sigmaR_Kpipi": 36.592913168626914
    },
    "sigmaL;1196": 12.094356829376565,
    "sigmaL;1196_err": 0.1801579544085065,
    "sigmaR;1196": 19.71841547543612,
    "sigmaR;1196_err": 0.3652930529908535
}