{
    "fit_ok": true,
    "frac;1348": 0.4340409783597861,
    "frac;1348_err": 0.023246390318822547,
    "info_fit": "------------------------------------------------------------------\n| FCN = -3.199e+05              |     Ncalls=104 (104 total)     |\n| EDM = 2.51e-05 (Goal: 0.001)  |            up = 0.5            |\n------------------------------------------------------------------\n|  Valid Min.   | Valid Param.  | Above EDM | Reached call limit |\n------------------------------------------------------------------\n|     True      |     True      |   False   |       False        |\n------------------------------------------------------------------\n| Hesse failed  |   Has cov.    | Accurate  | Pos. def. | Forced |\n------------------------------------------------------------------\n|     False     |     True      |   True    |   True    | False  |\n------------------------------------------------------------------",
    "info_params": "name             value    minuit_hesse    at limit\n-----------  ---------  --------------  ----------\nn_sig;1348       51880     +/- 2.8e+02       False\u001b[0m\nn_bkg;1348        5457     +/- 1.8e+02       False\u001b[0m\nfrac;1348        0.434     +/-   0.023       False\u001b[0m\nmu;1348           5279     +/-   0.077       False\u001b[0m\nsigmaL;1348      10.91     +/-    0.22       False\u001b[0m\nsigmaR;1348      18.45     +/-    0.25       False\u001b[0m\nlambda;1348  -0.002474     +/- 0.00024       False\u001b[0m",
    "lambda;1348": -0.0024739441205273716,
    "lambda;1348_err": 0.00024007645469501865,
    "mu;1348": 5278.862649596485,
    "mu;1348_err": 0.07687760943885759,
    "n_bkg;1348": 5457.263904691697,
    "n_bkg;1348_err": 180.1663334649203,
    "n_sig;1348": 51882.448634034874,
    "n_sig;1348_err": 276.9794902473389,
    "r_params": {
        "alphaL": 2.0875353528879845,
        "alphaL_Kpipi": 0.23984147888569726,
        "alphaR": -1.9224582861034951,
        "alphaR_Kpipi": -3.45169511727099,
        "fraction_Kpipi": 0.8861855867303668,
        "muL_Kpipi": 5214.656416664541,
        "muR_Kpipi": 5183.074248990296,
        "nL": 0.4597026462641901,
        "nL_Kpipi": 4.413073505098077,
        "nR": 5.43499188313485,
        "nR_Kpipi": 1.3686501931786665e-08,
        "r_bkgK": 0.035341458516519916,
        "sigmaL_Kpipi": 19.133710600596434,
        "sigmaR_Kpipi": 39.32384704379869
    },
    "sigmaL;1348": 10.912715958950214,
    "sigmaL;1348_err": 0.22204627523113554,
    "sigmaR;1348": 18.44904850245618,
    "sigmaR;1348_err": 0.25384668467286325
}