{
    "fit_ok": true,
    "frac;95": 0.5068715004381361,
    "frac;95_err": 0.019008961927869616,
    "info_fit": "------------------------------------------------------------------\n| FCN = -3.199e+05              |     Ncalls=104 (104 total)     |\n| EDM = 6.31e-05 (Goal: 0.001)  |            up = 0.5            |\n------------------------------------------------------------------\n|  Valid Min.   | Valid Param.  | Above EDM | Reached call limit |\n------------------------------------------------------------------\n|     True      |     True      |   False   |       False        |\n------------------------------------------------------------------\n| Hesse failed  |   Has cov.    | Accurate  | Pos. def. | Forced |\n------------------------------------------------------------------\n|     False     |     True      |   True    |   True    | False  |\n------------------------------------------------------------------",
    "info_params": "name           value    minuit_hesse    at limit\n---------  ---------  --------------  ----------\nn_sig;95       52650     +/- 2.7e+02       False\u001b[0m\nn_bkg;95        4667     +/- 1.7e+02       False\u001b[0m\nfrac;95       0.5069     +/-   0.019       False\u001b[0m\nmu;95           5279     +/-   0.078       False\u001b[0m\nsigmaL;95      11.74     +/-    0.18       False\u001b[0m\nsigmaR;95      18.31     +/-    0.25       False\u001b[0m\nlambda;95  -0.001671     +/- 0.00027       False\u001b[0m",
    "lambda;95": -0.001670740860804626,
    "lambda;95_err": 0.00027466700470429043,
    "mu;95": 5278.868220763673,
    "mu;95_err": 0.07802062123154446,
    "n_bkg;95": 4667.133897246632,
    "n_bkg;95_err": 169.27511978827667,
    "n_sig;95": 52645.33644273199,
    "n_sig;95_err": 273.2906722264077,
    "r_params": {
        "alphaL": 1.9370895949127127,
        "alphaL_Kpipi": 0.23984147888569726,
        "alphaR": -1.6147325125755683,
        "alphaR_Kpipi": -3.45169511727099,
        "fraction_Kpipi": 0.8861855867303668,
        "muL_Kpipi": 5214.656416664541,
        "muR_Kpipi": 5183.074248990296,
        "nL": 0.5807371621061147,
        "nL_Kpipi": 4.413073505098077,
        "nR": 5.143805047965329,
        "nR_Kpipi": 1.3686501931786665e-08,
        "r_bkgK": 0.035341458516519916,
        "sigmaL_Kpipi": 19.133710600596434,
        "sigmaR_Kpipi": 39.32384704379869
    },
    "sigmaL;95": 11.741384694029968,
    "sigmaL;95_err": 0.18130965281809525,
    "sigmaR;95": 18.3144983061974,
    "sigmaR;95_err": 0.2524182860071285
}