{
    "fit_ok": true,
    "frac;1563": 0.4226229665827354,
    "frac;1563_err": 0.020403174483334802,
    "info_fit": "------------------------------------------------------------------\n| FCN = -3.199e+05              |     Ncalls=103 (103 total)     |\n| EDM = 4.31e-05 (Goal: 0.001)  |            up = 0.5            |\n------------------------------------------------------------------\n|  Valid Min.   | Valid Param.  | Above EDM | Reached call limit |\n------------------------------------------------------------------\n|     True      |     True      |   False   |       False        |\n------------------------------------------------------------------\n| Hesse failed  |   Has cov.    | Accurate  | Pos. def. | Forced |\n------------------------------------------------------------------\n|     False     |     True      |   True    |   True    | False  |\n------------------------------------------------------------------",
    "info_params": "name             value    minuit_hesse    at limit\n-----------  ---------  --------------  ----------\nn_sig;1563       52320     +/- 2.8e+02       False\u001b[0m\nn_bkg;1563        4949     +/- 1.8e+02       False\u001b[0m\nfrac;1563       0.4226     +/-    0.02       False\u001b[0m\nmu;1563           5279     +/-   0.077       False\u001b[0m\nsigmaL;1563      10.92     +/-    0.22       False\u001b[0m\nsigmaR;1563       18.1     +/-    0.22       False\u001b[0m\nlambda;1563  -0.001849     +/- 0.00027       False\u001b[0m",
    "lambda;1563": -0.0018490885353881215,
    "lambda;1563_err": 0.00027253431715567965,
    "mu;1563": 5278.86486792735,
    "mu;1563_err": 0.07745820502958631,
    "n_bkg;1563": 4948.7506704963525,
    "n_bkg;1563_err": 179.43365243485587,
    "n_sig;1563": 52324.85241972298,
    "n_sig;1563_err": 277.9841087841433,
    "r_params": {
        "alphaL": 2.02992217591786,
        "alphaL_Kpipi": 0.22386927076619087,
        "alphaR": -1.7778067363088699,
        "alphaR_Kpipi": -3.635808747906223,
        "fraction_Kpipi": 0.8699758419200105,
        "muL_Kpipi": 5215.149546949204,
        "muR_Kpipi": 5182.126702189828,
        "nL": 0.4354740104546931,
        "nL_Kpipi": 4.173449026940077,
        "nR": 5.840596424652496,
        "nR_Kpipi": 0.00014461175876002644,
        "r_bkgK": 0.03631359789136293,
        "sigmaL_Kpipi": 18.869627387080612,
        "sigmaR_Kpipi": 39.50584418598756
    },
    "sigmaL;1563": 10.921523562706229,
    "sigmaL;1563_err": 0.21893112052777697,
    "sigmaR;1563": 18.09917412295804,
    "sigmaR;1563_err": 0.2209672813985187
}