{
    "fit_ok": true,
    "frac;1175": 0.42524108563526286,
    "frac;1175_err": 0.020657296844932362,
    "info_fit": "------------------------------------------------------------------\n| FCN = -3.199e+05              |     Ncalls=104 (104 total)     |\n| EDM = 0.000752 (Goal: 0.001)  |            up = 0.5            |\n------------------------------------------------------------------\n|  Valid Min.   | Valid Param.  | Above EDM | Reached call limit |\n------------------------------------------------------------------\n|     True      |     True      |   False   |       False        |\n------------------------------------------------------------------\n| Hesse failed  |   Has cov.    | Accurate  | Pos. def. | Forced |\n------------------------------------------------------------------\n|     False     |     True      |   True    |   True    | False  |\n------------------------------------------------------------------",
    "info_params": "name             value    minuit_hesse    at limit\n-----------  ---------  --------------  ----------\nn_sig;1175       52250     +/- 2.8e+02       False\u001b[0m\nn_bkg;1175        5017     +/- 1.8e+02       False\u001b[0m\nfrac;1175       0.4252     +/-   0.021       False\u001b[0m\nmu;1175           5279     +/-   0.078       False\u001b[0m\nsigmaL;1175      11.06     +/-    0.22       False\u001b[0m\nsigmaR;1175      18.14     +/-    0.22       False\u001b[0m\nlambda;1175  -0.001958     +/- 0.00027       False\u001b[0m",
    "lambda;1175": -0.0019580641761859363,
    "lambda;1175_err": 0.000269669523146528,
    "mu;1175": 5278.857704052243,
    "mu;1175_err": 0.07773989491076223,
    "n_bkg;1175": 5017.097986458349,
    "n_bkg;1175_err": 180.8663115567003,
    "n_sig;1175": 52251.33596578407,
    "n_sig;1175_err": 278.8756532676982,
    "r_params": {
        "alphaL": 2.02992217591786,
        "alphaL_Kpipi": 0.23984147888569726,
        "alphaR": -1.7778067363088699,
        "alphaR_Kpipi": -3.45169511727099,
        "fraction_Kpipi": 0.8861855867303668,
        "muL_Kpipi": 5214.656416664541,
        "muR_Kpipi": 5183.074248990296,
        "mu_Ds": 5279.213942689107,
        "nL": 0.4354740104546931,
        "nL_Kpipi": 4.413073505098077,
        "nR": 5.840596424652496,
        "nR_Kpipi": 1.3686501931786665e-08,
        "n_sig_Ds": 1437.7077695962012,
        "r_bkgK": 0.035341458516519916,
        "sigmaL_Kpipi": 19.133710600596434,
        "sigmaR_Kpipi": 39.32384704379869,
        "sigma_Ds": 10.755892714376483
    },
    "sigmaL;1175": 11.0553436429805,
    "sigmaL;1175_err": 0.2173995552390421,
    "sigmaR;1175": 18.137747234308968,
    "sigmaR;1175_err": 0.22302967343705704
}