{
    "fit_ok": true,
    "frac;527": 0.4263364254388274,
    "frac;527_err": 0.020530838426570105,
    "info_fit": "------------------------------------------------------------------\n| FCN = -3.199e+05              |     Ncalls=103 (103 total)     |\n| EDM = 0.000115 (Goal: 0.001)  |            up = 0.5            |\n------------------------------------------------------------------\n|  Valid Min.   | Valid Param.  | Above EDM | Reached call limit |\n------------------------------------------------------------------\n|     True      |     True      |   False   |       False        |\n------------------------------------------------------------------\n| Hesse failed  |   Has cov.    | Accurate  | Pos. def. | Forced |\n------------------------------------------------------------------\n|     False     |     True      |   True    |   True    | False  |\n------------------------------------------------------------------",
    "info_params": "name           value    minuit_hesse    at limit\n----------  --------  --------------  ----------\nn_sig;527      52350     +/- 2.8e+02       False\u001b[0m\nn_bkg;527       5000     +/- 1.8e+02       False\u001b[0m\nfrac;527      0.4263     +/-   0.021       False\u001b[0m\nmu;527          5279     +/-   0.077       False\u001b[0m\nsigmaL;527     10.94     +/-    0.22       False\u001b[0m\nsigmaR;527     18.11     +/-    0.22       False\u001b[0m\nlambda;527  -0.00193     +/- 0.00027       False\u001b[0m",
    "lambda;527": -0.0019302274766572758,
    "lambda;527_err": 0.00026988635881745036,
    "mu;527": 5278.870840987735,
    "mu;527_err": 0.07738049974121544,
    "n_bkg;527": 4999.882479479551,
    "n_bkg;527_err": 180.25762774197005,
    "n_sig;527": 52345.88307130158,
    "n_sig;527_err": 278.539768709425,
    "r_params": {
        "alphaL": 2.02992217591786,
        "alphaL_Kpipi": 0.23984147888569726,
        "alphaR": -1.7778067363088699,
        "alphaR_Kpipi": -3.45169511727099,
        "fraction_Kpipi": 0.8861855867303668,
        "muL_Kpipi": 5214.656416664541,
        "muR_Kpipi": 5183.074248990296,
        "mu_Ds": 5279.192311238091,
        "nL": 0.4354740104546931,
        "nL_Kpipi": 4.413073505098077,
        "nR": 5.840596424652496,
        "nR_Kpipi": 1.3686501931786665e-08,
        "n_sig_Ds": 1357.1128659602223,
        "r_bkgK": 0.035341458516519916,
        "sigmaL_Kpipi": 19.133710600596434,
        "sigmaR_Kpipi": 39.32384704379869,
        "sigma_Ds": 12.686790562818397
    },
    "sigmaL;527": 10.941320761442345,
    "sigmaL;527_err": 0.2176110176243845,
    "sigmaR;527": 18.106204148189434,
    "sigmaR;527_err": 0.22307811236493758
}