{
    "fit_ok": true,
    "frac;1239": 0.49459446317313416,
    "frac;1239_err": 0.022767146727389324,
    "info_fit": "------------------------------------------------------------------\n| FCN = -3.199e+05              |     Ncalls=105 (105 total)     |\n| EDM = 3.96e-06 (Goal: 0.001)  |            up = 0.5            |\n------------------------------------------------------------------\n|  Valid Min.   | Valid Param.  | Above EDM | Reached call limit |\n------------------------------------------------------------------\n|     True      |     True      |   False   |       False        |\n------------------------------------------------------------------\n| Hesse failed  |   Has cov.    | Accurate  | Pos. def. | Forced |\n------------------------------------------------------------------\n|     False     |     True      |   True    |   True    | False  |\n------------------------------------------------------------------",
    "info_params": "name             value    minuit_hesse    at limit\n-----------  ---------  --------------  ----------\nn_sig;1239       52250     +/- 2.8e+02       False\u001b[0m\nn_bkg;1239        5080     +/- 1.8e+02       False\u001b[0m\nfrac;1239       0.4946     +/-   0.023       False\u001b[0m\nmu;1239           5279     +/-   0.077       False\u001b[0m\nsigmaL;1239      11.48     +/-     0.2       False\u001b[0m\nsigmaR;1239      18.79     +/-    0.29       False\u001b[0m\nlambda;1239  -0.002116     +/- 0.00026       False\u001b[0m",
    "lambda;1239": -0.002115744399489805,
    "lambda;1239_err": 0.0002561023332013852,
    "mu;1239": 5278.818224390218,
    "mu;1239_err": 0.07708047785916786,
    "n_bkg;1239": 5079.840753984012,
    "n_bkg;1239_err": 176.2102576706077,
    "n_sig;1239": 52247.55403260363,
    "n_sig;1239_err": 275.9354831152567,
    "r_params": {
        "alphaL": 2.110306341380785,
        "alphaL_Kpipi": 0.23984147888569726,
        "alphaR": -1.6991667136042012,
        "alphaR_Kpipi": -3.45169511727099,
        "fraction_Kpipi": 0.8861855867303668,
        "muL_Kpipi": 5214.656416664541,
        "muR_Kpipi": 5183.074248990296,
        "nL": 0.4532784290036924,
        "nL_Kpipi": 4.413073505098077,
        "nR": 6.277893137684524,
        "nR_Kpipi": 1.3686501931786665e-08,
        "r_bkgK": 0.035341458516519916,
        "sigmaL_Kpipi": 19.133710600596434,
        "sigmaR_Kpipi": 39.32384704379869
    },
    "sigmaL;1239": 11.478951830149764,
    "sigmaL;1239_err": 0.20086284676271665,
    "sigmaR;1239": 18.79456744072539,
    "sigmaR;1239_err": 0.2878077674492968
}