{
    "fit_ok": true,
    "frac;794": 0.44009361207596015,
    "frac;794_err": 0.023946020774352254,
    "info_fit": "------------------------------------------------------------------\n| FCN = -3.199e+05              |     Ncalls=103 (103 total)     |\n| EDM = 7.38e-05 (Goal: 0.001)  |            up = 0.5            |\n------------------------------------------------------------------\n|  Valid Min.   | Valid Param.  | Above EDM | Reached call limit |\n------------------------------------------------------------------\n|     True      |     True      |   False   |       False        |\n------------------------------------------------------------------\n| Hesse failed  |   Has cov.    | Accurate  | Pos. def. | Forced |\n------------------------------------------------------------------\n|     False     |     True      |   True    |   True    | False  |\n------------------------------------------------------------------",
    "info_params": "name            value    minuit_hesse    at limit\n----------  ---------  --------------  ----------\nn_sig;794       51540     +/- 2.7e+02       False\u001b[0m\nn_bkg;794        5811     +/- 1.8e+02       False\u001b[0m\nfrac;794       0.4401     +/-   0.024       False\u001b[0m\nmu;794           5279     +/-   0.077       False\u001b[0m\nsigmaL;794      11.01     +/-    0.22       False\u001b[0m\nsigmaR;794      18.28     +/-    0.25       False\u001b[0m\nlambda;794  -0.002838     +/- 0.00022       False\u001b[0m",
    "lambda;794": -0.0028380332658733964,
    "lambda;794_err": 0.00021656418810929334,
    "mu;794": 5278.8948437438585,
    "mu;794_err": 0.07734250408799322,
    "n_bkg;794": 5811.317183492159,
    "n_bkg;794_err": 175.5786520482662,
    "n_sig;794": 51540.74255780417,
    "n_sig;794_err": 272.9933786399756,
    "r_params": {
        "alphaL": 1.9631051005837794,
        "alphaL_Kpipi": 0.23984147888569726,
        "alphaR": -1.8119636125336565,
        "alphaR_Kpipi": -3.45169511727099,
        "fraction_Kpipi": 0.8861855867303668,
        "muL_Kpipi": 5214.656416664541,
        "muR_Kpipi": 5183.074248990296,
        "nL": 0.6510378703450579,
        "nL_Kpipi": 4.413073505098077,
        "nR": 9.571910143176233,
        "nR_Kpipi": 1.3686501931786665e-08,
        "r_bkgK": 0.035341458516519916,
        "sigmaL_Kpipi": 19.133710600596434,
        "sigmaR_Kpipi": 39.32384704379869
    },
    "sigmaL;794": 11.008244216751773,
    "sigmaL;794_err": 0.2240670429255531,
    "sigmaR;794": 18.27926133527913,
    "sigmaR;794_err": 0.24814331500832437
}