{
    "fit_ok": true,
    "frac;223": 0.30365464933065034,
    "frac;223_err": 0.01637386298458984,
    "info_fit": "------------------------------------------------------------------\n| FCN = -3.199e+05              |     Ncalls=103 (103 total)     |\n| EDM = 2.39e-05 (Goal: 0.001)  |            up = 0.5            |\n------------------------------------------------------------------\n|  Valid Min.   | Valid Param.  | Above EDM | Reached call limit |\n------------------------------------------------------------------\n|     True      |     True      |   False   |       False        |\n------------------------------------------------------------------\n| Hesse failed  |   Has cov.    | Accurate  | Pos. def. | Forced |\n------------------------------------------------------------------\n|     False     |     True      |   True    |   True    | False  |\n------------------------------------------------------------------",
    "info_params": "name           value    minuit_hesse    at limit\n----------  --------  --------------  ----------\nn_sig;223      52090     +/- 2.8e+02       False\u001b[0m\nn_bkg;223       5242     +/- 1.8e+02       False\u001b[0m\nfrac;223      0.3037     +/-   0.016       False\u001b[0m\nmu;223          5279     +/-   0.078       False\u001b[0m\nsigmaL;223      9.73     +/-    0.27       False\u001b[0m\nsigmaR;223     17.18     +/-    0.15       False\u001b[0m\nlambda;223  -0.00198     +/- 0.00026       False\u001b[0m",
    "lambda;223": -0.0019804193271577425,
    "lambda;223_err": 0.0002641728961881446,
    "mu;223": 5278.934513858501,
    "mu;223_err": 0.07825854348980056,
    "n_bkg;223": 5242.260393514126,
    "n_bkg;223_err": 184.91467149102127,
    "n_sig;223": 52087.516001234886,
    "n_sig;223_err": 280.45469505374956,
    "r_params": {
        "alphaL": 1.9464516660666675,
        "alphaL_Kpipi": 0.23984147888569726,
        "alphaR": -1.8922107096325647,
        "alphaR_Kpipi": -3.45169511727099,
        "fraction_Kpipi": 0.8861855867303668,
        "muL_Kpipi": 5214.656416664541,
        "muR_Kpipi": 5183.074248990296,
        "nL": 0.3524517541210946,
        "nL_Kpipi": 4.413073505098077,
        "nR": 8.887472771631264,
        "nR_Kpipi": 1.3686501931786665e-08,
        "r_bkgK": 0.035341458516519916,
        "sigmaL_Kpipi": 19.133710600596434,
        "sigmaR_Kpipi": 39.32384704379869
    },
    "sigmaL;223": 9.73010750710341,
    "sigmaL;223_err": 0.26501233119583184,
    "sigmaR;223": 17.182317572447595,
    "sigmaR;223_err": 0.15109862871824284
}