{
    "fit_ok": true,
    "frac;1060": 0.4259124269459753,
    "frac;1060_err": 0.020496008881290946,
    "info_fit": "------------------------------------------------------------------\n| FCN = -3.199e+05              |     Ncalls=105 (105 total)     |\n| EDM = 0.000657 (Goal: 0.001)  |            up = 0.5            |\n------------------------------------------------------------------\n|  Valid Min.   | Valid Param.  | Above EDM | Reached call limit |\n------------------------------------------------------------------\n|     True      |     True      |   False   |       False        |\n------------------------------------------------------------------\n| Hesse failed  |   Has cov.    | Accurate  | Pos. def. | Forced |\n------------------------------------------------------------------\n|     False     |     True      |   True    |   True    | False  |\n------------------------------------------------------------------",
    "info_params": "name             value    minuit_hesse    at limit\n-----------  ---------  --------------  ----------\nn_sig;1060       52310     +/- 2.8e+02       False\u001b[0m\nn_bkg;1060        5002     +/- 1.8e+02       False\u001b[0m\nfrac;1060       0.4259     +/-    0.02       False\u001b[0m\nmu;1060           5279     +/-   0.077       False\u001b[0m\nsigmaL;1060      10.95     +/-    0.22       False\u001b[0m\nsigmaR;1060      18.11     +/-    0.22       False\u001b[0m\nlambda;1060  -0.001933     +/- 0.00027       False\u001b[0m",
    "lambda;1060": -0.0019327876523006493,
    "lambda;1060_err": 0.0002698654336564165,
    "mu;1060": 5278.843460497837,
    "mu;1060_err": 0.07742674400809794,
    "n_bkg;1060": 5002.11404957792,
    "n_bkg;1060_err": 180.3284596420437,
    "n_sig;1060": 52314.91969162266,
    "n_sig;1060_err": 278.625893548135,
    "r_params": {
        "alphaL": 2.02992217591786,
        "alphaL_Kpipi": 0.23984147888569726,
        "alphaR": -1.7778067363088699,
        "alphaR_Kpipi": -3.45169511727099,
        "fraction_Kpipi": 0.8861855867303668,
        "muL_Kpipi": 5214.656416664541,
        "muR_Kpipi": 5183.074248990296,
        "mu_Ds": 5279.975927778589,
        "nL": 0.4354740104546931,
        "nL_Kpipi": 4.413073505098077,
        "nR": 5.840596424652496,
        "nR_Kpipi": 1.3686501931786665e-08,
        "n_sig_Ds": 1388.1382821867128,
        "r_bkgK": 0.035341458516519916,
        "sigmaL_Kpipi": 19.133710600596434,
        "sigmaR_Kpipi": 39.32384704379869,
        "sigma_Ds": 12.423256501497356
    },
    "sigmaL;1060": 10.950504350465462,
    "sigmaL;1060_err": 0.21657109739989594,
    "sigmaR;1060": 18.112874966842462,
    "sigmaR;1060_err": 0.22309836399701247
}