{
    "fit_ok": true,
    "frac;325": 0.49378960804410443,
    "frac;325_err": 0.021323934881141815,
    "info_fit": "------------------------------------------------------------------\n| FCN = -3.199e+05              |     Ncalls=105 (105 total)     |\n| EDM = 5.27e-06 (Goal: 0.001)  |            up = 0.5            |\n------------------------------------------------------------------\n|  Valid Min.   | Valid Param.  | Above EDM | Reached call limit |\n------------------------------------------------------------------\n|     True      |     True      |   False   |       False        |\n------------------------------------------------------------------\n| Hesse failed  |   Has cov.    | Accurate  | Pos. def. | Forced |\n------------------------------------------------------------------\n|     False     |     True      |   True    |   True    | False  |\n------------------------------------------------------------------",
    "info_params": "name            value    minuit_hesse    at limit\n----------  ---------  --------------  ----------\nn_sig;325       52550     +/- 2.8e+02       False\u001b[0m\nn_bkg;325        5412     +/- 1.9e+02       False\u001b[0m\nfrac;325       0.4938     +/-   0.021       False\u001b[0m\nmu;325           5279     +/-   0.077       False\u001b[0m\nsigmaL;325      11.42     +/-     0.2       False\u001b[0m\nsigmaR;325      18.63     +/-    0.27       False\u001b[0m\nlambda;325  -0.002501     +/- 0.00025       False\u001b[0m",
    "lambda;325": -0.0025010774684398607,
    "lambda;325_err": 0.0002502368086633938,
    "mu;325": 5278.873630704098,
    "mu;325_err": 0.07722701074680312,
    "n_bkg;325": 5412.085844393754,
    "n_bkg;325_err": 186.10889898029913,
    "n_sig;325": 52554.208739925336,
    "n_sig;325_err": 284.16798511554384,
    "r_params": {
        "alphaL": 2.02992217591786,
        "alphaL_Kpipi": 0.2544346487741448,
        "alphaR": -1.7778067363088699,
        "alphaR_Kpipi": -3.7217896857419754,
        "fraction_Kpipi": 0.872223415585123,
        "muL_Kpipi": 5215.033020127927,
        "muR_Kpipi": 5184.55331669391,
        "nL": 0.4354740104546931,
        "nL_Kpipi": 4.94411261527306,
        "nR": 5.840596424652496,
        "nR_Kpipi": 3.458749948498741e-05,
        "r_bkgK": 0.02298024416305763,
        "sigmaL_Kpipi": 19.041373868610087,
        "sigmaR_Kpipi": 38.034796047104784
    },
    "sigmaL;325": 11.42406277658259,
    "sigmaL;325_err": 0.19525170571931302,
    "sigmaR;325": 18.63424732992818,
    "sigmaR;325_err": 0.26563591493421324
}