{
    "fit_ok": true,
    "frac;848": 0.4270400887550859,
    "frac;848_err": 0.02051991378886642,
    "info_fit": "------------------------------------------------------------------\n| FCN = -3.199e+05              |     Ncalls=104 (104 total)     |\n| EDM = 0.000182 (Goal: 0.001)  |            up = 0.5            |\n------------------------------------------------------------------\n|  Valid Min.   | Valid Param.  | Above EDM | Reached call limit |\n------------------------------------------------------------------\n|     True      |     True      |   False   |       False        |\n------------------------------------------------------------------\n| Hesse failed  |   Has cov.    | Accurate  | Pos. def. | Forced |\n------------------------------------------------------------------\n|     False     |     True      |   True    |   True    | False  |\n------------------------------------------------------------------",
    "info_params": "name            value    minuit_hesse    at limit\n----------  ---------  --------------  ----------\nn_sig;848       52330     +/- 2.8e+02       False\u001b[0m\nn_bkg;848        4998     +/- 1.8e+02       False\u001b[0m\nfrac;848        0.427     +/-   0.021       False\u001b[0m\nmu;848           5279     +/-   0.077       False\u001b[0m\nsigmaL;848      10.92     +/-    0.22       False\u001b[0m\nsigmaR;848       18.1     +/-    0.22       False\u001b[0m\nlambda;848  -0.001923     +/- 0.00027       False\u001b[0m",
    "lambda;848": -0.0019228797653969565,
    "lambda;848_err": 0.00027019365745657297,
    "mu;848": 5278.868041047206,
    "mu;848_err": 0.07732436107412831,
    "n_bkg;848": 4997.846602339948,
    "n_bkg;848_err": 180.27748286748175,
    "n_sig;848": 52333.61737934206,
    "n_sig;848_err": 278.5692633896236,
    "r_params": {
        "alphaL": 2.02992217591786,
        "alphaL_Kpipi": 0.23984147888569726,
        "alphaR": -1.7778067363088699,
        "alphaR_Kpipi": -3.45169511727099,
        "fraction_Kpipi": 0.8861855867303668,
        "muL_Kpipi": 5214.656416664541,
        "muR_Kpipi": 5183.074248990296,
        "mu_Ds": 5279.367499400258,
        "nL": 0.4354740104546931,
        "nL_Kpipi": 4.413073505098077,
        "nR": 5.840596424652496,
        "nR_Kpipi": 1.3686501931786665e-08,
        "n_sig_Ds": 1373.4523702231756,
        "r_bkgK": 0.035341458516519916,
        "sigmaL_Kpipi": 19.133710600596434,
        "sigmaR_Kpipi": 39.32384704379869,
        "sigma_Ds": 13.348441627857037
    },
    "sigmaL;848": 10.917857615000626,
    "sigmaL;848_err": 0.21731364972301478,
    "sigmaR;848": 18.095825112565517,
    "sigmaR;848_err": 0.2235231029099808
}