{
    "fit_ok": true,
    "frac;55": 0.6754772867843801,
    "frac;55_err": 0.013776051546367424,
    "info_fit": "------------------------------------------------------------------\n| FCN = -3.199e+05              |     Ncalls=103 (103 total)     |\n| EDM = 0.000123 (Goal: 0.001)  |            up = 0.5            |\n------------------------------------------------------------------\n|  Valid Min.   | Valid Param.  | Above EDM | Reached call limit |\n------------------------------------------------------------------\n|     True      |     True      |   False   |       False        |\n------------------------------------------------------------------\n| Hesse failed  |   Has cov.    | Accurate  | Pos. def. | Forced |\n------------------------------------------------------------------\n|     False     |     True      |   True    |   True    | False  |\n------------------------------------------------------------------",
    "info_params": "name           value    minuit_hesse    at limit\n---------  ---------  --------------  ----------\nn_sig;55       54430     +/- 2.7e+02       False\u001b[0m\nn_bkg;55        2820     +/- 1.6e+02       False\u001b[0m\nfrac;55       0.6755     +/-   0.014       False\u001b[0m\nmu;55           5279     +/-   0.077       False\u001b[0m\nsigmaL;55       12.8     +/-    0.13       False\u001b[0m\nsigmaR;55      21.54     +/-    0.42       False\u001b[0m\nlambda;55  -0.001199     +/- 0.00044       False\u001b[0m",
    "lambda;55": -0.001198685121456211,
    "lambda;55_err": 0.00043622905177130925,
    "mu;55": 5278.8657912412455,
    "mu;55_err": 0.07655864864003309,
    "n_bkg;55": 2820.3395159776396,
    "n_bkg;55_err": 155.12352289136854,
    "n_sig;55": 54429.87559030758,
    "n_sig;55_err": 272.1466328428419,
    "r_params": {
        "alphaL": 2.096884064057275,
        "alphaL_Kpipi": 0.23984147888569726,
        "alphaR": -1.7400218144752446,
        "alphaR_Kpipi": -3.45169511727099,
        "fraction_Kpipi": 0.8861855867303668,
        "muL_Kpipi": 5214.656416664541,
        "muR_Kpipi": 5183.074248990296,
        "nL": 0.4848115260133923,
        "nL_Kpipi": 4.413073505098077,
        "nR": 1.2636753827286435,
        "nR_Kpipi": 1.3686501931786665e-08,
        "r_bkgK": 0.035341458516519916,
        "sigmaL_Kpipi": 19.133710600596434,
        "sigmaR_Kpipi": 39.32384704379869
    },
    "sigmaL;55": 12.795960658978059,
    "sigmaL;55_err": 0.13049938498686153,
    "sigmaR;55": 21.539194709826617,
    "sigmaR;55_err": 0.41897230680055425
}