{
    "fit_ok": true,
    "frac;660": 0.42706150843022683,
    "frac;660_err": 0.020521892171800282,
    "info_fit": "------------------------------------------------------------------\n| FCN = -3.199e+05              |     Ncalls=103 (103 total)     |\n| EDM = 0.000512 (Goal: 0.001)  |            up = 0.5            |\n------------------------------------------------------------------\n|  Valid Min.   | Valid Param.  | Above EDM | Reached call limit |\n------------------------------------------------------------------\n|     True      |     True      |   False   |       False        |\n------------------------------------------------------------------\n| Hesse failed  |   Has cov.    | Accurate  | Pos. def. | Forced |\n------------------------------------------------------------------\n|     False     |     True      |   True    |   True    | False  |\n------------------------------------------------------------------",
    "info_params": "name            value    minuit_hesse    at limit\n----------  ---------  --------------  ----------\nn_sig;660       52300     +/- 2.8e+02       False\u001b[0m\nn_bkg;660        4999     +/- 1.8e+02       False\u001b[0m\nfrac;660       0.4271     +/-   0.021       False\u001b[0m\nmu;660           5279     +/-   0.077       False\u001b[0m\nsigmaL;660      10.92     +/-    0.22       False\u001b[0m\nsigmaR;660       18.1     +/-    0.22       False\u001b[0m\nlambda;660  -0.001928     +/- 0.00027       False\u001b[0m",
    "lambda;660": -0.0019277816677546467,
    "lambda;660_err": 0.00026975471755210116,
    "mu;660": 5278.859590841437,
    "mu;660_err": 0.07739232370513434,
    "n_bkg;660": 4999.196048605398,
    "n_bkg;660_err": 180.15428903135916,
    "n_sig;660": 52303.460356318035,
    "n_sig;660_err": 278.50381363344223,
    "r_params": {
        "alphaL": 2.02992217591786,
        "alphaL_Kpipi": 0.23984147888569726,
        "alphaR": -1.7778067363088699,
        "alphaR_Kpipi": -3.45169511727099,
        "fraction_Kpipi": 0.8861855867303668,
        "muL_Kpipi": 5214.656416664541,
        "muR_Kpipi": 5183.074248990296,
        "mu_Ds": 5279.599807014593,
        "nL": 0.4354740104546931,
        "nL_Kpipi": 4.413073505098077,
        "nR": 5.840596424652496,
        "nR_Kpipi": 1.3686501931786665e-08,
        "n_sig_Ds": 1401.552473596416,
        "r_bkgK": 0.035341458516519916,
        "sigmaL_Kpipi": 19.133710600596434,
        "sigmaR_Kpipi": 39.32384704379869,
        "sigma_Ds": 13.21959175274889
    },
    "sigmaL;660": 10.923844289356115,
    "sigmaL;660_err": 0.21736154929806803,
    "sigmaR;660": 18.102256385377174,
    "sigmaR;660_err": 0.22363700845386617
}