{
    "fit_ok": true,
    "frac;744": 0.4046597443140835,
    "frac;744_err": 0.020477398525218807,
    "info_fit": "------------------------------------------------------------------\n| FCN = -3.199e+05              |     Ncalls=106 (106 total)     |\n| EDM = 3.48e-05 (Goal: 0.001)  |            up = 0.5            |\n------------------------------------------------------------------\n|  Valid Min.   | Valid Param.  | Above EDM | Reached call limit |\n------------------------------------------------------------------\n|     True      |     True      |   False   |       False        |\n------------------------------------------------------------------\n| Hesse failed  |   Has cov.    | Accurate  | Pos. def. | Forced |\n------------------------------------------------------------------\n|     False     |     True      |   True    |   True    | False  |\n------------------------------------------------------------------",
    "info_params": "name           value    minuit_hesse    at limit\n----------  --------  --------------  ----------\nn_sig;744      52200     +/- 2.8e+02       False\u001b[0m\nn_bkg;744       4911     +/- 1.8e+02       False\u001b[0m\nfrac;744      0.4047     +/-    0.02       False\u001b[0m\nmu;744          5279     +/-   0.078       False\u001b[0m\nsigmaL;744     10.79     +/-    0.23       False\u001b[0m\nsigmaR;744     17.93     +/-    0.21       False\u001b[0m\nlambda;744  -0.00179     +/- 0.00028       False\u001b[0m",
    "lambda;744": -0.0017895685359288205,
    "lambda;744_err": 0.0002751822183017601,
    "mu;744": 5278.875065584048,
    "mu;744_err": 0.07754716553200854,
    "n_bkg;744": 4911.221465703992,
    "n_bkg;744_err": 179.17481986781146,
    "n_sig;744": 52201.09569989707,
    "n_sig;744_err": 277.0855059857447,
    "r_params": {
        "alphaL": 2.02992217591786,
        "alphaL_Kpipi": 0.23554399293521128,
        "alphaR": -1.7778067363088699,
        "alphaR_Kpipi": -3.6739958551570595,
        "fraction_Kpipi": 0.8894195243604197,
        "muL_Kpipi": 5214.570667843566,
        "muR_Kpipi": 5186.311234251005,
        "nL": 0.4354740104546931,
        "nL_Kpipi": 4.490455290087778,
        "nR": 5.840596424652496,
        "nR_Kpipi": 0.00015298981257224633,
        "r_bkgK": 0.039467257310923085,
        "sigmaL_Kpipi": 20.38261814326856,
        "sigmaR_Kpipi": 39.6261997520028
    },
    "sigmaL;744": 10.788225183672868,
    "sigmaL;744_err": 0.2279815630155712,
    "sigmaR;744": 17.931477791924486,
    "sigmaR;744_err": 0.21359493221659284
}