{
    "fit_ok": true,
    "frac;1019": 0.5334077449573879,
    "frac;1019_err": 0.023593703583867327,
    "info_fit": "------------------------------------------------------------------\n| FCN = -3.199e+05              |     Ncalls=101 (101 total)     |\n| EDM = 0.000178 (Goal: 0.001)  |            up = 0.5            |\n------------------------------------------------------------------\n|  Valid Min.   | Valid Param.  | Above EDM | Reached call limit |\n------------------------------------------------------------------\n|     True      |     True      |   False   |       False        |\n------------------------------------------------------------------\n| Hesse failed  |   Has cov.    | Accurate  | Pos. def. | Forced |\n------------------------------------------------------------------\n|     False     |     True      |   True    |   True    | False  |\n------------------------------------------------------------------",
    "info_params": "name             value    minuit_hesse    at limit\n-----------  ---------  --------------  ----------\nn_sig;1019       51950     +/- 2.7e+02       False\u001b[0m\nn_bkg;1019        5383     +/- 1.7e+02       False\u001b[0m\nfrac;1019       0.5334     +/-   0.024       False\u001b[0m\nmu;1019           5279     +/-   0.077       False\u001b[0m\nsigmaL;1019      11.81     +/-    0.19       False\u001b[0m\nsigmaR;1019      18.96     +/-    0.31       False\u001b[0m\nlambda;1019  -0.002528     +/- 0.00023       False\u001b[0m",
    "lambda;1019": -0.0025281246751648334,
    "lambda;1019_err": 0.0002273582135633945,
    "mu;1019": 5278.822532905721,
    "mu;1019_err": 0.07728963407957504,
    "n_bkg;1019": 5383.226873916285,
    "n_bkg;1019_err": 168.83591421571174,
    "n_sig;1019": 51954.965642443305,
    "n_sig;1019_err": 270.5642243896938,
    "r_params": {
        "alphaL": 2.0499322718766306,
        "alphaL_Kpipi": 0.23984147888569726,
        "alphaR": -1.6252041960422432,
        "alphaR_Kpipi": -3.45169511727099,
        "fraction_Kpipi": 0.8861855867303668,
        "muL_Kpipi": 5214.656416664541,
        "muR_Kpipi": 5183.074248990296,
        "nL": 0.6078941074675516,
        "nL_Kpipi": 4.413073505098077,
        "nR": 7.49228431368892,
        "nR_Kpipi": 1.3686501931786665e-08,
        "r_bkgK": 0.035341458516519916,
        "sigmaL_Kpipi": 19.133710600596434,
        "sigmaR_Kpipi": 39.32384704379869
    },
    "sigmaL;1019": 11.810782532231196,
    "sigmaL;1019_err": 0.19200153856086546,
    "sigmaR;1019": 18.95643937743592,
    "sigmaR;1019_err": 0.3148421807299608
}