{
    "fit_ok": true,
    "frac;1382": 0.3882551763729103,
    "frac;1382_err": 0.019589413273867283,
    "info_fit": "------------------------------------------------------------------\n| FCN = -3.199e+05              |     Ncalls=104 (104 total)     |\n| EDM = 8.68e-05 (Goal: 0.001)  |            up = 0.5            |\n------------------------------------------------------------------\n|  Valid Min.   | Valid Param.  | Above EDM | Reached call limit |\n------------------------------------------------------------------\n|     True      |     True      |   False   |       False        |\n------------------------------------------------------------------\n| Hesse failed  |   Has cov.    | Accurate  | Pos. def. | Forced |\n------------------------------------------------------------------\n|     False     |     True      |   True    |   True    | False  |\n------------------------------------------------------------------",
    "info_params": "name             value    minuit_hesse    at limit\n-----------  ---------  --------------  ----------\nn_sig;1382       52190     +/- 2.7e+02       False\u001b[0m\nn_bkg;1382        4782     +/- 1.8e+02       False\u001b[0m\nfrac;1382       0.3883     +/-    0.02       False\u001b[0m\nmu;1382           5279     +/-   0.078       False\u001b[0m\nsigmaL;1382      10.65     +/-    0.22       False\u001b[0m\nsigmaR;1382      17.86     +/-     0.2       False\u001b[0m\nlambda;1382  -0.001613     +/- 0.00028       False\u001b[0m",
    "lambda;1382": -0.001613031934475373,
    "lambda;1382_err": 0.00027843720743624627,
    "mu;1382": 5278.857851131109,
    "mu;1382_err": 0.07753756902562718,
    "n_bkg;1382": 4781.927008484018,
    "n_bkg;1382_err": 175.19392207911946,
    "n_sig;1382": 52190.59352556665,
    "n_sig;1382_err": 274.46678764980186,
    "r_params": {
        "alphaL": 2.02992217591786,
        "alphaL_Kpipi": 0.24313581748158228,
        "alphaR": -1.7778067363088699,
        "alphaR_Kpipi": -3.0946804287376617,
        "fraction_Kpipi": 0.8706731266669101,
        "muL_Kpipi": 5214.984067598069,
        "muR_Kpipi": 5178.230353565989,
        "nL": 0.4354740104546931,
        "nL_Kpipi": 4.269303798479431,
        "nR": 5.840596424652496,
        "nR_Kpipi": 0.0001728846797887516,
        "r_bkgK": 0.04214385059112973,
        "sigmaL_Kpipi": 18.83122322378807,
        "sigmaR_Kpipi": 38.46114039499266
    },
    "sigmaL;1382": 10.649938069436335,
    "sigmaL;1382_err": 0.22357595205073927,
    "sigmaR;1382": 17.85713283220643,
    "sigmaR;1382_err": 0.20350874457219922
}