{
    "fit_ok": true,
    "frac;576": 0.519026741728015,
    "frac;576_err": 0.01976173614200138,
    "info_fit": "------------------------------------------------------------------\n| FCN = -3.199e+05              |     Ncalls=105 (105 total)     |\n| EDM = 4.18e-05 (Goal: 0.001)  |            up = 0.5            |\n------------------------------------------------------------------\n|  Valid Min.   | Valid Param.  | Above EDM | Reached call limit |\n------------------------------------------------------------------\n|     True      |     True      |   False   |       False        |\n------------------------------------------------------------------\n| Hesse failed  |   Has cov.    | Accurate  | Pos. def. | Forced |\n------------------------------------------------------------------\n|     False     |     True      |   True    |   True    | False  |\n------------------------------------------------------------------",
    "info_params": "name            value    minuit_hesse    at limit\n----------  ---------  --------------  ----------\nn_sig;576       52570     +/- 2.7e+02       False\u001b[0m\nn_bkg;576        4746     +/- 1.7e+02       False\u001b[0m\nfrac;576        0.519     +/-    0.02       False\u001b[0m\nmu;576           5279     +/-   0.078       False\u001b[0m\nsigmaL;576      11.78     +/-    0.18       False\u001b[0m\nsigmaR;576      18.57     +/-    0.27       False\u001b[0m\nlambda;576  -0.001844     +/- 0.00027       False\u001b[0m",
    "lambda;576": -0.0018436709034785892,
    "lambda;576_err": 0.0002670312163753138,
    "mu;576": 5278.865348002621,
    "mu;576_err": 0.07769142012080324,
    "n_bkg;576": 4746.451393807543,
    "n_bkg;576_err": 168.58700208388734,
    "n_sig;576": 52569.33109854686,
    "n_sig;576_err": 272.6393746173411,
    "r_params": {
        "alphaL": 1.966498017920178,
        "alphaL_Kpipi": 0.23984147888569726,
        "alphaR": -1.6545125647524546,
        "alphaR_Kpipi": -3.45169511727099,
        "fraction_Kpipi": 0.8861855867303668,
        "muL_Kpipi": 5214.656416664541,
        "muR_Kpipi": 5183.074248990296,
        "nL": 0.5839978736668432,
        "nL_Kpipi": 4.413073505098077,
        "nR": 4.570621768426732,
        "nR_Kpipi": 1.3686501931786665e-08,
        "r_bkgK": 0.035341458516519916,
        "sigmaL_Kpipi": 19.133710600596434,
        "sigmaR_Kpipi": 39.32384704379869
    },
    "sigmaL;576": 11.781993820369197,
    "sigmaL;576_err": 0.17931660601491117,
    "sigmaR;576": 18.57120622745856,
    "sigmaR;576_err": 0.2696152863287577
}