{
    "fit_ok": true,
    "frac;725": 0.42544844990153297,
    "frac;725_err": 0.02059353766494151,
    "info_fit": "------------------------------------------------------------------\n| FCN = -3.199e+05              |     Ncalls=106 (106 total)     |\n| EDM = 9.06e-05 (Goal: 0.001)  |            up = 0.5            |\n------------------------------------------------------------------\n|  Valid Min.   | Valid Param.  | Above EDM | Reached call limit |\n------------------------------------------------------------------\n|     True      |     True      |   False   |       False        |\n------------------------------------------------------------------\n| Hesse failed  |   Has cov.    | Accurate  | Pos. def. | Forced |\n------------------------------------------------------------------\n|     False     |     True      |   True    |   True    | False  |\n------------------------------------------------------------------",
    "info_params": "name            value    minuit_hesse    at limit\n----------  ---------  --------------  ----------\nn_sig;725       52290     +/- 2.8e+02       False\u001b[0m\nn_bkg;725        5009     +/- 1.8e+02       False\u001b[0m\nfrac;725       0.4254     +/-   0.021       False\u001b[0m\nmu;725           5279     +/-   0.078       False\u001b[0m\nsigmaL;725         11     +/-    0.22       False\u001b[0m\nsigmaR;725      18.13     +/-    0.22       False\u001b[0m\nlambda;725  -0.001946     +/- 0.00027       False\u001b[0m",
    "lambda;725": -0.0019463264795004376,
    "lambda;725_err": 0.00026982501026847554,
    "mu;725": 5278.858743001421,
    "mu;725_err": 0.07759583767078955,
    "n_bkg;725": 5009.41800236649,
    "n_bkg;725_err": 180.63703182107935,
    "n_sig;725": 52288.19643789823,
    "n_sig;725_err": 278.7766663950207,
    "r_params": {
        "alphaL": 2.02992217591786,
        "alphaL_Kpipi": 0.23984147888569726,
        "alphaR": -1.7778067363088699,
        "alphaR_Kpipi": -3.45169511727099,
        "fraction_Kpipi": 0.8861855867303668,
        "muL_Kpipi": 5214.656416664541,
        "muR_Kpipi": 5183.074248990296,
        "mu_Ds": 5279.338664294482,
        "nL": 0.4354740104546931,
        "nL_Kpipi": 4.413073505098077,
        "nR": 5.840596424652496,
        "nR_Kpipi": 1.3686501931786665e-08,
        "n_sig_Ds": 1408.116577292281,
        "r_bkgK": 0.035341458516519916,
        "sigmaL_Kpipi": 19.133710600596434,
        "sigmaR_Kpipi": 39.32384704379869,
        "sigma_Ds": 11.491501626102096
    },
    "sigmaL;725": 11.001688808217791,
    "sigmaL;725_err": 0.21763265240709984,
    "sigmaR;725": 18.129220833596214,
    "sigmaR;725_err": 0.22307177009331908
}