{
    "fit_ok": true,
    "frac;751": 0.6062006076304638,
    "frac;751_err": 0.022293500812416652,
    "info_fit": "------------------------------------------------------------------\n| FCN = -3.199e+05              |     Ncalls=101 (101 total)     |\n| EDM = 8.86e-06 (Goal: 0.001)  |            up = 0.5            |\n------------------------------------------------------------------\n|  Valid Min.   | Valid Param.  | Above EDM | Reached call limit |\n------------------------------------------------------------------\n|     True      |     True      |   False   |       False        |\n------------------------------------------------------------------\n| Hesse failed  |   Has cov.    | Accurate  | Pos. def. | Forced |\n------------------------------------------------------------------\n|     False     |     True      |   True    |   True    | False  |\n------------------------------------------------------------------",
    "info_params": "name            value    minuit_hesse    at limit\n----------  ---------  --------------  ----------\nn_sig;751       52940     +/- 2.9e+02       False\u001b[0m\nn_bkg;751        6073     +/- 1.9e+02       False\u001b[0m\nfrac;751       0.6062     +/-   0.022       False\u001b[0m\nmu;751           5279     +/-   0.077       False\u001b[0m\nsigmaL;751      12.12     +/-    0.18       False\u001b[0m\nsigmaR;751      19.78     +/-    0.37       False\u001b[0m\nlambda;751  -0.003285     +/- 0.00022       False\u001b[0m",
    "lambda;751": -0.0032852584922253847,
    "lambda;751_err": 0.00021983952605998756,
    "mu;751": 5278.871958937894,
    "mu;751_err": 0.07713025646013016,
    "n_bkg;751": 6072.631003117707,
    "n_bkg;751_err": 189.82059666319532,
    "n_sig;751": 52937.62042919208,
    "n_sig;751_err": 289.91080494637606,
    "r_params": {
        "alphaL": 2.02992217591786,
        "alphaL_Kpipi": 0.25832538107787756,
        "alphaR": -1.7778067363088699,
        "alphaR_Kpipi": -3.5535043824362504,
        "fraction_Kpipi": 0.906910745177795,
        "muL_Kpipi": 5215.110453899167,
        "muR_Kpipi": 5184.335173790101,
        "nL": 0.4354740104546931,
        "nL_Kpipi": 4.703367848278267,
        "nR": 5.840596424652496,
        "nR_Kpipi": 0.00011663600090333849,
        "r_bkgK": 0.0031278891206563894,
        "sigmaL_Kpipi": 19.161172466862276,
        "sigmaR_Kpipi": 37.17819888842317
    },
    "sigmaL;751": 12.122175138552478,
    "sigmaL;751_err": 0.17889410830439803,
    "sigmaR;751": 19.775258606936593,
    "sigmaR;751_err": 0.37109078037985993
}