{
    "fit_ok": true,
    "frac;840": 0.5039929269000603,
    "frac;840_err": 0.021714196311643487,
    "info_fit": "------------------------------------------------------------------\n| FCN = -3.199e+05              |     Ncalls=105 (105 total)     |\n| EDM = 3.95e-06 (Goal: 0.001)  |            up = 0.5            |\n------------------------------------------------------------------\n|  Valid Min.   | Valid Param.  | Above EDM | Reached call limit |\n------------------------------------------------------------------\n|     True      |     True      |   False   |       False        |\n------------------------------------------------------------------\n| Hesse failed  |   Has cov.    | Accurate  | Pos. def. | Forced |\n------------------------------------------------------------------\n|     False     |     True      |   True    |   True    | False  |\n------------------------------------------------------------------",
    "info_params": "name            value    minuit_hesse    at limit\n----------  ---------  --------------  ----------\nn_sig;840       52530     +/- 2.9e+02       False\u001b[0m\nn_bkg;840        5532     +/- 1.9e+02       False\u001b[0m\nfrac;840        0.504     +/-   0.022       False\u001b[0m\nmu;840           5279     +/-   0.077       False\u001b[0m\nsigmaL;840       11.5     +/-     0.2       False\u001b[0m\nsigmaR;840      18.66     +/-    0.27       False\u001b[0m\nlambda;840  -0.002655     +/- 0.00025       False\u001b[0m",
    "lambda;840": -0.0026545857776717474,
    "lambda;840_err": 0.0002452354553207693,
    "mu;840": 5278.887662453331,
    "mu;840_err": 0.07720226521097018,
    "n_bkg;840": 5531.678066809457,
    "n_bkg;840_err": 187.57891335358633,
    "n_sig;840": 52530.15795397079,
    "n_sig;840_err": 285.18808542901405,
    "r_params": {
        "alphaL": 2.02992217591786,
        "alphaL_Kpipi": 0.2660678639312786,
        "alphaR": -1.7778067363088699,
        "alphaR_Kpipi": -3.270180381156349,
        "fraction_Kpipi": 0.8791854144751999,
        "muL_Kpipi": 5216.671732649117,
        "muR_Kpipi": 5183.755155889966,
        "nL": 0.4354740104546931,
        "nL_Kpipi": 4.127377818664337,
        "nR": 5.840596424652496,
        "nR_Kpipi": 7.043567862003377e-05,
        "r_bkgK": 0.021185114088206947,
        "sigmaL_Kpipi": 20.526689754705828,
        "sigmaR_Kpipi": 38.408074460178916
    },
    "sigmaL;840": 11.499557031014504,
    "sigmaL;840_err": 0.19501377180479623,
    "sigmaR;840": 18.66394859327886,
    "sigmaR;840_err": 0.27349516061267903
}