{
    "fit_ok": true,
    "frac;89": 0.5087415194319342,
    "frac;89_err": 0.021375616113415694,
    "info_fit": "------------------------------------------------------------------\n| FCN = -3.199e+05              |     Ncalls=104 (104 total)     |\n| EDM = 9.76e-05 (Goal: 0.001)  |            up = 0.5            |\n------------------------------------------------------------------\n|  Valid Min.   | Valid Param.  | Above EDM | Reached call limit |\n------------------------------------------------------------------\n|     True      |     True      |   False   |       False        |\n------------------------------------------------------------------\n| Hesse failed  |   Has cov.    | Accurate  | Pos. def. | Forced |\n------------------------------------------------------------------\n|     False     |     True      |   True    |   True    | False  |\n------------------------------------------------------------------",
    "info_params": "name           value    minuit_hesse    at limit\n---------  ---------  --------------  ----------\nn_sig;89       52530     +/- 2.7e+02       False\u001b[0m\nn_bkg;89        4783     +/- 1.7e+02       False\u001b[0m\nfrac;89       0.5087     +/-   0.021       False\u001b[0m\nmu;89           5279     +/-   0.077       False\u001b[0m\nsigmaL;89      11.59     +/-    0.19       False\u001b[0m\nsigmaR;89      18.95     +/-    0.29       False\u001b[0m\nlambda;89  -0.001865     +/- 0.00027       False\u001b[0m",
    "lambda;89": -0.0018645194554465921,
    "lambda;89_err": 0.0002704810814971397,
    "mu;89": 5278.825575950209,
    "mu;89_err": 0.0769938756061687,
    "n_bkg;89": 4783.011053671576,
    "n_bkg;89_err": 172.42094618694716,
    "n_sig;89": 52534.93284929646,
    "n_sig;89_err": 274.75086153571135,
    "r_params": {
        "alphaL": 2.107129740002306,
        "alphaL_Kpipi": 0.23984147888569726,
        "alphaR": -1.7361516971445454,
        "alphaR_Kpipi": -3.45169511727099,
        "fraction_Kpipi": 0.8861855867303668,
        "muL_Kpipi": 5214.656416664541,
        "muR_Kpipi": 5183.074248990296,
        "nL": 0.4424468101618663,
        "nL_Kpipi": 4.413073505098077,
        "nR": 4.33315965662866,
        "nR_Kpipi": 1.3686501931786665e-08,
        "r_bkgK": 0.035341458516519916,
        "sigmaL_Kpipi": 19.133710600596434,
        "sigmaR_Kpipi": 39.32384704379869
    },
    "sigmaL;89": 11.58733143581361,
    "sigmaL;89_err": 0.19120819118255397,
    "sigmaR;89": 18.94686194916745,
    "sigmaR;89_err": 0.2877975771863515
}