{
    "fit_ok": true,
    "frac;284": 0.3571645047941873,
    "frac;284_err": 0.019088929710255328,
    "info_fit": "------------------------------------------------------------------\n| FCN = -3.199e+05              |     Ncalls=104 (104 total)     |\n| EDM = 1.27e-05 (Goal: 0.001)  |            up = 0.5            |\n------------------------------------------------------------------\n|  Valid Min.   | Valid Param.  | Above EDM | Reached call limit |\n------------------------------------------------------------------\n|     True      |     True      |   False   |       False        |\n------------------------------------------------------------------\n| Hesse failed  |   Has cov.    | Accurate  | Pos. def. | Forced |\n------------------------------------------------------------------\n|     False     |     True      |   True    |   True    | False  |\n------------------------------------------------------------------",
    "info_params": "name            value    minuit_hesse    at limit\n----------  ---------  --------------  ----------\nn_sig;284       52000     +/- 2.7e+02       False\u001b[0m\nn_bkg;284        4705     +/- 1.7e+02       False\u001b[0m\nfrac;284       0.3572     +/-   0.019       False\u001b[0m\nmu;284           5279     +/-   0.078       False\u001b[0m\nsigmaL;284      10.41     +/-    0.23       False\u001b[0m\nsigmaR;284       17.6     +/-    0.19       False\u001b[0m\nlambda;284  -0.001461     +/- 0.00028       False\u001b[0m",
    "lambda;284": -0.0014609465208586941,
    "lambda;284_err": 0.00028020060417572636,
    "mu;284": 5278.863835471082,
    "mu;284_err": 0.07760924685948922,
    "n_bkg;284": 4704.586018495298,
    "n_bkg;284_err": 172.05362523699054,
    "n_sig;284": 51997.310700825234,
    "n_sig;284_err": 271.4828720851042,
    "r_params": {
        "alphaL": 2.02992217591786,
        "alphaL_Kpipi": 0.2211981210310556,
        "alphaR": -1.7778067363088699,
        "alphaR_Kpipi": -3.6129700011886308,
        "fraction_Kpipi": 0.9164865562162857,
        "muL_Kpipi": 5214.980956742557,
        "muR_Kpipi": 5187.544095112065,
        "nL": 0.4354740104546931,
        "nL_Kpipi": 4.819931110018095,
        "nR": 5.840596424652496,
        "nR_Kpipi": 0.00018496168136911988,
        "r_bkgK": 0.04749775274878443,
        "sigmaL_Kpipi": 19.78617191294654,
        "sigmaR_Kpipi": 40.23507964910481
    },
    "sigmaL;284": 10.414678444077857,
    "sigmaL;284_err": 0.2312358721491601,
    "sigmaR;284": 17.595095419531447,
    "sigmaR;284_err": 0.18960315765406163
}