{
    "fit_ok": true,
    "frac;357": 0.4265213303821718,
    "frac;357_err": 0.020509733030537183,
    "info_fit": "------------------------------------------------------------------\n| FCN = -3.199e+05              |     Ncalls=103 (103 total)     |\n| EDM = 1.85e-05 (Goal: 0.001)  |            up = 0.5            |\n------------------------------------------------------------------\n|  Valid Min.   | Valid Param.  | Above EDM | Reached call limit |\n------------------------------------------------------------------\n|     True      |     True      |   False   |       False        |\n------------------------------------------------------------------\n| Hesse failed  |   Has cov.    | Accurate  | Pos. def. | Forced |\n------------------------------------------------------------------\n|     False     |     True      |   True    |   True    | False  |\n------------------------------------------------------------------",
    "info_params": "name           value    minuit_hesse    at limit\n----------  --------  --------------  ----------\nn_sig;357      52400     +/- 2.8e+02       False\u001b[0m\nn_bkg;357       4995     +/- 1.8e+02       False\u001b[0m\nfrac;357      0.4265     +/-   0.021       False\u001b[0m\nmu;357          5279     +/-   0.077       False\u001b[0m\nsigmaL;357     10.92     +/-    0.22       False\u001b[0m\nsigmaR;357     18.09     +/-    0.22       False\u001b[0m\nlambda;357  -0.00192     +/- 0.00027       False\u001b[0m",
    "lambda;357": -0.0019196160797806394,
    "lambda;357_err": 0.00027041928721151595,
    "mu;357": 5278.876704902134,
    "mu;357_err": 0.07724478645355984,
    "n_bkg;357": 4994.8002310373,
    "n_bkg;357_err": 180.27479374634433,
    "n_sig;357": 52395.54618401403,
    "n_sig;357_err": 278.5674060385834,
    "r_params": {
        "alphaL": 2.02992217591786,
        "alphaL_Kpipi": 0.23984147888569726,
        "alphaR": -1.7778067363088699,
        "alphaR_Kpipi": -3.45169511727099,
        "fraction_Kpipi": 0.8861855867303668,
        "muL_Kpipi": 5214.656416664541,
        "muR_Kpipi": 5183.074248990296,
        "mu_Ds": 5279.074672106001,
        "nL": 0.4354740104546931,
        "nL_Kpipi": 4.413073505098077,
        "nR": 5.840596424652496,
        "nR_Kpipi": 1.3686501931786665e-08,
        "n_sig_Ds": 1312.4674642827613,
        "r_bkgK": 0.035341458516519916,
        "sigmaL_Kpipi": 19.133710600596434,
        "sigmaR_Kpipi": 39.32384704379869,
        "sigma_Ds": 13.152768489124217
    },
    "sigmaL;357": 10.92146339098558,
    "sigmaL;357_err": 0.21743819083919236,
    "sigmaR;357": 18.091951377860802,
    "sigmaR;357_err": 0.22293418720452232
}