{
    "fit_ok": true,
    "frac;118": 0.4601384970070837,
    "frac;118_err": 0.022478679005786036,
    "info_fit": "------------------------------------------------------------------\n| FCN = -3.199e+05              |     Ncalls=105 (105 total)     |\n| EDM = 1.65e-05 (Goal: 0.001)  |            up = 0.5            |\n------------------------------------------------------------------\n|  Valid Min.   | Valid Param.  | Above EDM | Reached call limit |\n------------------------------------------------------------------\n|     True      |     True      |   False   |       False        |\n------------------------------------------------------------------\n| Hesse failed  |   Has cov.    | Accurate  | Pos. def. | Forced |\n------------------------------------------------------------------\n|     False     |     True      |   True    |   True    | False  |\n------------------------------------------------------------------",
    "info_params": "name            value    minuit_hesse    at limit\n----------  ---------  --------------  ----------\nn_sig;118       52260     +/- 2.8e+02       False\u001b[0m\nn_bkg;118        5067     +/- 1.8e+02       False\u001b[0m\nfrac;118       0.4601     +/-   0.022       False\u001b[0m\nmu;118           5279     +/-   0.077       False\u001b[0m\nsigmaL;118      11.19     +/-    0.21       False\u001b[0m\nsigmaR;118      18.56     +/-    0.27       False\u001b[0m\nlambda;118  -0.001984     +/- 0.00027       False\u001b[0m",
    "lambda;118": -0.001984327169812422,
    "lambda;118_err": 0.00026555910317658626,
    "mu;118": 5278.808055802775,
    "mu;118_err": 0.07704923674431075,
    "n_bkg;118": 5066.647103491644,
    "n_bkg;118_err": 181.44081727356982,
    "n_sig;118": 52259.42970479939,
    "n_sig;118_err": 279.07673876638,
    "r_params": {
        "alphaL": 2.151093594088292,
        "alphaL_Kpipi": 0.23984147888569726,
        "alphaR": -1.6989390426701465,
        "alphaR_Kpipi": -3.45169511727099,
        "fraction_Kpipi": 0.8861855867303668,
        "muL_Kpipi": 5214.656416664541,
        "muR_Kpipi": 5183.074248990296,
        "nL": 0.36981305547284343,
        "nL_Kpipi": 4.413073505098077,
        "nR": 8.309480368357345,
        "nR_Kpipi": 1.3686501931786665e-08,
        "r_bkgK": 0.035341458516519916,
        "sigmaL_Kpipi": 19.133710600596434,
        "sigmaR_Kpipi": 39.32384704379869
    },
    "sigmaL;118": 11.192668606317907,
    "sigmaL;118_err": 0.20982079556470873,
    "sigmaR;118": 18.557583613129935,
    "sigmaR;118_err": 0.2670255166913749
}