{
    "fit_ok": true,
    "frac;1419": 0.460819611104539,
    "frac;1419_err": 0.01973311852788535,
    "info_fit": "------------------------------------------------------------------\n| FCN = -3.199e+05              |     Ncalls=105 (105 total)     |\n| EDM = 2.49e-05 (Goal: 0.001)  |            up = 0.5            |\n------------------------------------------------------------------\n|  Valid Min.   | Valid Param.  | Above EDM | Reached call limit |\n------------------------------------------------------------------\n|     True      |     True      |   False   |       False        |\n------------------------------------------------------------------\n| Hesse failed  |   Has cov.    | Accurate  | Pos. def. | Forced |\n------------------------------------------------------------------\n|     False     |     True      |   True    |   True    | False  |\n------------------------------------------------------------------",
    "info_params": "name             value    minuit_hesse    at limit\n-----------  ---------  --------------  ----------\nn_sig;1419       52520     +/- 2.8e+02       False\u001b[0m\nn_bkg;1419        4795     +/- 1.7e+02       False\u001b[0m\nfrac;1419       0.4608     +/-    0.02       False\u001b[0m\nmu;1419           5279     +/-   0.078       False\u001b[0m\nsigmaL;1419      11.31     +/-     0.2       False\u001b[0m\nsigmaR;1419      18.16     +/-    0.23       False\u001b[0m\nlambda;1419  -0.001801     +/- 0.00028       False\u001b[0m",
    "lambda;1419": -0.001801458251918464,
    "lambda;1419_err": 0.0002757102799318188,
    "mu;1419": 5278.882853803668,
    "mu;1419_err": 0.07786984172720034,
    "n_bkg;1419": 4795.362626015433,
    "n_bkg;1419_err": 174.9993730263707,
    "n_sig;1419": 52521.6845661373,
    "n_sig;1419_err": 276.1527321486764,
    "r_params": {
        "alphaL": 1.955332098324666,
        "alphaL_Kpipi": 0.23984147888569726,
        "alphaR": -1.721803578174531,
        "alphaR_Kpipi": -3.45169511727099,
        "fraction_Kpipi": 0.8861855867303668,
        "muL_Kpipi": 5214.656416664541,
        "muR_Kpipi": 5183.074248990296,
        "nL": 0.527652685890817,
        "nL_Kpipi": 4.413073505098077,
        "nR": 4.782758368100779,
        "nR_Kpipi": 1.3686501931786665e-08,
        "r_bkgK": 0.035341458516519916,
        "sigmaL_Kpipi": 19.133710600596434,
        "sigmaR_Kpipi": 39.32384704379869
    },
    "sigmaL;1419": 11.311223315955155,
    "sigmaL;1419_err": 0.20287745480512204,
    "sigmaR;1419": 18.163417916281393,
    "sigmaR;1419_err": 0.23092700876778738
}