{
    "fit_ok": true,
    "frac;1458": 0.3959602258349231,
    "frac;1458_err": 0.02028409491847212,
    "info_fit": "------------------------------------------------------------------\n| FCN = -3.199e+05              |     Ncalls=106 (106 total)     |\n| EDM = 2.37e-05 (Goal: 0.001)  |            up = 0.5            |\n------------------------------------------------------------------\n|  Valid Min.   | Valid Param.  | Above EDM | Reached call limit |\n------------------------------------------------------------------\n|     True      |     True      |   False   |       False        |\n------------------------------------------------------------------\n| Hesse failed  |   Has cov.    | Accurate  | Pos. def. | Forced |\n------------------------------------------------------------------\n|     False     |     True      |   True    |   True    | False  |\n------------------------------------------------------------------",
    "info_params": "name             value    minuit_hesse    at limit\n-----------  ---------  --------------  ----------\nn_sig;1458       52310     +/- 2.8e+02       False\u001b[0m\nn_bkg;1458        5018     +/- 1.8e+02       False\u001b[0m\nfrac;1458        0.396     +/-    0.02       False\u001b[0m\nmu;1458           5279     +/-   0.077       False\u001b[0m\nsigmaL;1458      10.61     +/-    0.23       False\u001b[0m\nsigmaR;1458      18.09     +/-    0.21       False\u001b[0m\nlambda;1458  -0.001903     +/- 0.00027       False\u001b[0m",
    "lambda;1458": -0.0019028843011887897,
    "lambda;1458_err": 0.00027336880226098227,
    "mu;1458": 5278.862008731625,
    "mu;1458_err": 0.07710921162431209,
    "n_bkg;1458": 5018.372775357233,
    "n_bkg;1458_err": 183.19125698696993,
    "n_sig;1458": 52305.58485935185,
    "n_sig;1458_err": 280.2529309481103,
    "r_params": {
        "alphaL": 2.1048172661627804,
        "alphaL_Kpipi": 0.23984147888569726,
        "alphaR": -1.9077279609370796,
        "alphaR_Kpipi": -3.45169511727099,
        "fraction_Kpipi": 0.8861855867303668,
        "muL_Kpipi": 5214.656416664541,
        "muR_Kpipi": 5183.074248990296,
        "nL": 0.33858120555997073,
        "nL_Kpipi": 4.413073505098077,
        "nR": 4.968607849020792,
        "nR_Kpipi": 1.3686501931786665e-08,
        "r_bkgK": 0.035341458516519916,
        "sigmaL_Kpipi": 19.133710600596434,
        "sigmaR_Kpipi": 39.32384704379869
    },
    "sigmaL;1458": 10.612393577669174,
    "sigmaL;1458_err": 0.22776962117503086,
    "sigmaR;1458": 18.085772395125268,
    "sigmaR;1458_err": 0.21468110869927196
}