{
    "fit_ok": true,
    "frac;731": 0.37031895377279744,
    "frac;731_err": 0.019127459370449705,
    "info_fit": "------------------------------------------------------------------\n| FCN = -3.199e+05              |     Ncalls=100 (100 total)     |\n| EDM = 0.000406 (Goal: 0.001)  |            up = 0.5            |\n------------------------------------------------------------------\n|  Valid Min.   | Valid Param.  | Above EDM | Reached call limit |\n------------------------------------------------------------------\n|     True      |     True      |   False   |       False        |\n------------------------------------------------------------------\n| Hesse failed  |   Has cov.    | Accurate  | Pos. def. | Forced |\n------------------------------------------------------------------\n|     False     |     True      |   True    |   True    | False  |\n------------------------------------------------------------------",
    "info_params": "name            value    minuit_hesse    at limit\n----------  ---------  --------------  ----------\nn_sig;731       52090     +/- 2.7e+02       False\u001b[0m\nn_bkg;731        4722     +/- 1.7e+02       False\u001b[0m\nfrac;731       0.3703     +/-   0.019       False\u001b[0m\nmu;731           5279     +/-   0.078       False\u001b[0m\nsigmaL;731      10.51     +/-    0.22       False\u001b[0m\nsigmaR;731      17.72     +/-    0.19       False\u001b[0m\nlambda;731  -0.001507     +/- 0.00028       False\u001b[0m",
    "lambda;731": -0.0015068336934556115,
    "lambda;731_err": 0.0002795328348391328,
    "mu;731": 5278.855869700948,
    "mu;731_err": 0.07758206664800832,
    "n_bkg;731": 4722.253349490575,
    "n_bkg;731_err": 172.74523404936986,
    "n_sig;731": 52093.04726238637,
    "n_sig;731_err": 272.4280534750477,
    "r_params": {
        "alphaL": 2.02992217591786,
        "alphaL_Kpipi": 0.2525422565665208,
        "alphaR": -1.7778067363088699,
        "alphaR_Kpipi": -3.2847157108664318,
        "fraction_Kpipi": 0.8739743357505559,
        "muL_Kpipi": 5214.096395905466,
        "muR_Kpipi": 5185.287852463521,
        "nL": 0.4354740104546931,
        "nL_Kpipi": 4.16192739762364,
        "nR": 5.840596424652496,
        "nR_Kpipi": 1.1858994851120264e-05,
        "r_bkgK": 0.04522818730768517,
        "sigmaL_Kpipi": 19.238296985906473,
        "sigmaR_Kpipi": 39.51114841893076
    },
    "sigmaL;731": 10.508464058004368,
    "sigmaL;731_err": 0.22478908979458842,
    "sigmaR;731": 17.72463096637277,
    "sigmaR;731_err": 0.19483865159056557
}