{
    "fit_ok": true,
    "frac;469": 0.3389861872579689,
    "frac;469_err": 0.017917159780705436,
    "info_fit": "------------------------------------------------------------------\n| FCN = -3.199e+05              |     Ncalls=102 (102 total)     |\n| EDM = 1.96e-05 (Goal: 0.001)  |            up = 0.5            |\n------------------------------------------------------------------\n|  Valid Min.   | Valid Param.  | Above EDM | Reached call limit |\n------------------------------------------------------------------\n|     True      |     True      |   False   |       False        |\n------------------------------------------------------------------\n| Hesse failed  |   Has cov.    | Accurate  | Pos. def. | Forced |\n------------------------------------------------------------------\n|     False     |     True      |   True    |   True    | False  |\n------------------------------------------------------------------",
    "info_params": "name            value    minuit_hesse    at limit\n----------  ---------  --------------  ----------\nn_sig;469       51990     +/- 2.8e+02       False\u001b[0m\nn_bkg;469        5343     +/- 1.8e+02       False\u001b[0m\nfrac;469        0.339     +/-   0.018       False\u001b[0m\nmu;469           5279     +/-   0.078       False\u001b[0m\nsigmaL;469      10.13     +/-    0.25       False\u001b[0m\nsigmaR;469      17.35     +/-    0.17       False\u001b[0m\nlambda;469  -0.002173     +/- 0.00026       False\u001b[0m",
    "lambda;469": -0.0021730750854364045,
    "lambda;469_err": 0.0002554126598650578,
    "mu;469": 5278.9410839254,
    "mu;469_err": 0.07833641633777554,
    "n_bkg;469": 5343.172873888519,
    "n_bkg;469_err": 184.02860563902922,
    "n_sig;469": 51990.903563348416,
    "n_sig;469_err": 279.623171671067,
    "r_params": {
        "alphaL": 1.8913048947383075,
        "alphaL_Kpipi": 0.23984147888569726,
        "alphaR": -1.8211885764300626,
        "alphaR_Kpipi": -3.45169511727099,
        "fraction_Kpipi": 0.8861855867303668,
        "muL_Kpipi": 5214.656416664541,
        "muR_Kpipi": 5183.074248990296,
        "nL": 0.4689080002860353,
        "nL_Kpipi": 4.413073505098077,
        "nR": 9.702942054945236,
        "nR_Kpipi": 1.3686501931786665e-08,
        "r_bkgK": 0.035341458516519916,
        "sigmaL_Kpipi": 19.133710600596434,
        "sigmaR_Kpipi": 39.32384704379869
    },
    "sigmaL;469": 10.131650178904128,
    "sigmaL;469_err": 0.24710590626574225,
    "sigmaR;469": 17.345992147830298,
    "sigmaR;469_err": 0.1669311969676069
}