{
    "fit_ok": true,
    "frac;171": 0.3760936369916689,
    "frac;171_err": 0.017482053249518466,
    "info_fit": "------------------------------------------------------------------\n| FCN = -3.199e+05              |     Ncalls=101 (101 total)     |\n| EDM = 0.000207 (Goal: 0.001)  |            up = 0.5            |\n------------------------------------------------------------------\n|  Valid Min.   | Valid Param.  | Above EDM | Reached call limit |\n------------------------------------------------------------------\n|     True      |     True      |   False   |       False        |\n------------------------------------------------------------------\n| Hesse failed  |   Has cov.    | Accurate  | Pos. def. | Forced |\n------------------------------------------------------------------\n|     False     |     True      |   True    |   True    | False  |\n------------------------------------------------------------------",
    "info_params": "name            value    minuit_hesse    at limit\n----------  ---------  --------------  ----------\nn_sig;171       52240     +/- 2.8e+02       False\u001b[0m\nn_bkg;171        5085     +/- 1.8e+02       False\u001b[0m\nfrac;171       0.3761     +/-   0.017       False\u001b[0m\nmu;171           5279     +/-   0.079       False\u001b[0m\nsigmaL;171      10.64     +/-    0.23       False\u001b[0m\nsigmaR;171      17.28     +/-    0.17       False\u001b[0m\nlambda;171  -0.001978     +/- 0.00026       False\u001b[0m",
    "lambda;171": -0.0019777479156589395,
    "lambda;171_err": 0.00026462656301731073,
    "mu;171": 5278.943850754001,
    "mu;171_err": 0.0790623191414495,
    "n_bkg;171": 5084.842159783376,
    "n_bkg;171_err": 179.27627836906862,
    "n_sig;171": 52239.94891884101,
    "n_sig;171_err": 277.6327812395004,
    "r_params": {
        "alphaL": 1.7989129702289968,
        "alphaL_Kpipi": 0.23984147888569726,
        "alphaR": -1.6869896681308487,
        "alphaR_Kpipi": -3.45169511727099,
        "fraction_Kpipi": 0.8861855867303668,
        "muL_Kpipi": 5214.656416664541,
        "muR_Kpipi": 5183.074248990296,
        "nL": 0.5815979664362352,
        "nL_Kpipi": 4.413073505098077,
        "nR": 8.01117058688186,
        "nR_Kpipi": 1.3686501931786665e-08,
        "r_bkgK": 0.035341458516519916,
        "sigmaL_Kpipi": 19.133710600596434,
        "sigmaR_Kpipi": 39.32384704379869
    },
    "sigmaL;171": 10.641855009408891,
    "sigmaL;171_err": 0.23117960125062895,
    "sigmaR;171": 17.280672127212355,
    "sigmaR;171_err": 0.17143985624966587
}