{
    "fit_ok": true,
    "frac;70": 0.5030174931649032,
    "frac;70_err": 0.021439895076365605,
    "info_fit": "------------------------------------------------------------------\n| FCN = -3.199e+05              |     Ncalls=105 (105 total)     |\n| EDM = 5.63e-06 (Goal: 0.001)  |            up = 0.5            |\n------------------------------------------------------------------\n|  Valid Min.   | Valid Param.  | Above EDM | Reached call limit |\n------------------------------------------------------------------\n|     True      |     True      |   False   |       False        |\n------------------------------------------------------------------\n| Hesse failed  |   Has cov.    | Accurate  | Pos. def. | Forced |\n------------------------------------------------------------------\n|     False     |     True      |   True    |   True    | False  |\n------------------------------------------------------------------",
    "info_params": "name           value    minuit_hesse    at limit\n---------  ---------  --------------  ----------\nn_sig;70       52580     +/- 2.8e+02       False\u001b[0m\nn_bkg;70        5455     +/- 1.9e+02       False\u001b[0m\nfrac;70        0.503     +/-   0.021       False\u001b[0m\nmu;70           5279     +/-   0.077       False\u001b[0m\nsigmaL;70      11.49     +/-    0.19       False\u001b[0m\nsigmaR;70       18.7     +/-    0.27       False\u001b[0m\nlambda;70  -0.002553     +/- 0.00025       False\u001b[0m",
    "lambda;70": -0.0025525620273875033,
    "lambda;70_err": 0.00024854739437363396,
    "mu;70": 5278.879652016305,
    "mu;70_err": 0.07719223546734992,
    "n_bkg;70": 5454.562643010998,
    "n_bkg;70_err": 186.7910541890251,
    "n_sig;70": 52578.611491431424,
    "n_sig;70_err": 284.8103298794903,
    "r_params": {
        "alphaL": 2.02992217591786,
        "alphaL_Kpipi": 0.22557134089719816,
        "alphaR": -1.7778067363088699,
        "alphaR_Kpipi": -3.5100733649762317,
        "fraction_Kpipi": 0.8947673116195226,
        "muL_Kpipi": 5216.245050323387,
        "muR_Kpipi": 5178.939691957892,
        "nL": 0.4354740104546931,
        "nL_Kpipi": 4.532635212166463,
        "nR": 5.840596424652496,
        "nR_Kpipi": 0.0006236419784422654,
        "r_bkgK": 0.02170805580997373,
        "sigmaL_Kpipi": 19.41113455837888,
        "sigmaR_Kpipi": 40.525572174259175
    },
    "sigmaL;70": 11.486227494354075,
    "sigmaL;70_err": 0.19362389449207087,
    "sigmaR;70": 18.700570703337405,
    "sigmaR;70_err": 0.27233245042418325
}