{
    "fit_ok": true,
    "frac;314": 0.37332715214209655,
    "frac;314_err": 0.01902132758089575,
    "info_fit": "------------------------------------------------------------------\n| FCN = -3.199e+05              |     Ncalls=101 (101 total)     |\n| EDM = 0.000304 (Goal: 0.001)  |            up = 0.5            |\n------------------------------------------------------------------\n|  Valid Min.   | Valid Param.  | Above EDM | Reached call limit |\n------------------------------------------------------------------\n|     True      |     True      |   False   |       False        |\n------------------------------------------------------------------\n| Hesse failed  |   Has cov.    | Accurate  | Pos. def. | Forced |\n------------------------------------------------------------------\n|     False     |     True      |   True    |   True    | False  |\n------------------------------------------------------------------",
    "info_params": "name            value    minuit_hesse    at limit\n----------  ---------  --------------  ----------\nn_sig;314       52120     +/- 2.7e+02       False\u001b[0m\nn_bkg;314        4701     +/- 1.7e+02       False\u001b[0m\nfrac;314       0.3733     +/-   0.019       False\u001b[0m\nmu;314           5279     +/-   0.078       False\u001b[0m\nsigmaL;314      10.53     +/-    0.22       False\u001b[0m\nsigmaR;314      17.75     +/-     0.2       False\u001b[0m\nlambda;314  -0.001457     +/- 0.00028       False\u001b[0m",
    "lambda;314": -0.0014573514514912567,
    "lambda;314_err": 0.00028030201249318814,
    "mu;314": 5278.858172083794,
    "mu;314_err": 0.07754841549131966,
    "n_bkg;314": 4700.745686503395,
    "n_bkg;314_err": 172.07278156343534,
    "n_sig;314": 52123.328926292874,
    "n_sig;314_err": 272.1555267024755,
    "r_params": {
        "alphaL": 2.02992217591786,
        "alphaL_Kpipi": 0.2238946454463083,
        "alphaR": -1.7778067363088699,
        "alphaR_Kpipi": -3.807156315770155,
        "fraction_Kpipi": 0.8786373105301549,
        "muL_Kpipi": 5214.738507557681,
        "muR_Kpipi": 5183.511423752715,
        "nL": 0.4354740104546931,
        "nL_Kpipi": 4.765089212673743,
        "nR": 5.840596424652496,
        "nR_Kpipi": 0.00011943581508312306,
        "r_bkgK": 0.04503793990236571,
        "sigmaL_Kpipi": 19.25089594719909,
        "sigmaR_Kpipi": 38.238820046972776
    },
    "sigmaL;314": 10.530380883143767,
    "sigmaL;314_err": 0.22259687431355646,
    "sigmaR;314": 17.753001362979333,
    "sigmaR;314_err": 0.19561695914650123
}