{
    "fit_ok": true,
    "frac;29": 0.42656289461207963,
    "frac;29_err": 0.02057063084216971,
    "info_fit": "------------------------------------------------------------------\n| FCN = -3.199e+05              |     Ncalls=105 (105 total)     |\n| EDM = 9.25e-05 (Goal: 0.001)  |            up = 0.5            |\n------------------------------------------------------------------\n|  Valid Min.   | Valid Param.  | Above EDM | Reached call limit |\n------------------------------------------------------------------\n|     True      |     True      |   False   |       False        |\n------------------------------------------------------------------\n| Hesse failed  |   Has cov.    | Accurate  | Pos. def. | Forced |\n------------------------------------------------------------------\n|     False     |     True      |   True    |   True    | False  |\n------------------------------------------------------------------",
    "info_params": "name           value    minuit_hesse    at limit\n---------  ---------  --------------  ----------\nn_sig;29       52250     +/- 2.8e+02       False\u001b[0m\nn_bkg;29        5004     +/- 1.8e+02       False\u001b[0m\nfrac;29       0.4266     +/-   0.021       False\u001b[0m\nmu;29           5279     +/-   0.078       False\u001b[0m\nsigmaL;29      10.95     +/-    0.22       False\u001b[0m\nsigmaR;29      18.12     +/-    0.22       False\u001b[0m\nlambda;29  -0.001936     +/- 0.00027       False\u001b[0m",
    "lambda;29": -0.0019364217512696236,
    "lambda;29_err": 0.00026997521631737004,
    "mu;29": 5278.859798182205,
    "mu;29_err": 0.07754660416926303,
    "n_bkg;29": 5004.302818670317,
    "n_bkg;29_err": 180.52073434454522,
    "n_sig;29": 52253.78081662303,
    "n_sig;29_err": 278.7216381228024,
    "r_params": {
        "alphaL": 2.02992217591786,
        "alphaL_Kpipi": 0.23984147888569726,
        "alphaR": -1.7778067363088699,
        "alphaR_Kpipi": -3.45169511727099,
        "fraction_Kpipi": 0.8861855867303668,
        "muL_Kpipi": 5214.656416664541,
        "muR_Kpipi": 5183.074248990296,
        "mu_Ds": 5279.478838359746,
        "nL": 0.4354740104546931,
        "nL_Kpipi": 4.413073505098077,
        "nR": 5.840596424652496,
        "nR_Kpipi": 1.3686501931786665e-08,
        "n_sig_Ds": 1449.1926878443778,
        "r_bkgK": 0.035341458516519916,
        "sigmaL_Kpipi": 19.133710600596434,
        "sigmaR_Kpipi": 39.32384704379869,
        "sigma_Ds": 12.608387196149648
    },
    "sigmaL;29": 10.945804898108436,
    "sigmaL;29_err": 0.21757000000741525,
    "sigmaR;29": 18.12220177455071,
    "sigmaR;29_err": 0.22408456920050582
}