{
    "fit_ok": true,
    "frac;1600": 0.3225997339723272,
    "frac;1600_err": 0.018494577430190205,
    "info_fit": "------------------------------------------------------------------\n| FCN = -3.199e+05              |     Ncalls=105 (105 total)     |\n| EDM = 2.24e-05 (Goal: 0.001)  |            up = 0.5            |\n------------------------------------------------------------------\n|  Valid Min.   | Valid Param.  | Above EDM | Reached call limit |\n------------------------------------------------------------------\n|     True      |     True      |   False   |       False        |\n------------------------------------------------------------------\n| Hesse failed  |   Has cov.    | Accurate  | Pos. def. | Forced |\n------------------------------------------------------------------\n|     False     |     True      |   True    |   True    | False  |\n------------------------------------------------------------------",
    "info_params": "name             value    minuit_hesse    at limit\n-----------  ---------  --------------  ----------\nn_sig;1600       51820     +/- 2.7e+02       False\u001b[0m\nn_bkg;1600        4559     +/- 1.7e+02       False\u001b[0m\nfrac;1600       0.3226     +/-   0.018       False\u001b[0m\nmu;1600           5279     +/-   0.078       False\u001b[0m\nsigmaL;1600      10.12     +/-    0.25       False\u001b[0m\nsigmaR;1600      17.35     +/-    0.17       False\u001b[0m\nlambda;1600  -0.001214     +/- 0.00028       False\u001b[0m",
    "lambda;1600": -0.0012143335210692552,
    "lambda;1600_err": 0.0002840359219775959,
    "mu;1600": 5278.859256208552,
    "mu;1600_err": 0.07771220297275246,
    "n_bkg;1600": 4559.227160039633,
    "n_bkg;1600_err": 166.76377692185662,
    "n_sig;1600": 51820.647322669094,
    "n_sig;1600_err": 267.31858833284304,
    "r_params": {
        "alphaL": 2.02992217591786,
        "alphaL_Kpipi": 0.24399988479634027,
        "alphaR": -1.7778067363088699,
        "alphaR_Kpipi": -3.605790441364156,
        "fraction_Kpipi": 0.8677161210771569,
        "muL_Kpipi": 5215.3406282953665,
        "muR_Kpipi": 5182.266832859948,
        "nL": 0.4354740104546931,
        "nL_Kpipi": 4.644096393424311,
        "nR": 5.840596424652496,
        "nR_Kpipi": 0.00012851436919215776,
        "r_bkgK": 0.05385892335812583,
        "sigmaL_Kpipi": 19.714726325558704,
        "sigmaR_Kpipi": 41.63916016259178
    },
    "sigmaL;1600": 10.12234006426893,
    "sigmaL;1600_err": 0.24777505297123464,
    "sigmaR;1600": 17.354216549076817,
    "sigmaR;1600_err": 0.17499119067406896
}