{
    "fit_ok": true,
    "frac;1614": 0.39874763504627375,
    "frac;1614_err": 0.020827957561722982,
    "info_fit": "------------------------------------------------------------------\n| FCN = -3.199e+05              |     Ncalls=104 (104 total)     |\n| EDM = 3.66e-05 (Goal: 0.001)  |            up = 0.5            |\n------------------------------------------------------------------\n|  Valid Min.   | Valid Param.  | Above EDM | Reached call limit |\n------------------------------------------------------------------\n|     True      |     True      |   False   |       False        |\n------------------------------------------------------------------\n| Hesse failed  |   Has cov.    | Accurate  | Pos. def. | Forced |\n------------------------------------------------------------------\n|     False     |     True      |   True    |   True    | False  |\n------------------------------------------------------------------",
    "info_params": "name             value    minuit_hesse    at limit\n-----------  ---------  --------------  ----------\nn_sig;1614       52150     +/- 2.8e+02       False\u001b[0m\nn_bkg;1614        4987     +/- 1.8e+02       False\u001b[0m\nfrac;1614       0.3987     +/-   0.021       False\u001b[0m\nmu;1614           5279     +/-   0.078       False\u001b[0m\nsigmaL;1614      10.76     +/-    0.23       False\u001b[0m\nsigmaR;1614      17.85     +/-    0.21       False\u001b[0m\nlambda;1614  -0.001911     +/- 0.00027       False\u001b[0m",
    "lambda;1614": -0.0019106990202361063,
    "lambda;1614_err": 0.00027233442536719855,
    "mu;1614": 5278.871498153221,
    "mu;1614_err": 0.0775528221183929,
    "n_bkg;1614": 4987.073573324772,
    "n_bkg;1614_err": 180.94015582705,
    "n_sig;1614": 52146.068556800834,
    "n_sig;1614_err": 277.9939971564686,
    "r_params": {
        "alphaL": 2.02992217591786,
        "alphaL_Kpipi": 0.22579319720749025,
        "alphaR": -1.7778067363088699,
        "alphaR_Kpipi": -3.3284235879921438,
        "fraction_Kpipi": 0.9061182530034257,
        "muL_Kpipi": 5216.920923113626,
        "muR_Kpipi": 5183.7503705986355,
        "nL": 0.4354740104546931,
        "nL_Kpipi": 4.621428844785029,
        "nR": 5.840596424652496,
        "nR_Kpipi": 6.663967631606927e-05,
        "r_bkgK": 0.03911051305229298,
        "sigmaL_Kpipi": 18.679860621948002,
        "sigmaR_Kpipi": 38.63855562130781
    },
    "sigmaL;1614": 10.759538518864924,
    "sigmaL;1614_err": 0.2335046001587709,
    "sigmaR;1614": 17.84890861776885,
    "sigmaR;1614_err": 0.21177800835660573
}