{
    "fit_ok": true,
    "frac;315": 0.3254532917087408,
    "frac;315_err": 0.018442888036673228,
    "info_fit": "------------------------------------------------------------------\n| FCN = -3.199e+05              |     Ncalls=104 (104 total)     |\n| EDM = 0.000235 (Goal: 0.001)  |            up = 0.5            |\n------------------------------------------------------------------\n|  Valid Min.   | Valid Param.  | Above EDM | Reached call limit |\n------------------------------------------------------------------\n|     True      |     True      |   False   |       False        |\n------------------------------------------------------------------\n| Hesse failed  |   Has cov.    | Accurate  | Pos. def. | Forced |\n------------------------------------------------------------------\n|     False     |     True      |   True    |   True    | False  |\n------------------------------------------------------------------",
    "info_params": "name            value    minuit_hesse    at limit\n----------  ---------  --------------  ----------\nn_sig;315       51880     +/- 2.7e+02       False\u001b[0m\nn_bkg;315        4529     +/- 1.7e+02       False\u001b[0m\nfrac;315       0.3255     +/-   0.018       False\u001b[0m\nmu;315           5279     +/-   0.078       False\u001b[0m\nsigmaL;315      10.14     +/-    0.25       False\u001b[0m\nsigmaR;315      17.41     +/-    0.18       False\u001b[0m\nlambda;315  -0.001181     +/- 0.00029       False\u001b[0m",
    "lambda;315": -0.0011812946519118989,
    "lambda;315_err": 0.0002854272680931636,
    "mu;315": 5278.8456546067055,
    "mu;315_err": 0.07775385232990886,
    "n_bkg;315": 4529.182077743093,
    "n_bkg;315_err": 166.1720055352421,
    "n_sig;315": 51879.37696548381,
    "n_sig;315_err": 267.2469884152442,
    "r_params": {
        "alphaL": 2.02992217591786,
        "alphaL_Kpipi": 0.25401363705123664,
        "alphaR": -1.7778067363088699,
        "alphaR_Kpipi": -3.1912151673895095,
        "fraction_Kpipi": 0.8965198793686391,
        "muL_Kpipi": 5214.095093231822,
        "muR_Kpipi": 5182.460371929967,
        "nL": 0.4354740104546931,
        "nL_Kpipi": 4.406728318483551,
        "nR": 5.840596424652496,
        "nR_Kpipi": 7.924144181527864e-06,
        "r_bkgK": 0.05322947697478897,
        "sigmaL_Kpipi": 19.499918556070845,
        "sigmaR_Kpipi": 39.88648698436228
    },
    "sigmaL;315": 10.136404596428076,
    "sigmaL;315_err": 0.2467645961319578,
    "sigmaR;315": 17.411995981961187,
    "sigmaR;315_err": 0.17575427889334708
}