{
    "fit_ok": true,
    "frac;21": 0.5772312421534448,
    "frac;21_err": 0.019002790384709076,
    "info_fit": "------------------------------------------------------------------\n| FCN = -3.199e+05              |      Ncalls=99 (99 total)      |\n| EDM = 0.000223 (Goal: 0.001)  |            up = 0.5            |\n------------------------------------------------------------------\n|  Valid Min.   | Valid Param.  | Above EDM | Reached call limit |\n------------------------------------------------------------------\n|     True      |     True      |   False   |       False        |\n------------------------------------------------------------------\n| Hesse failed  |   Has cov.    | Accurate  | Pos. def. | Forced |\n------------------------------------------------------------------\n|     False     |     True      |   True    |   True    | False  |\n------------------------------------------------------------------",
    "info_params": "name           value    minuit_hesse    at limit\n---------  ---------  --------------  ----------\nn_sig;21       52920     +/- 2.7e+02       False\u001b[0m\nn_bkg;21        4386     +/- 1.7e+02       False\u001b[0m\nfrac;21       0.5772     +/-   0.019       False\u001b[0m\nmu;21           5279     +/-   0.077       False\u001b[0m\nsigmaL;21      12.17     +/-    0.16       False\u001b[0m\nsigmaR;21      19.32     +/-    0.33       False\u001b[0m\nlambda;21  -0.001281     +/- 0.00029       False\u001b[0m",
    "lambda;21": -0.0012813962290895986,
    "lambda;21_err": 0.0002867547850373416,
    "mu;21": 5278.784659331358,
    "mu;21_err": 0.07739963036666794,
    "n_bkg;21": 4386.473727946074,
    "n_bkg;21_err": 165.24957380735253,
    "n_sig;21": 52916.507238067265,
    "n_sig;21_err": 271.98333231383504,
    "r_params": {
        "alphaL": 2.1138278397123287,
        "alphaL_Kpipi": 0.23984147888569726,
        "alphaR": -1.518462385363426,
        "alphaR_Kpipi": -3.45169511727099,
        "fraction_Kpipi": 0.8861855867303668,
        "muL_Kpipi": 5214.656416664541,
        "muR_Kpipi": 5183.074248990296,
        "nL": 0.43884123027945865,
        "nL_Kpipi": 4.413073505098077,
        "nR": 5.665974519541489,
        "nR_Kpipi": 1.3686501931786665e-08,
        "r_bkgK": 0.035341458516519916,
        "sigmaL_Kpipi": 19.133710600596434,
        "sigmaR_Kpipi": 39.32384704379869
    },
    "sigmaL;21": 12.173582258653324,
    "sigmaL;21_err": 0.16312607183378863,
    "sigmaR;21": 19.315638035652402,
    "sigmaR;21_err": 0.3250881771424293
}