{
    "fit_ok": true,
    "frac;270": 0.38244313893930976,
    "frac;270_err": 0.01819362484592287,
    "info_fit": "------------------------------------------------------------------\n| FCN = -3.199e+05              |     Ncalls=105 (105 total)     |\n| EDM = 7.74e-05 (Goal: 0.001)  |            up = 0.5            |\n------------------------------------------------------------------\n|  Valid Min.   | Valid Param.  | Above EDM | Reached call limit |\n------------------------------------------------------------------\n|     True      |     True      |   False   |       False        |\n------------------------------------------------------------------\n| Hesse failed  |   Has cov.    | Accurate  | Pos. def. | Forced |\n------------------------------------------------------------------\n|     False     |     True      |   True    |   True    | False  |\n------------------------------------------------------------------",
    "info_params": "name            value    minuit_hesse    at limit\n----------  ---------  --------------  ----------\nn_sig;270       52400     +/- 2.8e+02       False\u001b[0m\nn_bkg;270        4922     +/- 1.8e+02       False\u001b[0m\nfrac;270       0.3824     +/-   0.018       False\u001b[0m\nmu;270           5279     +/-   0.078       False\u001b[0m\nsigmaL;270      10.61     +/-    0.22       False\u001b[0m\nsigmaR;270      17.66     +/-    0.19       False\u001b[0m\nlambda;270  -0.001735     +/- 0.00028       False\u001b[0m",
    "lambda;270": -0.0017347697793540368,
    "lambda;270_err": 0.0002785174649232668,
    "mu;270": 5278.879045926467,
    "mu;270_err": 0.07786163586711144,
    "n_bkg;270": 4921.837646160961,
    "n_bkg;270_err": 181.23785498777056,
    "n_sig;270": 52398.56632807562,
    "n_sig;270_err": 279.3723155730203,
    "r_params": {
        "alphaL": 1.9862113688428014,
        "alphaL_Kpipi": 0.23984147888569726,
        "alphaR": -1.7476466439540896,
        "alphaR_Kpipi": -3.45169511727099,
        "fraction_Kpipi": 0.8861855867303668,
        "muL_Kpipi": 5214.656416664541,
        "muR_Kpipi": 5183.074248990296,
        "nL": 0.4011843439068409,
        "nL_Kpipi": 4.413073505098077,
        "nR": 7.140189787489779,
        "nR_Kpipi": 1.3686501931786665e-08,
        "r_bkgK": 0.035341458516519916,
        "sigmaL_Kpipi": 19.133710600596434,
        "sigmaR_Kpipi": 39.32384704379869
    },
    "sigmaL;270": 10.609998661657752,
    "sigmaL;270_err": 0.2218330912673138,
    "sigmaR;270": 17.6584364237307,
    "sigmaR;270_err": 0.18798116024069325
}