{
    "fit_ok": true,
    "frac;730": 0.49076268408762547,
    "frac;730_err": 0.020929384503893,
    "info_fit": "------------------------------------------------------------------\n| FCN = -3.199e+05              |     Ncalls=103 (103 total)     |\n| EDM = 6.31e-05 (Goal: 0.001)  |            up = 0.5            |\n------------------------------------------------------------------\n|  Valid Min.   | Valid Param.  | Above EDM | Reached call limit |\n------------------------------------------------------------------\n|     True      |     True      |   False   |       False        |\n------------------------------------------------------------------\n| Hesse failed  |   Has cov.    | Accurate  | Pos. def. | Forced |\n------------------------------------------------------------------\n|     False     |     True      |   True    |   True    | False  |\n------------------------------------------------------------------",
    "info_params": "name            value    minuit_hesse    at limit\n----------  ---------  --------------  ----------\nn_sig;730       52620     +/- 2.8e+02       False\u001b[0m\nn_bkg;730        5281     +/- 1.8e+02       False\u001b[0m\nfrac;730       0.4908     +/-   0.021       False\u001b[0m\nmu;730           5279     +/-   0.077       False\u001b[0m\nsigmaL;730      11.39     +/-    0.19       False\u001b[0m\nsigmaR;730      18.68     +/-    0.26       False\u001b[0m\nlambda;730  -0.002329     +/- 0.00026       False\u001b[0m",
    "lambda;730": -0.002328898640550525,
    "lambda;730_err": 0.00025617147147802044,
    "mu;730": 5278.862481983411,
    "mu;730_err": 0.07724459732430101,
    "n_bkg;730": 5281.048020231292,
    "n_bkg;730_err": 184.6544052017838,
    "n_sig;730": 52621.66142909856,
    "n_sig;730_err": 283.3899220979963,
    "r_params": {
        "alphaL": 2.02992217591786,
        "alphaL_Kpipi": 0.2292049505140964,
        "alphaR": -1.7778067363088699,
        "alphaR_Kpipi": -3.5114604781343606,
        "fraction_Kpipi": 0.8930950574202814,
        "muL_Kpipi": 5213.999176552057,
        "muR_Kpipi": 5176.6594588089965,
        "nL": 0.4354740104546931,
        "nL_Kpipi": 4.38577808150928,
        "nR": 5.840596424652496,
        "nR_Kpipi": 0.0005148916636017883,
        "r_bkgK": 0.02416045331169147,
        "sigmaL_Kpipi": 18.048238302623687,
        "sigmaR_Kpipi": 38.95058920371812
    },
    "sigmaL;730": 11.389600777302128,
    "sigmaL;730_err": 0.19446129498798337,
    "sigmaR;730": 18.682610405436627,
    "sigmaR;730_err": 0.2629290386947802
}