{
    "fit_ok": true,
    "frac;992": 0.4033398613712312,
    "frac;992_err": 0.019238527843550592,
    "info_fit": "------------------------------------------------------------------\n| FCN = -3.199e+05              |     Ncalls=106 (106 total)     |\n| EDM = 2.4e-05 (Goal: 0.001)   |            up = 0.5            |\n------------------------------------------------------------------\n|  Valid Min.   | Valid Param.  | Above EDM | Reached call limit |\n------------------------------------------------------------------\n|     True      |     True      |   False   |       False        |\n------------------------------------------------------------------\n| Hesse failed  |   Has cov.    | Accurate  | Pos. def. | Forced |\n------------------------------------------------------------------\n|     False     |     True      |   True    |   True    | False  |\n------------------------------------------------------------------",
    "info_params": "name            value    minuit_hesse    at limit\n----------  ---------  --------------  ----------\nn_sig;992       52480     +/- 2.8e+02       False\u001b[0m\nn_bkg;992        4833     +/- 1.8e+02       False\u001b[0m\nfrac;992       0.4033     +/-   0.019       False\u001b[0m\nmu;992           5279     +/-   0.077       False\u001b[0m\nsigmaL;992      10.74     +/-    0.22       False\u001b[0m\nsigmaR;992      18.01     +/-    0.21       False\u001b[0m\nlambda;992  -0.001643     +/- 0.00028       False\u001b[0m",
    "lambda;992": -0.0016425310821163164,
    "lambda;992_err": 0.00028379384023884455,
    "mu;992": 5278.843687407593,
    "mu;992_err": 0.07728170077022445,
    "n_bkg;992": 4832.802448770127,
    "n_bkg;992_err": 180.89525871133205,
    "n_sig;992": 52484.65323902834,
    "n_sig;992_err": 279.4765024519567,
    "r_params": {
        "alphaL": 2.0960465131479746,
        "alphaL_Kpipi": 0.23984147888569726,
        "alphaR": -1.7807929986405635,
        "alphaR_Kpipi": -3.45169511727099,
        "fraction_Kpipi": 0.8861855867303668,
        "muL_Kpipi": 5214.656416664541,
        "muR_Kpipi": 5183.074248990296,
        "nL": 0.3291546521698542,
        "nL_Kpipi": 4.413073505098077,
        "nR": 6.178490072880148,
        "nR_Kpipi": 1.3686501931786665e-08,
        "r_bkgK": 0.035341458516519916,
        "sigmaL_Kpipi": 19.133710600596434,
        "sigmaR_Kpipi": 39.32384704379869
    },
    "sigmaL;992": 10.741508734389306,
    "sigmaL;992_err": 0.2166197625610907,
    "sigmaR;992": 18.014748632016527,
    "sigmaR;992_err": 0.2096473490820179
}