{
    "fit_ok": true,
    "frac;204": 0.4614051722477328,
    "frac;204_err": 0.01618885658020842,
    "info_fit": "------------------------------------------------------------------\n| FCN = -3.199e+05              |     Ncalls=114 (114 total)     |\n| EDM = 0.000586 (Goal: 0.001)  |            up = 0.5            |\n------------------------------------------------------------------\n|  Valid Min.   | Valid Param.  | Above EDM | Reached call limit |\n------------------------------------------------------------------\n|     True      |     True      |   False   |       False        |\n------------------------------------------------------------------\n| Hesse failed  |   Has cov.    | Accurate  | Pos. def. | Forced |\n------------------------------------------------------------------\n|     False     |     True      |   True    |   True    | False  |\n------------------------------------------------------------------",
    "info_params": "name             value    minuit_hesse    at limit\n----------  ----------  --------------  ----------\nn_sig;204        53210     +/- 2.7e+02       False\u001b[0m\nn_bkg;204         4077     +/- 1.6e+02       False\u001b[0m\nfrac;204        0.4614     +/-   0.016       False\u001b[0m\nmu;204            5279     +/-   0.078       False\u001b[0m\nsigmaL;204       11.37     +/-    0.19       False\u001b[0m\nsigmaR;204        18.1     +/-    0.21       False\u001b[0m\nlambda;204  -0.0008172     +/- 0.00032       False\u001b[0m",
    "lambda;204": -0.0008172058541031785,
    "lambda;204_err": 0.0003184735998563762,
    "mu;204": 5278.869077240582,
    "mu;204_err": 0.07782736017770353,
    "n_bkg;204": 4077.3617918556033,
    "n_bkg;204_err": 163.9342105626641,
    "n_sig;204": 53213.37472040714,
    "n_sig;204_err": 272.18512787773875,
    "r_params": {
        "alphaL": 1.9766052224948918,
        "alphaL_Kpipi": 0.23984147888569726,
        "alphaR": -1.688582986245478,
        "alphaR_Kpipi": -3.45169511727099,
        "fraction_Kpipi": 0.8861855867303668,
        "muL_Kpipi": 5214.656416664541,
        "muR_Kpipi": 5183.074248990296,
        "nL": 0.42747026569809565,
        "nL_Kpipi": 4.413073505098077,
        "nR": 3.8911980401770663,
        "nR_Kpipi": 1.3686501931786665e-08,
        "r_bkgK": 0.035341458516519916,
        "sigmaL_Kpipi": 19.133710600596434,
        "sigmaR_Kpipi": 39.32384704379869
    },
    "sigmaL;204": 11.373222569394688,
    "sigmaL;204_err": 0.18809798755499146,
    "sigmaR;204": 18.104066530436643,
    "sigmaR;204_err": 0.20956597330052645
}