{
    "fit_ok": true,
    "frac;1652": 0.4075131779181233,
    "frac;1652_err": 0.02026553870657275,
    "info_fit": "------------------------------------------------------------------\n| FCN = -3.199e+05              |     Ncalls=104 (104 total)     |\n| EDM = 2.54e-05 (Goal: 0.001)  |            up = 0.5            |\n------------------------------------------------------------------\n|  Valid Min.   | Valid Param.  | Above EDM | Reached call limit |\n------------------------------------------------------------------\n|     True      |     True      |   False   |       False        |\n------------------------------------------------------------------\n| Hesse failed  |   Has cov.    | Accurate  | Pos. def. | Forced |\n------------------------------------------------------------------\n|     False     |     True      |   True    |   True    | False  |\n------------------------------------------------------------------",
    "info_params": "name             value    minuit_hesse    at limit\n-----------  ---------  --------------  ----------\nn_sig;1652       52270     +/- 2.8e+02       False\u001b[0m\nn_bkg;1652        4878     +/- 1.8e+02       False\u001b[0m\nfrac;1652       0.4075     +/-    0.02       False\u001b[0m\nmu;1652           5279     +/-   0.078       False\u001b[0m\nsigmaL;1652       10.8     +/-    0.23       False\u001b[0m\nsigmaR;1652      18.01     +/-    0.21       False\u001b[0m\nlambda;1652  -0.001749     +/- 0.00028       False\u001b[0m",
    "lambda;1652": -0.001749364412997223,
    "lambda;1652_err": 0.0002757957607474501,
    "mu;1652": 5278.857188192909,
    "mu;1652_err": 0.07755305595092324,
    "n_bkg;1652": 4878.2851975407075,
    "n_bkg;1652_err": 177.99053048245736,
    "n_sig;1652": 52272.73184076435,
    "n_sig;1652_err": 276.7105072920257,
    "r_params": {
        "alphaL": 2.02992217591786,
        "alphaL_Kpipi": 0.250887062638688,
        "alphaR": -1.7778067363088699,
        "alphaR_Kpipi": -3.541069749678792,
        "fraction_Kpipi": 0.8611027449196645,
        "muL_Kpipi": 5213.782080140545,
        "muR_Kpipi": 5186.107362674223,
        "nL": 0.4354740104546931,
        "nL_Kpipi": 4.452775644595743,
        "nR": 5.840596424652496,
        "nR_Kpipi": 5.3591837850405316e-05,
        "r_bkgK": 0.03866689740465297,
        "sigmaL_Kpipi": 18.811345389702268,
        "sigmaR_Kpipi": 38.69625271976452
    },
    "sigmaL;1652": 10.797206294085035,
    "sigmaL;1652_err": 0.22598893877754486,
    "sigmaR;1652": 18.0096238043148,
    "sigmaR;1652_err": 0.21364014398426415
}