{
    "fit_ok": true,
    "frac;1463": 0.4307191656892431,
    "frac;1463_err": 0.01874838389898696,
    "info_fit": "------------------------------------------------------------------\n| FCN = -3.199e+05              |     Ncalls=106 (106 total)     |\n| EDM = 3.68e-05 (Goal: 0.001)  |            up = 0.5            |\n------------------------------------------------------------------\n|  Valid Min.   | Valid Param.  | Above EDM | Reached call limit |\n------------------------------------------------------------------\n|     True      |     True      |   False   |       False        |\n------------------------------------------------------------------\n| Hesse failed  |   Has cov.    | Accurate  | Pos. def. | Forced |\n------------------------------------------------------------------\n|     False     |     True      |   True    |   True    | False  |\n------------------------------------------------------------------",
    "info_params": "name             value    minuit_hesse    at limit\n-----------  ---------  --------------  ----------\nn_sig;1463       52600     +/- 2.8e+02       False\u001b[0m\nn_bkg;1463        4712     +/- 1.8e+02       False\u001b[0m\nfrac;1463       0.4307     +/-   0.019       False\u001b[0m\nmu;1463           5279     +/-   0.078       False\u001b[0m\nsigmaL;1463      11.09     +/-    0.21       False\u001b[0m\nsigmaR;1463      17.95     +/-    0.21       False\u001b[0m\nlambda;1463  -0.001491     +/- 0.00029       False\u001b[0m",
    "lambda;1463": -0.0014905193373923042,
    "lambda;1463_err": 0.0002874597883099359,
    "mu;1463": 5278.836069473977,
    "mu;1463_err": 0.07778012943370875,
    "n_bkg;1463": 4711.884864749196,
    "n_bkg;1463_err": 177.16243248522676,
    "n_sig;1463": 52601.353989300456,
    "n_sig;1463_err": 277.66523623458664,
    "r_params": {
        "alphaL": 2.026317229646153,
        "alphaL_Kpipi": 0.23984147888569726,
        "alphaR": -1.636134308261332,
        "alphaR_Kpipi": -3.45169511727099,
        "fraction_Kpipi": 0.8861855867303668,
        "muL_Kpipi": 5214.656416664541,
        "muR_Kpipi": 5183.074248990296,
        "nL": 0.39822040969398337,
        "nL_Kpipi": 4.413073505098077,
        "nR": 7.829459959116619,
        "nR_Kpipi": 1.3686501931786665e-08,
        "r_bkgK": 0.035341458516519916,
        "sigmaL_Kpipi": 19.133710600596434,
        "sigmaR_Kpipi": 39.32384704379869
    },
    "sigmaL;1463": 11.085980480539748,
    "sigmaL;1463_err": 0.20527962141908856,
    "sigmaR;1463": 17.94728573202947,
    "sigmaR;1463_err": 0.2123827495200574
}