{
    "fit_ok": true,
    "frac;1149": 0.4192263452540492,
    "frac;1149_err": 0.01904442958538316,
    "info_fit": "------------------------------------------------------------------\n| FCN = -3.199e+05              |     Ncalls=105 (105 total)     |\n| EDM = 1.44e-05 (Goal: 0.001)  |            up = 0.5            |\n------------------------------------------------------------------\n|  Valid Min.   | Valid Param.  | Above EDM | Reached call limit |\n------------------------------------------------------------------\n|     True      |     True      |   False   |       False        |\n------------------------------------------------------------------\n| Hesse failed  |   Has cov.    | Accurate  | Pos. def. | Forced |\n------------------------------------------------------------------\n|     False     |     True      |   True    |   True    | False  |\n------------------------------------------------------------------",
    "info_params": "name             value    minuit_hesse    at limit\n-----------  ---------  --------------  ----------\nn_sig;1149       52360     +/- 2.8e+02       False\u001b[0m\nn_bkg;1149        4964     +/- 1.8e+02       False\u001b[0m\nfrac;1149       0.4192     +/-   0.019       False\u001b[0m\nmu;1149           5279     +/-   0.078       False\u001b[0m\nsigmaL;1149      10.98     +/-    0.21       False\u001b[0m\nsigmaR;1149      17.81     +/-    0.21       False\u001b[0m\nlambda;1149  -0.001852     +/- 0.00027       False\u001b[0m",
    "lambda;1149": -0.001851917812281334,
    "lambda;1149_err": 0.0002702634101808576,
    "mu;1149": 5278.878310092453,
    "mu;1149_err": 0.07792884924224343,
    "n_bkg;1149": 4963.634782641341,
    "n_bkg;1149_err": 178.43058372347988,
    "n_sig;1149": 52358.38545887657,
    "n_sig;1149_err": 277.5798561756397,
    "r_params": {
        "alphaL": 1.9497214966331242,
        "alphaL_Kpipi": 0.23984147888569726,
        "alphaR": -1.6827415825844108,
        "alphaR_Kpipi": -3.45169511727099,
        "fraction_Kpipi": 0.8861855867303668,
        "muL_Kpipi": 5214.656416664541,
        "muR_Kpipi": 5183.074248990296,
        "nL": 0.48770994538404455,
        "nL_Kpipi": 4.413073505098077,
        "nR": 7.440166379632917,
        "nR_Kpipi": 1.3686501931786665e-08,
        "r_bkgK": 0.035341458516519916,
        "sigmaL_Kpipi": 19.133710600596434,
        "sigmaR_Kpipi": 39.32384704379869
    },
    "sigmaL;1149": 10.976936742174576,
    "sigmaL;1149_err": 0.2089649174170139,
    "sigmaR;1149": 17.810664904529983,
    "sigmaR;1149_err": 0.20502542511555133
}