{
    "fit_ok": true,
    "frac;1420": 0.5660027560791837,
    "frac;1420_err": 0.02204406427775982,
    "info_fit": "------------------------------------------------------------------\n| FCN = -3.199e+05              |     Ncalls=105 (105 total)     |\n| EDM = 1.16e-05 (Goal: 0.001)  |            up = 0.5            |\n------------------------------------------------------------------\n|  Valid Min.   | Valid Param.  | Above EDM | Reached call limit |\n------------------------------------------------------------------\n|     True      |     True      |   False   |       False        |\n------------------------------------------------------------------\n| Hesse failed  |   Has cov.    | Accurate  | Pos. def. | Forced |\n------------------------------------------------------------------\n|     False     |     True      |   True    |   True    | False  |\n------------------------------------------------------------------",
    "info_params": "name             value    minuit_hesse    at limit\n-----------  ---------  --------------  ----------\nn_sig;1420       52810     +/- 2.9e+02       False\u001b[0m\nn_bkg;1420        5825     +/- 1.9e+02       False\u001b[0m\nfrac;1420        0.566     +/-   0.022       False\u001b[0m\nmu;1420           5279     +/-   0.077       False\u001b[0m\nsigmaL;1420      11.88     +/-    0.19       False\u001b[0m\nsigmaR;1420      19.32     +/-    0.32       False\u001b[0m\nlambda;1420  -0.003007     +/- 0.00023       False\u001b[0m",
    "lambda;1420": -0.003007338537355797,
    "lambda;1420_err": 0.00023066022209034236,
    "mu;1420": 5278.872894662066,
    "mu;1420_err": 0.07713750407874864,
    "n_bkg;1420": 5824.5381024324,
    "n_bkg;1420_err": 188.63573364647513,
    "n_sig;1420": 52811.55277192463,
    "n_sig;1420_err": 287.9704650080839,
    "r_params": {
        "alphaL": 2.02992217591786,
        "alphaL_Kpipi": 0.2310210303325568,
        "alphaR": -1.7778067363088699,
        "alphaR_Kpipi": -3.5023775064859666,
        "fraction_Kpipi": 0.9079516905576769,
        "muL_Kpipi": 5215.519901230378,
        "muR_Kpipi": 5179.8956485822,
        "nL": 0.4354740104546931,
        "nL_Kpipi": 4.169055373321088,
        "nR": 5.840596424652496,
        "nR_Kpipi": 0.00025558787630759684,
        "r_bkgK": 0.010210727657019369,
        "sigmaL_Kpipi": 18.339581411523497,
        "sigmaR_Kpipi": 40.1103839109373
    },
    "sigmaL;1420": 11.88103590101571,
    "sigmaL;1420_err": 0.18544928667772206,
    "sigmaR;1420": 19.324277688474943,
    "sigmaR;1420_err": 0.324207567140234
}