{
    "fit_ok": true,
    "frac;404": 0.427554717579978,
    "frac;404_err": 0.02053233216436878,
    "info_fit": "------------------------------------------------------------------\n| FCN = -3.199e+05              |     Ncalls=103 (103 total)     |\n| EDM = 9.98e-05 (Goal: 0.001)  |            up = 0.5            |\n------------------------------------------------------------------\n|  Valid Min.   | Valid Param.  | Above EDM | Reached call limit |\n------------------------------------------------------------------\n|     True      |     True      |   False   |       False        |\n------------------------------------------------------------------\n| Hesse failed  |   Has cov.    | Accurate  | Pos. def. | Forced |\n------------------------------------------------------------------\n|     False     |     True      |   True    |   True    | False  |\n------------------------------------------------------------------",
    "info_params": "name            value    minuit_hesse    at limit\n----------  ---------  --------------  ----------\nn_sig;404       52300     +/- 2.8e+02       False\u001b[0m\nn_bkg;404        4999     +/- 1.8e+02       False\u001b[0m\nfrac;404       0.4276     +/-   0.021       False\u001b[0m\nmu;404           5279     +/-   0.077       False\u001b[0m\nsigmaL;404      10.92     +/-    0.22       False\u001b[0m\nsigmaR;404       18.1     +/-    0.22       False\u001b[0m\nlambda;404  -0.001925     +/- 0.00027       False\u001b[0m",
    "lambda;404": -0.001924738023258321,
    "lambda;404_err": 0.000270064823165562,
    "mu;404": 5278.8864163461885,
    "mu;404_err": 0.07736525355553278,
    "n_bkg;404": 4999.041096314342,
    "n_bkg;404_err": 180.27689904370635,
    "n_sig;404": 52304.095046029564,
    "n_sig;404_err": 278.5446329994789,
    "r_params": {
        "alphaL": 2.02992217591786,
        "alphaL_Kpipi": 0.23984147888569726,
        "alphaR": -1.7778067363088699,
        "alphaR_Kpipi": -3.45169511727099,
        "fraction_Kpipi": 0.8861855867303668,
        "muL_Kpipi": 5214.656416664541,
        "muR_Kpipi": 5183.074248990296,
        "mu_Ds": 5278.79796839538,
        "nL": 0.4354740104546931,
        "nL_Kpipi": 4.413073505098077,
        "nR": 5.840596424652496,
        "nR_Kpipi": 1.3686501931786665e-08,
        "n_sig_Ds": 1402.5755505401846,
        "r_bkgK": 0.035341458516519916,
        "sigmaL_Kpipi": 19.133710600596434,
        "sigmaR_Kpipi": 39.32384704379869,
        "sigma_Ds": 13.463785051182837
    },
    "sigmaL;404": 10.916258306543831,
    "sigmaL;404_err": 0.2173106994027387,
    "sigmaR;404": 18.09839448735552,
    "sigmaR;404_err": 0.22392564996040534
}