{
    "fit_ok": true,
    "frac;1085": 0.579395072584328,
    "frac;1085_err": 0.022255607256587092,
    "info_fit": "------------------------------------------------------------------\n| FCN = -3.199e+05              |     Ncalls=105 (105 total)     |\n| EDM = 2.05e-05 (Goal: 0.001)  |            up = 0.5            |\n------------------------------------------------------------------\n|  Valid Min.   | Valid Param.  | Above EDM | Reached call limit |\n------------------------------------------------------------------\n|     True      |     True      |   False   |       False        |\n------------------------------------------------------------------\n| Hesse failed  |   Has cov.    | Accurate  | Pos. def. | Forced |\n------------------------------------------------------------------\n|     False     |     True      |   True    |   True    | False  |\n------------------------------------------------------------------",
    "info_params": "name             value    minuit_hesse    at limit\n-----------  ---------  --------------  ----------\nn_sig;1085       52850     +/- 2.9e+02       False\u001b[0m\nn_bkg;1085        5911     +/- 1.9e+02       False\u001b[0m\nfrac;1085       0.5794     +/-   0.022       False\u001b[0m\nmu;1085           5279     +/-   0.077       False\u001b[0m\nsigmaL;1085      11.96     +/-    0.18       False\u001b[0m\nsigmaR;1085      19.47     +/-    0.34       False\u001b[0m\nlambda;1085  -0.003107     +/- 0.00023       False\u001b[0m",
    "lambda;1085": -0.0031067036785670243,
    "lambda;1085_err": 0.00022738503956292786,
    "mu;1085": 5278.872628298904,
    "mu;1085_err": 0.0771754477761276,
    "n_bkg;1085": 5910.547066854465,
    "n_bkg;1085_err": 189.52044385945405,
    "n_sig;1085": 52852.41110363996,
    "n_sig;1085_err": 288.9236668687278,
    "r_params": {
        "alphaL": 2.02992217591786,
        "alphaL_Kpipi": 0.23780697576049478,
        "alphaR": -1.7778067363088699,
        "alphaR_Kpipi": -3.2002118075477455,
        "fraction_Kpipi": 0.9222713175489053,
        "muL_Kpipi": 5215.088779868801,
        "muR_Kpipi": 5182.051887152704,
        "nL": 0.4354740104546931,
        "nL_Kpipi": 4.14509835646218,
        "nR": 5.840596424652496,
        "nR_Kpipi": 0.00027620987598352093,
        "r_bkgK": 0.007800613761778631,
        "sigmaL_Kpipi": 18.633780668348848,
        "sigmaR_Kpipi": 39.325673346109696
    },
    "sigmaL;1085": 11.962507157470043,
    "sigmaL;1085_err": 0.18443050135883612,
    "sigmaR;1085": 19.466045313857883,
    "sigmaR;1085_err": 0.33971429556955995
}