{
    "fit_ok": true,
    "frac;1015": 0.42695691747682135,
    "frac;1015_err": 0.02053426337808395,
    "info_fit": "------------------------------------------------------------------\n| FCN = -3.199e+05              |     Ncalls=102 (102 total)     |\n| EDM = 0.000419 (Goal: 0.001)  |            up = 0.5            |\n------------------------------------------------------------------\n|  Valid Min.   | Valid Param.  | Above EDM | Reached call limit |\n------------------------------------------------------------------\n|     True      |     True      |   False   |       False        |\n------------------------------------------------------------------\n| Hesse failed  |   Has cov.    | Accurate  | Pos. def. | Forced |\n------------------------------------------------------------------\n|     False     |     True      |   True    |   True    | False  |\n------------------------------------------------------------------",
    "info_params": "name            value    minuit_hesse    at limit\n-----------  --------  --------------  ----------\nn_sig;1015      52330     +/- 2.8e+02       False\u001b[0m\nn_bkg;1015       4999     +/- 1.8e+02       False\u001b[0m\nfrac;1015       0.427     +/-   0.021       False\u001b[0m\nmu;1015          5279     +/-   0.077       False\u001b[0m\nsigmaL;1015     10.93     +/-    0.22       False\u001b[0m\nsigmaR;1015      18.1     +/-    0.22       False\u001b[0m\nlambda;1015  -0.00193     +/- 0.00027       False\u001b[0m",
    "lambda;1015": -0.0019295182739377248,
    "lambda;1015_err": 0.00026973857398847535,
    "mu;1015": 5278.8892907622785,
    "mu;1015_err": 0.07738947176433035,
    "n_bkg;1015": 4999.027496116407,
    "n_bkg;1015_err": 180.16505997483776,
    "n_sig;1015": 52326.42327078819,
    "n_sig;1015_err": 278.4768080697215,
    "r_params": {
        "alphaL": 2.02992217591786,
        "alphaL_Kpipi": 0.23984147888569726,
        "alphaR": -1.7778067363088699,
        "alphaR_Kpipi": -3.45169511727099,
        "fraction_Kpipi": 0.8861855867303668,
        "muL_Kpipi": 5214.656416664541,
        "muR_Kpipi": 5183.074248990296,
        "mu_Ds": 5278.650263987211,
        "nL": 0.4354740104546931,
        "nL_Kpipi": 4.413073505098077,
        "nR": 5.840596424652496,
        "nR_Kpipi": 1.3686501931786665e-08,
        "n_sig_Ds": 1378.3182722443753,
        "r_bkgK": 0.035341458516519916,
        "sigmaL_Kpipi": 19.133710600596434,
        "sigmaR_Kpipi": 39.32384704379869,
        "sigma_Ds": 13.004386140496612
    },
    "sigmaL;1015": 10.930113578486846,
    "sigmaL;1015_err": 0.2177113676549208,
    "sigmaR;1015": 18.104711592674054,
    "sigmaR;1015_err": 0.2234289208698558
}