{
    "fit_ok": true,
    "frac;1367": 0.29856017191188355,
    "frac;1367_err": 0.018034292686560312,
    "info_fit": "------------------------------------------------------------------\n| FCN = -3.199e+05              |     Ncalls=103 (103 total)     |\n| EDM = 7.77e-05 (Goal: 0.001)  |            up = 0.5            |\n------------------------------------------------------------------\n|  Valid Min.   | Valid Param.  | Above EDM | Reached call limit |\n------------------------------------------------------------------\n|     True      |     True      |   False   |       False        |\n------------------------------------------------------------------\n| Hesse failed  |   Has cov.    | Accurate  | Pos. def. | Forced |\n------------------------------------------------------------------\n|     False     |     True      |   True    |   True    | False  |\n------------------------------------------------------------------",
    "info_params": "name              value    minuit_hesse    at limit\n-----------  ----------  --------------  ----------\nn_sig;1367        51760     +/- 2.6e+02       False\u001b[0m\nn_bkg;1367         4386     +/- 1.6e+02       False\u001b[0m\nfrac;1367        0.2986     +/-   0.018       False\u001b[0m\nmu;1367            5279     +/-   0.078       False\u001b[0m\nsigmaL;1367       9.883     +/-    0.27       False\u001b[0m\nsigmaR;1367       17.24     +/-    0.16       False\u001b[0m\nlambda;1367  -0.0009018     +/- 0.00029       False\u001b[0m",
    "lambda;1367": -0.0009018022804925252,
    "lambda;1367_err": 0.0002880586719498857,
    "mu;1367": 5278.842538231648,
    "mu;1367_err": 0.07784086238039704,
    "n_bkg;1367": 4386.156835498907,
    "n_bkg;1367_err": 159.89249344803588,
    "n_sig;1367": 51756.96618229847,
    "n_sig;1367_err": 262.9244230594588,
    "r_params": {
        "alphaL": 2.02992217591786,
        "alphaL_Kpipi": 0.2243807424274444,
        "alphaR": -1.7778067363088699,
        "alphaR_Kpipi": -3.683564267039575,
        "fraction_Kpipi": 0.893648424969508,
        "muL_Kpipi": 5214.77144489201,
        "muR_Kpipi": 5181.059533560756,
        "nL": 0.4354740104546931,
        "nL_Kpipi": 4.234436774250794,
        "nR": 5.840596424652496,
        "nR_Kpipi": 0.000596756732176163,
        "r_bkgK": 0.05847672323187039,
        "sigmaL_Kpipi": 19.521532192300707,
        "sigmaR_Kpipi": 40.554986939095656
    },
    "sigmaL;1367": 9.883328010820989,
    "sigmaL;1367_err": 0.2693516182478186,
    "sigmaR;1367": 17.240263699309736,
    "sigmaR;1367_err": 0.16469891926017968
}