{
    "fit_ok": true,
    "frac;593": 0.3546718116658033,
    "frac;593_err": 0.016930610247242527,
    "info_fit": "------------------------------------------------------------------\n| FCN = -3.199e+05              |     Ncalls=105 (105 total)     |\n| EDM = 3.96e-06 (Goal: 0.001)  |            up = 0.5            |\n------------------------------------------------------------------\n|  Valid Min.   | Valid Param.  | Above EDM | Reached call limit |\n------------------------------------------------------------------\n|     True      |     True      |   False   |       False        |\n------------------------------------------------------------------\n| Hesse failed  |   Has cov.    | Accurate  | Pos. def. | Forced |\n------------------------------------------------------------------\n|     False     |     True      |   True    |   True    | False  |\n------------------------------------------------------------------",
    "info_params": "name            value    minuit_hesse    at limit\n----------  ---------  --------------  ----------\nn_sig;593       52430     +/- 2.8e+02       False\u001b[0m\nn_bkg;593        4893     +/- 1.8e+02       False\u001b[0m\nfrac;593       0.3547     +/-   0.017       False\u001b[0m\nmu;593           5279     +/-   0.078       False\u001b[0m\nsigmaL;593      10.27     +/-    0.23       False\u001b[0m\nsigmaR;593       17.5     +/-    0.17       False\u001b[0m\nlambda;593  -0.001822     +/- 0.00028       False\u001b[0m",
    "lambda;593": -0.0018217255076945493,
    "lambda;593_err": 0.0002786745963591358,
    "mu;593": 5278.951098231717,
    "mu;593_err": 0.07803337682452921,
    "n_bkg;593": 4893.394930876443,
    "n_bkg;593_err": 180.48064381373717,
    "n_sig;593": 52425.951705728505,
    "n_sig;593_err": 279.0193518730687,
    "r_params": {
        "alphaL": 1.9040908279352942,
        "alphaL_Kpipi": 0.23984147888569726,
        "alphaR": -1.9386864949274343,
        "alphaR_Kpipi": -3.45169511727099,
        "fraction_Kpipi": 0.8861855867303668,
        "muL_Kpipi": 5214.656416664541,
        "muR_Kpipi": 5183.074248990296,
        "nL": 0.44480477524965567,
        "nL_Kpipi": 4.413073505098077,
        "nR": 3.893037068671937,
        "nR_Kpipi": 1.3686501931786665e-08,
        "r_bkgK": 0.035341458516519916,
        "sigmaL_Kpipi": 19.133710600596434,
        "sigmaR_Kpipi": 39.32384704379869
    },
    "sigmaL;593": 10.269781655905113,
    "sigmaL;593_err": 0.23279575402950928,
    "sigmaR;593": 17.496103521684972,
    "sigmaR;593_err": 0.16811935881004067
}