{
    "fit_ok": true,
    "frac;639": 0.4281331756471946,
    "frac;639_err": 0.020589667430335776,
    "info_fit": "------------------------------------------------------------------\n| FCN = -3.199e+05              |     Ncalls=103 (103 total)     |\n| EDM = 3.99e-05 (Goal: 0.001)  |            up = 0.5            |\n------------------------------------------------------------------\n|  Valid Min.   | Valid Param.  | Above EDM | Reached call limit |\n------------------------------------------------------------------\n|     True      |     True      |   False   |       False        |\n------------------------------------------------------------------\n| Hesse failed  |   Has cov.    | Accurate  | Pos. def. | Forced |\n------------------------------------------------------------------\n|     False     |     True      |   True    |   True    | False  |\n------------------------------------------------------------------",
    "info_params": "name            value    minuit_hesse    at limit\n----------  ---------  --------------  ----------\nn_sig;639       52200     +/- 2.8e+02       False\u001b[0m\nn_bkg;639        5003     +/- 1.8e+02       False\u001b[0m\nfrac;639       0.4281     +/-   0.021       False\u001b[0m\nmu;639           5279     +/-   0.078       False\u001b[0m\nsigmaL;639      10.92     +/-    0.22       False\u001b[0m\nsigmaR;639      18.12     +/-    0.23       False\u001b[0m\nlambda;639  -0.001932     +/- 0.00027       False\u001b[0m",
    "lambda;639": -0.0019319286598828977,
    "lambda;639_err": 0.00027000538590781344,
    "mu;639": 5278.883753037861,
    "mu;639_err": 0.07755762224290837,
    "n_bkg;639": 5003.475391227333,
    "n_bkg;639_err": 180.48175925252605,
    "n_sig;639": 52195.36109043236,
    "n_sig;639_err": 278.68373354783296,
    "r_params": {
        "alphaL": 2.02992217591786,
        "alphaL_Kpipi": 0.23984147888569726,
        "alphaR": -1.7778067363088699,
        "alphaR_Kpipi": -3.45169511727099,
        "fraction_Kpipi": 0.8861855867303668,
        "muL_Kpipi": 5214.656416664541,
        "muR_Kpipi": 5183.074248990296,
        "mu_Ds": 5278.873518413309,
        "nL": 0.4354740104546931,
        "nL_Kpipi": 4.413073505098077,
        "nR": 5.840596424652496,
        "nR_Kpipi": 1.3686501931786665e-08,
        "n_sig_Ds": 1510.36070171675,
        "r_bkgK": 0.035341458516519916,
        "sigmaL_Kpipi": 19.133710600596434,
        "sigmaR_Kpipi": 39.32384704379869,
        "sigma_Ds": 13.443357054029335
    },
    "sigmaL;639": 10.917317028728327,
    "sigmaL;639_err": 0.2177101438416916,
    "sigmaR;639": 18.115424925852295,
    "sigmaR;639_err": 0.2251254782479425
}