{
    "fit_ok": true,
    "frac;589": 0.43681427241608,
    "frac;589_err": 0.02050576405823669,
    "info_fit": "------------------------------------------------------------------\n| FCN = -3.199e+05              |     Ncalls=106 (106 total)     |\n| EDM = 0.000135 (Goal: 0.001)  |            up = 0.5            |\n------------------------------------------------------------------\n|  Valid Min.   | Valid Param.  | Above EDM | Reached call limit |\n------------------------------------------------------------------\n|     True      |     True      |   False   |       False        |\n------------------------------------------------------------------\n| Hesse failed  |   Has cov.    | Accurate  | Pos. def. | Forced |\n------------------------------------------------------------------\n|     False     |     True      |   True    |   True    | False  |\n------------------------------------------------------------------",
    "info_params": "name            value    minuit_hesse    at limit\n----------  ---------  --------------  ----------\nn_sig;589       52230     +/- 2.8e+02       False\u001b[0m\nn_bkg;589        5100     +/- 1.8e+02       False\u001b[0m\nfrac;589       0.4368     +/-   0.021       False\u001b[0m\nmu;589           5279     +/-   0.078       False\u001b[0m\nsigmaL;589      11.11     +/-    0.21       False\u001b[0m\nsigmaR;589      17.97     +/-    0.22       False\u001b[0m\nlambda;589  -0.002047     +/- 0.00026       False\u001b[0m",
    "lambda;589": -0.0020467769081189413,
    "lambda;589_err": 0.00026111904694128965,
    "mu;589": 5278.8760192064165,
    "mu;589_err": 0.07792905250741468,
    "n_bkg;589": 5099.713211997784,
    "n_bkg;589_err": 178.73172874848893,
    "n_sig;589": 52227.678225038835,
    "n_sig;589_err": 277.31326640078254,
    "r_params": {
        "alphaL": 1.9549476956301666,
        "alphaL_Kpipi": 0.23984147888569726,
        "alphaR": -1.68090231379081,
        "alphaR_Kpipi": -3.45169511727099,
        "fraction_Kpipi": 0.8861855867303668,
        "muL_Kpipi": 5214.656416664541,
        "muR_Kpipi": 5183.074248990296,
        "nL": 0.5266414979155551,
        "nL_Kpipi": 4.413073505098077,
        "nR": 7.690454220687137,
        "nR_Kpipi": 1.3686501931786665e-08,
        "r_bkgK": 0.035341458516519916,
        "sigmaL_Kpipi": 19.133710600596434,
        "sigmaR_Kpipi": 39.32384704379869
    },
    "sigmaL;589": 11.10809928785067,
    "sigmaL;589_err": 0.21360498827495508,
    "sigmaR;589": 17.972851661401616,
    "sigmaR;589_err": 0.22146956987359545
}