{
    "fit_ok": true,
    "frac;1370": 0.3521448444845045,
    "frac;1370_err": 0.012329099156375228,
    "info_fit": "------------------------------------------------------------------\n| FCN = -3.199e+05              |     Ncalls=104 (104 total)     |\n| EDM = 0.000148 (Goal: 0.001)  |            up = 0.5            |\n------------------------------------------------------------------\n|  Valid Min.   | Valid Param.  | Above EDM | Reached call limit |\n------------------------------------------------------------------\n|     True      |     True      |   False   |       False        |\n------------------------------------------------------------------\n| Hesse failed  |   Has cov.    | Accurate  | Pos. def. | Forced |\n------------------------------------------------------------------\n|     False     |     True      |   True    |   True    | False  |\n------------------------------------------------------------------",
    "info_params": "name             value    minuit_hesse    at limit\n-----------  ---------  --------------  ----------\nn_sig;1370       53410     +/- 2.6e+02       False\u001b[0m\nn_bkg;1370        3875     +/- 1.5e+02       False\u001b[0m\nfrac;1370       0.3521     +/-   0.012       False\u001b[0m\nmu;1370           5279     +/-   0.078       False\u001b[0m\nsigmaL;1370      10.47     +/-    0.23       False\u001b[0m\nsigmaR;1370      17.23     +/-    0.14       False\u001b[0m\nlambda;1370  -0.000289     +/- 0.00031       False\u001b[0m",
    "lambda;1370": -0.00028900507173257317,
    "lambda;1370_err": 0.000307275231406925,
    "mu;1370": 5278.871888398452,
    "mu;1370_err": 0.07813528159662576,
    "n_bkg;1370": 3875.4932068400635,
    "n_bkg;1370_err": 146.53894615601777,
    "n_sig;1370": 53406.802675077786,
    "n_sig;1370_err": 263.36919740272754,
    "r_params": {
        "alphaL": 1.954045739222435,
        "alphaL_Kpipi": 0.23984147888569726,
        "alphaR": -1.7240742228209904,
        "alphaR_Kpipi": -3.45169511727099,
        "fraction_Kpipi": 0.8861855867303668,
        "muL_Kpipi": 5214.656416664541,
        "muR_Kpipi": 5183.074248990296,
        "nL": 0.2958219261632179,
        "nL_Kpipi": 4.413073505098077,
        "nR": 4.104026477026537,
        "nR_Kpipi": 1.3686501931786665e-08,
        "r_bkgK": 0.035341458516519916,
        "sigmaL_Kpipi": 19.133710600596434,
        "sigmaR_Kpipi": 39.32384704379869
    },
    "sigmaL;1370": 10.46658682034905,
    "sigmaL;1370_err": 0.22653341206308814,
    "sigmaR;1370": 17.227330250749887,
    "sigmaR;1370_err": 0.1379532603961572
}