{
    "fit_ok": true,
    "frac;893": 0.4259162039330577,
    "frac;893_err": 0.02053422702370011,
    "info_fit": "------------------------------------------------------------------\n| FCN = -3.199e+05              |     Ncalls=104 (104 total)     |\n| EDM = 0.000114 (Goal: 0.001)  |            up = 0.5            |\n------------------------------------------------------------------\n|  Valid Min.   | Valid Param.  | Above EDM | Reached call limit |\n------------------------------------------------------------------\n|     True      |     True      |   False   |       False        |\n------------------------------------------------------------------\n| Hesse failed  |   Has cov.    | Accurate  | Pos. def. | Forced |\n------------------------------------------------------------------\n|     False     |     True      |   True    |   True    | False  |\n------------------------------------------------------------------",
    "info_params": "name            value    minuit_hesse    at limit\n----------  ---------  --------------  ----------\nn_sig;893       52350     +/- 2.8e+02       False\u001b[0m\nn_bkg;893        5001     +/- 1.8e+02       False\u001b[0m\nfrac;893       0.4259     +/-   0.021       False\u001b[0m\nmu;893           5279     +/-   0.077       False\u001b[0m\nsigmaL;893      10.95     +/-    0.22       False\u001b[0m\nsigmaR;893      18.11     +/-    0.22       False\u001b[0m\nlambda;893  -0.001933     +/- 0.00027       False\u001b[0m",
    "lambda;893": -0.0019326672516583043,
    "lambda;893_err": 0.00027006835036588094,
    "mu;893": 5278.872172374061,
    "mu;893_err": 0.07741097060936722,
    "n_bkg;893": 5001.483490748136,
    "n_bkg;893_err": 180.42330456062152,
    "n_sig;893": 52348.7885112164,
    "n_sig;893_err": 278.63861009507184,
    "r_params": {
        "alphaL": 2.02992217591786,
        "alphaL_Kpipi": 0.23984147888569726,
        "alphaR": -1.7778067363088699,
        "alphaR_Kpipi": -3.45169511727099,
        "fraction_Kpipi": 0.8861855867303668,
        "muL_Kpipi": 5214.656416664541,
        "muR_Kpipi": 5183.074248990296,
        "mu_Ds": 5279.102607909952,
        "nL": 0.4354740104546931,
        "nL_Kpipi": 4.413073505098077,
        "nR": 5.840596424652496,
        "nR_Kpipi": 1.3686501931786665e-08,
        "n_sig_Ds": 1353.398073083207,
        "r_bkgK": 0.035341458516519916,
        "sigmaL_Kpipi": 19.133710600596434,
        "sigmaR_Kpipi": 39.32384704379869,
        "sigma_Ds": 12.32539221015291
    },
    "sigmaL;893": 10.954704392513225,
    "sigmaL;893_err": 0.21730485554334353,
    "sigmaR;893": 18.11180447981453,
    "sigmaR;893_err": 0.2230008655853518
}