{
    "fit_ok": true,
    "frac;1117": 0.4258792134905372,
    "frac;1117_err": 0.020514755953722926,
    "info_fit": "------------------------------------------------------------------\n| FCN = -3.199e+05              |     Ncalls=102 (102 total)     |\n| EDM = 0.000641 (Goal: 0.001)  |            up = 0.5            |\n------------------------------------------------------------------\n|  Valid Min.   | Valid Param.  | Above EDM | Reached call limit |\n------------------------------------------------------------------\n|     True      |     True      |   False   |       False        |\n------------------------------------------------------------------\n| Hesse failed  |   Has cov.    | Accurate  | Pos. def. | Forced |\n------------------------------------------------------------------\n|     False     |     True      |   True    |   True    | False  |\n------------------------------------------------------------------",
    "info_params": "name             value    minuit_hesse    at limit\n-----------  ---------  --------------  ----------\nn_sig;1117       52250     +/- 2.8e+02       False\u001b[0m\nn_bkg;1117        5006     +/- 1.8e+02       False\u001b[0m\nfrac;1117       0.4259     +/-   0.021       False\u001b[0m\nmu;1117           5279     +/-   0.078       False\u001b[0m\nsigmaL;1117      10.96     +/-    0.22       False\u001b[0m\nsigmaR;1117      18.13     +/-    0.22       False\u001b[0m\nlambda;1117  -0.001941     +/- 0.00027       False\u001b[0m",
    "lambda;1117": -0.0019412194013673778,
    "lambda;1117_err": 0.00026957128326236384,
    "mu;1117": 5278.840216935496,
    "mu;1117_err": 0.07755524758355638,
    "n_bkg;1117": 5006.217487964291,
    "n_bkg;1117_err": 180.40197863195158,
    "n_sig;1117": 52252.26185558293,
    "n_sig;1117_err": 278.67363339382314,
    "r_params": {
        "alphaL": 2.02992217591786,
        "alphaL_Kpipi": 0.23984147888569726,
        "alphaR": -1.7778067363088699,
        "alphaR_Kpipi": -3.45169511727099,
        "fraction_Kpipi": 0.8861855867303668,
        "muL_Kpipi": 5214.656416664541,
        "muR_Kpipi": 5183.074248990296,
        "mu_Ds": 5279.969849419458,
        "nL": 0.4354740104546931,
        "nL_Kpipi": 4.413073505098077,
        "nR": 5.840596424652496,
        "nR_Kpipi": 1.3686501931786665e-08,
        "n_sig_Ds": 1448.2920088414046,
        "r_bkgK": 0.035341458516519916,
        "sigmaL_Kpipi": 19.133710600596434,
        "sigmaR_Kpipi": 39.32384704379869,
        "sigma_Ds": 12.181155321965026
    },
    "sigmaL;1117": 10.96320873541435,
    "sigmaL;1117_err": 0.2164168149729706,
    "sigmaR;1117": 18.12647283980381,
    "sigmaR;1117_err": 0.2235662966322766
}