{
    "fit_ok": true,
    "frac;504": 0.567848522835523,
    "frac;504_err": 0.021988981997162742,
    "info_fit": "------------------------------------------------------------------\n| FCN = -3.199e+05              |     Ncalls=105 (105 total)     |\n| EDM = 1.01e-05 (Goal: 0.001)  |            up = 0.5            |\n------------------------------------------------------------------\n|  Valid Min.   | Valid Param.  | Above EDM | Reached call limit |\n------------------------------------------------------------------\n|     True      |     True      |   False   |       False        |\n------------------------------------------------------------------\n| Hesse failed  |   Has cov.    | Accurate  | Pos. def. | Forced |\n------------------------------------------------------------------\n|     False     |     True      |   True    |   True    | False  |\n------------------------------------------------------------------",
    "info_params": "name            value    minuit_hesse    at limit\n----------  ---------  --------------  ----------\nn_sig;504       52830     +/- 2.9e+02       False\u001b[0m\nn_bkg;504        5796     +/- 1.9e+02       False\u001b[0m\nfrac;504       0.5678     +/-   0.022       False\u001b[0m\nmu;504           5279     +/-   0.077       False\u001b[0m\nsigmaL;504      11.89     +/-    0.18       False\u001b[0m\nsigmaR;504      19.36     +/-    0.33       False\u001b[0m\nlambda;504  -0.002972     +/- 0.00023       False\u001b[0m",
    "lambda;504": -0.002971732788675574,
    "lambda;504_err": 0.00023209415486504808,
    "mu;504": 5278.875103140166,
    "mu;504_err": 0.07714316665767318,
    "n_bkg;504": 5795.897431199517,
    "n_bkg;504_err": 188.77427745899294,
    "n_sig;504": 52826.61632284338,
    "n_sig;504_err": 288.0840470358614,
    "r_params": {
        "alphaL": 2.02992217591786,
        "alphaL_Kpipi": 0.22679630485439334,
        "alphaR": -1.7778067363088699,
        "alphaR_Kpipi": -3.782661271460321,
        "fraction_Kpipi": 0.8679823005017598,
        "muL_Kpipi": 5213.778681264812,
        "muR_Kpipi": 5186.950765746883,
        "nL": 0.4354740104546931,
        "nL_Kpipi": 4.460097985101639,
        "nR": 5.840596424652496,
        "nR_Kpipi": 7.649948533164045e-05,
        "r_bkgK": 0.010464979031495732,
        "sigmaL_Kpipi": 20.07054172382805,
        "sigmaR_Kpipi": 40.58737460523651
    },
    "sigmaL;504": 11.88850459591181,
    "sigmaL;504_err": 0.18461556989506758,
    "sigmaR;504": 19.358017528222433,
    "sigmaR;504_err": 0.32687412703799973
}