{
    "fit_ok": true,
    "frac;321": 0.42619443976090854,
    "frac;321_err": 0.020525697919434007,
    "info_fit": "------------------------------------------------------------------\n| FCN = -3.199e+05              |     Ncalls=104 (104 total)     |\n| EDM = 0.00033 (Goal: 0.001)   |            up = 0.5            |\n------------------------------------------------------------------\n|  Valid Min.   | Valid Param.  | Above EDM | Reached call limit |\n------------------------------------------------------------------\n|     True      |     True      |   False   |       False        |\n------------------------------------------------------------------\n| Hesse failed  |   Has cov.    | Accurate  | Pos. def. | Forced |\n------------------------------------------------------------------\n|     False     |     True      |   True    |   True    | False  |\n------------------------------------------------------------------",
    "info_params": "name            value    minuit_hesse    at limit\n----------  ---------  --------------  ----------\nn_sig;321       52300     +/- 2.8e+02       False\u001b[0m\nn_bkg;321        5002     +/- 1.8e+02       False\u001b[0m\nfrac;321       0.4262     +/-   0.021       False\u001b[0m\nmu;321           5279     +/-   0.077       False\u001b[0m\nsigmaL;321      10.94     +/-    0.22       False\u001b[0m\nsigmaR;321      18.11     +/-    0.22       False\u001b[0m\nlambda;321  -0.001933     +/- 0.00027       False\u001b[0m",
    "lambda;321": -0.0019329185268920357,
    "lambda;321_err": 0.00026989478092467965,
    "mu;321": 5278.851119012474,
    "mu;321_err": 0.07744585604459044,
    "n_bkg;321": 5001.916756124723,
    "n_bkg;321_err": 180.36075217399852,
    "n_sig;321": 52304.978792079666,
    "n_sig;321_err": 278.64900086380055,
    "r_params": {
        "alphaL": 2.02992217591786,
        "alphaL_Kpipi": 0.23984147888569726,
        "alphaR": -1.7778067363088699,
        "alphaR_Kpipi": -3.45169511727099,
        "fraction_Kpipi": 0.8861855867303668,
        "muL_Kpipi": 5214.656416664541,
        "muR_Kpipi": 5183.074248990296,
        "mu_Ds": 5279.758654884026,
        "nL": 0.4354740104546931,
        "nL_Kpipi": 4.413073505098077,
        "nR": 5.840596424652496,
        "nR_Kpipi": 1.3686501931786665e-08,
        "n_sig_Ds": 1399.147327585961,
        "r_bkgK": 0.035341458516519916,
        "sigmaL_Kpipi": 19.133710600596434,
        "sigmaR_Kpipi": 39.32384704379869,
        "sigma_Ds": 12.597385241094903
    },
    "sigmaL;321": 10.944571260992149,
    "sigmaL;321_err": 0.21709598493436866,
    "sigmaR;321": 18.113097706687114,
    "sigmaR;321_err": 0.22343120802405794
}