{
    "fit_ok": true,
    "frac;75": 0.42609996514551995,
    "frac;75_err": 0.020542849659770376,
    "info_fit": "------------------------------------------------------------------\n| FCN = -3.199e+05              |     Ncalls=102 (102 total)     |\n| EDM = 2.3e-05 (Goal: 0.001)   |            up = 0.5            |\n------------------------------------------------------------------\n|  Valid Min.   | Valid Param.  | Above EDM | Reached call limit |\n------------------------------------------------------------------\n|     True      |     True      |   False   |       False        |\n------------------------------------------------------------------\n| Hesse failed  |   Has cov.    | Accurate  | Pos. def. | Forced |\n------------------------------------------------------------------\n|     False     |     True      |   True    |   True    | False  |\n------------------------------------------------------------------",
    "info_params": "name           value    minuit_hesse    at limit\n---------  ---------  --------------  ----------\nn_sig;75       52320     +/- 2.8e+02       False\u001b[0m\nn_bkg;75        5002     +/- 1.8e+02       False\u001b[0m\nfrac;75       0.4261     +/-   0.021       False\u001b[0m\nmu;75           5279     +/-   0.077       False\u001b[0m\nsigmaL;75      10.95     +/-    0.22       False\u001b[0m\nsigmaR;75      18.11     +/-    0.22       False\u001b[0m\nlambda;75  -0.001933     +/- 0.00027       False\u001b[0m",
    "lambda;75": -0.0019333061416574315,
    "lambda;75_err": 0.0002700522590543277,
    "mu;75": 5278.866244304973,
    "mu;75_err": 0.07744931706232837,
    "n_bkg;75": 5002.076481819635,
    "n_bkg;75_err": 180.44161680336282,
    "n_sig;75": 52319.43025119444,
    "n_sig;75_err": 278.66915307861893,
    "r_params": {
        "alphaL": 2.02992217591786,
        "alphaL_Kpipi": 0.23984147888569726,
        "alphaR": -1.7778067363088699,
        "alphaR_Kpipi": -3.45169511727099,
        "fraction_Kpipi": 0.8861855867303668,
        "muL_Kpipi": 5214.656416664541,
        "muR_Kpipi": 5183.074248990296,
        "mu_Ds": 5279.285064094324,
        "nL": 0.4354740104546931,
        "nL_Kpipi": 4.413073505098077,
        "nR": 5.840596424652496,
        "nR_Kpipi": 1.3686501931786665e-08,
        "n_sig_Ds": 1383.6158491151418,
        "r_bkgK": 0.035341458516519916,
        "sigmaL_Kpipi": 19.133710600596434,
        "sigmaR_Kpipi": 39.32384704379869,
        "sigma_Ds": 12.429183526202717
    },
    "sigmaL;75": 10.950911293191846,
    "sigmaL;75_err": 0.21741773952160215,
    "sigmaR;75": 18.11448286611378,
    "sigmaR;75_err": 0.22328133117179746
}