{
    "fit_ok": false,
    "frac;468": 0.4272898704699425,
    "frac;468_err": 0.020645151676510497,
    "info_fit": "------------------------------------------------------------------\n| FCN = -3.199e+05              |     Ncalls=100 (100 total)     |\n| EDM = 0.00123 (Goal: 0.001)   |            up = 0.5            |\n------------------------------------------------------------------\n|  Valid Min.   | Valid Param.  | Above EDM | Reached call limit |\n------------------------------------------------------------------\n|     True      |     True      |   False   |       False        |\n------------------------------------------------------------------\n| Hesse failed  |   Has cov.    | Accurate  | Pos. def. | Forced |\n------------------------------------------------------------------\n|     False     |     True      |   True    |   True    | False  |\n------------------------------------------------------------------",
    "info_params": "name           value    minuit_hesse    at limit\n----------  --------  --------------  ----------\nn_sig;468      52210     +/- 2.8e+02       False\u001b[0m\nn_bkg;468       5007     +/- 1.8e+02       False\u001b[0m\nfrac;468      0.4273     +/-   0.021       False\u001b[0m\nmu;468          5279     +/-   0.078       False\u001b[0m\nsigmaL;468     10.95     +/-    0.22       False\u001b[0m\nsigmaR;468     18.14     +/-    0.22       False\u001b[0m\nlambda;468  -0.00194     +/- 0.00027       False\u001b[0m",
    "lambda;468": -0.0019403352938844876,
    "lambda;468_err": 0.00027017891073104563,
    "mu;468": 5278.896842527048,
    "mu;468_err": 0.07767835308831836,
    "n_bkg;468": 5006.805943662983,
    "n_bkg;468_err": 180.75738821384698,
    "n_sig;468": 52207.82015999126,
    "n_sig;468_err": 278.8216690662552,
    "r_params": {
        "alphaL": 2.02992217591786,
        "alphaL_Kpipi": 0.23984147888569726,
        "alphaR": -1.7778067363088699,
        "alphaR_Kpipi": -3.45169511727099,
        "fraction_Kpipi": 0.8861855867303668,
        "muL_Kpipi": 5214.656416664541,
        "muR_Kpipi": 5183.074248990296,
        "mu_Ds": 5278.4076908501265,
        "nL": 0.4354740104546931,
        "nL_Kpipi": 4.413073505098077,
        "nR": 5.840596424652496,
        "nR_Kpipi": 1.3686501931786665e-08,
        "n_sig_Ds": 1494.9297425995055,
        "r_bkgK": 0.035341458516519916,
        "sigmaL_Kpipi": 19.133710600596434,
        "sigmaR_Kpipi": 39.32384704379869,
        "sigma_Ds": 12.471709585558704
    },
    "sigmaL;468": 10.954238247758227,
    "sigmaL;468_err": 0.21845535206362013,
    "sigmaR;468": 18.135970524255626,
    "sigmaR;468_err": 0.22492277096497765
}