{
    "fit_ok": true,
    "frac;1122": 0.37693584569401145,
    "frac;1122_err": 0.01936931149446774,
    "info_fit": "------------------------------------------------------------------\n| FCN = -3.199e+05              |     Ncalls=104 (104 total)     |\n| EDM = 0.000195 (Goal: 0.001)  |            up = 0.5            |\n------------------------------------------------------------------\n|  Valid Min.   | Valid Param.  | Above EDM | Reached call limit |\n------------------------------------------------------------------\n|     True      |     True      |   False   |       False        |\n------------------------------------------------------------------\n| Hesse failed  |   Has cov.    | Accurate  | Pos. def. | Forced |\n------------------------------------------------------------------\n|     False     |     True      |   True    |   True    | False  |\n------------------------------------------------------------------",
    "info_params": "name             value    minuit_hesse    at limit\n-----------  ---------  --------------  ----------\nn_sig;1122       52090     +/- 2.7e+02       False\u001b[0m\nn_bkg;1122        4774     +/- 1.7e+02       False\u001b[0m\nfrac;1122       0.3769     +/-   0.019       False\u001b[0m\nmu;1122           5279     +/-   0.078       False\u001b[0m\nsigmaL;1122      10.57     +/-    0.22       False\u001b[0m\nsigmaR;1122      17.73     +/-     0.2       False\u001b[0m\nlambda;1122  -0.001571     +/- 0.00028       False\u001b[0m",
    "lambda;1122": -0.0015707564610906166,
    "lambda;1122_err": 0.0002779096044722134,
    "mu;1122": 5278.87271843236,
    "mu;1122_err": 0.07751548679390731,
    "n_bkg;1122": 4773.696983941385,
    "n_bkg;1122_err": 174.2296469562137,
    "n_sig;1122": 52085.02509606808,
    "n_sig;1122_err": 273.32398107524375,
    "r_params": {
        "alphaL": 2.02992217591786,
        "alphaL_Kpipi": 0.217977501463111,
        "alphaR": -1.7778067363088699,
        "alphaR_Kpipi": -3.7439886677553704,
        "fraction_Kpipi": 0.8992303255874267,
        "muL_Kpipi": 5215.425722040781,
        "muR_Kpipi": 5183.374584741014,
        "nL": 0.4354740104546931,
        "nL_Kpipi": 3.9350802787637598,
        "nR": 5.840596424652496,
        "nR_Kpipi": 5.7908186155771884e-05,
        "r_bkgK": 0.044412220150555154,
        "sigmaL_Kpipi": 20.02638529751598,
        "sigmaR_Kpipi": 40.911609274393086
    },
    "sigmaL;1122": 10.571601377371248,
    "sigmaL;1122_err": 0.22372879062315967,
    "sigmaR;1122": 17.73020385735297,
    "sigmaR;1122_err": 0.19822787888819887
}