{
    "fit_ok": true,
    "frac;619": 0.5194517384564532,
    "frac;619_err": 0.021569029707277674,
    "info_fit": "------------------------------------------------------------------\n| FCN = -3.199e+05              |     Ncalls=106 (106 total)     |\n| EDM = 8.89e-06 (Goal: 0.001)  |            up = 0.5            |\n------------------------------------------------------------------\n|  Valid Min.   | Valid Param.  | Above EDM | Reached call limit |\n------------------------------------------------------------------\n|     True      |     True      |   False   |       False        |\n------------------------------------------------------------------\n| Hesse failed  |   Has cov.    | Accurate  | Pos. def. | Forced |\n------------------------------------------------------------------\n|     False     |     True      |   True    |   True    | False  |\n------------------------------------------------------------------",
    "info_params": "name            value    minuit_hesse    at limit\n----------  ---------  --------------  ----------\nn_sig;619       52650     +/- 2.9e+02       False\u001b[0m\nn_bkg;619        5526     +/- 1.9e+02       False\u001b[0m\nfrac;619       0.5195     +/-   0.022       False\u001b[0m\nmu;619           5279     +/-   0.077       False\u001b[0m\nsigmaL;619      11.58     +/-    0.19       False\u001b[0m\nsigmaR;619      18.87     +/-    0.28       False\u001b[0m\nlambda;619  -0.002645     +/- 0.00024       False\u001b[0m",
    "lambda;619": -0.0026450845256360545,
    "lambda;619_err": 0.00024491500375662946,
    "mu;619": 5278.876710542417,
    "mu;619_err": 0.07717915019520533,
    "n_bkg;619": 5526.205094877423,
    "n_bkg;619_err": 187.2596070310003,
    "n_sig;619": 52654.27654272781,
    "n_sig;619_err": 285.65535956013827,
    "r_params": {
        "alphaL": 2.02992217591786,
        "alphaL_Kpipi": 0.2416864682177182,
        "alphaR": -1.7778067363088699,
        "alphaR_Kpipi": -3.8032576165991014,
        "fraction_Kpipi": 0.8801848489308974,
        "muL_Kpipi": 5214.1881127580355,
        "muR_Kpipi": 5186.36714508785,
        "nL": 0.4354740104546931,
        "nL_Kpipi": 4.242392408757938,
        "nR": 5.840596424652496,
        "nR_Kpipi": 0.00025767105268061243,
        "r_bkgK": 0.018879924942983316,
        "sigmaL_Kpipi": 19.817730798769485,
        "sigmaR_Kpipi": 40.62068779439962
    },
    "sigmaL;619": 11.584878295227607,
    "sigmaL;619_err": 0.19141697741871436,
    "sigmaR;619": 18.87469115522522,
    "sigmaR;619_err": 0.2845789747059505
}