{
    "fit_ok": true,
    "frac;659": 0.36494500688981396,
    "frac;659_err": 0.018470892756293992,
    "info_fit": "------------------------------------------------------------------\n| FCN = -3.199e+05              |     Ncalls=106 (106 total)     |\n| EDM = 1.44e-05 (Goal: 0.001)  |            up = 0.5            |\n------------------------------------------------------------------\n|  Valid Min.   | Valid Param.  | Above EDM | Reached call limit |\n------------------------------------------------------------------\n|     True      |     True      |   False   |       False        |\n------------------------------------------------------------------\n| Hesse failed  |   Has cov.    | Accurate  | Pos. def. | Forced |\n------------------------------------------------------------------\n|     False     |     True      |   True    |   True    | False  |\n------------------------------------------------------------------",
    "info_params": "name            value    minuit_hesse    at limit\n----------  ---------  --------------  ----------\nn_sig;659       52130     +/- 2.7e+02       False\u001b[0m\nn_bkg;659        4586     +/- 1.7e+02       False\u001b[0m\nfrac;659       0.3649     +/-   0.018       False\u001b[0m\nmu;659           5279     +/-   0.078       False\u001b[0m\nsigmaL;659      10.45     +/-    0.22       False\u001b[0m\nsigmaR;659      17.74     +/-    0.19       False\u001b[0m\nlambda;659  -0.001276     +/- 0.00028       False\u001b[0m",
    "lambda;659": -0.001276058842089367,
    "lambda;659_err": 0.0002834692663624328,
    "mu;659": 5278.846810913106,
    "mu;659_err": 0.07759352221119332,
    "n_bkg;659": 4586.214041753989,
    "n_bkg;659_err": 168.28149472146976,
    "n_sig;659": 52132.953486150654,
    "n_sig;659_err": 269.84011430627396,
    "r_params": {
        "alphaL": 2.02992217591786,
        "alphaL_Kpipi": 0.2415302496133916,
        "alphaR": -1.7778067363088699,
        "alphaR_Kpipi": -3.3981447341614683,
        "fraction_Kpipi": 0.8699853433398389,
        "muL_Kpipi": 5213.153006157282,
        "muR_Kpipi": 5183.033896707286,
        "nL": 0.4354740104546931,
        "nL_Kpipi": 3.8960592184737664,
        "nR": 5.840596424652496,
        "nR_Kpipi": 0.0002960951447748911,
        "r_bkgK": 0.04703681964793971,
        "sigmaL_Kpipi": 19.418934161449844,
        "sigmaR_Kpipi": 37.50523851096879
    },
    "sigmaL;659": 10.449100110353507,
    "sigmaL;659_err": 0.2217160158771499,
    "sigmaR;659": 17.74305843417455,
    "sigmaR;659_err": 0.19024223803475976
}