{
    "fit_ok": true,
    "frac;273": 0.37871483609266415,
    "frac;273_err": 0.018709832567710194,
    "info_fit": "------------------------------------------------------------------\n| FCN = -3.199e+05              |     Ncalls=104 (104 total)     |\n| EDM = 6.1e-05 (Goal: 0.001)   |            up = 0.5            |\n------------------------------------------------------------------\n|  Valid Min.   | Valid Param.  | Above EDM | Reached call limit |\n------------------------------------------------------------------\n|     True      |     True      |   False   |       False        |\n------------------------------------------------------------------\n| Hesse failed  |   Has cov.    | Accurate  | Pos. def. | Forced |\n------------------------------------------------------------------\n|     False     |     True      |   True    |   True    | False  |\n------------------------------------------------------------------",
    "info_params": "name            value    minuit_hesse    at limit\n----------  ---------  --------------  ----------\nn_sig;273       52530     +/- 2.8e+02       False\u001b[0m\nn_bkg;273        4789     +/- 1.8e+02       False\u001b[0m\nfrac;273       0.3787     +/-   0.019       False\u001b[0m\nmu;273           5279     +/-   0.077       False\u001b[0m\nsigmaL;273      10.48     +/-    0.23       False\u001b[0m\nsigmaR;273      17.91     +/-     0.2       False\u001b[0m\nlambda;273  -0.001575     +/- 0.00029       False\u001b[0m",
    "lambda;273": -0.001575302223390404,
    "lambda;273_err": 0.0002892700175331315,
    "mu;273": 5278.85265021459,
    "mu;273_err": 0.0772623661021094,
    "n_bkg;273": 4789.038925295891,
    "n_bkg;273_err": 181.86301628902703,
    "n_sig;273": 52526.71871496106,
    "n_sig;273_err": 280.1918232379944,
    "r_params": {
        "alphaL": 2.119944312159424,
        "alphaL_Kpipi": 0.23984147888569726,
        "alphaR": -1.8703570414979869,
        "alphaR_Kpipi": -3.45169511727099,
        "fraction_Kpipi": 0.8861855867303668,
        "muL_Kpipi": 5214.656416664541,
        "muR_Kpipi": 5183.074248990296,
        "nL": 0.2817644591237357,
        "nL_Kpipi": 4.413073505098077,
        "nR": 5.070376893175808,
        "nR_Kpipi": 1.3686501931786665e-08,
        "r_bkgK": 0.035341458516519916,
        "sigmaL_Kpipi": 19.133710600596434,
        "sigmaR_Kpipi": 39.32384704379869
    },
    "sigmaL;273": 10.482816842583262,
    "sigmaL;273_err": 0.23036037724866068,
    "sigmaR;273": 17.909174880453484,
    "sigmaR;273_err": 0.19720846087050875
}