{
    "fit_ok": true,
    "frac;898": 0.3694414419575915,
    "frac;898_err": 0.018545056256718612,
    "info_fit": "------------------------------------------------------------------\n| FCN = -3.199e+05              |     Ncalls=106 (106 total)     |\n| EDM = 1.9e-05 (Goal: 0.001)   |            up = 0.5            |\n------------------------------------------------------------------\n|  Valid Min.   | Valid Param.  | Above EDM | Reached call limit |\n------------------------------------------------------------------\n|     True      |     True      |   False   |       False        |\n------------------------------------------------------------------\n| Hesse failed  |   Has cov.    | Accurate  | Pos. def. | Forced |\n------------------------------------------------------------------\n|     False     |     True      |   True    |   True    | False  |\n------------------------------------------------------------------",
    "info_params": "name           value    minuit_hesse    at limit\n----------  --------  --------------  ----------\nn_sig;898      52170     +/- 2.7e+02       False\u001b[0m\nn_bkg;898       4592     +/- 1.7e+02       False\u001b[0m\nfrac;898      0.3694     +/-   0.019       False\u001b[0m\nmu;898          5279     +/-   0.078       False\u001b[0m\nsigmaL;898     10.48     +/-    0.22       False\u001b[0m\nsigmaR;898     17.78     +/-    0.19       False\u001b[0m\nlambda;898  -0.00128     +/- 0.00028       False\u001b[0m",
    "lambda;898": -0.0012795271586552026,
    "lambda;898_err": 0.0002835479646703595,
    "mu;898": 5278.844347661954,
    "mu;898_err": 0.07759826763533663,
    "n_bkg;898": 4591.6884235051575,
    "n_bkg;898_err": 168.56292388926258,
    "n_sig;898": 52172.97634924137,
    "n_sig;898_err": 270.2164819660876,
    "r_params": {
        "alphaL": 2.02992217591786,
        "alphaL_Kpipi": 0.2188690036451935,
        "alphaR": -1.7778067363088699,
        "alphaR_Kpipi": -3.5752934234443714,
        "fraction_Kpipi": 0.892396549729918,
        "muL_Kpipi": 5213.865695153153,
        "muR_Kpipi": 5176.902763437457,
        "nL": 0.4354740104546931,
        "nL_Kpipi": 4.860107090460045,
        "nR": 5.840596424652496,
        "nR_Kpipi": 0.0002231482628350579,
        "r_bkgK": 0.04613140379582444,
        "sigmaL_Kpipi": 18.813581796229613,
        "sigmaR_Kpipi": 39.01520213252926
    },
    "sigmaL;898": 10.4842314535164,
    "sigmaL;898_err": 0.22143489467396116,
    "sigmaR;898": 17.78381095797168,
    "sigmaR;898_err": 0.19211640627314214
}