{
    "fit_ok": true,
    "frac;367": 0.42642455780632965,
    "frac;367_err": 0.020554613693116477,
    "info_fit": "------------------------------------------------------------------\n| FCN = -3.199e+05              |     Ncalls=101 (101 total)     |\n| EDM = 0.00019 (Goal: 0.001)   |            up = 0.5            |\n------------------------------------------------------------------\n|  Valid Min.   | Valid Param.  | Above EDM | Reached call limit |\n------------------------------------------------------------------\n|     True      |     True      |   False   |       False        |\n------------------------------------------------------------------\n| Hesse failed  |   Has cov.    | Accurate  | Pos. def. | Forced |\n------------------------------------------------------------------\n|     False     |     True      |   True    |   True    | False  |\n------------------------------------------------------------------",
    "info_params": "name            value    minuit_hesse    at limit\n----------  ---------  --------------  ----------\nn_sig;367       52330     +/- 2.8e+02       False\u001b[0m\nn_bkg;367        5000     +/- 1.8e+02       False\u001b[0m\nfrac;367       0.4264     +/-   0.021       False\u001b[0m\nmu;367           5279     +/-   0.077       False\u001b[0m\nsigmaL;367      10.94     +/-    0.22       False\u001b[0m\nsigmaR;367      18.11     +/-    0.22       False\u001b[0m\nlambda;367  -0.001932     +/- 0.00027       False\u001b[0m",
    "lambda;367": -0.0019315410257052523,
    "lambda;367_err": 0.00026997002791215275,
    "mu;367": 5278.879556266373,
    "mu;367_err": 0.07742248033486632,
    "n_bkg;367": 5000.233516879103,
    "n_bkg;367_err": 180.33589432042442,
    "n_sig;367": 52331.53254441026,
    "n_sig;367_err": 278.5830029557254,
    "r_params": {
        "alphaL": 2.02992217591786,
        "alphaL_Kpipi": 0.23984147888569726,
        "alphaR": -1.7778067363088699,
        "alphaR_Kpipi": -3.45169511727099,
        "fraction_Kpipi": 0.8861855867303668,
        "muL_Kpipi": 5214.656416664541,
        "muR_Kpipi": 5183.074248990296,
        "mu_Ds": 5278.9096728478535,
        "nL": 0.4354740104546931,
        "nL_Kpipi": 4.413073505098077,
        "nR": 5.840596424652496,
        "nR_Kpipi": 1.3686501931786665e-08,
        "n_sig_Ds": 1371.9989221394721,
        "r_bkgK": 0.035341458516519916,
        "sigmaL_Kpipi": 19.133710600596434,
        "sigmaR_Kpipi": 39.32384704379869,
        "sigma_Ds": 12.630007204472118
    },
    "sigmaL;367": 10.942793722274079,
    "sigmaL;367_err": 0.2179242625816489,
    "sigmaR;367": 18.110689341187708,
    "sigmaR;367_err": 0.2233094536085853
}