{
    "fit_ok": true,
    "frac;1341": 0.5508899054983456,
    "frac;1341_err": 0.01666799580563783,
    "info_fit": "------------------------------------------------------------------\n| FCN = -3.199e+05              |     Ncalls=101 (101 total)     |\n| EDM = 0.000156 (Goal: 0.001)  |            up = 0.5            |\n------------------------------------------------------------------\n|  Valid Min.   | Valid Param.  | Above EDM | Reached call limit |\n------------------------------------------------------------------\n|     True      |     True      |   False   |       False        |\n------------------------------------------------------------------\n| Hesse failed  |   Has cov.    | Accurate  | Pos. def. | Forced |\n------------------------------------------------------------------\n|     False     |     True      |   True    |   True    | False  |\n------------------------------------------------------------------",
    "info_params": "name              value    minuit_hesse    at limit\n-----------  ----------  --------------  ----------\nn_sig;1341        53300     +/- 2.7e+02       False\u001b[0m\nn_bkg;1341         3987     +/- 1.6e+02       False\u001b[0m\nfrac;1341        0.5509     +/-   0.017       False\u001b[0m\nmu;1341            5279     +/-   0.078       False\u001b[0m\nsigmaL;1341       12.06     +/-    0.17       False\u001b[0m\nsigmaR;1341        18.8     +/-    0.27       False\u001b[0m\nlambda;1341  -0.0009314     +/- 0.00031       False\u001b[0m",
    "lambda;1341": -0.0009314421298421971,
    "lambda;1341_err": 0.0003139219586198975,
    "mu;1341": 5278.863729588337,
    "mu;1341_err": 0.07781926385025788,
    "n_bkg;1341": 3986.934925294126,
    "n_bkg;1341_err": 159.79028232623114,
    "n_sig;1341": 53304.61290093731,
    "n_sig;1341_err": 270.35655917183,
    "r_params": {
        "alphaL": 1.9767376777345698,
        "alphaL_Kpipi": 0.23984147888569726,
        "alphaR": -1.6255098179116136,
        "alphaR_Kpipi": -3.45169511727099,
        "fraction_Kpipi": 0.8861855867303668,
        "muL_Kpipi": 5214.656416664541,
        "muR_Kpipi": 5183.074248990296,
        "nL": 0.5224371961016465,
        "nL_Kpipi": 4.413073505098077,
        "nR": 3.368579556398881,
        "nR_Kpipi": 1.3686501931786665e-08,
        "r_bkgK": 0.035341458516519916,
        "sigmaL_Kpipi": 19.133710600596434,
        "sigmaR_Kpipi": 39.32384704379869
    },
    "sigmaL;1341": 12.05685833772609,
    "sigmaL;1341_err": 0.16581775798397108,
    "sigmaR;1341": 18.795764922336314,
    "sigmaR;1341_err": 0.2727275785720721
}