{
    "fit_ok": true,
    "frac;577": 0.42610688984497597,
    "frac;577_err": 0.02054030049371142,
    "info_fit": "------------------------------------------------------------------\n| FCN = -3.199e+05              |     Ncalls=102 (102 total)     |\n| EDM = 0.000139 (Goal: 0.001)  |            up = 0.5            |\n------------------------------------------------------------------\n|  Valid Min.   | Valid Param.  | Above EDM | Reached call limit |\n------------------------------------------------------------------\n|     True      |     True      |   False   |       False        |\n------------------------------------------------------------------\n| Hesse failed  |   Has cov.    | Accurate  | Pos. def. | Forced |\n------------------------------------------------------------------\n|     False     |     True      |   True    |   True    | False  |\n------------------------------------------------------------------",
    "info_params": "name           value    minuit_hesse    at limit\n----------  --------  --------------  ----------\nn_sig;577      52270     +/- 2.8e+02       False\u001b[0m\nn_bkg;577       5005     +/- 1.8e+02       False\u001b[0m\nfrac;577      0.4261     +/-   0.021       False\u001b[0m\nmu;577          5279     +/-   0.078       False\u001b[0m\nsigmaL;577     10.96     +/-    0.22       False\u001b[0m\nsigmaR;577     18.13     +/-    0.22       False\u001b[0m\nlambda;577  -0.00194     +/- 0.00027       False\u001b[0m",
    "lambda;577": -0.0019395651946482184,
    "lambda;577_err": 0.0002697502940149996,
    "mu;577": 5278.865859437937,
    "mu;577_err": 0.07754592556806945,
    "n_bkg;577": 5004.856229028136,
    "n_bkg;577_err": 180.4434255543211,
    "n_sig;577": 52274.886620210214,
    "n_sig;577_err": 278.67023926637273,
    "r_params": {
        "alphaL": 2.02992217591786,
        "alphaL_Kpipi": 0.23984147888569726,
        "alphaR": -1.7778067363088699,
        "alphaR_Kpipi": -3.45169511727099,
        "fraction_Kpipi": 0.8861855867303668,
        "muL_Kpipi": 5214.656416664541,
        "muR_Kpipi": 5183.074248990296,
        "mu_Ds": 5279.248629073297,
        "nL": 0.4354740104546931,
        "nL_Kpipi": 4.413073505098077,
        "nR": 5.840596424652496,
        "nR_Kpipi": 1.3686501931786665e-08,
        "n_sig_Ds": 1426.624525164822,
        "r_bkgK": 0.035341458516519916,
        "sigmaL_Kpipi": 19.133710600596434,
        "sigmaR_Kpipi": 39.32384704379869,
        "sigma_Ds": 12.202505154338608
    },
    "sigmaL;577": 10.96287534010484,
    "sigmaL;577_err": 0.21694027534011814,
    "sigmaR;577": 18.125574887696228,
    "sigmaR;577_err": 0.22355962328033321
}