{
    "fit_ok": true,
    "frac;628": 0.40347396808210695,
    "frac;628_err": 0.019198689969974637,
    "info_fit": "------------------------------------------------------------------\n| FCN = -3.199e+05              |     Ncalls=106 (106 total)     |\n| EDM = 3.65e-05 (Goal: 0.001)  |            up = 0.5            |\n------------------------------------------------------------------\n|  Valid Min.   | Valid Param.  | Above EDM | Reached call limit |\n------------------------------------------------------------------\n|     True      |     True      |   False   |       False        |\n------------------------------------------------------------------\n| Hesse failed  |   Has cov.    | Accurate  | Pos. def. | Forced |\n------------------------------------------------------------------\n|     False     |     True      |   True    |   True    | False  |\n------------------------------------------------------------------",
    "info_params": "name            value    minuit_hesse    at limit\n----------  ---------  --------------  ----------\nn_sig;628       52460     +/- 2.8e+02       False\u001b[0m\nn_bkg;628        4859     +/- 1.8e+02       False\u001b[0m\nfrac;628       0.4035     +/-   0.019       False\u001b[0m\nmu;628           5279     +/-   0.078       False\u001b[0m\nsigmaL;628      10.82     +/-    0.23       False\u001b[0m\nsigmaR;628      17.81     +/-     0.2       False\u001b[0m\nlambda;628  -0.001647     +/- 0.00028       False\u001b[0m",
    "lambda;628": -0.0016465372621755625,
    "lambda;628_err": 0.0002830689027886048,
    "mu;628": 5278.847828806677,
    "mu;628_err": 0.07781394046887435,
    "n_bkg;628": 4858.8123203754685,
    "n_bkg;628_err": 180.94511783774877,
    "n_sig;628": 52459.42338697515,
    "n_sig;628_err": 279.40244451243905,
    "r_params": {
        "alphaL": 2.0288849442134023,
        "alphaL_Kpipi": 0.23984147888569726,
        "alphaR": -1.6814522099559428,
        "alphaR_Kpipi": -3.45169511727099,
        "fraction_Kpipi": 0.8861855867303668,
        "muL_Kpipi": 5214.656416664541,
        "muR_Kpipi": 5183.074248990296,
        "nL": 0.3808588938824519,
        "nL_Kpipi": 4.413073505098077,
        "nR": 8.450528840906134,
        "nR_Kpipi": 1.3686501931786665e-08,
        "r_bkgK": 0.035341458516519916,
        "sigmaL_Kpipi": 19.133710600596434,
        "sigmaR_Kpipi": 39.32384704379869
    },
    "sigmaL;628": 10.815104484690814,
    "sigmaL;628_err": 0.22668416759511986,
    "sigmaR;628": 17.813554315047263,
    "sigmaR;628_err": 0.20144048428493308
}