{
    "fit_ok": true,
    "frac;905": 0.35370085086399544,
    "frac;905_err": 0.014213573544338063,
    "info_fit": "------------------------------------------------------------------\n| FCN = -3.199e+05              |     Ncalls=104 (104 total)     |\n| EDM = 7.27e-05 (Goal: 0.001)  |            up = 0.5            |\n------------------------------------------------------------------\n|  Valid Min.   | Valid Param.  | Above EDM | Reached call limit |\n------------------------------------------------------------------\n|     True      |     True      |   False   |       False        |\n------------------------------------------------------------------\n| Hesse failed  |   Has cov.    | Accurate  | Pos. def. | Forced |\n------------------------------------------------------------------\n|     False     |     True      |   True    |   True    | False  |\n------------------------------------------------------------------",
    "info_params": "name            value    minuit_hesse    at limit\n----------  ---------  --------------  ----------\nn_sig;905       53040     +/- 2.8e+02       False\u001b[0m\nn_bkg;905        4254     +/- 1.7e+02       False\u001b[0m\nfrac;905       0.3537     +/-   0.014       False\u001b[0m\nmu;905           5279     +/-   0.079       False\u001b[0m\nsigmaL;905      10.28     +/-    0.22       False\u001b[0m\nsigmaR;905      17.33     +/-    0.15       False\u001b[0m\nlambda;905  -0.001314     +/- 0.00032       False\u001b[0m",
    "lambda;905": -0.0013139448761356753,
    "lambda;905_err": 0.0003176504781541488,
    "mu;905": 5279.017434833751,
    "mu;905_err": 0.07852696644014565,
    "n_bkg;905": 4253.901658892521,
    "n_bkg;905_err": 173.208982211976,
    "n_sig;905": 53043.9719662161,
    "n_sig;905_err": 276.92757097284846,
    "r_params": {
        "alphaL": 1.7926316756507832,
        "alphaL_Kpipi": 0.23984147888569726,
        "alphaR": -1.9694329182011594,
        "alphaR_Kpipi": -3.45169511727099,
        "fraction_Kpipi": 0.8861855867303668,
        "muL_Kpipi": 5214.656416664541,
        "muR_Kpipi": 5183.074248990296,
        "nL": 0.48904015484350893,
        "nL_Kpipi": 4.413073505098077,
        "nR": 2.473730432876589,
        "nR_Kpipi": 1.3686501931786665e-08,
        "r_bkgK": 0.035341458516519916,
        "sigmaL_Kpipi": 19.133710600596434,
        "sigmaR_Kpipi": 39.32384704379869
    },
    "sigmaL;905": 10.278968975778579,
    "sigmaL;905_err": 0.22381527743978286,
    "sigmaR;905": 17.33106522792756,
    "sigmaR;905_err": 0.15081129009863167
}