{
    "fit_ok": true,
    "frac;159": 0.5148984961025134,
    "frac;159_err": 0.021421479722221977,
    "info_fit": "------------------------------------------------------------------\n| FCN = -3.199e+05              |     Ncalls=105 (105 total)     |\n| EDM = 4.99e-06 (Goal: 0.001)  |            up = 0.5            |\n------------------------------------------------------------------\n|  Valid Min.   | Valid Param.  | Above EDM | Reached call limit |\n------------------------------------------------------------------\n|     True      |     True      |   False   |       False        |\n------------------------------------------------------------------\n| Hesse failed  |   Has cov.    | Accurate  | Pos. def. | Forced |\n------------------------------------------------------------------\n|     False     |     True      |   True    |   True    | False  |\n------------------------------------------------------------------",
    "info_params": "name            value    minuit_hesse    at limit\n----------  ---------  --------------  ----------\nn_sig;159       52640     +/- 2.9e+02       False\u001b[0m\nn_bkg;159        5478     +/- 1.9e+02       False\u001b[0m\nfrac;159       0.5149     +/-   0.021       False\u001b[0m\nmu;159           5279     +/-   0.077       False\u001b[0m\nsigmaL;159      11.56     +/-    0.19       False\u001b[0m\nsigmaR;159      18.84     +/-    0.28       False\u001b[0m\nlambda;159  -0.002585     +/- 0.00025       False\u001b[0m",
    "lambda;159": -0.0025849089406992237,
    "lambda;159_err": 0.0002470747826953098,
    "mu;159": 5278.877948402582,
    "mu;159_err": 0.0771724162113242,
    "n_bkg;159": 5478.298661721821,
    "n_bkg;159_err": 186.867837720262,
    "n_sig;159": 52644.29058994437,
    "n_sig;159_err": 285.25942381298114,
    "r_params": {
        "alphaL": 2.02992217591786,
        "alphaL_Kpipi": 0.23736732179600392,
        "alphaR": -1.7778067363088699,
        "alphaR_Kpipi": -3.4548505710661863,
        "fraction_Kpipi": 0.8776620548078349,
        "muL_Kpipi": 5214.3232565845665,
        "muR_Kpipi": 5184.548551376988,
        "nL": 0.4354740104546931,
        "nL_Kpipi": 3.934260667700388,
        "nR": 5.840596424652496,
        "nR_Kpipi": 1.0052078835941322e-05,
        "r_bkgK": 0.019980406480449818,
        "sigmaL_Kpipi": 20.222544195047554,
        "sigmaR_Kpipi": 38.379644238516825
    },
    "sigmaL;159": 11.555014763990265,
    "sigmaL;159_err": 0.19088248308669362,
    "sigmaR;159": 18.836894048453217,
    "sigmaR;159_err": 0.28094066868222745
}