{
    "fit_ok": false,
    "frac;1221": 0.426636785021691,
    "frac;1221_err": 0.020487043449267543,
    "info_fit": "------------------------------------------------------------------\n| FCN = -3.199e+05              |     Ncalls=117 (117 total)     |\n| EDM = 0.00114 (Goal: 0.001)   |            up = 0.5            |\n------------------------------------------------------------------\n|  Valid Min.   | Valid Param.  | Above EDM | Reached call limit |\n------------------------------------------------------------------\n|     True      |     True      |   False   |       False        |\n------------------------------------------------------------------\n| Hesse failed  |   Has cov.    | Accurate  | Pos. def. | Forced |\n------------------------------------------------------------------\n|     False     |     True      |   True    |   True    | False  |\n------------------------------------------------------------------",
    "info_params": "name             value    minuit_hesse    at limit\n-----------  ---------  --------------  ----------\nn_sig;1221       52340     +/- 2.8e+02       False\u001b[0m\nn_bkg;1221        5000     +/- 1.8e+02       False\u001b[0m\nfrac;1221       0.4266     +/-    0.02       False\u001b[0m\nmu;1221           5279     +/-   0.077       False\u001b[0m\nsigmaL;1221      10.95     +/-    0.22       False\u001b[0m\nsigmaR;1221      18.12     +/-    0.22       False\u001b[0m\nlambda;1221  -0.001932     +/- 0.00027       False\u001b[0m",
    "lambda;1221": -0.0019317575285835442,
    "lambda;1221_err": 0.0002696650630392194,
    "mu;1221": 5278.897958298538,
    "mu;1221_err": 0.07745541058846482,
    "n_bkg;1221": 5000.000447946811,
    "n_bkg;1221_err": 180.14950857223366,
    "n_sig;1221": 52335.678962597915,
    "n_sig;1221_err": 278.42687661036183,
    "r_params": {
        "alphaL": 2.02992217591786,
        "alphaL_Kpipi": 0.23984147888569726,
        "alphaR": -1.7778067363088699,
        "alphaR_Kpipi": -3.45169511727099,
        "fraction_Kpipi": 0.8861855867303668,
        "muL_Kpipi": 5214.656416664541,
        "muR_Kpipi": 5183.074248990296,
        "mu_Ds": 5278.32750423354,
        "nL": 0.4354740104546931,
        "nL_Kpipi": 4.413073505098077,
        "nR": 5.840596424652496,
        "nR_Kpipi": 1.3686501931786665e-08,
        "n_sig_Ds": 1368.1788094590147,
        "r_bkgK": 0.035341458516519916,
        "sigmaL_Kpipi": 19.133710600596434,
        "sigmaR_Kpipi": 39.32384704379869,
        "sigma_Ds": 12.391356887355098
    },
    "sigmaL;1221": 10.950396113435051,
    "sigmaL;1221_err": 0.21698269541032977,
    "sigmaR;1221": 18.11862205834172,
    "sigmaR;1221_err": 0.22318586029737827
}