{
    "frac|BDT-0.075": 0.36696965351639965,
    "frac|BDT-0.075_err": 0.03452785013542436,
    "lambda|BDT-0.075": -0.002411012864797343,
    "lambda|BDT-0.075_err": 0.00020148115462333753,
    "mu|BDT-0.075": 5279.59331097785,
    "mu|BDT-0.075_err": 0.1107917468855543,
    "n_B": 2285.4131831975446,
    "n_B2": 2988.834189362947,
    "n_B2_err": 83.38191489991756,
    "n_B_err": 63.75801248216602,
    "n_bkg2|BDT-0.075": 229.24153598396677,
    "n_bkg2|BDT-0.075_err": 66.04476562159297,
    "n_bkg|BDT-0.075": 9180.120982048298,
    "n_bkg|BDT-0.075_err": 256.1052296645641,
    "n_sig|BDT-0.075": 41621.38597883285,
    "n_sig|BDT-0.075_err": 275.16229061292034,
    "sigma2|BDT-0.075": 32.84510938724735,
    "sigma2|BDT-0.075_err": 5.063701696025888,
    "sigmaL|BDT-0.075": 13.0142570050064,
    "sigmaL|BDT-0.075_err": 0.4069268060117376,
    "sigmaR|BDT-0.075": 21.846408208315744,
    "sigmaR|BDT-0.075_err": 0.35936327061411055
}