{
    "bkg1": 0.012506799334870311,
    "bkg2": 0.00786916554609024,
    "sig1": 0.021964522713017926,
    "sig2": 0.012324495056264935
}