{
    "frac|BDT-3.25": 0.43596737932908936,
    "frac|BDT-3.25_err": 0.022281674781411596,
    "lambda|BDT-3.25": -0.0011737822049670554,
    "lambda|BDT-3.25_err": 0.00015331126973510437,
    "mu|BDT-3.25": 5278.895333208968,
    "mu|BDT-3.25_err": 0.07860591623575372,
    "n_B": 2854.6884178905984,
    "n_B_err": 55.89837549467086,
    "n_bkg|BDT-3.25": 11604.035462811997,
    "n_bkg|BDT-3.25_err": 227.2215515671035,
    "n_sig|BDT-3.25": 53710.71852483926,
    "n_sig|BDT-3.25_err": 301.3303273517847,
    "sigmaL|BDT-3.25": 10.964143694704047,
    "sigmaL|BDT-3.25_err": 0.2250893548095507,
    "sigmaR|BDT-3.25": 18.46593616737457,
    "sigmaR|BDT-3.25_err": 0.2604735450287845
}