{
    "alphaL": 2.0293071900133435,
    "alphaL_err": 0.11328286967850586,
    "alphaR": -1.7623803242105929,
    "alphaR_err": 0.13098948711853783,
    "frac": 0.471785413426262,
    "frac_err": 0.040739672430504456,
    "lambda": -0.00031664711937674035,
    "lambda_err": 0.00019168546996455277,
    "mu": 5278.894873176423,
    "mu_err": 0.09305942347780853,
    "nL": 0.4398278436522393,
    "nL_err": 0.13723183943393555,
    "n_bkg": 27251.670027726956,
    "n_bkg_err": 672.456904426807,
    "n_sig": 54423.50478030098,
    "n_sig_err": 1289.2985354864184,
    "r_bkgK": 0.0347918532839681,
    "r_bkgK_err": 0.01596724389945406,
    "sigmaL": 11.11010093125752,
    "sigmaL_err": 0.33731847951087973,
    "sigmaR": 18.896906026299874,
    "sigmaR_err": 0.6276122294065911
}