{
    "frac|BDT-5.25": 0.4601276262708881,
    "frac|BDT-5.25_err": 0.023701273377545184,
    "lambda|BDT-5.25": -0.0006001908183402571,
    "lambda|BDT-5.25_err": 0.00011055867687435157,
    "mu|BDT-5.25": 5278.910268060797,
    "mu|BDT-5.25_err": 0.07996348587752804,
    "n_B": 4636.16714510691,
    "n_B_err": 63.23673572305397,
    "n_bkg|BDT-5.25": 19504.56615850358,
    "n_bkg|BDT-5.25_err": 266.03982491439507,
    "n_sig|BDT-5.25": 54204.30457026698,
    "n_sig|BDT-5.25_err": 319.25250339471575,
    "sigmaL|BDT-5.25": 11.134639598106522,
    "sigmaL|BDT-5.25_err": 0.22233502335775596,
    "sigmaR|BDT-5.25": 18.762343338918004,
    "sigmaR|BDT-5.25_err": 0.2999573466663337
}