{
    "frac|BDT-8.5": 0.4599164566892327,
    "frac|BDT-8.5_err": 0.025884974662482824,
    "lambda|BDT-8.5": -0.0003940608795922225,
    "lambda|BDT-8.5_err": 9.131437590689863e-05,
    "mu|BDT-8.5": 5278.896248120508,
    "mu|BDT-8.5_err": 0.0815644117729868,
    "n_B": 6399.10494316106,
    "n_B_err": 71.09401034533286,
    "n_bkg|BDT-8.5": 27283.47807565819,
    "n_bkg|BDT-8.5_err": 303.1192471129138,
    "n_sig|BDT-8.5": 54278.55979830838,
    "n_sig|BDT-8.5_err": 338.2479009198833,
    "sigmaL|BDT-8.5": 11.120537619177151,
    "sigmaL|BDT-8.5_err": 0.23997254975477839,
    "sigmaR|BDT-8.5": 18.85980038707322,
    "sigmaR|BDT-8.5_err": 0.33121773464272447
}