{
    "frac|BDT-1.5": 0.4282039202133007,
    "frac|BDT-1.5_err": 0.021492785357101224,
    "lambda|BDT-1.5": -0.001659034919202107,
    "lambda|BDT-1.5_err": 0.0002153242460595293,
    "mu|BDT-1.5": 5278.871703587239,
    "mu|BDT-1.5_err": 0.07835519006394898,
    "n_B": 1744.9941894190615,
    "n_B_err": 49.422222491547586,
    "n_bkg|BDT-1.5": 6912.107509710108,
    "n_bkg|BDT-1.5_err": 195.766677792846,
    "n_sig|BDT-1.5": 51909.6776911754,
    "n_sig|BDT-1.5_err": 284.36346687639053,
    "sigmaL|BDT-1.5": 10.991499474755337,
    "sigmaL|BDT-1.5_err": 0.2229438010995851,
    "sigmaR|BDT-1.5": 18.149036039443953,
    "sigmaR|BDT-1.5_err": 0.23642329861058034
}