{
    "frac|BDT-4.25": 0.4501314866164647,
    "frac|BDT-4.25_err": 0.023019443108862562,
    "lambda|BDT-4.25": -0.0008172174725793319,
    "lambda|BDT-4.25_err": 0.0001287453382764097,
    "mu|BDT-4.25": 5278.900660717148,
    "mu|BDT-4.25_err": 0.07919523815330594,
    "n_B": 3700.4621074837105,
    "n_B_err": 59.429237054254486,
    "n_bkg|BDT-4.25": 15359.403451926344,
    "n_bkg|BDT-4.25_err": 246.67125408755007,
    "n_sig|BDT-4.25": 54030.305468877894,
    "n_sig|BDT-4.25_err": 310.39278855633154,
    "sigmaL|BDT-4.25": 11.085316191451799,
    "sigmaL|BDT-4.25_err": 0.2230160307351767,
    "sigmaR|BDT-4.25": 18.59923226839035,
    "sigmaR|BDT-4.25_err": 0.2789088465261467
}