{
    "frac|BDT-4.5": 0.4525225007258035,
    "frac|BDT-4.5_err": 0.024071309100534854,
    "lambda|BDT-4.5": -0.0007220796102239697,
    "lambda|BDT-4.5_err": 0.00012993895495776953,
    "mu|BDT-4.5": 5278.898347971969,
    "mu|BDT-4.5_err": 0.07938574120445135,
    "n_B": 3929.43275519607,
    "n_B_err": 62.70591800889335,
    "n_bkg|BDT-4.5": 16405.326893216603,
    "n_bkg|BDT-4.5_err": 261.7963322351862,
    "n_sig|BDT-4.5": 54074.11915575729,
    "n_sig|BDT-4.5_err": 320.25986397597904,
    "sigmaL|BDT-4.5": 11.110993783682519,
    "sigmaL|BDT-4.5_err": 0.22712497125686934,
    "sigmaR|BDT-4.5": 18.616912190046204,
    "sigmaR|BDT-4.5_err": 0.29356877047459173
}