{
    "frac|BDT0.025": 0.34503609577828687,
    "frac|BDT0.025_err": 0.03743702573780029,
    "lambda|BDT0.025": -0.0026298092321202227,
    "lambda|BDT0.025_err": 0.0002521463927441547,
    "mu|BDT0.025": 5279.629924323972,
    "mu|BDT0.025_err": 0.11542275405584033,
    "n_B": 1643.5923170939304,
    "n_B2": 2149.997456717718,
    "n_B2_err": 75.88050422452534,
    "n_B_err": 58.00779594922932,
    "n_bkg2|BDT0.025": 211.0056508367184,
    "n_bkg2|BDT0.025_err": 61.30183132760623,
    "n_bkg|BDT0.025": 6545.838481826176,
    "n_bkg|BDT0.025_err": 231.02423820145276,
    "n_sig|BDT0.025": 37052.69840896944,
    "n_sig|BDT0.025_err": 254.26556157439754,
    "sigma2|BDT0.025": 33.14667843438285,
    "sigma2|BDT0.025_err": 5.113583695701395,
    "sigmaL|BDT0.025": 12.966025800032941,
    "sigmaL|BDT0.025_err": 0.4561915325832135,
    "sigmaR|BDT0.025": 21.3821780314919,
    "sigmaR|BDT0.025_err": 0.3514309749451921
}