{
    "frac|BDT-0.35": 0.41457219392554334,
    "frac|BDT-0.35_err": 0.03520851419126594,
    "lambda|BDT-0.35": -0.0010214284130919092,
    "lambda|BDT-0.35_err": 0.00015017945599374714,
    "mu|BDT-0.35": 5279.480779557952,
    "mu|BDT-0.35_err": 0.1044417249788945,
    "n_B": 4724.985343589338,
    "n_B2": 6172.703933540445,
    "n_B2_err": 116.76965598075981,
    "n_B_err": 89.38301901815069,
    "n_bkg2|BDT-0.35": 439.8674450819117,
    "n_bkg2|BDT-0.35_err": 109.21513147439032,
    "n_bkg|BDT-0.35": 20314.912665315333,
    "n_bkg|BDT-0.35_err": 384.29922911391947,
    "n_sig|BDT-0.35": 50833.19347197843,
    "n_sig|BDT-0.35_err": 350.2209010213881,
    "sigma2|BDT-0.35": 36.835224806074415,
    "sigma2|BDT-0.35_err": 5.317113529485478,
    "sigmaL|BDT-0.35": 13.612359716208958,
    "sigmaL|BDT-0.35_err": 0.3842518523441545,
    "sigmaR|BDT-0.35": 22.599331932102707,
    "sigmaR|BDT-0.35_err": 0.4169777310029308
}