{
    "frac|BDT0.225": 0.33868279854458394,
    "frac|BDT0.225_err": 0.05077615899134928,
    "lambda|BDT0.225": -0.0037593649947555924,
    "lambda|BDT0.225_err": 0.0005072096090503706,
    "mu|BDT0.225": 5279.631971909444,
    "mu|BDT0.225_err": 0.17126520014120142,
    "n_B": 406.60348890671867,
    "n_B2": 532.7365207944101,
    "n_B2_err": 41.16501523671409,
    "n_B_err": 31.41860593898636,
    "n_bkg2|BDT0.225": 115.56954019893668,
    "n_bkg2|BDT0.225_err": 30.166417202756495,
    "n_bkg|BDT0.225": 1563.4621116464596,
    "n_bkg|BDT0.225_err": 120.81007990963141,
    "n_sig|BDT0.225": 16327.501432390407,
    "n_sig|BDT0.225_err": 156.3824706562575,
    "sigmaL|BDT0.225": 12.696164436848955,
    "sigmaL|BDT0.225_err": 0.6151922808635569,
    "sigmaR|BDT0.225": 21.533264853374387,
    "sigmaR|BDT0.225_err": 0.5012496229933704
}