{
    "frac|BDT-0.75": 0.42350178732205257,
    "frac|BDT-0.75_err": 0.02136523956288452,
    "lambda|BDT-0.75": -0.0017204908198727303,
    "lambda|BDT-0.75_err": 0.0002675277950472844,
    "mu|BDT-0.75": 5278.854747488097,
    "mu|BDT-0.75_err": 0.0791492287232402,
    "n_B": 1311.7631635258942,
    "n_B_err": 46.01712810709688,
    "n_bkg|BDT-0.75": 5135.131149131215,
    "n_bkg|BDT-0.75_err": 180.14226539274983,
    "n_sig|BDT-0.75": 49776.51641473388,
    "n_sig|BDT-0.75_err": 273.5878345087775,
    "sigmaL|BDT-0.75": 10.97056335390252,
    "sigmaL|BDT-0.75_err": 0.22236155830614726,
    "sigmaR|BDT-0.75": 17.93382623101577,
    "sigmaR|BDT-0.75_err": 0.22820816127808935
}