{
    "frac|BDT-2.5": 0.4452303413906971,
    "frac|BDT-2.5_err": 0.02177389808373396,
    "lambda|BDT-2.5": -0.001274560044559933,
    "lambda|BDT-2.5_err": 0.00018143313166364545,
    "mu|BDT-2.5": 5278.882917584615,
    "mu|BDT-2.5_err": 0.07815519155433774,
    "n_B": 2299.7047248484105,
    "n_B_err": 53.30549365669248,
    "n_bkg|BDT-2.5": 9206.741567601191,
    "n_bkg|BDT-2.5_err": 213.40561635056096,
    "n_sig|BDT-2.5": 53390.89837859316,
    "n_sig|BDT-2.5_err": 294.9423878357534,
    "sigmaL|BDT-2.5": 11.038112963411546,
    "sigmaL|BDT-2.5_err": 0.2179372160667112,
    "sigmaR|BDT-2.5": 18.50846165573823,
    "sigmaR|BDT-2.5_err": 0.25804072902873715
}