{
    "frac|BDT-0.275": 0.36229808051095247,
    "frac|BDT-0.275_err": 0.026989464490317815,
    "lambda|BDT-0.275": -0.0014363401056866898,
    "lambda|BDT-0.275_err": 0.00015432271991646767,
    "mu|BDT-0.275": 5279.696708467751,
    "mu|BDT-0.275_err": 0.10800492562103664,
    "n_B": 4333.624615798321,
    "n_B2": 5504.835017252249,
    "n_B2_err": 109.05060257371285,
    "n_B_err": 85.84896263012318,
    "n_bkg2|BDT-0.275": 343.62357995819656,
    "n_bkg2|BDT-0.275_err": 94.36366047604331,
    "n_bkg|BDT-0.275": 18092.511406585076,
    "n_bkg|BDT-0.275_err": 358.4120622646204,
    "n_sig|BDT-0.275": 49985.322328220114,
    "n_sig|BDT-0.275_err": 342.07611558804007,
    "sigma2|BDT-0.275": 34.348679437865165,
    "sigma2|BDT-0.275_err": 5.526622457777415,
    "sigmaL|BDT-0.275": 12.823355559614678,
    "sigmaL|BDT-0.275_err": 0.35721662750180816,
    "sigmaR|BDT-0.275": 21.65674091333409,
    "sigmaR|BDT-0.275_err": 0.2927833896931072
}