{
    "corr_B0_M_tau_M": 0.048928146113338594,
    "lambda_tau|BDT-3.75": -0.0041187648982402075,
    "lambda_tau|BDT-3.75_err": 0.00043105858605796806,
    "mu_tau|BDT-3.75": 1968.526173067147,
    "mu_tau|BDT-3.75_err": 0.16829259401482793,
    "n_bkg_tau|BDT-3.75": 7274.481698496786,
    "n_bkg_tau|BDT-3.75_err": 124.91915711479521,
    "n_sig_tau|BDT-3.75": 6593.835743210471,
    "n_sig_tau|BDT-3.75_err": 122.19577841248964,
    "sigma_tau|BDT-3.75": 9.298547148348568,
    "sigma_tau|BDT-3.75_err": 0.16999198868205728
}