{
    "lambda_B0Ds|BDT-5.25": -3.1940296935095702e-09,
    "lambda_B0Ds|BDT-5.25_err": 5.771903555188252e-07,
    "mu_B0Ds|BDT-5.25": 5279.278485854481,
    "mu_B0Ds|BDT-5.25_err": 0.46823610173380353,
    "n_bkg2_B0Ds|BDT-5.25": 769.4859736525274,
    "n_bkg2_B0Ds|BDT-5.25_err": 36.13960851686225,
    "n_bkg_B0Ds|BDT-5.25": 54.88626844428007,
    "n_bkg_B0Ds|BDT-5.25_err": 41.48640073435939,
    "n_sig_B0Ds|BDT-5.25": 1600.3359887260717,
    "n_sig_B0Ds|BDT-5.25_err": 35.90403448220667,
    "sigma2_B0Ds|BDT-5.25": 37.58401426262559,
    "sigma2_B0Ds|BDT-5.25_err": 1.7137816825427166,
    "sigma_B0Ds|BDT-5.25": 12.963203755239729,
    "sigma_B0Ds|BDT-5.25_err": 0.3813873590656972
}