{
    "lambda_B0Ds|BDT-5": -1.786540884674004e-08,
    "lambda_B0Ds|BDT-5_err": 1.5228149702237784e-06,
    "mu_B0Ds|BDT-5": 5279.278964568617,
    "mu_B0Ds|BDT-5_err": 0.47466960380771844,
    "n_bkg2_B0Ds|BDT-5": 762.3068737740302,
    "n_bkg2_B0Ds|BDT-5_err": 36.681707557889055,
    "n_bkg_B0Ds|BDT-5": 63.43553161491998,
    "n_bkg_B0Ds|BDT-5_err": 44.18203333442533,
    "n_sig_B0Ds|BDT-5": 1588.9302080884304,
    "n_sig_B0Ds|BDT-5_err": 36.866483608510535,
    "sigma2_B0Ds|BDT-5": 37.594029511382914,
    "sigma2_B0Ds|BDT-5_err": 1.72717720504994,
    "sigma_B0Ds|BDT-5": 12.984451979393437,
    "sigma_B0Ds|BDT-5_err": 0.40114565571303495
}