{
    "lambda_B0Ds|BDT-2": -5.5788706987414116e-14,
    "lambda_B0Ds|BDT-2_err": 4.2647356172901726e-07,
    "mu_B0Ds|BDT-2": 5279.432056121924,
    "mu_B0Ds|BDT-2_err": 0.5149432008536102,
    "n_bkg2_B0Ds|BDT-2": 678.5403632614745,
    "n_bkg2_B0Ds|BDT-2_err": 31.43786092812117,
    "n_bkg_B0Ds|BDT-2": 57.43347733700514,
    "n_bkg_B0Ds|BDT-2_err": 32.96747052433622,
    "n_sig_B0Ds|BDT-2": 1370.0290350282773,
    "n_sig_B0Ds|BDT-2_err": 33.556144309871236,
    "sigma2_B0Ds|BDT-2": 36.26914998098857,
    "sigma2_B0Ds|BDT-2_err": 1.693339628390966,
    "sigma_B0Ds|BDT-2": 12.398848839841595,
    "sigma_B0Ds|BDT-2_err": 0.4223275620640793
}