{
    "lambda_B0Ds": -0.003743318445264099,
    "lambda_B0Ds_err": 0.008618329956887459,
    "mu2_B0Ds": 5149.667224619046,
    "mu2_B0Ds_err": 12.835664426388938,
    "mu_B0Ds": 5279.634237543429,
    "mu_B0Ds_err": 0.6029160112628024,
    "n_bkg2_B0Ds": 695.8222672981723,
    "n_bkg2_B0Ds_err": 214.2075041976321,
    "n_bkg_B0Ds": 299.38677982802693,
    "n_bkg_B0Ds_err": 259.75909986535413,
    "n_sig_B0Ds": 1582.0927393505024,
    "n_sig_B0Ds_err": 62.172509943178255,
    "sigma2_B0Ds": 39.61804305131761,
    "sigma2_B0Ds_err": 8.786418674804477,
    "sigma_B0Ds": 15.425942680179407,
    "sigma_B0Ds_err": 0.6266191529462425
}