{
    "info_fit": "------------------------------------------------------------------\n| FCN = -4278                   |     Ncalls=112 (112 total)     |\n| EDM = 3.14e-06 (Goal: 0.001)  |            up = 0.5            |\n------------------------------------------------------------------\n|  Valid Min.   | Valid Param.  | Above EDM | Reached call limit |\n------------------------------------------------------------------\n|     True      |     True      |   False   |       False        |\n------------------------------------------------------------------\n| Hesse failed  |   Has cov.    | Accurate  | Pos. def. | Forced |\n------------------------------------------------------------------\n|     False     |     True      |   True    |   True    | False  |\n------------------------------------------------------------------",
    "lambda_DstDs|BDT-2.25": -5.16791487381596e-09,
    "lambda_DstDs|BDT-2.25_err": 1.7471221010306242e-07,
    "mu2_DstDs|BDT-2.25": 5167.424384089747,
    "mu2_DstDs|BDT-2.25_err": 3.228846923175183,
    "mu_DstDs|BDT-2.25": 5279.224558120313,
    "mu_DstDs|BDT-2.25_err": 0.5030898184031832,
    "n_bkg2_DstDs|BDT-2.25": 679.1459761017952,
    "n_bkg2_DstDs|BDT-2.25_err": 33.14364642357361,
    "n_bkg_DstDs|BDT-2.25": 72.86016277323769,
    "n_bkg_DstDs|BDT-2.25_err": 38.772251073172356,
    "n_sig_DstDs|BDT-2.25": 1426.797030403057,
    "n_sig_DstDs|BDT-2.25_err": 34.34890160586024,
    "sigma2_DstDs|BDT-2.25": 26.97460962375085,
    "sigma2_DstDs|BDT-2.25_err": 2.298060359799241,
    "sigma_DstDs|BDT-2.25": 12.373835991752738,
    "sigma_DstDs|BDT-2.25_err": 0.40327498030378556
}