{
    "lambda_B0Ds|BDT-8": -3.872700771179183e-11,
    "lambda_B0Ds|BDT-8_err": 6.404223370938093e-08,
    "mu_B0Ds|BDT-8": 5279.538519023861,
    "mu_B0Ds|BDT-8_err": 0.4616567466359905,
    "n_bkg2_B0Ds|BDT-8": 789.4586852620228,
    "n_bkg2_B0Ds|BDT-8_err": 43.08800377433865,
    "n_bkg_B0Ds|BDT-8": 140.9920702099617,
    "n_bkg_B0Ds|BDT-8_err": 52.01259147173362,
    "n_sig_B0Ds|BDT-8": 1624.0124959977734,
    "n_sig_B0Ds|BDT-8_err": 39.90626049670002,
    "sigma2_B0Ds|BDT-8": 72.1779719692422,
    "sigma2_B0Ds|BDT-8_err": 2.9709936200826284,
    "sigma_B0Ds|BDT-8": 12.698305781986807,
    "sigma_B0Ds|BDT-8_err": 0.40771895515923406
}