{
    "lambda_B0Ds|BDT-5": -1.0421927210124693e-11,
    "lambda_B0Ds|BDT-5_err": 7.93083587324309e-09,
    "mu_B0Ds|BDT-5": 5279.447270330355,
    "mu_B0Ds|BDT-5_err": 0.47430867733198884,
    "n_bkg2_B0Ds|BDT-5": 788.336713425242,
    "n_bkg2_B0Ds|BDT-5_err": 39.116303697357715,
    "n_bkg_B0Ds|BDT-5": 60.44645680589825,
    "n_bkg_B0Ds|BDT-5_err": 43.32674235718945,
    "n_sig_B0Ds|BDT-5": 1565.7645563779442,
    "n_sig_B0Ds|BDT-5_err": 37.42414924689201,
    "sigma2_B0Ds|BDT-5": 70.46887973006966,
    "sigma2_B0Ds|BDT-5_err": 2.7319975896396977,
    "sigma_B0Ds|BDT-5": 12.798047881866623,
    "sigma_B0Ds|BDT-5_err": 0.3957155643786507
}