{
    "fit_ok": true,
    "frac;37": 0.4213367919438729,
    "frac;37_err": 0.02059938262406178,
    "info_fit": "------------------------------------------------------------------\n| FCN = -3.172e+05              |     Ncalls=103 (103 total)     |\n| EDM = 9.33e-05 (Goal: 0.001)  |            up = 0.5            |\n------------------------------------------------------------------\n|  Valid Min.   | Valid Param.  | Above EDM | Reached call limit |\n------------------------------------------------------------------\n|     True      |     True      |   False   |       False        |\n------------------------------------------------------------------\n| Hesse failed  |   Has cov.    | Accurate  | Pos. def. | Forced |\n------------------------------------------------------------------\n|     False     |     True      |   True    |   True    | False  |\n------------------------------------------------------------------",
    "info_params": "name           value    minuit_hesse    at limit\n---------  ---------  --------------  ----------\nn_sig;37       51550     +/- 2.8e+02       False\u001b[0m\nn_bkg;37        6014     +/- 1.9e+02       False\u001b[0m\nfrac;37       0.4213     +/-   0.021       False\u001b[0m\nmu;37           5279     +/-   0.078       False\u001b[0m\nsigmaL;37      10.86     +/-    0.22       False\u001b[0m\nsigmaR;37      18.24     +/-    0.23       False\u001b[0m\nlambda;37  -0.001323     +/- 0.00025       False\u001b[0m",
    "lambda;37": -0.0013226319505975775,
    "lambda;37_err": 0.0002482020161047327,
    "mu;37": 5278.846170803814,
    "mu;37_err": 0.07819649263226158,
    "n_bkg;37": 6014.443746425595,
    "n_bkg;37_err": 191.94164430524654,
    "n_sig;37": 51554.88468027359,
    "n_sig;37_err": 282.73984795152353,
    "r_params": {
        "alphaL": 2.11990234821532,
        "alphaL_Kpipi": 0.23984147888569726,
        "alphaR": -1.7756459212100737,
        "alphaR_Kpipi": -3.45169511727099,
        "fraction_Kpipi": 0.8861855867303668,
        "muL_Kpipi": 5214.656416664541,
        "muR_Kpipi": 5183.074248990296,
        "nL": 0.3244961245464103,
        "nL_Kpipi": 4.413073505098077,
        "nR": 5.993065228082097,
        "nR_Kpipi": 1.3686501931786665e-08,
        "r_bkgK": 0.03478781022148211,
        "sigmaL_Kpipi": 19.133710600596434,
        "sigmaR_Kpipi": 39.32384704379869
    },
    "sigmaL;37": 10.862829910674023,
    "sigmaL;37_err": 0.2178283563460656,
    "sigmaR;37": 18.237239482778087,
    "sigmaR;37_err": 0.23465231277584733
}