{
    "fit_ok": true,
    "frac;154": 0.3485439654195399,
    "frac;154_err": 0.019470809596611686,
    "info_fit": "------------------------------------------------------------------\n| FCN = -3.172e+05              |     Ncalls=105 (105 total)     |\n| EDM = 1.58e-05 (Goal: 0.001)  |            up = 0.5            |\n------------------------------------------------------------------\n|  Valid Min.   | Valid Param.  | Above EDM | Reached call limit |\n------------------------------------------------------------------\n|     True      |     True      |   False   |       False        |\n------------------------------------------------------------------\n| Hesse failed  |   Has cov.    | Accurate  | Pos. def. | Forced |\n------------------------------------------------------------------\n|     False     |     True      |   True    |   True    | False  |\n------------------------------------------------------------------",
    "info_params": "name            value    minuit_hesse    at limit\n----------  ---------  --------------  ----------\nn_sig;154       51140     +/- 2.8e+02       False\u001b[0m\nn_bkg;154        6448     +/-   2e+02       False\u001b[0m\nfrac;154       0.3485     +/-   0.019       False\u001b[0m\nmu;154           5279     +/-   0.079       False\u001b[0m\nsigmaL;154      10.15     +/-    0.25       False\u001b[0m\nsigmaR;154      17.67     +/-    0.19       False\u001b[0m\nlambda;154  -0.001638     +/- 0.00023       False\u001b[0m",
    "lambda;154": -0.0016375946801892305,
    "lambda;154_err": 0.00023469024691008612,
    "mu;154": 5278.908515673378,
    "mu;154_err": 0.07855388029491794,
    "n_bkg;154": 6447.857081210397,
    "n_bkg;154_err": 197.46065233878224,
    "n_sig;154": 51135.38337421407,
    "n_sig;154_err": 284.76866272117,
    "r_params": {
        "alphaL": 2.046885492300462,
        "alphaL_Kpipi": 0.23984147888569726,
        "alphaR": -1.9043009985291048,
        "alphaR_Kpipi": -3.45169511727099,
        "fraction_Kpipi": 0.8861855867303668,
        "muL_Kpipi": 5214.656416664541,
        "muR_Kpipi": 5183.074248990296,
        "nL": 0.3341086772658571,
        "nL_Kpipi": 4.413073505098077,
        "nR": 8.715865136584458,
        "nR_Kpipi": 1.3686501931786665e-08,
        "r_bkgK": 0.03478781022148211,
        "sigmaL_Kpipi": 19.133710600596434,
        "sigmaR_Kpipi": 39.32384704379869
    },
    "sigmaL;154": 10.145657320785782,
    "sigmaL;154_err": 0.2487548235714596,
    "sigmaR;154": 17.673337781326975,
    "sigmaR;154_err": 0.19174019557875158
}