{
    "fit_ok": true,
    "frac;1104": 0.47114295858639144,
    "frac;1104_err": 0.02189789281163629,
    "info_fit": "------------------------------------------------------------------\n| FCN = -3.172e+05              |     Ncalls=106 (106 total)     |\n| EDM = 1.17e-05 (Goal: 0.001)  |            up = 0.5            |\n------------------------------------------------------------------\n|  Valid Min.   | Valid Param.  | Above EDM | Reached call limit |\n------------------------------------------------------------------\n|     True      |     True      |   False   |       False        |\n------------------------------------------------------------------\n| Hesse failed  |   Has cov.    | Accurate  | Pos. def. | Forced |\n------------------------------------------------------------------\n|     False     |     True      |   True    |   True    | False  |\n------------------------------------------------------------------",
    "info_params": "name             value    minuit_hesse    at limit\n-----------  ---------  --------------  ----------\nn_sig;1104       51500     +/- 2.8e+02       False\u001b[0m\nn_bkg;1104        6414     +/- 1.9e+02       False\u001b[0m\nfrac;1104       0.4711     +/-   0.022       False\u001b[0m\nmu;1104           5279     +/-   0.078       False\u001b[0m\nsigmaL;1104      11.28     +/-    0.21       False\u001b[0m\nsigmaR;1104      18.47     +/-    0.26       False\u001b[0m\nlambda;1104  -0.001837     +/- 0.00023       False\u001b[0m",
    "lambda;1104": -0.0018366644203910432,
    "lambda;1104_err": 0.0002286518126064128,
    "mu;1104": 5278.876823306722,
    "mu;1104_err": 0.07839395599920833,
    "n_bkg;1104": 6414.0043359314295,
    "n_bkg;1104_err": 193.18833931428966,
    "n_sig;1104": 51500.02984642424,
    "n_sig;1104_err": 284.0523971161536,
    "r_params": {
        "alphaL": 2.030074578321816,
        "alphaL_Kpipi": 0.24565642891582234,
        "alphaR": -1.7613550245501948,
        "alphaR_Kpipi": -3.2993681705935045,
        "fraction_Kpipi": 0.8795062614352268,
        "muL_Kpipi": 5215.1040651363855,
        "muR_Kpipi": 5182.003075457818,
        "nL": 0.4392329990731146,
        "nL_Kpipi": 4.023728875640543,
        "nR": 5.840596424652496,
        "nR_Kpipi": 0.00021886682353931721,
        "r_bkgK": 0.028144981727228242,
        "sigmaL_Kpipi": 18.84477741957022,
        "sigmaR_Kpipi": 41.10951983979557
    },
    "sigmaL;1104": 11.277761563116087,
    "sigmaL;1104_err": 0.21047476072927046,
    "sigmaR;1104": 18.468886653508264,
    "sigmaR;1104_err": 0.2603004869216415
}