{
    "fit_ok": true,
    "frac;1024": 0.4288046845183518,
    "frac;1024_err": 0.023053519606879246,
    "info_fit": "------------------------------------------------------------------\n| FCN = -3.172e+05              |     Ncalls=103 (103 total)     |\n| EDM = 8.16e-06 (Goal: 0.001)  |            up = 0.5            |\n------------------------------------------------------------------\n|  Valid Min.   | Valid Param.  | Above EDM | Reached call limit |\n------------------------------------------------------------------\n|     True      |     True      |   False   |       False        |\n------------------------------------------------------------------\n| Hesse failed  |   Has cov.    | Accurate  | Pos. def. | Forced |\n------------------------------------------------------------------\n|     False     |     True      |   True    |   True    | False  |\n------------------------------------------------------------------",
    "info_params": "name             value    minuit_hesse    at limit\n-----------  ---------  --------------  ----------\nn_sig;1024       50890     +/- 2.8e+02       False\u001b[0m\nn_bkg;1024        6700     +/- 1.9e+02       False\u001b[0m\nfrac;1024       0.4288     +/-   0.023       False\u001b[0m\nmu;1024           5279     +/-   0.078       False\u001b[0m\nsigmaL;1024      10.91     +/-    0.23       False\u001b[0m\nsigmaR;1024      18.22     +/-    0.24       False\u001b[0m\nlambda;1024  -0.002085     +/- 0.00021       False\u001b[0m",
    "lambda;1024": -0.0020852566014809143,
    "lambda;1024_err": 0.00021018213089099623,
    "mu;1024": 5278.9057839064135,
    "mu;1024_err": 0.07837530678949006,
    "n_bkg;1024": 6699.94854344847,
    "n_bkg;1024_err": 187.84292942618907,
    "n_sig;1024": 50893.12076456449,
    "n_sig;1024_err": 277.87357104999336,
    "r_params": {
        "alphaL": 1.9813575024696983,
        "alphaL_Kpipi": 0.23984147888569726,
        "alphaR": -1.8610183504614415,
        "alphaR_Kpipi": -3.45169511727099,
        "fraction_Kpipi": 0.8861855867303668,
        "muL_Kpipi": 5214.656416664541,
        "muR_Kpipi": 5183.074248990296,
        "nL": 0.5567098457739084,
        "nL_Kpipi": 4.413073505098077,
        "nR": 5.8676839100573694,
        "nR_Kpipi": 1.3686501931786665e-08,
        "r_bkgK": 0.03478781022148211,
        "sigmaL_Kpipi": 19.133710600596434,
        "sigmaR_Kpipi": 39.32384704379869
    },
    "sigmaL;1024": 10.906440011064284,
    "sigmaL;1024_err": 0.22818360593479564,
    "sigmaR;1024": 18.21970775556268,
    "sigmaR;1024_err": 0.2429624017869456
}