{
    "fit_ok": true,
    "frac;298": 0.6388773633422966,
    "frac;298_err": 0.023582997700492245,
    "info_fit": "------------------------------------------------------------------\n| FCN = -3.171e+05              |     Ncalls=103 (103 total)     |\n| EDM = 5.07e-05 (Goal: 0.001)  |            up = 0.5            |\n------------------------------------------------------------------\n|  Valid Min.   | Valid Param.  | Above EDM | Reached call limit |\n------------------------------------------------------------------\n|     True      |     True      |   False   |       False        |\n------------------------------------------------------------------\n| Hesse failed  |   Has cov.    | Accurate  | Pos. def. | Forced |\n------------------------------------------------------------------\n|     False     |     True      |   True    |   True    | False  |\n------------------------------------------------------------------",
    "info_params": "name            value    minuit_hesse    at limit\n----------  ---------  --------------  ----------\nn_sig;298       50940     +/- 2.6e+02       False\u001b[0m\nn_bkg;298        6657     +/- 1.6e+02       False\u001b[0m\nfrac;298       0.6389     +/-   0.024       False\u001b[0m\nmu;298           5279     +/-   0.078       False\u001b[0m\nsigmaL;298      12.51     +/-    0.18       False\u001b[0m\nsigmaR;298      20.52     +/-    0.47       False\u001b[0m\nlambda;298  -0.002331     +/- 0.00018       False\u001b[0m",
    "lambda;298": -0.0023305456948583686,
    "lambda;298_err": 0.00017917615529323356,
    "mu;298": 5278.754822239126,
    "mu;298_err": 0.0779020933650844,
    "n_bkg;298": 6656.830628067355,
    "n_bkg;298_err": 163.84912721576057,
    "n_sig;298": 50936.84172258733,
    "n_sig;298_err": 263.6073894781105,
    "r_params": {
        "alphaL": 2.2176112993812422,
        "alphaL_Kpipi": 0.23984147888569726,
        "alphaR": -1.5433730659124252,
        "alphaR_Kpipi": -3.45169511727099,
        "fraction_Kpipi": 0.8861855867303668,
        "muL_Kpipi": 5214.656416664541,
        "muR_Kpipi": 5183.074248990296,
        "nL": 0.5634113495537688,
        "nL_Kpipi": 4.413073505098077,
        "nR": 5.797254429368149,
        "nR_Kpipi": 1.3686501931786665e-08,
        "r_bkgK": 0.03478781022148211,
        "sigmaL_Kpipi": 19.133710600596434,
        "sigmaR_Kpipi": 39.32384704379869
    },
    "sigmaL;298": 12.511436814799463,
    "sigmaL;298_err": 0.17915072264674492,
    "sigmaR;298": 20.521160852196164,
    "sigmaR;298_err": 0.4665545935902165
}