{
    "fit_ok": true,
    "frac;105": 0.48829069298387456,
    "frac;105_err": 0.02202356923053011,
    "info_fit": "------------------------------------------------------------------\n| FCN = -3.172e+05              |     Ncalls=101 (101 total)     |\n| EDM = 4.61e-05 (Goal: 0.001)  |            up = 0.5            |\n------------------------------------------------------------------\n|  Valid Min.   | Valid Param.  | Above EDM | Reached call limit |\n------------------------------------------------------------------\n|     True      |     True      |   False   |       False        |\n------------------------------------------------------------------\n| Hesse failed  |   Has cov.    | Accurate  | Pos. def. | Forced |\n------------------------------------------------------------------\n|     False     |     True      |   True    |   True    | False  |\n------------------------------------------------------------------",
    "info_params": "name           value    minuit_hesse    at limit\n----------  --------  --------------  ----------\nn_sig;105      51540     +/- 2.9e+02       False\u001b[0m\nn_bkg;105       6534     +/- 1.9e+02       False\u001b[0m\nfrac;105      0.4883     +/-   0.022       False\u001b[0m\nmu;105          5279     +/-   0.078       False\u001b[0m\nsigmaL;105      11.4     +/-     0.2       False\u001b[0m\nsigmaR;105     18.59     +/-    0.27       False\u001b[0m\nlambda;105  -0.00197     +/- 0.00022       False\u001b[0m",
    "lambda;105": -0.001969841956223753,
    "lambda;105_err": 0.00022413776793567196,
    "mu;105": 5278.8822862450925,
    "mu;105_err": 0.0783194362422286,
    "n_bkg;105": 6533.502715408581,
    "n_bkg;105_err": 194.32875603171476,
    "n_sig;105": 51537.91861555211,
    "n_sig;105_err": 285.2355886621888,
    "r_params": {
        "alphaL": 2.030074578321816,
        "alphaL_Kpipi": 0.2461984005184297,
        "alphaR": -1.7613550245501948,
        "alphaR_Kpipi": -3.3595798832674326,
        "fraction_Kpipi": 0.9105249700961973,
        "muL_Kpipi": 5214.84765014801,
        "muR_Kpipi": 5182.65739671257,
        "nL": 0.4392329990731146,
        "nL_Kpipi": 4.352333993835433,
        "nR": 5.840596424652496,
        "nR_Kpipi": 0.0004433293111520911,
        "r_bkgK": 0.02507298698726369,
        "sigmaL_Kpipi": 19.7902773438764,
        "sigmaR_Kpipi": 40.61219224687845
    },
    "sigmaL;105": 11.398164818502377,
    "sigmaL;105_err": 0.20378302704768647,
    "sigmaR;105": 18.591438279595927,
    "sigmaR;105_err": 0.2721051835774678
}