{
    "fit_ok": true,
    "frac;945": 0.381063674341712,
    "frac;945_err": 0.019682464784058388,
    "info_fit": "------------------------------------------------------------------\n| FCN = -3.172e+05              |     Ncalls=106 (106 total)     |\n| EDM = 1.3e-05 (Goal: 0.001)   |            up = 0.5            |\n------------------------------------------------------------------\n|  Valid Min.   | Valid Param.  | Above EDM | Reached call limit |\n------------------------------------------------------------------\n|     True      |     True      |   False   |       False        |\n------------------------------------------------------------------\n| Hesse failed  |   Has cov.    | Accurate  | Pos. def. | Forced |\n------------------------------------------------------------------\n|     False     |     True      |   True    |   True    | False  |\n------------------------------------------------------------------",
    "info_params": "name            value    minuit_hesse    at limit\n----------  ---------  --------------  ----------\nn_sig;945       51240     +/- 2.7e+02       False\u001b[0m\nn_bkg;945        5821     +/- 1.8e+02       False\u001b[0m\nfrac;945       0.3811     +/-    0.02       False\u001b[0m\nmu;945           5279     +/-   0.079       False\u001b[0m\nsigmaL;945      10.57     +/-    0.23       False\u001b[0m\nsigmaR;945      17.88     +/-    0.21       False\u001b[0m\nlambda;945  -0.001087     +/- 0.00025       False\u001b[0m",
    "lambda;945": -0.0010869742079746142,
    "lambda;945_err": 0.00024564523844079587,
    "mu;945": 5278.854558611522,
    "mu;945_err": 0.07867027924196847,
    "n_bkg;945": 5820.838310034722,
    "n_bkg;945_err": 181.3842616534974,
    "n_sig;945": 51243.12206069935,
    "n_sig;945_err": 274.15620328577626,
    "r_params": {
        "alphaL": 2.030074578321816,
        "alphaL_Kpipi": 0.2547007271330519,
        "alphaR": -1.7613550245501948,
        "alphaR_Kpipi": -3.7038690018995775,
        "fraction_Kpipi": 0.8657894940491982,
        "muL_Kpipi": 5213.018411371508,
        "muR_Kpipi": 5184.560662832532,
        "nL": 0.4392329990731146,
        "nL_Kpipi": 4.133845266432681,
        "nR": 5.840596424652496,
        "nR_Kpipi": 0.0003537687750463556,
        "r_bkgK": 0.04484242937088807,
        "sigmaL_Kpipi": 18.664352758923663,
        "sigmaR_Kpipi": 41.55176058118656
    },
    "sigmaL;945": 10.572792270565687,
    "sigmaL;945_err": 0.2259980275269079,
    "sigmaR;945": 17.876153093132043,
    "sigmaR;945_err": 0.20734061188338826
}