{
    "fit_ok": true,
    "frac;10": 0.39622900355486534,
    "frac;10_err": 0.020571176783937502,
    "info_fit": "------------------------------------------------------------------\n| FCN = -3.172e+05              |     Ncalls=104 (104 total)     |\n| EDM = 9.62e-05 (Goal: 0.001)  |            up = 0.5            |\n------------------------------------------------------------------\n|  Valid Min.   | Valid Param.  | Above EDM | Reached call limit |\n------------------------------------------------------------------\n|     True      |     True      |   False   |       False        |\n------------------------------------------------------------------\n| Hesse failed  |   Has cov.    | Accurate  | Pos. def. | Forced |\n------------------------------------------------------------------\n|     False     |     True      |   True    |   True    | False  |\n------------------------------------------------------------------",
    "info_params": "name           value    minuit_hesse    at limit\n---------  ---------  --------------  ----------\nn_sig;10       51300     +/- 2.8e+02       False\u001b[0m\nn_bkg;10        5906     +/- 1.9e+02       False\u001b[0m\nfrac;10       0.3962     +/-   0.021       False\u001b[0m\nmu;10           5279     +/-   0.079       False\u001b[0m\nsigmaL;10       10.7     +/-    0.23       False\u001b[0m\nsigmaR;10      17.96     +/-    0.22       False\u001b[0m\nlambda;10  -0.001203     +/- 0.00025       False\u001b[0m",
    "lambda;10": -0.0012027039571902154,
    "lambda;10_err": 0.000245957902944545,
    "mu;10": 5278.862342933881,
    "mu;10_err": 0.07868858599417196,
    "n_bkg;10": 5906.168710602573,
    "n_bkg;10_err": 185.24047944985227,
    "n_sig;10": 51295.7668915814,
    "n_sig;10_err": 276.9353526424561,
    "r_params": {
        "alphaL": 2.030074578321816,
        "alphaL_Kpipi": 0.2388415083892432,
        "alphaR": -1.7613550245501948,
        "alphaR_Kpipi": -3.492296600196731,
        "fraction_Kpipi": 0.8716516715983148,
        "muL_Kpipi": 5214.141374575463,
        "muR_Kpipi": 5179.449135325529,
        "nL": 0.4392329990731146,
        "nL_Kpipi": 4.256149159850873,
        "nR": 5.840596424652496,
        "nR_Kpipi": 9.274615950232804e-05,
        "r_bkgK": 0.042110501528125115,
        "sigmaL_Kpipi": 18.7332527359176,
        "sigmaR_Kpipi": 40.8777403417516
    },
    "sigmaL;10": 10.699920109307353,
    "sigmaL;10_err": 0.23264968823259674,
    "sigmaR;10": 17.964931377735354,
    "sigmaR;10_err": 0.2174322275695568
}