{
    "fit_ok": true,
    "frac;198": 0.4787896803646936,
    "frac;198_err": 0.021965127129504894,
    "info_fit": "------------------------------------------------------------------\n| FCN = -3.172e+05              |     Ncalls=103 (103 total)     |\n| EDM = 3.5e-05 (Goal: 0.001)   |            up = 0.5            |\n------------------------------------------------------------------\n|  Valid Min.   | Valid Param.  | Above EDM | Reached call limit |\n------------------------------------------------------------------\n|     True      |     True      |   False   |       False        |\n------------------------------------------------------------------\n| Hesse failed  |   Has cov.    | Accurate  | Pos. def. | Forced |\n------------------------------------------------------------------\n|     False     |     True      |   True    |   True    | False  |\n------------------------------------------------------------------",
    "info_params": "name            value    minuit_hesse    at limit\n----------  ---------  --------------  ----------\nn_sig;198       51530     +/- 2.8e+02       False\u001b[0m\nn_bkg;198        6479     +/- 1.9e+02       False\u001b[0m\nfrac;198       0.4788     +/-   0.022       False\u001b[0m\nmu;198           5279     +/-   0.078       False\u001b[0m\nsigmaL;198      11.33     +/-    0.21       False\u001b[0m\nsigmaR;198      18.53     +/-    0.27       False\u001b[0m\nlambda;198  -0.001912     +/- 0.00023       False\u001b[0m",
    "lambda;198": -0.0019120795346265762,
    "lambda;198_err": 0.00022613552711409248,
    "mu;198": 5278.873321043776,
    "mu;198_err": 0.07837974296049034,
    "n_bkg;198": 6479.029936034329,
    "n_bkg;198_err": 193.76196557184176,
    "n_sig;198": 51525.70126241844,
    "n_sig;198_err": 284.6801684065603,
    "r_params": {
        "alphaL": 2.030074578321816,
        "alphaL_Kpipi": 0.24804068636181398,
        "alphaR": -1.7613550245501948,
        "alphaR_Kpipi": -3.404078409321999,
        "fraction_Kpipi": 0.8713436546823923,
        "muL_Kpipi": 5215.215103284095,
        "muR_Kpipi": 5184.72572999159,
        "nL": 0.4392329990731146,
        "nL_Kpipi": 4.573472177502355,
        "nR": 5.840596424652496,
        "nR_Kpipi": 0.00024697153722810805,
        "r_bkgK": 0.026375458808578844,
        "sigmaL_Kpipi": 18.087246334988286,
        "sigmaR_Kpipi": 40.28066672169117
    },
    "sigmaL;198": 11.331377551298733,
    "sigmaL;198_err": 0.20752903490455357,
    "sigmaR;198": 18.533263664795687,
    "sigmaR;198_err": 0.26551065690048836
}