{
    "fit_ok": true,
    "frac;968": 0.385309804456484,
    "frac;968_err": 0.019747669201385785,
    "info_fit": "------------------------------------------------------------------\n| FCN = -3.172e+05              |     Ncalls=106 (106 total)     |\n| EDM = 2.48e-05 (Goal: 0.001)  |            up = 0.5            |\n------------------------------------------------------------------\n|  Valid Min.   | Valid Param.  | Above EDM | Reached call limit |\n------------------------------------------------------------------\n|     True      |     True      |   False   |       False        |\n------------------------------------------------------------------\n| Hesse failed  |   Has cov.    | Accurate  | Pos. def. | Forced |\n------------------------------------------------------------------\n|     False     |     True      |   True    |   True    | False  |\n------------------------------------------------------------------",
    "info_params": "name            value    minuit_hesse    at limit\n----------  ---------  --------------  ----------\nn_sig;968       51270     +/- 2.7e+02       False\u001b[0m\nn_bkg;968        5811     +/- 1.8e+02       False\u001b[0m\nfrac;968       0.3853     +/-    0.02       False\u001b[0m\nmu;968           5279     +/-   0.079       False\u001b[0m\nsigmaL;968      10.61     +/-    0.23       False\u001b[0m\nsigmaR;968      17.91     +/-    0.21       False\u001b[0m\nlambda;968  -0.001072     +/- 0.00025       False\u001b[0m",
    "lambda;968": -0.0010723705649503812,
    "lambda;968_err": 0.00024630499750012447,
    "mu;968": 5278.857672641359,
    "mu;968_err": 0.0786556598833862,
    "n_bkg;968": 5811.457651880529,
    "n_bkg;968_err": 181.45363049027932,
    "n_sig;968": 51273.6610514976,
    "n_sig;968_err": 274.3425415265313,
    "r_params": {
        "alphaL": 2.030074578321816,
        "alphaL_Kpipi": 0.21646457647811937,
        "alphaR": -1.7613550245501948,
        "alphaR_Kpipi": -3.5585155094015093,
        "fraction_Kpipi": 0.875749057732034,
        "muL_Kpipi": 5213.787175626991,
        "muR_Kpipi": 5186.093512775796,
        "nL": 0.4392329990731146,
        "nL_Kpipi": 4.503523440509943,
        "nR": 5.840596424652496,
        "nR_Kpipi": 0.0001580069346237882,
        "r_bkgK": 0.044408281220575246,
        "sigmaL_Kpipi": 18.58322208577685,
        "sigmaR_Kpipi": 40.419571502240764
    },
    "sigmaL;968": 10.606644963409401,
    "sigmaL;968_err": 0.22605144601336682,
    "sigmaR;968": 17.90867132906357,
    "sigmaR;968_err": 0.20920222607427522
}