{
    "fit_ok": true,
    "frac;1012": 0.29306619509338555,
    "frac;1012_err": 0.016018898133732515,
    "info_fit": "------------------------------------------------------------------\n| FCN = -3.172e+05              |     Ncalls=102 (102 total)     |\n| EDM = 6.88e-05 (Goal: 0.001)  |            up = 0.5            |\n------------------------------------------------------------------\n|  Valid Min.   | Valid Param.  | Above EDM | Reached call limit |\n------------------------------------------------------------------\n|     True      |     True      |   False   |       False        |\n------------------------------------------------------------------\n| Hesse failed  |   Has cov.    | Accurate  | Pos. def. | Forced |\n------------------------------------------------------------------\n|     False     |     True      |   True    |   True    | False  |\n------------------------------------------------------------------",
    "info_params": "name             value    minuit_hesse    at limit\n-----------  ---------  --------------  ----------\nn_sig;1012       51000     +/- 2.8e+02       False\u001b[0m\nn_bkg;1012        6591     +/- 1.9e+02       False\u001b[0m\nfrac;1012       0.2931     +/-   0.016       False\u001b[0m\nmu;1012           5279     +/-   0.079       False\u001b[0m\nsigmaL;1012      9.516     +/-    0.26       False\u001b[0m\nsigmaR;1012      17.16     +/-    0.15       False\u001b[0m\nlambda;1012  -0.001721     +/- 0.00023       False\u001b[0m",
    "lambda;1012": -0.0017209632795101987,
    "lambda;1012_err": 0.00022571934426106427,
    "mu;1012": 5278.9914162777795,
    "mu;1012_err": 0.07932469730706523,
    "n_bkg;1012": 6590.7154987292815,
    "n_bkg;1012_err": 194.38276522030753,
    "n_sig;1012": 50995.64347943409,
    "n_sig;1012_err": 282.27291083841493,
    "r_params": {
        "alphaL": 1.9022405120295565,
        "alphaL_Kpipi": 0.23984147888569726,
        "alphaR": -2.001459481456821,
        "alphaR_Kpipi": -3.45169511727099,
        "fraction_Kpipi": 0.8861855867303668,
        "muL_Kpipi": 5214.656416664541,
        "muR_Kpipi": 5183.074248990296,
        "nL": 0.37751679771117813,
        "nL_Kpipi": 4.413073505098077,
        "nR": 8.685219798190236,
        "nR_Kpipi": 1.3686501931786665e-08,
        "r_bkgK": 0.03478781022148211,
        "sigmaL_Kpipi": 19.133710600596434,
        "sigmaR_Kpipi": 39.32384704379869
    },
    "sigmaL;1012": 9.515745926163886,
    "sigmaL;1012_err": 0.2559541042159983,
    "sigmaR;1012": 17.158327042924242,
    "sigmaR;1012_err": 0.15038727194837273
}