{
    "fit_ok": true,
    "frac;699": 0.46216171665511,
    "frac;699_err": 0.021642210620386598,
    "info_fit": "------------------------------------------------------------------\n| FCN = -3.172e+05              |     Ncalls=103 (103 total)     |\n| EDM = 6.1e-06 (Goal: 0.001)   |            up = 0.5            |\n------------------------------------------------------------------\n|  Valid Min.   | Valid Param.  | Above EDM | Reached call limit |\n------------------------------------------------------------------\n|     True      |     True      |   False   |       False        |\n------------------------------------------------------------------\n| Hesse failed  |   Has cov.    | Accurate  | Pos. def. | Forced |\n------------------------------------------------------------------\n|     False     |     True      |   True    |   True    | False  |\n------------------------------------------------------------------",
    "info_params": "name            value    minuit_hesse    at limit\n----------  ---------  --------------  ----------\nn_sig;699       51490     +/- 2.8e+02       False\u001b[0m\nn_bkg;699        6327     +/- 1.9e+02       False\u001b[0m\nfrac;699       0.4622     +/-   0.022       False\u001b[0m\nmu;699           5279     +/-   0.078       False\u001b[0m\nsigmaL;699      11.21     +/-    0.21       False\u001b[0m\nsigmaR;699      18.41     +/-    0.25       False\u001b[0m\nlambda;699  -0.001733     +/- 0.00023       False\u001b[0m",
    "lambda;699": -0.001733444791219882,
    "lambda;699_err": 0.00023157642660043585,
    "mu;699": 5278.875144469849,
    "mu;699_err": 0.07840553526818601,
    "n_bkg;699": 6327.242799644408,
    "n_bkg;699_err": 192.0851044639034,
    "n_sig;699": 51487.611856230666,
    "n_sig;699_err": 283.09832289806826,
    "r_params": {
        "alphaL": 2.030074578321816,
        "alphaL_Kpipi": 0.22647774120344558,
        "alphaR": -1.7613550245501948,
        "alphaR_Kpipi": -3.262141352745926,
        "fraction_Kpipi": 0.8968427107545791,
        "muL_Kpipi": 5214.723223211264,
        "muR_Kpipi": 5185.67802517025,
        "nL": 0.4392329990731146,
        "nL_Kpipi": 3.7379744848949117,
        "nR": 5.840596424652496,
        "nR_Kpipi": 0.00016272184440583443,
        "r_bkgK": 0.03008049982024849,
        "sigmaL_Kpipi": 19.006214084494676,
        "sigmaR_Kpipi": 40.1388782071206
    },
    "sigmaL;699": 11.211636422861439,
    "sigmaL;699_err": 0.2115607869824703,
    "sigmaR;699": 18.412847715012962,
    "sigmaR;699_err": 0.2541705869916593
}