{
    "fit_ok": true,
    "frac;928": 0.2801822935928481,
    "frac;928_err": 0.01042644380002248,
    "info_fit": "------------------------------------------------------------------\n| FCN = -3.172e+05              |      Ncalls=94 (94 total)      |\n| EDM = 0.000244 (Goal: 0.001)  |            up = 0.5            |\n------------------------------------------------------------------\n|  Valid Min.   | Valid Param.  | Above EDM | Reached call limit |\n------------------------------------------------------------------\n|     True      |     True      |   False   |       False        |\n------------------------------------------------------------------\n| Hesse failed  |   Has cov.    | Accurate  | Pos. def. | Forced |\n------------------------------------------------------------------\n|     False     |     True      |   True    |   True    | False  |\n------------------------------------------------------------------",
    "info_params": "name             value    minuit_hesse    at limit\n----------  ----------  --------------  ----------\nn_sig;928        52400     +/- 2.6e+02       False\u001b[0m\nn_bkg;928         5136     +/- 1.5e+02       False\u001b[0m\nfrac;928        0.2802     +/-    0.01       False\u001b[0m\nmu;928            5279     +/-    0.08       False\u001b[0m\nsigmaL;928       9.641     +/-    0.27       False\u001b[0m\nsigmaR;928       16.66     +/-    0.11       False\u001b[0m\nlambda;928  -0.0001714     +/- 0.00025       False\u001b[0m",
    "lambda;928": -0.00017138034691209503,
    "lambda;928_err": 0.0002479361321472474,
    "mu;928": 5278.910723704745,
    "mu;928_err": 0.07978654907607449,
    "n_bkg;928": 5136.35439068264,
    "n_bkg;928_err": 154.54137409426798,
    "n_sig;928": 52401.13506192337,
    "n_sig;928_err": 263.53244399861796,
    "r_params": {
        "alphaL": 1.8821794231573499,
        "alphaL_Kpipi": 0.23984147888569726,
        "alphaR": -1.723274552471491,
        "alphaR_Kpipi": -3.45169511727099,
        "fraction_Kpipi": 0.8861855867303668,
        "muL_Kpipi": 5214.656416664541,
        "muR_Kpipi": 5183.074248990296,
        "nL": 0.2448540251731885,
        "nL_Kpipi": 4.413073505098077,
        "nR": 4.832375059305441,
        "nR_Kpipi": 1.3686501931786665e-08,
        "r_bkgK": 0.03478781022148211,
        "sigmaL_Kpipi": 19.133710600596434,
        "sigmaR_Kpipi": 39.32384704379869
    },
    "sigmaL;928": 9.640691311412382,
    "sigmaL;928_err": 0.26600706401614516,
    "sigmaR;928": 16.6630366253223,
    "sigmaR;928_err": 0.11299920905753882
}