{
    "fit_ok": true,
    "frac;377": 0.3562238747959183,
    "frac;377_err": 0.013479908525934847,
    "info_fit": "------------------------------------------------------------------\n| FCN = -3.172e+05              |     Ncalls=104 (104 total)     |\n| EDM = 8.71e-05 (Goal: 0.001)  |            up = 0.5            |\n------------------------------------------------------------------\n|  Valid Min.   | Valid Param.  | Above EDM | Reached call limit |\n------------------------------------------------------------------\n|     True      |     True      |   False   |       False        |\n------------------------------------------------------------------\n| Hesse failed  |   Has cov.    | Accurate  | Pos. def. | Forced |\n------------------------------------------------------------------\n|     False     |     True      |   True    |   True    | False  |\n------------------------------------------------------------------",
    "info_params": "name             value    minuit_hesse    at limit\n----------  ----------  --------------  ----------\nn_sig;377        52490     +/- 2.7e+02       False\u001b[0m\nn_bkg;377         5044     +/- 1.6e+02       False\u001b[0m\nfrac;377        0.3562     +/-   0.013       False\u001b[0m\nmu;377            5279     +/-   0.079       False\u001b[0m\nsigmaL;377       10.31     +/-    0.22       False\u001b[0m\nsigmaR;377       17.61     +/-    0.15       False\u001b[0m\nlambda;377  -0.0002456     +/- 0.00026       False\u001b[0m",
    "lambda;377": -0.000245550147990492,
    "lambda;377_err": 0.0002638514972491222,
    "mu;377": 5278.883240400709,
    "mu;377_err": 0.07850087063642638,
    "n_bkg;377": 5043.626471385928,
    "n_bkg;377_err": 161.91401368476474,
    "n_sig;377": 52492.06404845904,
    "n_sig;377_err": 267.92881338487206,
    "r_params": {
        "alphaL": 2.069061777037627,
        "alphaL_Kpipi": 0.23984147888569726,
        "alphaR": -1.8505431440202975,
        "alphaR_Kpipi": -3.45169511727099,
        "fraction_Kpipi": 0.8861855867303668,
        "muL_Kpipi": 5214.656416664541,
        "muR_Kpipi": 5183.074248990296,
        "nL": 0.22299094533203273,
        "nL_Kpipi": 4.413073505098077,
        "nR": 3.2575260819391203,
        "nR_Kpipi": 1.3686501931786665e-08,
        "r_bkgK": 0.03478781022148211,
        "sigmaL_Kpipi": 19.133710600596434,
        "sigmaR_Kpipi": 39.32384704379869
    },
    "sigmaL;377": 10.306391870420114,
    "sigmaL;377_err": 0.21724477383852228,
    "sigmaR;377": 17.611460827891086,
    "sigmaR;377_err": 0.15404891128405354
}