{
    "fit_ok": true,
    "frac;658": 0.382940384792931,
    "frac;658_err": 0.020441297461374578,
    "info_fit": "------------------------------------------------------------------\n| FCN = -3.172e+05              |     Ncalls=105 (105 total)     |\n| EDM = 0.000297 (Goal: 0.001)  |            up = 0.5            |\n------------------------------------------------------------------\n|  Valid Min.   | Valid Param.  | Above EDM | Reached call limit |\n------------------------------------------------------------------\n|     True      |     True      |   False   |       False        |\n------------------------------------------------------------------\n| Hesse failed  |   Has cov.    | Accurate  | Pos. def. | Forced |\n------------------------------------------------------------------\n|     False     |     True      |   True    |   True    | False  |\n------------------------------------------------------------------",
    "info_params": "name            value    minuit_hesse    at limit\n----------  ---------  --------------  ----------\nn_sig;658       51160     +/- 2.8e+02       False\u001b[0m\nn_bkg;658        5967     +/- 1.9e+02       False\u001b[0m\nfrac;658       0.3829     +/-    0.02       False\u001b[0m\nmu;658           5279     +/-   0.079       False\u001b[0m\nsigmaL;658      10.62     +/-    0.23       False\u001b[0m\nsigmaR;658      17.79     +/-    0.21       False\u001b[0m\nlambda;658  -0.001293     +/- 0.00024       False\u001b[0m",
    "lambda;658": -0.0012925498160295534,
    "lambda;658_err": 0.00024269904418985731,
    "mu;658": 5278.871884633359,
    "mu;658_err": 0.07863369066587894,
    "n_bkg;658": 5967.268325111109,
    "n_bkg;658_err": 185.52749167614886,
    "n_sig;658": 51163.023740694065,
    "n_sig;658_err": 276.5245073554665,
    "r_params": {
        "alphaL": 2.030074578321816,
        "alphaL_Kpipi": 0.24404628353288604,
        "alphaR": -1.7613550245501948,
        "alphaR_Kpipi": -3.073314249171098,
        "fraction_Kpipi": 0.8999002751059803,
        "muL_Kpipi": 5215.244014755405,
        "muR_Kpipi": 5183.086056916751,
        "nL": 0.4392329990731146,
        "nL_Kpipi": 4.555231384654729,
        "nR": 5.840596424652496,
        "nR_Kpipi": 0.00034907971958576226,
        "r_bkgK": 0.043623176259863006,
        "sigmaL_Kpipi": 19.315692229569585,
        "sigmaR_Kpipi": 37.697049505634425
    },
    "sigmaL;658": 10.616762033157553,
    "sigmaL;658_err": 0.2318145108080865,
    "sigmaR;658": 17.794627579484196,
    "sigmaR;658_err": 0.21063471356570435
}