{
    "fit_ok": true,
    "frac;85": 0.41501627057874013,
    "frac;85_err": 0.023788903316572827,
    "info_fit": "------------------------------------------------------------------\n| FCN = -3.172e+05              |     Ncalls=101 (101 total)     |\n| EDM = 2.21e-05 (Goal: 0.001)  |            up = 0.5            |\n------------------------------------------------------------------\n|  Valid Min.   | Valid Param.  | Above EDM | Reached call limit |\n------------------------------------------------------------------\n|     True      |     True      |   False   |       False        |\n------------------------------------------------------------------\n| Hesse failed  |   Has cov.    | Accurate  | Pos. def. | Forced |\n------------------------------------------------------------------\n|     False     |     True      |   True    |   True    | False  |\n------------------------------------------------------------------",
    "info_params": "name           value    minuit_hesse    at limit\n---------  ---------  --------------  ----------\nn_sig;85       50900     +/- 2.8e+02       False\u001b[0m\nn_bkg;85        6696     +/- 1.9e+02       False\u001b[0m\nfrac;85        0.415     +/-   0.024       False\u001b[0m\nmu;85           5279     +/-   0.078       False\u001b[0m\nsigmaL;85      10.73     +/-    0.24       False\u001b[0m\nsigmaR;85       18.3     +/-    0.25       False\u001b[0m\nlambda;85  -0.002003     +/- 0.00022       False\u001b[0m",
    "lambda;85": -0.0020025925808981465,
    "lambda;85_err": 0.00021731922718470177,
    "mu;85": 5278.882945113311,
    "mu;85_err": 0.07807014116213884,
    "n_bkg;85": 6696.353855563666,
    "n_bkg;85_err": 194.2501849009823,
    "n_sig;85": 50896.773981522965,
    "n_sig;85_err": 281.9573629576246,
    "r_params": {
        "alphaL": 2.0773816309549074,
        "alphaL_Kpipi": 0.23984147888569726,
        "alphaR": -1.9221524362874756,
        "alphaR_Kpipi": -3.45169511727099,
        "fraction_Kpipi": 0.8861855867303668,
        "muL_Kpipi": 5214.656416664541,
        "muR_Kpipi": 5183.074248990296,
        "nL": 0.4369816161370539,
        "nL_Kpipi": 4.413073505098077,
        "nR": 6.703341334764963,
        "nR_Kpipi": 1.3686501931786665e-08,
        "r_bkgK": 0.03478781022148211,
        "sigmaL_Kpipi": 19.133710600596434,
        "sigmaR_Kpipi": 39.32384704379869
    },
    "sigmaL;85": 10.73467135069236,
    "sigmaL;85_err": 0.23880783472643574,
    "sigmaR;85": 18.300555622065918,
    "sigmaR;85_err": 0.2514837598064023
}