{
    "fit_ok": true,
    "frac;327": 0.36941466532519535,
    "frac;327_err": 0.019311665158497922,
    "info_fit": "------------------------------------------------------------------\n| FCN = -3.172e+05              |     Ncalls=106 (106 total)     |\n| EDM = 5.55e-05 (Goal: 0.001)  |            up = 0.5            |\n------------------------------------------------------------------\n|  Valid Min.   | Valid Param.  | Above EDM | Reached call limit |\n------------------------------------------------------------------\n|     True      |     True      |   False   |       False        |\n------------------------------------------------------------------\n| Hesse failed  |   Has cov.    | Accurate  | Pos. def. | Forced |\n------------------------------------------------------------------\n|     False     |     True      |   True    |   True    | False  |\n------------------------------------------------------------------",
    "info_params": "name             value    minuit_hesse    at limit\n----------  ----------  --------------  ----------\nn_sig;327        51220     +/- 2.7e+02       False\u001b[0m\nn_bkg;327         5708     +/- 1.8e+02       False\u001b[0m\nfrac;327        0.3694     +/-   0.019       False\u001b[0m\nmu;327            5279     +/-   0.079       False\u001b[0m\nsigmaL;327       10.48     +/-    0.23       False\u001b[0m\nsigmaR;327        17.8     +/-     0.2       False\u001b[0m\nlambda;327  -0.0009304     +/- 0.00025       False\u001b[0m",
    "lambda;327": -0.0009303581277529255,
    "lambda;327_err": 0.0002488151697561635,
    "mu;327": 5278.8561159877445,
    "mu;327_err": 0.07869648851792488,
    "n_bkg;327": 5707.533738995462,
    "n_bkg;327_err": 178.7749538210003,
    "n_sig;327": 51217.340936753026,
    "n_sig;327_err": 272.23800280761907,
    "r_params": {
        "alphaL": 2.030074578321816,
        "alphaL_Kpipi": 0.24593045674950043,
        "alphaR": -1.7613550245501948,
        "alphaR_Kpipi": -3.3147954841145393,
        "fraction_Kpipi": 0.9006677956361244,
        "muL_Kpipi": 5212.880305297179,
        "muR_Kpipi": 5179.013287460428,
        "nL": 0.4392329990731146,
        "nL_Kpipi": 4.300056252821136,
        "nR": 5.840596424652496,
        "nR_Kpipi": 0.0002473842716346469,
        "r_bkgK": 0.04757897994532709,
        "sigmaL_Kpipi": 19.86486387679223,
        "sigmaR_Kpipi": 34.993099856810375
    },
    "sigmaL;327": 10.478696286448429,
    "sigmaL;327_err": 0.22793560937046314,
    "sigmaR;327": 17.799031959468017,
    "sigmaR;327_err": 0.2016761350821945
}