{
    "fit_ok": true,
    "frac;529": 0.4961347154227153,
    "frac;529_err": 0.02429398843686202,
    "info_fit": "------------------------------------------------------------------\n| FCN = -3.172e+05              |     Ncalls=105 (105 total)     |\n| EDM = 1.57e-05 (Goal: 0.001)  |            up = 0.5            |\n------------------------------------------------------------------\n|  Valid Min.   | Valid Param.  | Above EDM | Reached call limit |\n------------------------------------------------------------------\n|     True      |     True      |   False   |       False        |\n------------------------------------------------------------------\n| Hesse failed  |   Has cov.    | Accurate  | Pos. def. | Forced |\n------------------------------------------------------------------\n|     False     |     True      |   True    |   True    | False  |\n------------------------------------------------------------------",
    "info_params": "name            value    minuit_hesse    at limit\n----------  ---------  --------------  ----------\nn_sig;529       51280     +/- 2.7e+02       False\u001b[0m\nn_bkg;529        6297     +/- 1.8e+02       False\u001b[0m\nfrac;529       0.4961     +/-   0.024       False\u001b[0m\nmu;529           5279     +/-   0.077       False\u001b[0m\nsigmaL;529      11.34     +/-    0.21       False\u001b[0m\nsigmaR;529      19.37     +/-    0.33       False\u001b[0m\nlambda;529  -0.001932     +/- 0.00022       False\u001b[0m",
    "lambda;529": -0.00193162235544804,
    "lambda;529_err": 0.0002184292427381212,
    "mu;529": 5278.831299268507,
    "mu;529_err": 0.0773933796902219,
    "n_bkg;529": 6296.878382245553,
    "n_bkg;529_err": 180.32234423906968,
    "n_sig;529": 51283.20311814698,
    "n_sig;529_err": 274.6355102032221,
    "r_params": {
        "alphaL": 2.215682781660895,
        "alphaL_Kpipi": 0.23984147888569726,
        "alphaR": -1.994325010808726,
        "alphaR_Kpipi": -3.45169511727099,
        "fraction_Kpipi": 0.8861855867303668,
        "muL_Kpipi": 5214.656416664541,
        "muR_Kpipi": 5183.074248990296,
        "nL": 0.3813234209057078,
        "nL_Kpipi": 4.413073505098077,
        "nR": 2.8011804037726367,
        "nR_Kpipi": 1.3686501931786665e-08,
        "r_bkgK": 0.03478781022148211,
        "sigmaL_Kpipi": 19.133710600596434,
        "sigmaR_Kpipi": 39.32384704379869
    },
    "sigmaL;529": 11.337115466264294,
    "sigmaL;529_err": 0.21025479134046113,
    "sigmaR;529": 19.367880803119913,
    "sigmaR;529_err": 0.3254385245118365
}