{
    "fit_ok": true,
    "frac;552": 0.3801720504334779,
    "frac;552_err": 0.017315980748757637,
    "info_fit": "------------------------------------------------------------------\n| FCN = -3.172e+05              |     Ncalls=104 (104 total)     |\n| EDM = 0.000318 (Goal: 0.001)  |            up = 0.5            |\n------------------------------------------------------------------\n|  Valid Min.   | Valid Param.  | Above EDM | Reached call limit |\n------------------------------------------------------------------\n|     True      |     True      |   False   |       False        |\n------------------------------------------------------------------\n| Hesse failed  |   Has cov.    | Accurate  | Pos. def. | Forced |\n------------------------------------------------------------------\n|     False     |     True      |   True    |   True    | False  |\n------------------------------------------------------------------",
    "info_params": "name            value    minuit_hesse    at limit\n----------  ---------  --------------  ----------\nn_sig;552       51640     +/- 2.8e+02       False\u001b[0m\nn_bkg;552        5929     +/- 1.9e+02       False\u001b[0m\nfrac;552       0.3802     +/-   0.017       False\u001b[0m\nmu;552           5279     +/-    0.08       False\u001b[0m\nsigmaL;552      10.58     +/-    0.23       False\u001b[0m\nsigmaR;552      17.48     +/-    0.18       False\u001b[0m\nlambda;552  -0.001325     +/- 0.00025       False\u001b[0m",
    "lambda;552": -0.0013252787550789291,
    "lambda;552_err": 0.00024934793944893853,
    "mu;552": 5278.967268203331,
    "mu;552_err": 0.07967815959517327,
    "n_bkg;552": 5928.537970035944,
    "n_bkg;552_err": 188.72059324203207,
    "n_sig;552": 51637.56289442741,
    "n_sig;552_err": 280.9931842046907,
    "r_params": {
        "alphaL": 1.8398401670837123,
        "alphaL_Kpipi": 0.23984147888569726,
        "alphaR": -1.8039340034685076,
        "alphaR_Kpipi": -3.45169511727099,
        "fraction_Kpipi": 0.8861855867303668,
        "muL_Kpipi": 5214.656416664541,
        "muR_Kpipi": 5183.074248990296,
        "nL": 0.5120505057110435,
        "nL_Kpipi": 4.413073505098077,
        "nR": 4.364168948307772,
        "nR_Kpipi": 1.3686501931786665e-08,
        "r_bkgK": 0.03478781022148211,
        "sigmaL_Kpipi": 19.133710600596434,
        "sigmaR_Kpipi": 39.32384704379869
    },
    "sigmaL;552": 10.58377805385895,
    "sigmaL;552_err": 0.2306234119071781,
    "sigmaR;552": 17.48163950242075,
    "sigmaR;552_err": 0.1796659927840615
}