{
    "fit_ok": true,
    "frac;1105": 0.3410688036017836,
    "frac;1105_err": 0.019621533350918915,
    "info_fit": "------------------------------------------------------------------\n| FCN = -3.172e+05              |     Ncalls=105 (105 total)     |\n| EDM = 7.86e-05 (Goal: 0.001)  |            up = 0.5            |\n------------------------------------------------------------------\n|  Valid Min.   | Valid Param.  | Above EDM | Reached call limit |\n------------------------------------------------------------------\n|     True      |     True      |   False   |       False        |\n------------------------------------------------------------------\n| Hesse failed  |   Has cov.    | Accurate  | Pos. def. | Forced |\n------------------------------------------------------------------\n|     False     |     True      |   True    |   True    | False  |\n------------------------------------------------------------------",
    "info_params": "name             value    minuit_hesse    at limit\n-----------  ---------  --------------  ----------\nn_sig;1105       50980     +/- 2.7e+02       False\u001b[0m\nn_bkg;1105        5769     +/- 1.8e+02       False\u001b[0m\nfrac;1105       0.3411     +/-    0.02       False\u001b[0m\nmu;1105           5279     +/-   0.079       False\u001b[0m\nsigmaL;1105      10.27     +/-    0.25       False\u001b[0m\nsigmaR;1105       17.5     +/-    0.19       False\u001b[0m\nlambda;1105  -0.001007     +/- 0.00025       False\u001b[0m",
    "lambda;1105": -0.0010071411257316226,
    "lambda;1105_err": 0.0002471257705960472,
    "mu;1105": 5278.8657040915805,
    "mu;1105_err": 0.07877740957571357,
    "n_bkg;1105": 5768.578941758095,
    "n_bkg;1105_err": 179.7567847093064,
    "n_sig;1105": 50979.27673064728,
    "n_sig;1105_err": 271.6683979557649,
    "r_params": {
        "alphaL": 2.030074578321816,
        "alphaL_Kpipi": 0.26626276988860453,
        "alphaR": -1.7613550245501948,
        "alphaR_Kpipi": -3.6483649527794357,
        "fraction_Kpipi": 0.8936794493420785,
        "muL_Kpipi": 5214.659171854606,
        "muR_Kpipi": 5180.933849016292,
        "nL": 0.4392329990731146,
        "nL_Kpipi": 4.183267906942577,
        "nR": 5.840596424652496,
        "nR_Kpipi": 6.944911167761683e-05,
        "r_bkgK": 0.051269844626395916,
        "sigmaL_Kpipi": 19.772865349597232,
        "sigmaR_Kpipi": 39.254398870570455
    },
    "sigmaL;1105": 10.271702176029846,
    "sigmaL;1105_err": 0.24726097530654456,
    "sigmaR;1105": 17.504703490684655,
    "sigmaR;1105_err": 0.1909687856256681
}