{
    "fit_ok": true,
    "frac;1005": 0.49213507982712745,
    "frac;1005_err": 0.017807516067872873,
    "info_fit": "------------------------------------------------------------------\n| FCN = -3.172e+05              |     Ncalls=102 (102 total)     |\n| EDM = 0.000615 (Goal: 0.001)  |            up = 0.5            |\n------------------------------------------------------------------\n|  Valid Min.   | Valid Param.  | Above EDM | Reached call limit |\n------------------------------------------------------------------\n|     True      |     True      |   False   |       False        |\n------------------------------------------------------------------\n| Hesse failed  |   Has cov.    | Accurate  | Pos. def. | Forced |\n------------------------------------------------------------------\n|     False     |     True      |   True    |   True    | False  |\n------------------------------------------------------------------",
    "info_params": "name              value    minuit_hesse    at limit\n-----------  ----------  --------------  ----------\nn_sig;1005        52400     +/- 2.7e+02       False\u001b[0m\nn_bkg;1005         5142     +/- 1.7e+02       False\u001b[0m\nfrac;1005        0.4921     +/-   0.018       False\u001b[0m\nmu;1005            5279     +/-   0.078       False\u001b[0m\nsigmaL;1005       11.49     +/-    0.19       False\u001b[0m\nsigmaR;1005       18.77     +/-    0.25       False\u001b[0m\nlambda;1005  -0.0006588     +/- 0.00027       False\u001b[0m",
    "lambda;1005": -0.0006587800903751218,
    "lambda;1005_err": 0.00027235884812693153,
    "mu;1005": 5278.866777385393,
    "mu;1005_err": 0.07828991327990358,
    "n_bkg;1005": 5142.337854514959,
    "n_bkg;1005_err": 172.59422564594388,
    "n_sig;1005": 52398.39718243652,
    "n_sig;1005_err": 273.951036290862,
    "r_params": {
        "alphaL": 2.0653508312603703,
        "alphaL_Kpipi": 0.23984147888569726,
        "alphaR": -1.7701501841486993,
        "alphaR_Kpipi": -3.45169511727099,
        "fraction_Kpipi": 0.8861855867303668,
        "muL_Kpipi": 5214.656416664541,
        "muR_Kpipi": 5183.074248990296,
        "nL": 0.37966762369929224,
        "nL_Kpipi": 4.413073505098077,
        "nR": 2.9269035264596135,
        "nR_Kpipi": 1.3686501931786665e-08,
        "r_bkgK": 0.03478781022148211,
        "sigmaL_Kpipi": 19.133710600596434,
        "sigmaR_Kpipi": 39.32384704379869
    },
    "sigmaL;1005": 11.486996317839811,
    "sigmaL;1005_err": 0.18836041990286997,
    "sigmaR;1005": 18.76920482962437,
    "sigmaR;1005_err": 0.24914507361089464
}