{
    "fit_ok": true,
    "frac;875": 0.49074159088121916,
    "frac;875_err": 0.021826152854081224,
    "info_fit": "------------------------------------------------------------------\n| FCN = -3.172e+05              |      Ncalls=99 (99 total)      |\n| EDM = 0.000167 (Goal: 0.001)  |            up = 0.5            |\n------------------------------------------------------------------\n|  Valid Min.   | Valid Param.  | Above EDM | Reached call limit |\n------------------------------------------------------------------\n|     True      |     True      |   False   |       False        |\n------------------------------------------------------------------\n| Hesse failed  |   Has cov.    | Accurate  | Pos. def. | Forced |\n------------------------------------------------------------------\n|     False     |     True      |   True    |   True    | False  |\n------------------------------------------------------------------",
    "info_params": "name            value    minuit_hesse    at limit\n----------  ---------  --------------  ----------\nn_sig;875       51600     +/- 2.9e+02       False\u001b[0m\nn_bkg;875        6472     +/- 1.9e+02       False\u001b[0m\nfrac;875       0.4907     +/-   0.022       False\u001b[0m\nmu;875           5279     +/-   0.078       False\u001b[0m\nsigmaL;875       11.4     +/-     0.2       False\u001b[0m\nsigmaR;875      18.67     +/-    0.27       False\u001b[0m\nlambda;875  -0.001902     +/- 0.00023       False\u001b[0m",
    "lambda;875": -0.0019017688681273737,
    "lambda;875_err": 0.00022611636606924434,
    "mu;875": 5278.873064572114,
    "mu;875_err": 0.07833882628692292,
    "n_bkg;875": 6472.206799556389,
    "n_bkg;875_err": 193.64076473738473,
    "n_sig;875": 51604.496181998176,
    "n_sig;875_err": 285.0531887424795,
    "r_params": {
        "alphaL": 2.030074578321816,
        "alphaL_Kpipi": 0.24158714212832652,
        "alphaR": -1.7613550245501948,
        "alphaR_Kpipi": -3.5206964043118916,
        "fraction_Kpipi": 0.879651489873673,
        "muL_Kpipi": 5213.650709305931,
        "muR_Kpipi": 5185.81228697718,
        "nL": 0.4392329990731146,
        "nL_Kpipi": 4.585015886619817,
        "nR": 5.840596424652496,
        "nR_Kpipi": 0.00011801536513900927,
        "r_bkgK": 0.024954740100700354,
        "sigmaL_Kpipi": 18.87673668912687,
        "sigmaR_Kpipi": 39.005157621593895
    },
    "sigmaL;875": 11.400784192352232,
    "sigmaL;875_err": 0.20251579614946538,
    "sigmaR;875": 18.67326180420276,
    "sigmaR;875_err": 0.27373062544458093
}