{
    "fit_ok": true,
    "frac;725": 0.38393758582677967,
    "frac;725_err": 0.023014634095826547,
    "info_fit": "------------------------------------------------------------------\n| FCN = -3.172e+05              |     Ncalls=105 (105 total)     |\n| EDM = 2.42e-05 (Goal: 0.001)  |            up = 0.5            |\n------------------------------------------------------------------\n|  Valid Min.   | Valid Param.  | Above EDM | Reached call limit |\n------------------------------------------------------------------\n|     True      |     True      |   False   |       False        |\n------------------------------------------------------------------\n| Hesse failed  |   Has cov.    | Accurate  | Pos. def. | Forced |\n------------------------------------------------------------------\n|     False     |     True      |   True    |   True    | False  |\n------------------------------------------------------------------",
    "info_params": "name            value    minuit_hesse    at limit\n----------  ---------  --------------  ----------\nn_sig;725       50620     +/- 2.8e+02       False\u001b[0m\nn_bkg;725        6984     +/- 1.9e+02       False\u001b[0m\nfrac;725       0.3839     +/-   0.023       False\u001b[0m\nmu;725           5279     +/-   0.079       False\u001b[0m\nsigmaL;725      10.44     +/-    0.26       False\u001b[0m\nsigmaR;725      17.93     +/-    0.22       False\u001b[0m\nlambda;725  -0.002243     +/- 0.00021       False\u001b[0m",
    "lambda;725": -0.0022433597595204607,
    "lambda;725_err": 0.00020527841656903402,
    "mu;725": 5278.95873516057,
    "mu;725_err": 0.07867613162660275,
    "n_bkg;725": 6983.9922571119505,
    "n_bkg;725_err": 192.83725271831997,
    "n_sig;725": 50618.48871076234,
    "n_sig;725_err": 280.0364874188724,
    "r_params": {
        "alphaL": 1.9250733155873667,
        "alphaL_Kpipi": 0.23984147888569726,
        "alphaR": -2.015464740416718,
        "alphaR_Kpipi": -3.45169511727099,
        "fraction_Kpipi": 0.8861855867303668,
        "muL_Kpipi": 5214.656416664541,
        "muR_Kpipi": 5183.074248990296,
        "nL": 0.5801810030785082,
        "nL_Kpipi": 4.413073505098077,
        "nR": 6.778279565073249,
        "nR_Kpipi": 1.3686501931786665e-08,
        "r_bkgK": 0.03478781022148211,
        "sigmaL_Kpipi": 19.133710600596434,
        "sigmaR_Kpipi": 39.32384704379869
    },
    "sigmaL;725": 10.437303384097277,
    "sigmaL;725_err": 0.2564051642842415,
    "sigmaR;725": 17.93030889338157,
    "sigmaR;725_err": 0.21831033703777275
}