{
    "fit_ok": true,
    "frac;55": 0.40796222219089406,
    "frac;55_err": 0.011693195186050376,
    "info_fit": "------------------------------------------------------------------\n| FCN = -3.172e+05              |     Ncalls=105 (105 total)     |\n| EDM = 1.13e-05 (Goal: 0.001)  |            up = 0.5            |\n------------------------------------------------------------------\n|  Valid Min.   | Valid Param.  | Above EDM | Reached call limit |\n------------------------------------------------------------------\n|     True      |     True      |   False   |       False        |\n------------------------------------------------------------------\n| Hesse failed  |   Has cov.    | Accurate  | Pos. def. | Forced |\n------------------------------------------------------------------\n|     False     |     True      |   True    |   True    | False  |\n------------------------------------------------------------------",
    "info_params": "name            value    minuit_hesse    at limit\n---------  ----------  --------------  ----------\nn_sig;55        53030     +/- 2.4e+02       False\u001b[0m\nn_bkg;55         4486     +/-   1e+02       False\u001b[0m\nfrac;55         0.408     +/-   0.012       False\u001b[0m\nmu;55            5279     +/-   0.079       False\u001b[0m\nsigmaL;55       10.88     +/-    0.21       False\u001b[0m\nsigmaR;55       17.86     +/-    0.14       False\u001b[0m\nlambda;55  -1.036e-08     +/- 4.4e-07       False\u001b[0m",
    "lambda;55": -1.0362850674794366e-08,
    "lambda;55_err": 4.3705006265302384e-07,
    "mu;55": 5278.902655060181,
    "mu;55_err": 0.07863236543817437,
    "n_bkg;55": 4486.130694212239,
    "n_bkg;55_err": 104.25715934424292,
    "n_sig;55": 53030.65394726092,
    "n_sig;55_err": 241.82752630797668,
    "r_params": {
        "alphaL": 1.9970179486852495,
        "alphaL_Kpipi": 0.23984147888569726,
        "alphaR": -1.8158874819591229,
        "alphaR_Kpipi": -3.45169511727099,
        "fraction_Kpipi": 0.8861855867303668,
        "muL_Kpipi": 5214.656416664541,
        "muR_Kpipi": 5183.074248990296,
        "nL": 0.30381281315040787,
        "nL_Kpipi": 4.413073505098077,
        "nR": 2.3382333927603214,
        "nR_Kpipi": 1.3686501931786665e-08,
        "r_bkgK": 0.03478781022148211,
        "sigmaL_Kpipi": 19.133710600596434,
        "sigmaR_Kpipi": 39.32384704379869
    },
    "sigmaL;55": 10.879205215519345,
    "sigmaL;55_err": 0.20569524762629954,
    "sigmaR;55": 17.861086544822,
    "sigmaR;55_err": 0.1436257672079896
}