{
    "fit_ok": true,
    "frac;206": 0.3555082732100442,
    "frac;206_err": 0.018518848838673593,
    "info_fit": "------------------------------------------------------------------\n| FCN = -3.172e+05              |     Ncalls=106 (106 total)     |\n| EDM = 1.52e-05 (Goal: 0.001)  |            up = 0.5            |\n------------------------------------------------------------------\n|  Valid Min.   | Valid Param.  | Above EDM | Reached call limit |\n------------------------------------------------------------------\n|     True      |     True      |   False   |       False        |\n------------------------------------------------------------------\n| Hesse failed  |   Has cov.    | Accurate  | Pos. def. | Forced |\n------------------------------------------------------------------\n|     False     |     True      |   True    |   True    | False  |\n------------------------------------------------------------------",
    "info_params": "name            value    minuit_hesse    at limit\n----------  ---------  --------------  ----------\nn_sig;206       51650     +/- 2.8e+02       False\u001b[0m\nn_bkg;206        5910     +/- 1.9e+02       False\u001b[0m\nfrac;206       0.3555     +/-   0.019       False\u001b[0m\nmu;206           5279     +/-   0.079       False\u001b[0m\nsigmaL;206      10.25     +/-    0.25       False\u001b[0m\nsigmaR;206      17.72     +/-    0.19       False\u001b[0m\nlambda;206  -0.001108     +/- 0.00026       False\u001b[0m",
    "lambda;206": -0.0011082737539097748,
    "lambda;206_err": 0.0002600278881489095,
    "mu;206": 5278.862065454222,
    "mu;206_err": 0.0785907292991876,
    "n_bkg;206": 5909.959017897809,
    "n_bkg;206_err": 194.5643483754629,
    "n_sig;206": 51654.77925449849,
    "n_sig;206_err": 284.65697373999274,
    "r_params": {
        "alphaL": 2.1291648575347653,
        "alphaL_Kpipi": 0.23984147888569726,
        "alphaR": -1.8370357008323308,
        "alphaR_Kpipi": -3.45169511727099,
        "fraction_Kpipi": 0.8861855867303668,
        "muL_Kpipi": 5214.656416664541,
        "muR_Kpipi": 5183.074248990296,
        "nL": 0.2341092404473697,
        "nL_Kpipi": 4.413073505098077,
        "nR": 6.033070707367714,
        "nR_Kpipi": 1.3686501931786665e-08,
        "r_bkgK": 0.03478781022148211,
        "sigmaL_Kpipi": 19.133710600596434,
        "sigmaR_Kpipi": 39.32384704379869
    },
    "sigmaL;206": 10.246000111426472,
    "sigmaL;206_err": 0.252964970486765,
    "sigmaR;206": 17.723772394613242,
    "sigmaR;206_err": 0.19041632876690684
}