{
    "fit_ok": true,
    "frac;182": 0.4359568031512885,
    "frac;182_err": 0.022645978131487412,
    "info_fit": "------------------------------------------------------------------\n| FCN = -3.172e+05              |     Ncalls=103 (103 total)     |\n| EDM = 4.37e-06 (Goal: 0.001)  |            up = 0.5            |\n------------------------------------------------------------------\n|  Valid Min.   | Valid Param.  | Above EDM | Reached call limit |\n------------------------------------------------------------------\n|     True      |     True      |   False   |       False        |\n------------------------------------------------------------------\n| Hesse failed  |   Has cov.    | Accurate  | Pos. def. | Forced |\n------------------------------------------------------------------\n|     False     |     True      |   True    |   True    | False  |\n------------------------------------------------------------------",
    "info_params": "name            value    minuit_hesse    at limit\n----------  ---------  --------------  ----------\nn_sig;182       51150     +/- 2.8e+02       False\u001b[0m\nn_bkg;182        6438     +/- 1.9e+02       False\u001b[0m\nfrac;182        0.436     +/-   0.023       False\u001b[0m\nmu;182           5279     +/-   0.078       False\u001b[0m\nsigmaL;182      10.97     +/-    0.22       False\u001b[0m\nsigmaR;182      18.34     +/-    0.25       False\u001b[0m\nlambda;182  -0.001847     +/- 0.00022       False\u001b[0m",
    "lambda;182": -0.0018465800840232194,
    "lambda;182_err": 0.00022335474510883695,
    "mu;182": 5278.885182464211,
    "mu;182_err": 0.0782123879832916,
    "n_bkg;182": 6437.736444011198,
    "n_bkg;182_err": 189.4437421170269,
    "n_sig;182": 51146.82780254223,
    "n_sig;182_err": 279.7646406760541,
    "r_params": {
        "alphaL": 2.0349457422726123,
        "alphaL_Kpipi": 0.23984147888569726,
        "alphaR": -1.8586196484702349,
        "alphaR_Kpipi": -3.45169511727099,
        "fraction_Kpipi": 0.8861855867303668,
        "muL_Kpipi": 5214.656416664541,
        "muR_Kpipi": 5183.074248990296,
        "nL": 0.47544279863128586,
        "nL_Kpipi": 4.413073505098077,
        "nR": 5.03976609295667,
        "nR_Kpipi": 1.3686501931786665e-08,
        "r_bkgK": 0.03478781022148211,
        "sigmaL_Kpipi": 19.133710600596434,
        "sigmaR_Kpipi": 39.32384704379869
    },
    "sigmaL;182": 10.968007602628882,
    "sigmaL;182_err": 0.22478217047592075,
    "sigmaR;182": 18.335103812489194,
    "sigmaR;182_err": 0.2488671131797054
}