{
    "fit_ok": false,
    "frac;419": 0.2959162663416301,
    "frac;419_err": 0.011973802413383602,
    "info_fit": "------------------------------------------------------------------\n| FCN = -3.172e+05              |     Ncalls=188 (188 total)     |\n| EDM = 0.00185 (Goal: 0.001)   |            up = 0.5            |\n------------------------------------------------------------------\n|  Valid Min.   | Valid Param.  | Above EDM | Reached call limit |\n------------------------------------------------------------------\n|     True      |     True      |   False   |       False        |\n------------------------------------------------------------------\n| Hesse failed  |   Has cov.    | Accurate  | Pos. def. | Forced |\n------------------------------------------------------------------\n|     False     |     True      |   True    |   True    | False  |\n------------------------------------------------------------------",
    "info_params": "name             value    minuit_hesse    at limit\n----------  ----------  --------------  ----------\nn_sig;419        52280     +/- 2.7e+02       False\u001b[0m\nn_bkg;419         5257     +/- 1.6e+02       False\u001b[0m\nfrac;419        0.2959     +/-   0.012       False\u001b[0m\nmu;419            5279     +/-   0.079       False\u001b[0m\nsigmaL;419       9.936     +/-    0.26       False\u001b[0m\nsigmaR;419       16.86     +/-    0.13       False\u001b[0m\nlambda;419  -0.0001887     +/- 0.00025       False\u001b[0m",
    "lambda;419": -0.00018874535051138785,
    "lambda;419_err": 0.0002527833404598265,
    "mu;419": 5278.767546757968,
    "mu;419_err": 0.07926380237757402,
    "n_bkg;419": 5257.310603609237,
    "n_bkg;419_err": 159.06176612805353,
    "n_sig;419": 52281.57600295718,
    "n_sig;419_err": 265.2643729571602,
    "r_params": {
        "alphaL": 2.106525861704613,
        "alphaL_Kpipi": 0.23984147888569726,
        "alphaR": -1.5761633131828525,
        "alphaR_Kpipi": -3.45169511727099,
        "fraction_Kpipi": 0.8861855867303668,
        "muL_Kpipi": 5214.656416664541,
        "muR_Kpipi": 5183.074248990296,
        "nL": 0.12454076082286009,
        "nL_Kpipi": 4.413073505098077,
        "nR": 9.423932935378675,
        "nR_Kpipi": 1.3686501931786665e-08,
        "r_bkgK": 0.03478781022148211,
        "sigmaL_Kpipi": 19.133710600596434,
        "sigmaR_Kpipi": 39.32384704379869
    },
    "sigmaL;419": 9.936406412412172,
    "sigmaL;419_err": 0.26141057727625233,
    "sigmaR;419": 16.855001359010693,
    "sigmaR;419_err": 0.12535807989601677
}