{
    "fit_ok": true,
    "frac;454": 0.3553544152946623,
    "frac;454_err": 0.020360399071837544,
    "info_fit": "------------------------------------------------------------------\n| FCN = -3.172e+05              |     Ncalls=106 (106 total)     |\n| EDM = 1.93e-06 (Goal: 0.001)  |            up = 0.5            |\n------------------------------------------------------------------\n|  Valid Min.   | Valid Param.  | Above EDM | Reached call limit |\n------------------------------------------------------------------\n|     True      |     True      |   False   |       False        |\n------------------------------------------------------------------\n| Hesse failed  |   Has cov.    | Accurate  | Pos. def. | Forced |\n------------------------------------------------------------------\n|     False     |     True      |   True    |   True    | False  |\n------------------------------------------------------------------",
    "info_params": "name            value    minuit_hesse    at limit\n----------  ---------  --------------  ----------\nn_sig;454       50990     +/- 2.7e+02       False\u001b[0m\nn_bkg;454        5923     +/- 1.8e+02       False\u001b[0m\nfrac;454       0.3554     +/-    0.02       False\u001b[0m\nmu;454           5279     +/-   0.079       False\u001b[0m\nsigmaL;454      10.41     +/-    0.24       False\u001b[0m\nsigmaR;454      17.56     +/-     0.2       False\u001b[0m\nlambda;454  -0.001223     +/- 0.00024       False\u001b[0m",
    "lambda;454": -0.0012230814166801357,
    "lambda;454_err": 0.00024432686714075976,
    "mu;454": 5278.87458101114,
    "mu;454_err": 0.07873618677160167,
    "n_bkg;454": 5923.264096287909,
    "n_bkg;454_err": 184.61405028110045,
    "n_sig;454": 50991.27633424578,
    "n_sig;454_err": 274.93178321993594,
    "r_params": {
        "alphaL": 2.030074578321816,
        "alphaL_Kpipi": 0.2626307060333344,
        "alphaR": -1.7613550245501948,
        "alphaR_Kpipi": -3.3674390720199536,
        "fraction_Kpipi": 0.9016367597763669,
        "muL_Kpipi": 5215.5418254788965,
        "muR_Kpipi": 5184.547622494844,
        "nL": 0.4392329990731146,
        "nL_Kpipi": 4.239147385771118,
        "nR": 5.840596424652496,
        "nR_Kpipi": 0.0002906408318921548,
        "r_bkgK": 0.047999836571129544,
        "sigmaL_Kpipi": 19.67934329560282,
        "sigmaR_Kpipi": 38.797849786326616
    },
    "sigmaL;454": 10.407647737040763,
    "sigmaL;454_err": 0.24469005177052033,
    "sigmaR;454": 17.55892340963713,
    "sigmaR;454_err": 0.19968840716951383
}