{
    "fit_ok": true,
    "frac;484": 0.505436964496865,
    "frac;484_err": 0.022385472985950148,
    "info_fit": "------------------------------------------------------------------\n| FCN = -3.172e+05              |     Ncalls=106 (106 total)     |\n| EDM = 1.02e-05 (Goal: 0.001)  |            up = 0.5            |\n------------------------------------------------------------------\n|  Valid Min.   | Valid Param.  | Above EDM | Reached call limit |\n------------------------------------------------------------------\n|     True      |     True      |   False   |       False        |\n------------------------------------------------------------------\n| Hesse failed  |   Has cov.    | Accurate  | Pos. def. | Forced |\n------------------------------------------------------------------\n|     False     |     True      |   True    |   True    | False  |\n------------------------------------------------------------------",
    "info_params": "name            value    minuit_hesse    at limit\n----------  ---------  --------------  ----------\nn_sig;484       51590     +/- 2.9e+02       False\u001b[0m\nn_bkg;484        6680     +/-   2e+02       False\u001b[0m\nfrac;484       0.5054     +/-   0.022       False\u001b[0m\nmu;484           5279     +/-   0.078       False\u001b[0m\nsigmaL;484      11.51     +/-     0.2       False\u001b[0m\nsigmaR;484      18.73     +/-    0.29       False\u001b[0m\nlambda;484  -0.002137     +/- 0.00022       False\u001b[0m",
    "lambda;484": -0.0021369633782453573,
    "lambda;484_err": 0.00021901897199875023,
    "mu;484": 5278.877651179951,
    "mu;484_err": 0.07831432447487038,
    "n_bkg;484": 6680.346575477879,
    "n_bkg;484_err": 195.63602955869587,
    "n_sig;484": 51589.35176088881,
    "n_sig;484_err": 286.668044487036,
    "r_params": {
        "alphaL": 2.030074578321816,
        "alphaL_Kpipi": 0.26048154100992504,
        "alphaR": -1.7613550245501948,
        "alphaR_Kpipi": -3.2531094509016305,
        "fraction_Kpipi": 0.9026390738462542,
        "muL_Kpipi": 5215.824014060618,
        "muR_Kpipi": 5178.136006652743,
        "nL": 0.4392329990731146,
        "nL_Kpipi": 4.452439229695262,
        "nR": 5.840596424652496,
        "nR_Kpipi": 0.0004026193905242404,
        "r_bkgK": 0.021213586475896575,
        "sigmaL_Kpipi": 18.38469433683902,
        "sigmaR_Kpipi": 39.097828064234704
    },
    "sigmaL;484": 11.513733412591947,
    "sigmaL;484_err": 0.20184623943229874,
    "sigmaR;484": 18.732032994259157,
    "sigmaR;484_err": 0.2851481864711129
}