{
    "fit_ok": true,
    "frac;220": 0.4841792789012623,
    "frac;220_err": 0.01995908684304686,
    "info_fit": "------------------------------------------------------------------\n| FCN = -3.172e+05              |     Ncalls=104 (104 total)     |\n| EDM = 1.11e-05 (Goal: 0.001)  |            up = 0.5            |\n------------------------------------------------------------------\n|  Valid Min.   | Valid Param.  | Above EDM | Reached call limit |\n------------------------------------------------------------------\n|     True      |     True      |   False   |       False        |\n------------------------------------------------------------------\n| Hesse failed  |   Has cov.    | Accurate  | Pos. def. | Forced |\n------------------------------------------------------------------\n|     False     |     True      |   True    |   True    | False  |\n------------------------------------------------------------------",
    "info_params": "name            value    minuit_hesse    at limit\n----------  ---------  --------------  ----------\nn_sig;220       51750     +/- 2.8e+02       False\u001b[0m\nn_bkg;220        5810     +/- 1.8e+02       False\u001b[0m\nfrac;220       0.4842     +/-    0.02       False\u001b[0m\nmu;220           5279     +/-   0.079       False\u001b[0m\nsigmaL;220      11.52     +/-    0.19       False\u001b[0m\nsigmaR;220      18.34     +/-    0.26       False\u001b[0m\nlambda;220  -0.001153     +/- 0.00025       False\u001b[0m",
    "lambda;220": -0.001152734167915434,
    "lambda;220_err": 0.00024788708837173855,
    "mu;220": 5278.829390313963,
    "mu;220_err": 0.07885926848140398,
    "n_bkg;220": 5810.1392274622995,
    "n_bkg;220_err": 183.95438645022324,
    "n_sig;220": 51752.54994994661,
    "n_sig;220_err": 278.4693417887507,
    "r_params": {
        "alphaL": 2.0347530936213927,
        "alphaL_Kpipi": 0.23984147888569726,
        "alphaR": -1.5753854690864195,
        "alphaR_Kpipi": -3.45169511727099,
        "fraction_Kpipi": 0.8861855867303668,
        "muL_Kpipi": 5214.656416664541,
        "muR_Kpipi": 5183.074248990296,
        "nL": 0.43576280428046105,
        "nL_Kpipi": 4.413073505098077,
        "nR": 7.221339651762576,
        "nR_Kpipi": 1.3686501931786665e-08,
        "r_bkgK": 0.03478781022148211,
        "sigmaL_Kpipi": 19.133710600596434,
        "sigmaR_Kpipi": 39.32384704379869
    },
    "sigmaL;220": 11.523386623933755,
    "sigmaL;220_err": 0.19371895942322795,
    "sigmaR;220": 18.34255785839614,
    "sigmaR;220_err": 0.256072962114336
}