{
    "fit_ok": true,
    "frac;678": 0.4856659955038056,
    "frac;678_err": 0.021697842197794803,
    "info_fit": "------------------------------------------------------------------\n| FCN = -3.172e+05              |     Ncalls=106 (106 total)     |\n| EDM = 1.51e-05 (Goal: 0.001)  |            up = 0.5            |\n------------------------------------------------------------------\n|  Valid Min.   | Valid Param.  | Above EDM | Reached call limit |\n------------------------------------------------------------------\n|     True      |     True      |   False   |       False        |\n------------------------------------------------------------------\n| Hesse failed  |   Has cov.    | Accurate  | Pos. def. | Forced |\n------------------------------------------------------------------\n|     False     |     True      |   True    |   True    | False  |\n------------------------------------------------------------------",
    "info_params": "name            value    minuit_hesse    at limit\n----------  ---------  --------------  ----------\nn_sig;678       51590     +/- 2.8e+02       False\u001b[0m\nn_bkg;678        6426     +/- 1.9e+02       False\u001b[0m\nfrac;678       0.4857     +/-   0.022       False\u001b[0m\nmu;678           5279     +/-   0.078       False\u001b[0m\nsigmaL;678      11.37     +/-     0.2       False\u001b[0m\nsigmaR;678      18.63     +/-    0.27       False\u001b[0m\nlambda;678  -0.001849     +/- 0.00023       False\u001b[0m",
    "lambda;678": -0.0018494075617893763,
    "lambda;678_err": 0.00022747277620631203,
    "mu;678": 5278.8726981848295,
    "mu;678_err": 0.07833647062663907,
    "n_bkg;678": 6426.349431521485,
    "n_bkg;678_err": 192.96808210250902,
    "n_sig;678": 51593.902152320654,
    "n_sig;678_err": 284.4633410570795,
    "r_params": {
        "alphaL": 2.030074578321816,
        "alphaL_Kpipi": 0.2356683025098682,
        "alphaR": -1.7613550245501948,
        "alphaR_Kpipi": -3.4252742715650477,
        "fraction_Kpipi": 0.8829636310541772,
        "muL_Kpipi": 5214.002214143025,
        "muR_Kpipi": 5181.843808615918,
        "nL": 0.4392329990731146,
        "nL_Kpipi": 4.758123738526686,
        "nR": 5.840596424652496,
        "nR_Kpipi": 7.726441400007393e-06,
        "r_bkgK": 0.026044470727953267,
        "sigmaL_Kpipi": 18.91376562496697,
        "sigmaR_Kpipi": 38.642635904094426
    },
    "sigmaL;678": 11.367100142243878,
    "sigmaL;678_err": 0.20332044357661866,
    "sigmaR;678": 18.63193666665463,
    "sigmaR;678_err": 0.2694889277807385
}