{
    "fit_ok": true,
    "frac;88": 0.35380311346384447,
    "frac;88_err": 0.02101998734384858,
    "info_fit": "------------------------------------------------------------------\n| FCN = -3.172e+05              |     Ncalls=105 (105 total)     |\n| EDM = 9.03e-05 (Goal: 0.001)  |            up = 0.5            |\n------------------------------------------------------------------\n|  Valid Min.   | Valid Param.  | Above EDM | Reached call limit |\n------------------------------------------------------------------\n|     True      |     True      |   False   |       False        |\n------------------------------------------------------------------\n| Hesse failed  |   Has cov.    | Accurate  | Pos. def. | Forced |\n------------------------------------------------------------------\n|     False     |     True      |   True    |   True    | False  |\n------------------------------------------------------------------",
    "info_params": "name           value    minuit_hesse    at limit\n---------  ---------  --------------  ----------\nn_sig;88       50710     +/- 2.8e+02       False\u001b[0m\nn_bkg;88        6885     +/-   2e+02       False\u001b[0m\nfrac;88       0.3538     +/-   0.021       False\u001b[0m\nmu;88           5279     +/-   0.079       False\u001b[0m\nsigmaL;88       10.1     +/-    0.26       False\u001b[0m\nsigmaR;88      17.78     +/-     0.2       False\u001b[0m\nlambda;88  -0.002071     +/- 0.00021       False\u001b[0m",
    "lambda;88": -0.002071354530111369,
    "lambda;88_err": 0.00021281047100740562,
    "mu;88": 5278.972240321309,
    "mu;88_err": 0.07864376508594927,
    "n_bkg;88": 6885.473602270598,
    "n_bkg;88_err": 195.82283094667872,
    "n_sig;88": 50711.28339730792,
    "n_sig;88_err": 282.24681365705476,
    "r_params": {
        "alphaL": 1.955699706012078,
        "alphaL_Kpipi": 0.23984147888569726,
        "alphaR": -2.1313504122774884,
        "alphaR_Kpipi": -3.45169511727099,
        "fraction_Kpipi": 0.8861855867303668,
        "muL_Kpipi": 5214.656416664541,
        "muR_Kpipi": 5183.074248990296,
        "nL": 0.47509109457247545,
        "nL_Kpipi": 4.413073505098077,
        "nR": 6.5071316677001105,
        "nR_Kpipi": 1.3686501931786665e-08,
        "r_bkgK": 0.03478781022148211,
        "sigmaL_Kpipi": 19.133710600596434,
        "sigmaR_Kpipi": 39.32384704379869
    },
    "sigmaL;88": 10.102829415154156,
    "sigmaL;88_err": 0.2552380427594214,
    "sigmaR;88": 17.77797984962874,
    "sigmaR;88_err": 0.19965308741612084
}