{
    "fit_ok": true,
    "frac;530": 0.4796120350490353,
    "frac;530_err": 0.021853403173838725,
    "info_fit": "------------------------------------------------------------------\n| FCN = -3.172e+05              |     Ncalls=101 (101 total)     |\n| EDM = 0.000123 (Goal: 0.001)  |            up = 0.5            |\n------------------------------------------------------------------\n|  Valid Min.   | Valid Param.  | Above EDM | Reached call limit |\n------------------------------------------------------------------\n|     True      |     True      |   False   |       False        |\n------------------------------------------------------------------\n| Hesse failed  |   Has cov.    | Accurate  | Pos. def. | Forced |\n------------------------------------------------------------------\n|     False     |     True      |   True    |   True    | False  |\n------------------------------------------------------------------",
    "info_params": "name            value    minuit_hesse    at limit\n----------  ---------  --------------  ----------\nn_sig;530       51540     +/- 2.8e+02       False\u001b[0m\nn_bkg;530        6411     +/- 1.9e+02       False\u001b[0m\nfrac;530       0.4796     +/-   0.022       False\u001b[0m\nmu;530           5279     +/-   0.078       False\u001b[0m\nsigmaL;530      11.33     +/-    0.21       False\u001b[0m\nsigmaR;530      18.55     +/-    0.27       False\u001b[0m\nlambda;530  -0.001838     +/- 0.00023       False\u001b[0m",
    "lambda;530": -0.0018384700412397564,
    "lambda;530_err": 0.0002289838569375156,
    "mu;530": 5278.881120868824,
    "mu;530_err": 0.07836423158304442,
    "n_bkg;530": 6410.803789462151,
    "n_bkg;530_err": 193.60448416033762,
    "n_sig;530": 51541.67388846066,
    "n_sig;530_err": 284.5797064159718,
    "r_params": {
        "alphaL": 2.030074578321816,
        "alphaL_Kpipi": 0.2497190675880412,
        "alphaR": -1.7613550245501948,
        "alphaR_Kpipi": -3.0082081540233707,
        "fraction_Kpipi": 0.8796733804285255,
        "muL_Kpipi": 5214.541948210504,
        "muR_Kpipi": 5176.97354478955,
        "nL": 0.4392329990731146,
        "nL_Kpipi": 4.4029721562209465,
        "nR": 5.840596424652496,
        "nR_Kpipi": 9.647601704318941e-05,
        "r_bkgK": 0.027387715538014504,
        "sigmaL_Kpipi": 19.991887609408582,
        "sigmaR_Kpipi": 39.96106952814744
    },
    "sigmaL;530": 11.332219371960651,
    "sigmaL;530_err": 0.2065957785452848,
    "sigmaR;530": 18.548446151708923,
    "sigmaR;530_err": 0.26640415158081643
}