{
    "fit_ok": true,
    "frac;185": 0.332197603303242,
    "frac;185_err": 0.01923613483921765,
    "info_fit": "------------------------------------------------------------------\n| FCN = -3.172e+05              |     Ncalls=104 (104 total)     |\n| EDM = 0.000139 (Goal: 0.001)  |            up = 0.5            |\n------------------------------------------------------------------\n|  Valid Min.   | Valid Param.  | Above EDM | Reached call limit |\n------------------------------------------------------------------\n|     True      |     True      |   False   |       False        |\n------------------------------------------------------------------\n| Hesse failed  |   Has cov.    | Accurate  | Pos. def. | Forced |\n------------------------------------------------------------------\n|     False     |     True      |   True    |   True    | False  |\n------------------------------------------------------------------",
    "info_params": "name             value    minuit_hesse    at limit\n----------  ----------  --------------  ----------\nn_sig;185        51010     +/- 2.7e+02       False\u001b[0m\nn_bkg;185         5627     +/- 1.8e+02       False\u001b[0m\nfrac;185        0.3322     +/-   0.019       False\u001b[0m\nmu;185            5279     +/-   0.079       False\u001b[0m\nsigmaL;185       10.18     +/-    0.25       False\u001b[0m\nsigmaR;185       17.51     +/-    0.19       False\u001b[0m\nlambda;185  -0.0008205     +/- 0.00025       False\u001b[0m",
    "lambda;185": -0.0008204915083791231,
    "lambda;185_err": 0.00025072767510325234,
    "mu;185": 5278.849366809312,
    "mu;185_err": 0.07887776369956069,
    "n_bkg;185": 5627.33220689999,
    "n_bkg;185_err": 176.1933102524598,
    "n_sig;185": 51006.33527606465,
    "n_sig;185_err": 269.42497218257853,
    "r_params": {
        "alphaL": 2.030074578321816,
        "alphaL_Kpipi": 0.24702064441493543,
        "alphaR": -1.7613550245501948,
        "alphaR_Kpipi": -3.193233866199478,
        "fraction_Kpipi": 0.8837218564562337,
        "muL_Kpipi": 5213.9354721712325,
        "muR_Kpipi": 5186.768444307426,
        "nL": 0.4392329990731146,
        "nL_Kpipi": 4.128235314853627,
        "nR": 5.840596424652496,
        "nR_Kpipi": 0.00011966184110122799,
        "r_bkgK": 0.053464302755177884,
        "sigmaL_Kpipi": 18.978227796313895,
        "sigmaR_Kpipi": 38.24336312139792
    },
    "sigmaL;185": 10.17544034195435,
    "sigmaL;185_err": 0.25204807783205446,
    "sigmaR;185": 17.50500112648238,
    "sigmaR;185_err": 0.18670799385257025
}