{
    "fit_ok": true,
    "frac;1059": 0.33825690242306805,
    "frac;1059_err": 0.01934253375786846,
    "info_fit": "------------------------------------------------------------------\n| FCN = -3.172e+05              |     Ncalls=104 (104 total)     |\n| EDM = 0.000134 (Goal: 0.001)  |            up = 0.5            |\n------------------------------------------------------------------\n|  Valid Min.   | Valid Param.  | Above EDM | Reached call limit |\n------------------------------------------------------------------\n|     True      |     True      |   False   |       False        |\n------------------------------------------------------------------\n| Hesse failed  |   Has cov.    | Accurate  | Pos. def. | Forced |\n------------------------------------------------------------------\n|     False     |     True      |   True    |   True    | False  |\n------------------------------------------------------------------",
    "info_params": "name             value    minuit_hesse    at limit\n-----------  ---------  --------------  ----------\nn_sig;1059       50990     +/- 2.7e+02       False\u001b[0m\nn_bkg;1059        5711     +/- 1.8e+02       False\u001b[0m\nfrac;1059       0.3383     +/-   0.019       False\u001b[0m\nmu;1059           5279     +/-   0.079       False\u001b[0m\nsigmaL;1059      10.24     +/-    0.25       False\u001b[0m\nsigmaR;1059      17.52     +/-    0.19       False\u001b[0m\nlambda;1059  -0.000932     +/- 0.00025       False\u001b[0m",
    "lambda;1059": -0.0009320326699191195,
    "lambda;1059_err": 0.00024794799522882897,
    "mu;1059": 5278.856798351085,
    "mu;1059_err": 0.07881020603325087,
    "n_bkg;1059": 5710.782943696264,
    "n_bkg;1059_err": 177.9055766922746,
    "n_sig;1059": 50992.38696707882,
    "n_sig;1059_err": 270.54124713650094,
    "r_params": {
        "alphaL": 2.030074578321816,
        "alphaL_Kpipi": 0.2563140619169528,
        "alphaR": -1.7613550245501948,
        "alphaR_Kpipi": -3.5417898083186845,
        "fraction_Kpipi": 0.8542909173682688,
        "muL_Kpipi": 5214.217965332606,
        "muR_Kpipi": 5188.8199316258,
        "nL": 0.4392329990731146,
        "nL_Kpipi": 4.574109781580249,
        "nR": 5.840596424652496,
        "nR_Kpipi": 0.0003182628050272599,
        "r_bkgK": 0.052116430391132326,
        "sigmaL_Kpipi": 18.934353455431225,
        "sigmaR_Kpipi": 40.33047520474619
    },
    "sigmaL;1059": 10.235712282575898,
    "sigmaL;1059_err": 0.24639259665490137,
    "sigmaR;1059": 17.519313882860466,
    "sigmaR;1059_err": 0.188989953415041
}