{
    "fit_ok": true,
    "frac;487": 0.3415479391742481,
    "frac;487_err": 0.019410155789647485,
    "info_fit": "------------------------------------------------------------------\n| FCN = -3.172e+05              |     Ncalls=105 (105 total)     |\n| EDM = 6.68e-06 (Goal: 0.001)  |            up = 0.5            |\n------------------------------------------------------------------\n|  Valid Min.   | Valid Param.  | Above EDM | Reached call limit |\n------------------------------------------------------------------\n|     True      |     True      |   False   |       False        |\n------------------------------------------------------------------\n| Hesse failed  |   Has cov.    | Accurate  | Pos. def. | Forced |\n------------------------------------------------------------------\n|     False     |     True      |   True    |   True    | False  |\n------------------------------------------------------------------",
    "info_params": "name             value    minuit_hesse    at limit\n----------  ----------  --------------  ----------\nn_sig;487        51020     +/- 2.7e+02       False\u001b[0m\nn_bkg;487         5702     +/- 1.8e+02       False\u001b[0m\nfrac;487        0.3415     +/-   0.019       False\u001b[0m\nmu;487            5279     +/-   0.079       False\u001b[0m\nsigmaL;487       10.27     +/-    0.24       False\u001b[0m\nsigmaR;487       17.54     +/-    0.19       False\u001b[0m\nlambda;487  -0.0009212     +/- 0.00025       False\u001b[0m",
    "lambda;487": -0.0009212471779827675,
    "lambda;487_err": 0.00024892146947089205,
    "mu;487": 5278.861918669318,
    "mu;487_err": 0.07879645570995526,
    "n_bkg;487": 5702.158274681084,
    "n_bkg;487_err": 178.3670181819552,
    "n_sig;487": 51017.31150179831,
    "n_sig;487_err": 270.9081070084795,
    "r_params": {
        "alphaL": 2.030074578321816,
        "alphaL_Kpipi": 0.2453927290523748,
        "alphaR": -1.7613550245501948,
        "alphaR_Kpipi": -3.29777715307031,
        "fraction_Kpipi": 0.8848128981701656,
        "muL_Kpipi": 5214.404526509221,
        "muR_Kpipi": 5185.233020687739,
        "nL": 0.4392329990731146,
        "nL_Kpipi": 4.0478522699315,
        "nR": 5.840596424652496,
        "nR_Kpipi": 0.0001925582317185848,
        "r_bkgK": 0.051787714535379795,
        "sigmaL_Kpipi": 19.65076259026325,
        "sigmaR_Kpipi": 37.40912479260611
    },
    "sigmaL;487": 10.266098685040342,
    "sigmaL;487_err": 0.2448407325880711,
    "sigmaR;487": 17.537441860609036,
    "sigmaR;487_err": 0.19101892103795773
}