{
    "fit_ok": true,
    "frac;209": 0.2526728006749642,
    "frac;209_err": 0.008473925413548694,
    "info_fit": "------------------------------------------------------------------\n| FCN = -3.171e+05              |     Ncalls=102 (102 total)     |\n| EDM = 2.43e-06 (Goal: 0.001)  |            up = 0.5            |\n------------------------------------------------------------------\n|  Valid Min.   | Valid Param.  | Above EDM | Reached call limit |\n------------------------------------------------------------------\n|     True      |     True      |   False   |       False        |\n------------------------------------------------------------------\n| Hesse failed  |   Has cov.    | Accurate  | Pos. def. | Forced |\n------------------------------------------------------------------\n|     False     |     True      |   True    |   True    | False  |\n------------------------------------------------------------------",
    "info_params": "name          value    minuit_hesse    at limit\n----------  -------  --------------  ----------\nn_sig;209     53250     +/- 2.4e+02       False\u001b[0m\nn_bkg;209      4254     +/-   1e+02       False\u001b[0m\nfrac;209     0.2527     +/-  0.0085       False\u001b[0m\nmu;209         5279     +/-    0.08       False\u001b[0m\nsigmaL;209    9.975     +/-    0.32       False\u001b[0m\nsigmaR;209    16.21     +/-   0.092       False\u001b[0m\nlambda;209   -1e-08     +/-   8e-09       False\u001b[0m",
    "lambda;209": -1.0000625175199396e-08,
    "lambda;209_err": 7.97157258687354e-09,
    "mu;209": 5278.67795688044,
    "mu;209_err": 0.07951588017853514,
    "n_bkg;209": 4253.977106414301,
    "n_bkg;209_err": 100.03815462973857,
    "n_sig;209": 53248.38205469468,
    "n_sig;209_err": 241.00749301844198,
    "r_params": {
        "alphaL": 2.0693425629625786,
        "alphaL_Kpipi": 0.23984147888569726,
        "alphaR": -1.6374670159295646,
        "alphaR_Kpipi": -3.45169511727099,
        "fraction_Kpipi": 0.8861855867303668,
        "muL_Kpipi": 5214.656416664541,
        "muR_Kpipi": 5183.074248990296,
        "nL": 0.05684951207589134,
        "nL_Kpipi": 4.413073505098077,
        "nR": 2.878082408215478,
        "nR_Kpipi": 1.3686501931786665e-08,
        "r_bkgK": 0.03478781022148211,
        "sigmaL_Kpipi": 19.133710600596434,
        "sigmaR_Kpipi": 39.32384704379869
    },
    "sigmaL;209": 9.975234912876541,
    "sigmaL;209_err": 0.31737355172360954,
    "sigmaR;209": 16.21009406961942,
    "sigmaR;209_err": 0.09244578471052146
}