{
    "fit_ok": true,
    "frac;859": 0.5089390774082738,
    "frac;859_err": 0.02774006340743764,
    "info_fit": "------------------------------------------------------------------\n| FCN = -3.172e+05              |     Ncalls=103 (103 total)     |\n| EDM = 0.000162 (Goal: 0.001)  |            up = 0.5            |\n------------------------------------------------------------------\n|  Valid Min.   | Valid Param.  | Above EDM | Reached call limit |\n------------------------------------------------------------------\n|     True      |     True      |   False   |       False        |\n------------------------------------------------------------------\n| Hesse failed  |   Has cov.    | Accurate  | Pos. def. | Forced |\n------------------------------------------------------------------\n|     False     |     True      |   True    |   True    | False  |\n------------------------------------------------------------------",
    "info_params": "name            value    minuit_hesse    at limit\n----------  ---------  --------------  ----------\nn_sig;859       50830     +/- 2.7e+02       False\u001b[0m\nn_bkg;859        6767     +/- 1.8e+02       False\u001b[0m\nfrac;859       0.5089     +/-   0.028       False\u001b[0m\nmu;859           5279     +/-   0.077       False\u001b[0m\nsigmaL;859      11.45     +/-    0.23       False\u001b[0m\nsigmaR;859      19.53     +/-    0.38       False\u001b[0m\nlambda;859  -0.002237     +/-  0.0002       False\u001b[0m",
    "lambda;859": -0.00223665271680637,
    "lambda;859_err": 0.0001983047624867004,
    "mu;859": 5278.765015663368,
    "mu;859_err": 0.07733652842081434,
    "n_bkg;859": 6766.6884630489685,
    "n_bkg;859_err": 183.02528321648018,
    "n_sig;859": 50830.00729217771,
    "n_sig;859_err": 274.7243931493711,
    "r_params": {
        "alphaL": 2.3379826239470907,
        "alphaL_Kpipi": 0.23984147888569726,
        "alphaR": -1.8033435147469319,
        "alphaR_Kpipi": -3.45169511727099,
        "fraction_Kpipi": 0.8861855867303668,
        "muL_Kpipi": 5214.656416664541,
        "muR_Kpipi": 5183.074248990296,
        "nL": 0.33461641352709515,
        "nL_Kpipi": 4.413073505098077,
        "nR": 6.178263854333757,
        "nR_Kpipi": 1.3686501931786665e-08,
        "r_bkgK": 0.03478781022148211,
        "sigmaL_Kpipi": 19.133710600596434,
        "sigmaR_Kpipi": 39.32384704379869
    },
    "sigmaL;859": 11.445503526821376,
    "sigmaL;859_err": 0.22741270134960365,
    "sigmaR;859": 19.534749530244017,
    "sigmaR;859_err": 0.37748888394032715
}