{
    "fit_ok": true,
    "frac;125": 0.4134107045937198,
    "frac;125_err": 0.021389712499196915,
    "info_fit": "------------------------------------------------------------------\n| FCN = -3.172e+05              |     Ncalls=105 (105 total)     |\n| EDM = 4.03e-05 (Goal: 0.001)  |            up = 0.5            |\n------------------------------------------------------------------\n|  Valid Min.   | Valid Param.  | Above EDM | Reached call limit |\n------------------------------------------------------------------\n|     True      |     True      |   False   |       False        |\n------------------------------------------------------------------\n| Hesse failed  |   Has cov.    | Accurate  | Pos. def. | Forced |\n------------------------------------------------------------------\n|     False     |     True      |   True    |   True    | False  |\n------------------------------------------------------------------",
    "info_params": "name            value    minuit_hesse    at limit\n----------  ---------  --------------  ----------\nn_sig;125       51310     +/- 2.8e+02       False\u001b[0m\nn_bkg;125        6033     +/- 1.9e+02       False\u001b[0m\nfrac;125       0.4134     +/-   0.021       False\u001b[0m\nmu;125           5279     +/-   0.079       False\u001b[0m\nsigmaL;125      10.85     +/-    0.23       False\u001b[0m\nsigmaR;125      18.04     +/-    0.23       False\u001b[0m\nlambda;125  -0.001367     +/- 0.00024       False\u001b[0m",
    "lambda;125": -0.0013665487288690575,
    "lambda;125_err": 0.00024385645631480428,
    "mu;125": 5278.876425612724,
    "mu;125_err": 0.07866684095439457,
    "n_bkg;125": 6033.050420050283,
    "n_bkg;125_err": 189.02564139617292,
    "n_sig;125": 51314.185014578776,
    "n_sig;125_err": 279.61233425506254,
    "r_params": {
        "alphaL": 2.030074578321816,
        "alphaL_Kpipi": 0.22335658754525375,
        "alphaR": -1.7613550245501948,
        "alphaR_Kpipi": -3.343204541639479,
        "fraction_Kpipi": 0.8826860258943331,
        "muL_Kpipi": 5214.768596133331,
        "muR_Kpipi": 5181.870688385084,
        "nL": 0.4392329990731146,
        "nL_Kpipi": 4.635505456482345,
        "nR": 5.840596424652496,
        "nR_Kpipi": 5.7585172548688796e-05,
        "r_bkgK": 0.03927899299476044,
        "sigmaL_Kpipi": 19.619691398199077,
        "sigmaR_Kpipi": 41.610644690584465
    },
    "sigmaL;125": 10.84872384833303,
    "sigmaL;125_err": 0.23455049608905781,
    "sigmaR;125": 18.043750403417427,
    "sigmaR;125_err": 0.22814258729111414
}