{
    "fit_ok": true,
    "frac;213": 0.39128500049085896,
    "frac;213_err": 0.020420293514953995,
    "info_fit": "------------------------------------------------------------------\n| FCN = -3.172e+05              |     Ncalls=105 (105 total)     |\n| EDM = 0.000141 (Goal: 0.001)  |            up = 0.5            |\n------------------------------------------------------------------\n|  Valid Min.   | Valid Param.  | Above EDM | Reached call limit |\n------------------------------------------------------------------\n|     True      |     True      |   False   |       False        |\n------------------------------------------------------------------\n| Hesse failed  |   Has cov.    | Accurate  | Pos. def. | Forced |\n------------------------------------------------------------------\n|     False     |     True      |   True    |   True    | False  |\n------------------------------------------------------------------",
    "info_params": "name            value    minuit_hesse    at limit\n----------  ---------  --------------  ----------\nn_sig;213       51250     +/- 2.8e+02       False\u001b[0m\nn_bkg;213        5927     +/- 1.9e+02       False\u001b[0m\nfrac;213       0.3913     +/-    0.02       False\u001b[0m\nmu;213           5279     +/-   0.079       False\u001b[0m\nsigmaL;213      10.67     +/-    0.23       False\u001b[0m\nsigmaR;213      17.91     +/-    0.21       False\u001b[0m\nlambda;213  -0.001229     +/- 0.00024       False\u001b[0m",
    "lambda;213": -0.001228705539646907,
    "lambda;213_err": 0.000244564726215546,
    "mu;213": 5278.864039681124,
    "mu;213_err": 0.07865897849825215,
    "n_bkg;213": 5927.2776007795455,
    "n_bkg;213_err": 185.14551927240558,
    "n_sig;213": 51250.00237088914,
    "n_sig;213_err": 276.6483580658423,
    "r_params": {
        "alphaL": 2.030074578321816,
        "alphaL_Kpipi": 0.242585427992192,
        "alphaR": -1.7613550245501948,
        "alphaR_Kpipi": -3.6916216520006166,
        "fraction_Kpipi": 0.868801068650575,
        "muL_Kpipi": 5214.3543979322485,
        "muR_Kpipi": 5182.926113593926,
        "nL": 0.4392329990731146,
        "nL_Kpipi": 4.614706616079625,
        "nR": 5.840596424652496,
        "nR_Kpipi": 8.508136579935529e-05,
        "r_bkgK": 0.04263032479705794,
        "sigmaL_Kpipi": 18.748936895518487,
        "sigmaR_Kpipi": 40.46479088577586
    },
    "sigmaL;213": 10.66608398195915,
    "sigmaL;213_err": 0.23023557838586117,
    "sigmaR;213": 17.908644319179047,
    "sigmaR;213_err": 0.21480637745183304
}