{
    "fit_ok": true,
    "frac;57": 0.5119521188372247,
    "frac;57_err": 0.023929300559988775,
    "info_fit": "------------------------------------------------------------------\n| FCN = -3.172e+05              |     Ncalls=105 (105 total)     |\n| EDM = 4.98e-06 (Goal: 0.001)  |            up = 0.5            |\n------------------------------------------------------------------\n|  Valid Min.   | Valid Param.  | Above EDM | Reached call limit |\n------------------------------------------------------------------\n|     True      |     True      |   False   |       False        |\n------------------------------------------------------------------\n| Hesse failed  |   Has cov.    | Accurate  | Pos. def. | Forced |\n------------------------------------------------------------------\n|     False     |     True      |   True    |   True    | False  |\n------------------------------------------------------------------",
    "info_params": "name           value    minuit_hesse    at limit\n---------  ---------  --------------  ----------\nn_sig;57       51210     +/- 2.8e+02       False\u001b[0m\nn_bkg;57        6373     +/- 1.8e+02       False\u001b[0m\nfrac;57        0.512     +/-   0.024       False\u001b[0m\nmu;57           5279     +/-   0.078       False\u001b[0m\nsigmaL;57      11.57     +/-     0.2       False\u001b[0m\nsigmaR;57      19.14     +/-    0.32       False\u001b[0m\nlambda;57  -0.001874     +/- 0.00021       False\u001b[0m",
    "lambda;57": -0.0018744348137766376,
    "lambda;57_err": 0.00021466598463247655,
    "mu;57": 5278.814784012407,
    "mu;57_err": 0.07781285941704702,
    "n_bkg;57": 6373.374106496453,
    "n_bkg;57_err": 181.79235882767486,
    "n_sig;57": 51209.58090455484,
    "n_sig;57_err": 275.29242449007705,
    "r_params": {
        "alphaL": 2.1547225201726845,
        "alphaL_Kpipi": 0.23984147888569726,
        "alphaR": -1.7327036403995923,
        "alphaR_Kpipi": -3.45169511727099,
        "fraction_Kpipi": 0.8861855867303668,
        "muL_Kpipi": 5214.656416664541,
        "muR_Kpipi": 5183.074248990296,
        "nL": 0.4450764149705321,
        "nL_Kpipi": 4.413073505098077,
        "nR": 5.369856086559127,
        "nR_Kpipi": 1.3686501931786665e-08,
        "r_bkgK": 0.03478781022148211,
        "sigmaL_Kpipi": 19.133710600596434,
        "sigmaR_Kpipi": 39.32384704379869
    },
    "sigmaL;57": 11.568465427866887,
    "sigmaL;57_err": 0.20099524649141615,
    "sigmaR;57": 19.137058823269662,
    "sigmaR;57_err": 0.32289540298338276
}