{
    "fit_ok": true,
    "frac;499": 0.4210665031083028,
    "frac;499_err": 0.02287689333268749,
    "info_fit": "------------------------------------------------------------------\n| FCN = -3.172e+05              |     Ncalls=102 (102 total)     |\n| EDM = 5.77e-06 (Goal: 0.001)  |            up = 0.5            |\n------------------------------------------------------------------\n|  Valid Min.   | Valid Param.  | Above EDM | Reached call limit |\n------------------------------------------------------------------\n|     True      |     True      |   False   |       False        |\n------------------------------------------------------------------\n| Hesse failed  |   Has cov.    | Accurate  | Pos. def. | Forced |\n------------------------------------------------------------------\n|     False     |     True      |   True    |   True    | False  |\n------------------------------------------------------------------",
    "info_params": "name            value    minuit_hesse    at limit\n----------  ---------  --------------  ----------\nn_sig;499       51160     +/- 2.8e+02       False\u001b[0m\nn_bkg;499        6426     +/- 1.9e+02       False\u001b[0m\nfrac;499       0.4211     +/-   0.023       False\u001b[0m\nmu;499           5279     +/-   0.078       False\u001b[0m\nsigmaL;499      10.79     +/-    0.23       False\u001b[0m\nsigmaR;499      18.39     +/-    0.25       False\u001b[0m\nlambda;499  -0.001758     +/- 0.00023       False\u001b[0m",
    "lambda;499": -0.0017581701042429232,
    "lambda;499_err": 0.0002290400565845665,
    "mu;499": 5278.860043923073,
    "mu;499_err": 0.07794561248037223,
    "n_bkg;499": 6426.023541543178,
    "n_bkg;499_err": 193.9367866423124,
    "n_sig;499": 51157.692849998275,
    "n_sig;499_err": 282.6459886983296,
    "r_params": {
        "alphaL": 2.1312775309537995,
        "alphaL_Kpipi": 0.23984147888569726,
        "alphaR": -1.8976589801372414,
        "alphaR_Kpipi": -3.45169511727099,
        "fraction_Kpipi": 0.8861855867303668,
        "muL_Kpipi": 5214.656416664541,
        "muR_Kpipi": 5183.074248990296,
        "nL": 0.3636813256644185,
        "nL_Kpipi": 4.413073505098077,
        "nR": 5.678092067817283,
        "nR_Kpipi": 1.3686501931786665e-08,
        "r_bkgK": 0.03478781022148211,
        "sigmaL_Kpipi": 19.133710600596434,
        "sigmaR_Kpipi": 39.32384704379869
    },
    "sigmaL;499": 10.791484578926283,
    "sigmaL;499_err": 0.22969108752158998,
    "sigmaR;499": 18.388433393913363,
    "sigmaR;499_err": 0.2530343010699315
}