{
    "fit_ok": true,
    "frac;106": 0.3489591948701365,
    "frac;106_err": 0.01955051027462617,
    "info_fit": "------------------------------------------------------------------\n| FCN = -3.172e+05              |     Ncalls=105 (105 total)     |\n| EDM = 1.17e-05 (Goal: 0.001)  |            up = 0.5            |\n------------------------------------------------------------------\n|  Valid Min.   | Valid Param.  | Above EDM | Reached call limit |\n------------------------------------------------------------------\n|     True      |     True      |   False   |       False        |\n------------------------------------------------------------------\n| Hesse failed  |   Has cov.    | Accurate  | Pos. def. | Forced |\n------------------------------------------------------------------\n|     False     |     True      |   True    |   True    | False  |\n------------------------------------------------------------------",
    "info_params": "name            value    minuit_hesse    at limit\n----------  ---------  --------------  ----------\nn_sig;106       51090     +/- 2.7e+02       False\u001b[0m\nn_bkg;106        5736     +/- 1.8e+02       False\u001b[0m\nfrac;106        0.349     +/-    0.02       False\u001b[0m\nmu;106           5279     +/-   0.079       False\u001b[0m\nsigmaL;106      10.33     +/-    0.24       False\u001b[0m\nsigmaR;106      17.61     +/-    0.19       False\u001b[0m\nlambda;106  -0.001001     +/- 0.00025       False\u001b[0m",
    "lambda;106": -0.0010012355968046227,
    "lambda;106_err": 0.00024840660340797415,
    "mu;106": 5278.844950282058,
    "mu;106_err": 0.07878408228078276,
    "n_bkg;106": 5736.093906176744,
    "n_bkg;106_err": 179.81955391372654,
    "n_sig;106": 51086.840810277776,
    "n_sig;106_err": 272.22305508302577,
    "r_params": {
        "alphaL": 2.030074578321816,
        "alphaL_Kpipi": 0.23412985098715838,
        "alphaR": -1.7613550245501948,
        "alphaR_Kpipi": -2.88592167880969,
        "fraction_Kpipi": 0.8808806254922261,
        "muL_Kpipi": 5215.517411348771,
        "muR_Kpipi": 5181.811456224116,
        "nL": 0.4392329990731146,
        "nL_Kpipi": 4.5255334802022,
        "nR": 5.840596424652496,
        "nR_Kpipi": 0.00015392566553017558,
        "r_bkgK": 0.049690685737938244,
        "sigmaL_Kpipi": 17.391838691316146,
        "sigmaR_Kpipi": 39.49461904504564
    },
    "sigmaL;106": 10.326969529221703,
    "sigmaL;106_err": 0.24180964997888657,
    "sigmaR;106": 17.614362126044206,
    "sigmaR;106_err": 0.19418538890648387
}