{
    "fit_ok": true,
    "frac;505": 0.396531246021706,
    "frac;505_err": 0.015243308079372667,
    "info_fit": "------------------------------------------------------------------\n| FCN = -3.172e+05              |     Ncalls=106 (106 total)     |\n| EDM = 4.86e-05 (Goal: 0.001)  |            up = 0.5            |\n------------------------------------------------------------------\n|  Valid Min.   | Valid Param.  | Above EDM | Reached call limit |\n------------------------------------------------------------------\n|     True      |     True      |   False   |       False        |\n------------------------------------------------------------------\n| Hesse failed  |   Has cov.    | Accurate  | Pos. def. | Forced |\n------------------------------------------------------------------\n|     False     |     True      |   True    |   True    | False  |\n------------------------------------------------------------------",
    "info_params": "name             value    minuit_hesse    at limit\n----------  ----------  --------------  ----------\nn_sig;505        52040     +/- 2.8e+02       False\u001b[0m\nn_bkg;505         5512     +/- 1.8e+02       False\u001b[0m\nfrac;505        0.3965     +/-   0.015       False\u001b[0m\nmu;505            5279     +/-    0.08       False\u001b[0m\nsigmaL;505       11.04     +/-    0.22       False\u001b[0m\nsigmaR;505       17.13     +/-    0.17       False\u001b[0m\nlambda;505  -0.0006465     +/- 0.00026       False\u001b[0m",
    "lambda;505": -0.0006465076141992515,
    "lambda;505_err": 0.00026178546907010394,
    "mu;505": 5278.84581685781,
    "mu;505_err": 0.08043817886681529,
    "n_bkg;505": 5512.376362975683,
    "n_bkg;505_err": 177.95353760470496,
    "n_sig;505": 52038.233028981675,
    "n_sig;505_err": 275.70042082837944,
    "r_params": {
        "alphaL": 1.8693205814508853,
        "alphaL_Kpipi": 0.23984147888569726,
        "alphaR": -1.4825955575514924,
        "alphaR_Kpipi": -3.45169511727099,
        "fraction_Kpipi": 0.8861855867303668,
        "muL_Kpipi": 5214.656416664541,
        "muR_Kpipi": 5183.074248990296,
        "nL": 0.4265595314968142,
        "nL_Kpipi": 4.413073505098077,
        "nR": 10.567281172076363,
        "nR_Kpipi": 1.3686501931786665e-08,
        "r_bkgK": 0.03478781022148211,
        "sigmaL_Kpipi": 19.133710600596434,
        "sigmaR_Kpipi": 39.32384704379869
    },
    "sigmaL;505": 11.041216795259256,
    "sigmaL;505_err": 0.2222692739993614,
    "sigmaR;505": 17.133009009614863,
    "sigmaR;505_err": 0.17079234169410804
}