{
    "fit_ok": true,
    "frac;803": 0.37839176336038477,
    "frac;803_err": 0.01946347234140726,
    "info_fit": "------------------------------------------------------------------\n| FCN = -3.172e+05              |     Ncalls=103 (103 total)     |\n| EDM = 9.48e-05 (Goal: 0.001)  |            up = 0.5            |\n------------------------------------------------------------------\n|  Valid Min.   | Valid Param.  | Above EDM | Reached call limit |\n------------------------------------------------------------------\n|     True      |     True      |   False   |       False        |\n------------------------------------------------------------------\n| Hesse failed  |   Has cov.    | Accurate  | Pos. def. | Forced |\n------------------------------------------------------------------\n|     False     |     True      |   True    |   True    | False  |\n------------------------------------------------------------------",
    "info_params": "name            value    minuit_hesse    at limit\n----------  ---------  --------------  ----------\nn_sig;803       51310     +/- 2.8e+02       False\u001b[0m\nn_bkg;803        6267     +/- 1.9e+02       False\u001b[0m\nfrac;803       0.3784     +/-   0.019       False\u001b[0m\nmu;803           5279     +/-   0.079       False\u001b[0m\nsigmaL;803       10.5     +/-    0.24       False\u001b[0m\nsigmaR;803      17.72     +/-     0.2       False\u001b[0m\nlambda;803  -0.001551     +/- 0.00024       False\u001b[0m",
    "lambda;803": -0.0015510374890907452,
    "lambda;803_err": 0.00023827549791560895,
    "mu;803": 5278.909224124862,
    "mu;803_err": 0.07882148058105376,
    "n_bkg;803": 6267.309539143414,
    "n_bkg;803_err": 193.601267940041,
    "n_sig;803": 51310.50955789087,
    "n_sig;803_err": 282.9256453982079,
    "r_params": {
        "alphaL": 1.9789454221036575,
        "alphaL_Kpipi": 0.23984147888569726,
        "alphaR": -1.8079794089139014,
        "alphaR_Kpipi": -3.45169511727099,
        "fraction_Kpipi": 0.8861855867303668,
        "muL_Kpipi": 5214.656416664541,
        "muR_Kpipi": 5183.074248990296,
        "nL": 0.4159060089422981,
        "nL_Kpipi": 4.413073505098077,
        "nR": 6.8303060869057,
        "nR_Kpipi": 1.3686501931786665e-08,
        "r_bkgK": 0.03478781022148211,
        "sigmaL_Kpipi": 19.133710600596434,
        "sigmaR_Kpipi": 39.32384704379869
    },
    "sigmaL;803": 10.503204258750099,
    "sigmaL;803_err": 0.23513568454289893,
    "sigmaR;803": 17.72397121061921,
    "sigmaR;803_err": 0.19737581579292807
}