{
    "fit_ok": true,
    "frac;502": 0.538114880379828,
    "frac;502_err": 0.030211568354745068,
    "info_fit": "------------------------------------------------------------------\n| FCN = -3.172e+05              |     Ncalls=105 (105 total)     |\n| EDM = 8.84e-05 (Goal: 0.001)  |            up = 0.5            |\n------------------------------------------------------------------\n|  Valid Min.   | Valid Param.  | Above EDM | Reached call limit |\n------------------------------------------------------------------\n|     True      |     True      |   False   |       False        |\n------------------------------------------------------------------\n| Hesse failed  |   Has cov.    | Accurate  | Pos. def. | Forced |\n------------------------------------------------------------------\n|     False     |     True      |   True    |   True    | False  |\n------------------------------------------------------------------",
    "info_params": "name            value    minuit_hesse    at limit\n----------  ---------  --------------  ----------\nn_sig;502       49930     +/- 2.6e+02       False\u001b[0m\nn_bkg;502        7694     +/- 1.6e+02       False\u001b[0m\nfrac;502       0.5381     +/-    0.03       False\u001b[0m\nmu;502           5279     +/-   0.077       False\u001b[0m\nsigmaL;502       11.7     +/-    0.23       False\u001b[0m\nsigmaR;502      19.61     +/-     0.4       False\u001b[0m\nlambda;502  -0.003091     +/- 0.00015       False\u001b[0m",
    "lambda;502": -0.003091214121412389,
    "lambda;502_err": 0.00015163555964946754,
    "mu;502": 5278.801437121318,
    "mu;502_err": 0.07749756722166445,
    "n_bkg;502": 7694.239650075878,
    "n_bkg;502_err": 163.62305910296436,
    "n_sig;502": 49933.90753355204,
    "n_sig;502_err": 259.6647182655373,
    "r_params": {
        "alphaL": 2.1461158656426425,
        "alphaL_Kpipi": 0.23984147888569726,
        "alphaR": -1.8039347018954723,
        "alphaR_Kpipi": -3.45169511727099,
        "fraction_Kpipi": 0.8861855867303668,
        "muL_Kpipi": 5214.656416664541,
        "muR_Kpipi": 5183.074248990296,
        "nL": 0.8126985790476349,
        "nL_Kpipi": 4.413073505098077,
        "nR": 8.10322734942227,
        "nR_Kpipi": 1.3686501931786665e-08,
        "r_bkgK": 0.03478781022148211,
        "sigmaL_Kpipi": 19.133710600596434,
        "sigmaR_Kpipi": 39.32384704379869
    },
    "sigmaL;502": 11.701262730966329,
    "sigmaL;502_err": 0.22876198049976404,
    "sigmaR;502": 19.609661136005705,
    "sigmaR;502_err": 0.3980513827343505
}