{
    "fit_ok": true,
    "frac;1072": 0.6610855863691029,
    "frac;1072_err": 0.01802979361405006,
    "info_fit": "------------------------------------------------------------------\n| FCN = -3.171e+05              |      Ncalls=99 (99 total)      |\n| EDM = 0.000167 (Goal: 0.001)  |            up = 0.5            |\n------------------------------------------------------------------\n|  Valid Min.   | Valid Param.  | Above EDM | Reached call limit |\n------------------------------------------------------------------\n|     True      |     True      |   False   |       False        |\n------------------------------------------------------------------\n| Hesse failed  |   Has cov.    | Accurate  | Pos. def. | Forced |\n------------------------------------------------------------------\n|     False     |     True      |   True    |   True    | False  |\n------------------------------------------------------------------",
    "info_params": "name             value    minuit_hesse    at limit\n-----------  ---------  --------------  ----------\nn_sig;1072       51990     +/- 2.6e+02       False\u001b[0m\nn_bkg;1072        5568     +/- 1.6e+02       False\u001b[0m\nfrac;1072       0.6611     +/-   0.018       False\u001b[0m\nmu;1072           5279     +/-   0.078       False\u001b[0m\nsigmaL;1072       12.7     +/-    0.15       False\u001b[0m\nsigmaR;1072      20.68     +/-    0.43       False\u001b[0m\nlambda;1072  -0.001683     +/- 0.00022       False\u001b[0m",
    "lambda;1072": -0.0016829560511195663,
    "lambda;1072_err": 0.00021955291572414677,
    "mu;1072": 5278.841981458088,
    "mu;1072_err": 0.07790113566820475,
    "n_bkg;1072": 5567.702489958011,
    "n_bkg;1072_err": 159.20455848728477,
    "n_sig;1072": 51987.41899874814,
    "n_sig;1072_err": 264.90255970859675,
    "r_params": {
        "alphaL": 2.073518774943554,
        "alphaL_Kpipi": 0.23984147888569726,
        "alphaR": -1.6527184238085284,
        "alphaR_Kpipi": -3.45169511727099,
        "fraction_Kpipi": 0.8861855867303668,
        "muL_Kpipi": 5214.656416664541,
        "muR_Kpipi": 5183.074248990296,
        "nL": 0.6058608009299706,
        "nL_Kpipi": 4.413073505098077,
        "nR": 2.355551474321642,
        "nR_Kpipi": 1.3686501931786665e-08,
        "r_bkgK": 0.03478781022148211,
        "sigmaL_Kpipi": 19.133710600596434,
        "sigmaR_Kpipi": 39.32384704379869
    },
    "sigmaL;1072": 12.703456773700452,
    "sigmaL;1072_err": 0.15077057372726269,
    "sigmaR;1072": 20.679272484883256,
    "sigmaR;1072_err": 0.42807294361655884
}