{
    "fit_ok": true,
    "frac;537": 0.7493880966986142,
    "frac;537_err": 0.011530424522425796,
    "info_fit": "------------------------------------------------------------------\n| FCN = -3.171e+05              |     Ncalls=101 (101 total)     |\n| EDM = 0.000166 (Goal: 0.001)  |            up = 0.5            |\n------------------------------------------------------------------\n|  Valid Min.   | Valid Param.  | Above EDM | Reached call limit |\n------------------------------------------------------------------\n|     True      |     True      |   False   |       False        |\n------------------------------------------------------------------\n| Hesse failed  |   Has cov.    | Accurate  | Pos. def. | Forced |\n------------------------------------------------------------------\n|     False     |     True      |   True    |   True    | False  |\n------------------------------------------------------------------",
    "info_params": "name            value    minuit_hesse    at limit\n----------  ---------  --------------  ----------\nn_sig;537       53710     +/- 2.8e+02       False\u001b[0m\nn_bkg;537        3789     +/- 1.7e+02       False\u001b[0m\nfrac;537       0.7494     +/-   0.012       False\u001b[0m\nmu;537           5279     +/-   0.078       False\u001b[0m\nsigmaL;537      13.43     +/-    0.12       False\u001b[0m\nsigmaR;537      22.51     +/-    0.57       False\u001b[0m\nlambda;537  -0.001128     +/- 0.00033       False\u001b[0m",
    "lambda;537": -0.0011278656856561625,
    "lambda;537_err": 0.0003287865576843705,
    "mu;537": 5278.877713626766,
    "mu;537_err": 0.07818213903250491,
    "n_bkg;537": 3788.795856906886,
    "n_bkg;537_err": 169.9903876323455,
    "n_sig;537": 53706.05869495831,
    "n_sig;537_err": 277.43706608283117,
    "r_params": {
        "alphaL": 2.0449474191421366,
        "alphaL_Kpipi": 0.23984147888569726,
        "alphaR": -1.5478810729518007,
        "alphaR_Kpipi": -3.45169511727099,
        "fraction_Kpipi": 0.8861855867303668,
        "muL_Kpipi": 5214.656416664541,
        "muR_Kpipi": 5183.074248990296,
        "nL": 0.5774340669640563,
        "nL_Kpipi": 4.413073505098077,
        "nR": 1.1944383291070668,
        "nR_Kpipi": 1.3686501931786665e-08,
        "r_bkgK": 0.03478781022148211,
        "sigmaL_Kpipi": 19.133710600596434,
        "sigmaR_Kpipi": 39.32384704379869
    },
    "sigmaL;537": 13.428706215446676,
    "sigmaL;537_err": 0.11973789654466373,
    "sigmaR;537": 22.513904642228468,
    "sigmaR;537_err": 0.565196930429309
}