{
    "fit_ok": true,
    "frac;308": 0.36954406831185027,
    "frac;308_err": 0.012706773351537831,
    "info_fit": "------------------------------------------------------------------\n| FCN = -3.172e+05              |     Ncalls=115 (115 total)     |\n| EDM = 0.000155 (Goal: 0.001)  |            up = 0.5            |\n------------------------------------------------------------------\n|  Valid Min.   | Valid Param.  | Above EDM | Reached call limit |\n------------------------------------------------------------------\n|     True      |     True      |   False   |       False        |\n------------------------------------------------------------------\n| Hesse failed  |   Has cov.    | Accurate  | Pos. def. | Forced |\n------------------------------------------------------------------\n|     False     |     True      |   True    |   True    | False  |\n------------------------------------------------------------------",
    "info_params": "name             value    minuit_hesse    at limit\n----------  ----------  --------------  ----------\nn_sig;308        52570     +/- 2.6e+02       False\u001b[0m\nn_bkg;308         4962     +/- 1.5e+02       False\u001b[0m\nfrac;308        0.3695     +/-   0.013       False\u001b[0m\nmu;308            5279     +/-   0.079       False\u001b[0m\nsigmaL;308       10.56     +/-    0.23       False\u001b[0m\nsigmaR;308       17.43     +/-    0.15       False\u001b[0m\nlambda;308  -0.0001234     +/- 0.00024       False\u001b[0m",
    "lambda;308": -0.00012344037187182744,
    "lambda;308_err": 0.0002395232188295289,
    "mu;308": 5278.8970433578725,
    "mu;308_err": 0.07920461140697596,
    "n_bkg;308": 4962.256423634648,
    "n_bkg;308_err": 145.46965906981634,
    "n_sig;308": 52572.35965367562,
    "n_sig;308_err": 259.2713874144784,
    "r_params": {
        "alphaL": 1.9568697832141237,
        "alphaL_Kpipi": 0.23984147888569726,
        "alphaR": -1.7417912818229624,
        "alphaR_Kpipi": -3.45169511727099,
        "fraction_Kpipi": 0.8861855867303668,
        "muL_Kpipi": 5214.656416664541,
        "muR_Kpipi": 5183.074248990296,
        "nL": 0.30582904910954944,
        "nL_Kpipi": 4.413073505098077,
        "nR": 3.713972785858774,
        "nR_Kpipi": 1.3686501931786665e-08,
        "r_bkgK": 0.03478781022148211,
        "sigmaL_Kpipi": 19.133710600596434,
        "sigmaR_Kpipi": 39.32384704379869
    },
    "sigmaL;308": 10.561954439213748,
    "sigmaL;308_err": 0.22670490957928188,
    "sigmaR;308": 17.427756196130293,
    "sigmaR;308_err": 0.14536473052020718
}