{
    "fit_ok": true,
    "frac;1080": 0.37659703803638384,
    "frac;1080_err": 0.020334097491220934,
    "info_fit": "------------------------------------------------------------------\n| FCN = -3.172e+05              |     Ncalls=104 (104 total)     |\n| EDM = 5.11e-05 (Goal: 0.001)  |            up = 0.5            |\n------------------------------------------------------------------\n|  Valid Min.   | Valid Param.  | Above EDM | Reached call limit |\n------------------------------------------------------------------\n|     True      |     True      |   False   |       False        |\n------------------------------------------------------------------\n| Hesse failed  |   Has cov.    | Accurate  | Pos. def. | Forced |\n------------------------------------------------------------------\n|     False     |     True      |   True    |   True    | False  |\n------------------------------------------------------------------",
    "info_params": "name             value    minuit_hesse    at limit\n-----------  ---------  --------------  ----------\nn_sig;1080       51110     +/- 2.8e+02       False\u001b[0m\nn_bkg;1080        6474     +/- 1.9e+02       False\u001b[0m\nfrac;1080       0.3766     +/-    0.02       False\u001b[0m\nmu;1080           5279     +/-   0.079       False\u001b[0m\nsigmaL;1080      10.46     +/-    0.24       False\u001b[0m\nsigmaR;1080      17.77     +/-     0.2       False\u001b[0m\nlambda;1080  -0.001729     +/- 0.00023       False\u001b[0m",
    "lambda;1080": -0.0017288054018730625,
    "lambda;1080_err": 0.00022957595607887247,
    "mu;1080": 5278.905850777141,
    "mu;1080_err": 0.07867330956713574,
    "n_bkg;1080": 6474.499405554597,
    "n_bkg;1080_err": 194.8309926209451,
    "n_sig;1080": 51109.83812380578,
    "n_sig;1080_err": 283.02685491642313,
    "r_params": {
        "alphaL": 1.9972535329620078,
        "alphaL_Kpipi": 0.23984147888569726,
        "alphaR": -1.814104652523166,
        "alphaR_Kpipi": -3.45169511727099,
        "fraction_Kpipi": 0.8861855867303668,
        "muL_Kpipi": 5214.656416664541,
        "muR_Kpipi": 5183.074248990296,
        "nL": 0.41976475947659875,
        "nL_Kpipi": 4.413073505098077,
        "nR": 9.04797214828643,
        "nR_Kpipi": 1.3686501931786665e-08,
        "r_bkgK": 0.03478781022148211,
        "sigmaL_Kpipi": 19.133710600596434,
        "sigmaR_Kpipi": 39.32384704379869
    },
    "sigmaL;1080": 10.459928880791285,
    "sigmaL;1080_err": 0.2377305146630191,
    "sigmaR;1080": 17.77233241165676,
    "sigmaR;1080_err": 0.2034219728241741
}