{
    "fit_ok": true,
    "frac;699": 0.4353268901268952,
    "frac;699_err": 0.024786777651691287,
    "info_fit": "------------------------------------------------------------------\n| FCN = -3.172e+05              |     Ncalls=103 (103 total)     |\n| EDM = 9.31e-05 (Goal: 0.001)  |            up = 0.5            |\n------------------------------------------------------------------\n|  Valid Min.   | Valid Param.  | Above EDM | Reached call limit |\n------------------------------------------------------------------\n|     True      |     True      |   False   |       False        |\n------------------------------------------------------------------\n| Hesse failed  |   Has cov.    | Accurate  | Pos. def. | Forced |\n------------------------------------------------------------------\n|     False     |     True      |   True    |   True    | False  |\n------------------------------------------------------------------",
    "info_params": "name            value    minuit_hesse    at limit\n----------  ---------  --------------  ----------\nn_sig;699       50530     +/- 2.7e+02       False\u001b[0m\nn_bkg;699        7080     +/- 1.8e+02       False\u001b[0m\nfrac;699       0.4353     +/-   0.025       False\u001b[0m\nmu;699           5279     +/-   0.078       False\u001b[0m\nsigmaL;699      10.95     +/-    0.23       False\u001b[0m\nsigmaR;699       18.3     +/-    0.26       False\u001b[0m\nlambda;699  -0.002399     +/- 0.00019       False\u001b[0m",
    "lambda;699": -0.002399475747228902,
    "lambda;699_err": 0.00019230345856088236,
    "mu;699": 5278.903836206374,
    "mu;699_err": 0.07830149936004518,
    "n_bkg;699": 7079.6193899413565,
    "n_bkg;699_err": 184.97696402486469,
    "n_sig;699": 50526.39747492121,
    "n_sig;699_err": 274.77201066603874,
    "r_params": {
        "alphaL": 1.9702846380024288,
        "alphaL_Kpipi": 0.23984147888569726,
        "alphaR": -1.8335744741036075,
        "alphaR_Kpipi": -3.45169511727099,
        "fraction_Kpipi": 0.8861855867303668,
        "muL_Kpipi": 5214.656416664541,
        "muR_Kpipi": 5183.074248990296,
        "nL": 0.6424923898998344,
        "nL_Kpipi": 4.413073505098077,
        "nR": 9.807830029367523,
        "nR_Kpipi": 1.3686501931786665e-08,
        "r_bkgK": 0.03478781022148211,
        "sigmaL_Kpipi": 19.133710600596434,
        "sigmaR_Kpipi": 39.32384704379869
    },
    "sigmaL;699": 10.945715431144148,
    "sigmaL;699_err": 0.23351337693643412,
    "sigmaR;699": 18.297214592359357,
    "sigmaR;699_err": 0.2559618181856195
}