{
    "fit_ok": true,
    "frac;695": 0.5359075619746844,
    "frac;695_err": 0.027968952709869214,
    "info_fit": "------------------------------------------------------------------\n| FCN = -3.172e+05              |     Ncalls=106 (106 total)     |\n| EDM = 1.47e-05 (Goal: 0.001)  |            up = 0.5            |\n------------------------------------------------------------------\n|  Valid Min.   | Valid Param.  | Above EDM | Reached call limit |\n------------------------------------------------------------------\n|     True      |     True      |   False   |       False        |\n------------------------------------------------------------------\n| Hesse failed  |   Has cov.    | Accurate  | Pos. def. | Forced |\n------------------------------------------------------------------\n|     False     |     True      |   True    |   True    | False  |\n------------------------------------------------------------------",
    "info_params": "name            value    minuit_hesse    at limit\n----------  ---------  --------------  ----------\nn_sig;695       50700     +/- 2.7e+02       False\u001b[0m\nn_bkg;695        6900     +/- 1.7e+02       False\u001b[0m\nfrac;695       0.5359     +/-   0.028       False\u001b[0m\nmu;695           5279     +/-   0.077       False\u001b[0m\nsigmaL;695      11.66     +/-    0.22       False\u001b[0m\nsigmaR;695      19.77     +/-     0.4       False\u001b[0m\nlambda;695  -0.002464     +/- 0.00019       False\u001b[0m",
    "lambda;695": -0.0024641496645679967,
    "lambda;695_err": 0.00018516837971606375,
    "mu;695": 5278.7783672287,
    "mu;695_err": 0.07737627448032848,
    "n_bkg;695": 6899.531005901973,
    "n_bkg;695_err": 174.5596774424046,
    "n_sig;695": 50701.7255960547,
    "n_sig;695_err": 269.0682441510365,
    "r_params": {
        "alphaL": 2.2780811416846753,
        "alphaL_Kpipi": 0.23984147888569726,
        "alphaR": -1.8339974220972795,
        "alphaR_Kpipi": -3.45169511727099,
        "fraction_Kpipi": 0.8861855867303668,
        "muL_Kpipi": 5214.656416664541,
        "muR_Kpipi": 5183.074248990296,
        "nL": 0.451772612441775,
        "nL_Kpipi": 4.413073505098077,
        "nR": 4.590478780035179,
        "nR_Kpipi": 1.3686501931786665e-08,
        "r_bkgK": 0.03478781022148211,
        "sigmaL_Kpipi": 19.133710600596434,
        "sigmaR_Kpipi": 39.32384704379869
    },
    "sigmaL;695": 11.662247374816992,
    "sigmaL;695_err": 0.22138708072506189,
    "sigmaR;695": 19.77353499021001,
    "sigmaR;695_err": 0.3984817312502042
}