{
    "fit_ok": true,
    "frac;323": 0.46658716510251247,
    "frac;323_err": 0.021957407037242988,
    "info_fit": "------------------------------------------------------------------\n| FCN = -3.172e+05              |     Ncalls=105 (105 total)     |\n| EDM = 2.64e-05 (Goal: 0.001)  |            up = 0.5            |\n------------------------------------------------------------------\n|  Valid Min.   | Valid Param.  | Above EDM | Reached call limit |\n------------------------------------------------------------------\n|     True      |     True      |   False   |       False        |\n------------------------------------------------------------------\n| Hesse failed  |   Has cov.    | Accurate  | Pos. def. | Forced |\n------------------------------------------------------------------\n|     False     |     True      |   True    |   True    | False  |\n------------------------------------------------------------------",
    "info_params": "name            value    minuit_hesse    at limit\n----------  ---------  --------------  ----------\nn_sig;323       51460     +/- 2.8e+02       False\u001b[0m\nn_bkg;323        6430     +/- 1.9e+02       False\u001b[0m\nfrac;323       0.4666     +/-   0.022       False\u001b[0m\nmu;323           5279     +/-   0.078       False\u001b[0m\nsigmaL;323      11.25     +/-    0.21       False\u001b[0m\nsigmaR;323       18.4     +/-    0.26       False\u001b[0m\nlambda;323  -0.001851     +/- 0.00023       False\u001b[0m",
    "lambda;323": -0.00185062746951907,
    "lambda;323_err": 0.00022847648805894506,
    "mu;323": 5278.88027704768,
    "mu;323_err": 0.0783853373486242,
    "n_bkg;323": 6430.239846967206,
    "n_bkg;323_err": 193.6668440065167,
    "n_sig;323": 51458.88449314343,
    "n_sig;323_err": 284.16424703299293,
    "r_params": {
        "alphaL": 2.030074578321816,
        "alphaL_Kpipi": 0.22749374019795243,
        "alphaR": -1.7613550245501948,
        "alphaR_Kpipi": -3.512251031783013,
        "fraction_Kpipi": 0.9010429792110896,
        "muL_Kpipi": 5216.244410853646,
        "muR_Kpipi": 5182.411376376717,
        "nL": 0.4392329990731146,
        "nL_Kpipi": 5.006413295589304,
        "nR": 5.840596424652496,
        "nR_Kpipi": 0.00014940251589477113,
        "r_bkgK": 0.028661135603789398,
        "sigmaL_Kpipi": 18.79045538033777,
        "sigmaR_Kpipi": 40.419667506921634
    },
    "sigmaL;323": 11.2540503640214,
    "sigmaL;323_err": 0.21122923520975595,
    "sigmaR;323": 18.40249941250881,
    "sigmaR;323_err": 0.258092372748392
}