{
    "fit_ok": true,
    "frac;97": 0.30320356165219914,
    "frac;97_err": 0.013623796363538075,
    "info_fit": "------------------------------------------------------------------\n| FCN = -3.172e+05              |     Ncalls=104 (104 total)     |\n| EDM = 7.44e-05 (Goal: 0.001)  |            up = 0.5            |\n------------------------------------------------------------------\n|  Valid Min.   | Valid Param.  | Above EDM | Reached call limit |\n------------------------------------------------------------------\n|     True      |     True      |   False   |       False        |\n------------------------------------------------------------------\n| Hesse failed  |   Has cov.    | Accurate  | Pos. def. | Forced |\n------------------------------------------------------------------\n|     False     |     True      |   True    |   True    | False  |\n------------------------------------------------------------------",
    "info_params": "name            value    minuit_hesse    at limit\n---------  ----------  --------------  ----------\nn_sig;97        52030     +/- 2.8e+02       False\u001b[0m\nn_bkg;97         5522     +/- 1.8e+02       False\u001b[0m\nfrac;97        0.3032     +/-   0.014       False\u001b[0m\nmu;97            5279     +/-   0.079       False\u001b[0m\nsigmaL;97       9.784     +/-    0.26       False\u001b[0m\nsigmaR;97       17.06     +/-    0.14       False\u001b[0m\nlambda;97  -0.0006623     +/- 0.00027       False\u001b[0m",
    "lambda;97": -0.0006623468626564544,
    "lambda;97_err": 0.0002688408260505327,
    "mu;97": 5278.907235785994,
    "mu;97_err": 0.07947030932117762,
    "n_bkg;97": 5522.094018571486,
    "n_bkg;97_err": 183.15777456304528,
    "n_sig;97": 52029.63706711336,
    "n_sig;97_err": 278.7891467310607,
    "r_params": {
        "alphaL": 1.980167062340176,
        "alphaL_Kpipi": 0.23984147888569726,
        "alphaR": -1.8073751495259032,
        "alphaR_Kpipi": -3.45169511727099,
        "fraction_Kpipi": 0.8861855867303668,
        "muL_Kpipi": 5214.656416664541,
        "muR_Kpipi": 5183.074248990296,
        "nL": 0.2443857159618904,
        "nL_Kpipi": 4.413073505098077,
        "nR": 4.952372080428026,
        "nR_Kpipi": 1.3686501931786665e-08,
        "r_bkgK": 0.03478781022148211,
        "sigmaL_Kpipi": 19.133710600596434,
        "sigmaR_Kpipi": 39.32384704379869
    },
    "sigmaL;97": 9.78351464255346,
    "sigmaL;97_err": 0.26002794367263143,
    "sigmaR;97": 17.06404124002578,
    "sigmaR;97_err": 0.13989340476519635
}