{
    "fit_ok": true,
    "frac;68": 0.42367800856558474,
    "frac;68_err": 0.02156381227032159,
    "info_fit": "------------------------------------------------------------------\n| FCN = -3.172e+05              |     Ncalls=106 (106 total)     |\n| EDM = 2.9e-05 (Goal: 0.001)   |            up = 0.5            |\n------------------------------------------------------------------\n|  Valid Min.   | Valid Param.  | Above EDM | Reached call limit |\n------------------------------------------------------------------\n|     True      |     True      |   False   |       False        |\n------------------------------------------------------------------\n| Hesse failed  |   Has cov.    | Accurate  | Pos. def. | Forced |\n------------------------------------------------------------------\n|     False     |     True      |   True    |   True    | False  |\n------------------------------------------------------------------",
    "info_params": "name           value    minuit_hesse    at limit\n---------  ---------  --------------  ----------\nn_sig;68       51330     +/- 2.8e+02       False\u001b[0m\nn_bkg;68        6161     +/- 1.9e+02       False\u001b[0m\nfrac;68       0.4237     +/-   0.022       False\u001b[0m\nmu;68           5279     +/-   0.079       False\u001b[0m\nsigmaL;68      10.93     +/-    0.23       False\u001b[0m\nsigmaR;68       18.1     +/-    0.23       False\u001b[0m\nlambda;68  -0.001529     +/- 0.00024       False\u001b[0m",
    "lambda;68": -0.0015291520953190918,
    "lambda;68_err": 0.00023892096074846713,
    "mu;68": 5278.873050473259,
    "mu;68_err": 0.0786160865063211,
    "n_bkg;68": 6161.29690121213,
    "n_bkg;68_err": 190.73832484030024,
    "n_sig;68": 51327.443525444905,
    "n_sig;68_err": 281.0304684719127,
    "r_params": {
        "alphaL": 2.030074578321816,
        "alphaL_Kpipi": 0.2471851686403199,
        "alphaR": -1.7613550245501948,
        "alphaR_Kpipi": -3.6839447160995604,
        "fraction_Kpipi": 0.8823536733786701,
        "muL_Kpipi": 5214.542578197647,
        "muR_Kpipi": 5188.177158683229,
        "nL": 0.4392329990731146,
        "nL_Kpipi": 4.155970145129974,
        "nR": 5.840596424652496,
        "nR_Kpipi": 0.00012683314864531816,
        "r_bkgK": 0.03651811937165462,
        "sigmaL_Kpipi": 19.078266942592887,
        "sigmaR_Kpipi": 40.09804008988495
    },
    "sigmaL;68": 10.93439612838731,
    "sigmaL;68_err": 0.2279852134051934,
    "sigmaR;68": 18.102872966355406,
    "sigmaR;68_err": 0.2338762776336689
}