{
    "fit_ok": true,
    "frac;249": 0.5318333120735106,
    "frac;249_err": 0.016855055228510104,
    "info_fit": "------------------------------------------------------------------\n| FCN = -3.172e+05              |     Ncalls=101 (101 total)     |\n| EDM = 0.000139 (Goal: 0.001)  |            up = 0.5            |\n------------------------------------------------------------------\n|  Valid Min.   | Valid Param.  | Above EDM | Reached call limit |\n------------------------------------------------------------------\n|     True      |     True      |   False   |       False        |\n------------------------------------------------------------------\n| Hesse failed  |   Has cov.    | Accurate  | Pos. def. | Forced |\n------------------------------------------------------------------\n|     False     |     True      |   True    |   True    | False  |\n------------------------------------------------------------------",
    "info_params": "name             value    minuit_hesse    at limit\n----------  ----------  --------------  ----------\nn_sig;249        52530     +/- 2.7e+02       False\u001b[0m\nn_bkg;249         5008     +/- 1.7e+02       False\u001b[0m\nfrac;249        0.5318     +/-   0.017       False\u001b[0m\nmu;249            5279     +/-   0.079       False\u001b[0m\nsigmaL;249       11.88     +/-    0.17       False\u001b[0m\nsigmaR;249       18.86     +/-    0.27       False\u001b[0m\nlambda;249  -0.0004795     +/- 0.00027       False\u001b[0m",
    "lambda;249": -0.00047950620922451725,
    "lambda;249_err": 0.0002698947968093912,
    "mu;249": 5278.857781628936,
    "mu;249_err": 0.07861416317374537,
    "n_bkg;249": 5008.468096452552,
    "n_bkg;249_err": 166.69583896389466,
    "n_sig;249": 52529.28060321034,
    "n_sig;249_err": 270.9925932480868,
    "r_params": {
        "alphaL": 2.0267733320174117,
        "alphaL_Kpipi": 0.23984147888569726,
        "alphaR": -1.651316458118275,
        "alphaR_Kpipi": -3.45169511727099,
        "fraction_Kpipi": 0.8861855867303668,
        "muL_Kpipi": 5214.656416664541,
        "muR_Kpipi": 5183.074248990296,
        "nL": 0.43291187375287365,
        "nL_Kpipi": 4.413073505098077,
        "nR": 3.259208425588598,
        "nR_Kpipi": 1.3686501931786665e-08,
        "r_bkgK": 0.03478781022148211,
        "sigmaL_Kpipi": 19.133710600596434,
        "sigmaR_Kpipi": 39.32384704379869
    },
    "sigmaL;249": 11.877990004499441,
    "sigmaL;249_err": 0.17240677552042477,
    "sigmaR;249": 18.860243757417056,
    "sigmaR;249_err": 0.26746687290713483
}