{
    "fit_ok": true,
    "frac;940": 0.4160277661546326,
    "frac;940_err": 0.019280356992677928,
    "info_fit": "------------------------------------------------------------------\n| FCN = -3.172e+05              |     Ncalls=105 (105 total)     |\n| EDM = 6.11e-05 (Goal: 0.001)  |            up = 0.5            |\n------------------------------------------------------------------\n|  Valid Min.   | Valid Param.  | Above EDM | Reached call limit |\n------------------------------------------------------------------\n|     True      |     True      |   False   |       False        |\n------------------------------------------------------------------\n| Hesse failed  |   Has cov.    | Accurate  | Pos. def. | Forced |\n------------------------------------------------------------------\n|     False     |     True      |   True    |   True    | False  |\n------------------------------------------------------------------",
    "info_params": "name            value    minuit_hesse    at limit\n----------  ---------  --------------  ----------\nn_sig;940       51380     +/- 2.8e+02       False\u001b[0m\nn_bkg;940        6200     +/- 1.9e+02       False\u001b[0m\nfrac;940        0.416     +/-   0.019       False\u001b[0m\nmu;940           5279     +/-    0.08       False\u001b[0m\nsigmaL;940      10.98     +/-    0.22       False\u001b[0m\nsigmaR;940      17.65     +/-     0.2       False\u001b[0m\nlambda;940  -0.001573     +/- 0.00023       False\u001b[0m",
    "lambda;940": -0.0015727049540969346,
    "lambda;940_err": 0.00023325047054734027,
    "mu;940": 5278.925083927004,
    "mu;940_err": 0.07958015888647843,
    "n_bkg;940": 6200.11769336843,
    "n_bkg;940_err": 187.24454603520385,
    "n_sig;940": 51375.66674702132,
    "n_sig;940_err": 279.1653487345025,
    "r_params": {
        "alphaL": 1.8593123550930999,
        "alphaL_Kpipi": 0.23984147888569726,
        "alphaR": -1.6808823622019857,
        "alphaR_Kpipi": -3.45169511727099,
        "fraction_Kpipi": 0.8861855867303668,
        "muL_Kpipi": 5214.656416664541,
        "muR_Kpipi": 5183.074248990296,
        "nL": 0.5718307760470768,
        "nL_Kpipi": 4.413073505098077,
        "nR": 6.740441371170388,
        "nR_Kpipi": 1.3686501931786665e-08,
        "r_bkgK": 0.03478781022148211,
        "sigmaL_Kpipi": 19.133710600596434,
        "sigmaR_Kpipi": 39.32384704379869
    },
    "sigmaL;940": 10.980818898755619,
    "sigmaL;940_err": 0.22258324133881127,
    "sigmaR;940": 17.64576177606021,
    "sigmaR;940_err": 0.2022470882175689
}