{
    "fit_ok": true,
    "frac;158": 0.47355531067494894,
    "frac;158_err": 0.029104952605332853,
    "info_fit": "------------------------------------------------------------------\n| FCN = -3.172e+05              |     Ncalls=105 (105 total)     |\n| EDM = 9.79e-06 (Goal: 0.001)  |            up = 0.5            |\n------------------------------------------------------------------\n|  Valid Min.   | Valid Param.  | Above EDM | Reached call limit |\n------------------------------------------------------------------\n|     True      |     True      |   False   |       False        |\n------------------------------------------------------------------\n| Hesse failed  |   Has cov.    | Accurate  | Pos. def. | Forced |\n------------------------------------------------------------------\n|     False     |     True      |   True    |   True    | False  |\n------------------------------------------------------------------",
    "info_params": "name            value    minuit_hesse    at limit\n----------  ---------  --------------  ----------\nn_sig;158       50110     +/- 2.7e+02       False\u001b[0m\nn_bkg;158        7505     +/- 1.8e+02       False\u001b[0m\nfrac;158       0.4736     +/-   0.029       False\u001b[0m\nmu;158           5279     +/-   0.077       False\u001b[0m\nsigmaL;158       11.1     +/-    0.25       False\u001b[0m\nsigmaR;158       19.2     +/-    0.34       False\u001b[0m\nlambda;158  -0.002726     +/- 0.00017       False\u001b[0m",
    "lambda;158": -0.0027263588200975297,
    "lambda;158_err": 0.00017128289879600104,
    "mu;158": 5278.851071164349,
    "mu;158_err": 0.07729761601791106,
    "n_bkg;158": 7505.383117897165,
    "n_bkg;158_err": 179.85384181443493,
    "n_sig;158": 50114.56781042616,
    "n_sig;158_err": 270.12525557002266,
    "r_params": {
        "alphaL": 2.172123314264864,
        "alphaL_Kpipi": 0.23984147888569726,
        "alphaR": -2.136310705423549,
        "alphaR_Kpipi": -3.45169511727099,
        "fraction_Kpipi": 0.8861855867303668,
        "muL_Kpipi": 5214.656416664541,
        "muR_Kpipi": 5183.074248990296,
        "nL": 0.5681831259260257,
        "nL_Kpipi": 4.413073505098077,
        "nR": 9.813170017875892,
        "nR_Kpipi": 1.3686501931786665e-08,
        "r_bkgK": 0.03478781022148211,
        "sigmaL_Kpipi": 19.133710600596434,
        "sigmaR_Kpipi": 39.32384704379869
    },
    "sigmaL;158": 11.10164214696103,
    "sigmaL;158_err": 0.24628033243500053,
    "sigmaR;158": 19.200925458462038,
    "sigmaR;158_err": 0.33706224079811103
}