{
    "fit_ok": true,
    "frac;739": 0.6783974315150049,
    "frac;739_err": 0.02128998417998449,
    "info_fit": "------------------------------------------------------------------\n| FCN = -3.171e+05              |      Ncalls=99 (99 total)      |\n| EDM = 2.55e-05 (Goal: 0.001)  |            up = 0.5            |\n------------------------------------------------------------------\n|  Valid Min.   | Valid Param.  | Above EDM | Reached call limit |\n------------------------------------------------------------------\n|     True      |     True      |   False   |       False        |\n------------------------------------------------------------------\n| Hesse failed  |   Has cov.    | Accurate  | Pos. def. | Forced |\n------------------------------------------------------------------\n|     False     |     True      |   True    |   True    | False  |\n------------------------------------------------------------------",
    "info_params": "name            value    minuit_hesse    at limit\n----------  ---------  --------------  ----------\nn_sig;739       51260     +/- 2.6e+02       False\u001b[0m\nn_bkg;739        6327     +/- 1.6e+02       False\u001b[0m\nfrac;739       0.6784     +/-   0.021       False\u001b[0m\nmu;739           5279     +/-   0.077       False\u001b[0m\nsigmaL;739      12.73     +/-    0.17       False\u001b[0m\nsigmaR;739      21.76     +/-    0.54       False\u001b[0m\nlambda;739  -0.002374     +/- 0.00018       False\u001b[0m",
    "lambda;739": -0.002374215867058438,
    "lambda;739_err": 0.00018377370606603328,
    "mu;739": 5278.7581307370565,
    "mu;739_err": 0.07744515365346864,
    "n_bkg;739": 6327.154151801967,
    "n_bkg;739_err": 157.35716186159115,
    "n_sig;739": 51255.08479190035,
    "n_sig;739_err": 261.1181696120118,
    "r_params": {
        "alphaL": 2.280806546583824,
        "alphaL_Kpipi": 0.23984147888569726,
        "alphaR": -1.682869671027308,
        "alphaR_Kpipi": -3.45169511727099,
        "fraction_Kpipi": 0.8861855867303668,
        "muL_Kpipi": 5214.656416664541,
        "muR_Kpipi": 5183.074248990296,
        "nL": 0.5131101585599106,
        "nL_Kpipi": 4.413073505098077,
        "nR": 2.7055950406086193,
        "nR_Kpipi": 1.3686501931786665e-08,
        "r_bkgK": 0.03478781022148211,
        "sigmaL_Kpipi": 19.133710600596434,
        "sigmaR_Kpipi": 39.32384704379869
    },
    "sigmaL;739": 12.729367975499384,
    "sigmaL;739_err": 0.16624989760201597,
    "sigmaR;739": 21.75668755050743,
    "sigmaR;739_err": 0.5374002634201517
}