{
    "fit_ok": true,
    "frac;140": 0.2681593703318151,
    "frac;140_err": 0.01741351541614959,
    "info_fit": "------------------------------------------------------------------\n| FCN = -3.172e+05              |     Ncalls=100 (100 total)     |\n| EDM = 0.000681 (Goal: 0.001)  |            up = 0.5            |\n------------------------------------------------------------------\n|  Valid Min.   | Valid Param.  | Above EDM | Reached call limit |\n------------------------------------------------------------------\n|     True      |     True      |   False   |       False        |\n------------------------------------------------------------------\n| Hesse failed  |   Has cov.    | Accurate  | Pos. def. | Forced |\n------------------------------------------------------------------\n|     False     |     True      |   True    |   True    | False  |\n------------------------------------------------------------------",
    "info_params": "name             value    minuit_hesse    at limit\n----------  ----------  --------------  ----------\nn_sig;140        50690     +/- 2.6e+02       False\u001b[0m\nn_bkg;140         5393     +/- 1.6e+02       False\u001b[0m\nfrac;140        0.2682     +/-   0.017       False\u001b[0m\nmu;140            5279     +/-   0.079       False\u001b[0m\nsigmaL;140       9.551     +/-    0.28       False\u001b[0m\nsigmaR;140       17.07     +/-    0.16       False\u001b[0m\nlambda;140  -0.0004482     +/- 0.00025       False\u001b[0m",
    "lambda;140": -0.0004482077103905996,
    "lambda;140_err": 0.0002467638963083516,
    "mu;140": 5278.833291095249,
    "mu;140_err": 0.07895732566653206,
    "n_bkg;140": 5392.9404380659225,
    "n_bkg;140_err": 162.9771950387514,
    "n_sig;140": 50691.96772406361,
    "n_sig;140_err": 259.89588106801426,
    "r_params": {
        "alphaL": 2.030074578321816,
        "alphaL_Kpipi": 0.2475706505418667,
        "alphaR": -1.7613550245501948,
        "alphaR_Kpipi": -3.647329405475717,
        "fraction_Kpipi": 0.880848473059953,
        "muL_Kpipi": 5215.318261847454,
        "muR_Kpipi": 5180.338555245526,
        "nL": 0.4392329990731146,
        "nL_Kpipi": 4.687075843086275,
        "nR": 5.840596424652496,
        "nR_Kpipi": 0.00013234008454882142,
        "r_bkgK": 0.06458418496438403,
        "sigmaL_Kpipi": 18.32858765741667,
        "sigmaR_Kpipi": 39.41822092507175
    },
    "sigmaL;140": 9.551140765773958,
    "sigmaL;140_err": 0.27623029517523956,
    "sigmaR;140": 17.071777302828714,
    "sigmaR;140_err": 0.15879505703208252
}