{
    "fit_ok": true,
    "frac;545": 0.45983427281420963,
    "frac;545_err": 0.02108724762657444,
    "info_fit": "------------------------------------------------------------------\n| FCN = -3.172e+05              |     Ncalls=106 (106 total)     |\n| EDM = 2.61e-05 (Goal: 0.001)  |            up = 0.5            |\n------------------------------------------------------------------\n|  Valid Min.   | Valid Param.  | Above EDM | Reached call limit |\n------------------------------------------------------------------\n|     True      |     True      |   False   |       False        |\n------------------------------------------------------------------\n| Hesse failed  |   Has cov.    | Accurate  | Pos. def. | Forced |\n------------------------------------------------------------------\n|     False     |     True      |   True    |   True    | False  |\n------------------------------------------------------------------",
    "info_params": "name            value    minuit_hesse    at limit\n----------  ---------  --------------  ----------\nn_sig;545       51580     +/- 2.8e+02       False\u001b[0m\nn_bkg;545        6170     +/- 1.9e+02       False\u001b[0m\nfrac;545       0.4598     +/-   0.021       False\u001b[0m\nmu;545           5279     +/-   0.078       False\u001b[0m\nsigmaL;545      11.17     +/-    0.21       False\u001b[0m\nsigmaR;545      18.49     +/-    0.25       False\u001b[0m\nlambda;545  -0.001543     +/- 0.00024       False\u001b[0m",
    "lambda;545": -0.001542624790472416,
    "lambda;545_err": 0.0002367244444242305,
    "mu;545": 5278.86139898673,
    "mu;545_err": 0.07844636160697431,
    "n_bkg;545": 6169.682173603524,
    "n_bkg;545_err": 189.89687938497337,
    "n_sig;545": 51575.354456187444,
    "n_sig;545_err": 281.8728480521429,
    "r_params": {
        "alphaL": 2.030074578321816,
        "alphaL_Kpipi": 0.20685591249613197,
        "alphaR": -1.7613550245501948,
        "alphaR_Kpipi": -3.440149988874902,
        "fraction_Kpipi": 0.8818919550293958,
        "muL_Kpipi": 5213.194761884441,
        "muR_Kpipi": 5187.104272943014,
        "nL": 0.4392329990731146,
        "nL_Kpipi": 4.288831303410789,
        "nR": 5.840596424652496,
        "nR_Kpipi": 7.432467986292666e-05,
        "r_bkgK": 0.03137926310978005,
        "sigmaL_Kpipi": 17.991743158975734,
        "sigmaR_Kpipi": 39.40221777818105
    },
    "sigmaL;545": 11.172795331327691,
    "sigmaL;545_err": 0.20901854640300344,
    "sigmaR;545": 18.49060459886397,
    "sigmaR;545_err": 0.2520807343438321
}