{
    "fit_ok": true,
    "frac;1157": 0.4841877051960037,
    "frac;1157_err": 0.02954629028876071,
    "info_fit": "------------------------------------------------------------------\n| FCN = -3.172e+05              |     Ncalls=106 (106 total)     |\n| EDM = 6.27e-06 (Goal: 0.001)  |            up = 0.5            |\n------------------------------------------------------------------\n|  Valid Min.   | Valid Param.  | Above EDM | Reached call limit |\n------------------------------------------------------------------\n|     True      |     True      |   False   |       False        |\n------------------------------------------------------------------\n| Hesse failed  |   Has cov.    | Accurate  | Pos. def. | Forced |\n------------------------------------------------------------------\n|     False     |     True      |   True    |   True    | False  |\n------------------------------------------------------------------",
    "info_params": "name             value    minuit_hesse    at limit\n-----------  ---------  --------------  ----------\nn_sig;1157       50060     +/- 2.7e+02       False\u001b[0m\nn_bkg;1157        7563     +/- 1.8e+02       False\u001b[0m\nfrac;1157       0.4842     +/-    0.03       False\u001b[0m\nmu;1157           5279     +/-   0.078       False\u001b[0m\nsigmaL;1157      11.24     +/-    0.24       False\u001b[0m\nsigmaR;1157       19.1     +/-    0.34       False\u001b[0m\nlambda;1157  -0.002855     +/- 0.00017       False\u001b[0m",
    "lambda;1157": -0.002855011024755258,
    "lambda;1157_err": 0.00016641368890206627,
    "mu;1157": 5278.859349639453,
    "mu;1157_err": 0.07757401763565762,
    "n_bkg;1157": 7562.515379686528,
    "n_bkg;1157_err": 175.82766663960174,
    "n_sig;1157": 50059.97163468165,
    "n_sig;1157_err": 267.4353976745176,
    "r_params": {
        "alphaL": 2.083851509486999,
        "alphaL_Kpipi": 0.23984147888569726,
        "alphaR": -1.9793092658265992,
        "alphaR_Kpipi": -3.45169511727099,
        "fraction_Kpipi": 0.8861855867303668,
        "muL_Kpipi": 5214.656416664541,
        "muR_Kpipi": 5183.074248990296,
        "nL": 0.7218332691650233,
        "nL_Kpipi": 4.413073505098077,
        "nR": 8.590479694413474,
        "nR_Kpipi": 1.3686501931786665e-08,
        "r_bkgK": 0.03478781022148211,
        "sigmaL_Kpipi": 19.133710600596434,
        "sigmaR_Kpipi": 39.32384704379869
    },
    "sigmaL;1157": 11.244074544991618,
    "sigmaL;1157_err": 0.24264082918332133,
    "sigmaR;1157": 19.099368611893865,
    "sigmaR;1157_err": 0.3394911883916067
}