{
    "fit_ok": true,
    "frac;257": 0.34152206681166253,
    "frac;257_err": 0.019890285058671936,
    "info_fit": "------------------------------------------------------------------\n| FCN = -3.172e+05              |     Ncalls=104 (104 total)     |\n| EDM = 2.57e-05 (Goal: 0.001)  |            up = 0.5            |\n------------------------------------------------------------------\n|  Valid Min.   | Valid Param.  | Above EDM | Reached call limit |\n------------------------------------------------------------------\n|     True      |     True      |   False   |       False        |\n------------------------------------------------------------------\n| Hesse failed  |   Has cov.    | Accurate  | Pos. def. | Forced |\n------------------------------------------------------------------\n|     False     |     True      |   True    |   True    | False  |\n------------------------------------------------------------------",
    "info_params": "name           value    minuit_hesse    at limit\n----------  --------  --------------  ----------\nn_sig;257      50990     +/- 2.8e+02       False\u001b[0m\nn_bkg;257       6593     +/-   2e+02       False\u001b[0m\nfrac;257      0.3415     +/-    0.02       False\u001b[0m\nmu;257          5279     +/-   0.079       False\u001b[0m\nsigmaL;257     10.05     +/-    0.26       False\u001b[0m\nsigmaR;257      17.6     +/-    0.19       False\u001b[0m\nlambda;257  -0.00179     +/- 0.00023       False\u001b[0m",
    "lambda;257": -0.0017903678319726585,
    "lambda;257_err": 0.00022931220229754958,
    "mu;257": 5278.94194417131,
    "mu;257_err": 0.07883878099927577,
    "n_bkg;257": 6593.081492367532,
    "n_bkg;257_err": 198.5732286706201,
    "n_sig;257": 50994.3813798552,
    "n_sig;257_err": 284.9870999274929,
    "r_params": {
        "alphaL": 1.985644797408335,
        "alphaL_Kpipi": 0.23984147888569726,
        "alphaR": -1.9634713141160463,
        "alphaR_Kpipi": -3.45169511727099,
        "fraction_Kpipi": 0.8861855867303668,
        "muL_Kpipi": 5214.656416664541,
        "muR_Kpipi": 5183.074248990296,
        "nL": 0.3925432954688584,
        "nL_Kpipi": 4.413073505098077,
        "nR": 7.86570302243736,
        "nR_Kpipi": 1.3686501931786665e-08,
        "r_bkgK": 0.03478781022148211,
        "sigmaL_Kpipi": 19.133710600596434,
        "sigmaR_Kpipi": 39.32384704379869
    },
    "sigmaL;257": 10.048870236153927,
    "sigmaL;257_err": 0.26482438083870696,
    "sigmaR;257": 17.59759971017082,
    "sigmaR;257_err": 0.1875509893845342
}