{
    "fit_ok": true,
    "frac;269": 0.3574809515382577,
    "frac;269_err": 0.019806984250466408,
    "info_fit": "------------------------------------------------------------------\n| FCN = -3.172e+05              |     Ncalls=105 (105 total)     |\n| EDM = 9.43e-06 (Goal: 0.001)  |            up = 0.5            |\n------------------------------------------------------------------\n|  Valid Min.   | Valid Param.  | Above EDM | Reached call limit |\n------------------------------------------------------------------\n|     True      |     True      |   False   |       False        |\n------------------------------------------------------------------\n| Hesse failed  |   Has cov.    | Accurate  | Pos. def. | Forced |\n------------------------------------------------------------------\n|     False     |     True      |   True    |   True    | False  |\n------------------------------------------------------------------",
    "info_params": "name           value    minuit_hesse    at limit\n----------  --------  --------------  ----------\nn_sig;269      51090     +/- 2.7e+02       False\u001b[0m\nn_bkg;269       5796     +/- 1.8e+02       False\u001b[0m\nfrac;269      0.3575     +/-    0.02       False\u001b[0m\nmu;269          5279     +/-   0.079       False\u001b[0m\nsigmaL;269      10.4     +/-    0.24       False\u001b[0m\nsigmaR;269     17.65     +/-     0.2       False\u001b[0m\nlambda;269  -0.00105     +/- 0.00025       False\u001b[0m",
    "lambda;269": -0.0010501672994330663,
    "lambda;269_err": 0.0002472525047082462,
    "mu;269": 5278.859939120101,
    "mu;269_err": 0.07876078689293674,
    "n_bkg;269": 5795.835676119719,
    "n_bkg;269_err": 181.28153822846835,
    "n_sig;269": 51090.7457951508,
    "n_sig;269_err": 273.23375944851875,
    "r_params": {
        "alphaL": 2.030074578321816,
        "alphaL_Kpipi": 0.24688485887974454,
        "alphaR": -1.7613550245501948,
        "alphaR_Kpipi": -3.4686645292768454,
        "fraction_Kpipi": 0.9001798200503579,
        "muL_Kpipi": 5214.304513366864,
        "muR_Kpipi": 5183.542230846322,
        "nL": 0.4392329990731146,
        "nL_Kpipi": 4.729984129088285,
        "nR": 5.840596424652496,
        "nR_Kpipi": 8.393521079184194e-05,
        "r_bkgK": 0.048449001883435934,
        "sigmaL_Kpipi": 19.2068033187241,
        "sigmaR_Kpipi": 38.979750977771864
    },
    "sigmaL;269": 10.40156782538051,
    "sigmaL;269_err": 0.23954306449307178,
    "sigmaR;269": 17.650899448393304,
    "sigmaR;269_err": 0.1986305130317369
}