{
    "fit_ok": true,
    "frac;872": 0.29423734954377434,
    "frac;872_err": 0.01920530817999808,
    "info_fit": "------------------------------------------------------------------\n| FCN = -3.172e+05              |     Ncalls=105 (105 total)     |\n| EDM = 0.000157 (Goal: 0.001)  |            up = 0.5            |\n------------------------------------------------------------------\n|  Valid Min.   | Valid Param.  | Above EDM | Reached call limit |\n------------------------------------------------------------------\n|     True      |     True      |   False   |       False        |\n------------------------------------------------------------------\n| Hesse failed  |   Has cov.    | Accurate  | Pos. def. | Forced |\n------------------------------------------------------------------\n|     False     |     True      |   True    |   True    | False  |\n------------------------------------------------------------------",
    "info_params": "name             value    minuit_hesse    at limit\n----------  ----------  --------------  ----------\nn_sig;872        50760     +/- 2.7e+02       False\u001b[0m\nn_bkg;872         5584     +/- 1.7e+02       False\u001b[0m\nfrac;872        0.2942     +/-   0.019       False\u001b[0m\nmu;872            5279     +/-   0.079       False\u001b[0m\nsigmaL;872       9.834     +/-    0.29       False\u001b[0m\nsigmaR;872        17.2     +/-    0.17       False\u001b[0m\nlambda;872  -0.0007475     +/- 0.00025       False\u001b[0m",
    "lambda;872": -0.0007475100342883984,
    "lambda;872_err": 0.0002507020876687944,
    "mu;872": 5278.851683114831,
    "mu;872_err": 0.07897969002430025,
    "n_bkg;872": 5584.474136197381,
    "n_bkg;872_err": 173.76461483195766,
    "n_sig;872": 50756.695199860544,
    "n_sig;872_err": 266.6333207527414,
    "r_params": {
        "alphaL": 2.030074578321816,
        "alphaL_Kpipi": 0.28042374284171845,
        "alphaR": -1.7613550245501948,
        "alphaR_Kpipi": -3.4346175648856434,
        "fraction_Kpipi": 0.8637678986544635,
        "muL_Kpipi": 5214.8484380129385,
        "muR_Kpipi": 5184.71458498819,
        "nL": 0.4392329990731146,
        "nL_Kpipi": 4.4926961214845615,
        "nR": 5.840596424652496,
        "nR_Kpipi": 0.0005237790135251861,
        "r_bkgK": 0.059477979690249545,
        "sigmaL_Kpipi": 19.226305274898525,
        "sigmaR_Kpipi": 38.124405399731515
    },
    "sigmaL;872": 9.834154963567219,
    "sigmaL;872_err": 0.2855468647970612,
    "sigmaR;872": 17.19621396068355,
    "sigmaR;872_err": 0.1729934076760926
}