{
    "fit_ok": true,
    "frac;587": 0.41495240144363,
    "frac;587_err": 0.02150661018803604,
    "info_fit": "------------------------------------------------------------------\n| FCN = -3.172e+05              |     Ncalls=106 (106 total)     |\n| EDM = 3.44e-05 (Goal: 0.001)  |            up = 0.5            |\n------------------------------------------------------------------\n|  Valid Min.   | Valid Param.  | Above EDM | Reached call limit |\n------------------------------------------------------------------\n|     True      |     True      |   False   |       False        |\n------------------------------------------------------------------\n| Hesse failed  |   Has cov.    | Accurate  | Pos. def. | Forced |\n------------------------------------------------------------------\n|     False     |     True      |   True    |   True    | False  |\n------------------------------------------------------------------",
    "info_params": "name            value    minuit_hesse    at limit\n----------  ---------  --------------  ----------\nn_sig;587       51320     +/- 2.8e+02       False\u001b[0m\nn_bkg;587        6091     +/- 1.9e+02       False\u001b[0m\nfrac;587        0.415     +/-   0.022       False\u001b[0m\nmu;587           5279     +/-   0.079       False\u001b[0m\nsigmaL;587      10.87     +/-    0.23       False\u001b[0m\nsigmaR;587      18.05     +/-    0.23       False\u001b[0m\nlambda;587  -0.001441     +/- 0.00024       False\u001b[0m",
    "lambda;587": -0.0014410480258760794,
    "lambda;587_err": 0.00024139601759371832,
    "mu;587": 5278.870694488782,
    "mu;587_err": 0.07865069572539134,
    "n_bkg;587": 6091.3753812942905,
    "n_bkg;587_err": 189.50738468858643,
    "n_sig;587": 51315.21584933496,
    "n_sig;587_err": 280.044059172723,
    "r_params": {
        "alphaL": 2.030074578321816,
        "alphaL_Kpipi": 0.24692254869403707,
        "alphaR": -1.7613550245501948,
        "alphaR_Kpipi": -3.5930608222846563,
        "fraction_Kpipi": 0.9029605237988776,
        "muL_Kpipi": 5214.777412137513,
        "muR_Kpipi": 5180.159156297013,
        "nL": 0.4392329990731146,
        "nL_Kpipi": 4.31783475584956,
        "nR": 5.840596424652496,
        "nR_Kpipi": 0.00031707823488869843,
        "r_bkgK": 0.03811281087484227,
        "sigmaL_Kpipi": 19.220737514497483,
        "sigmaR_Kpipi": 36.3901038095659
    },
    "sigmaL;587": 10.865387685212387,
    "sigmaL;587_err": 0.23468040188790826,
    "sigmaR;587": 18.048680259432352,
    "sigmaR;587_err": 0.22848028764001047
}