{
    "fit_ok": false,
    "frac;751": 0.4022799011645155,
    "frac;751_err": 0.017437915464945834,
    "info_fit": "------------------------------------------------------------------\n| FCN = -3.172e+05              |     Ncalls=117 (117 total)     |\n| EDM = 0.00113 (Goal: 0.001)   |            up = 0.5            |\n------------------------------------------------------------------\n|  Valid Min.   | Valid Param.  | Above EDM | Reached call limit |\n------------------------------------------------------------------\n|     True      |     True      |   False   |       False        |\n------------------------------------------------------------------\n| Hesse failed  |   Has cov.    | Accurate  | Pos. def. | Forced |\n------------------------------------------------------------------\n|     False     |     True      |   True    |   True    | False  |\n------------------------------------------------------------------",
    "info_params": "name            value    minuit_hesse    at limit\n----------  ---------  --------------  ----------\nn_sig;751       51860     +/- 2.8e+02       False\u001b[0m\nn_bkg;751        5698     +/- 1.9e+02       False\u001b[0m\nfrac;751       0.4023     +/-   0.017       False\u001b[0m\nmu;751           5279     +/-   0.079       False\u001b[0m\nsigmaL;751       10.8     +/-    0.22       False\u001b[0m\nsigmaR;751      17.75     +/-    0.19       False\u001b[0m\nlambda;751  -0.001019     +/- 0.00026       False\u001b[0m",
    "lambda;751": -0.001019106553247759,
    "lambda;751_err": 0.00025958154397483934,
    "mu;751": 5278.901582250343,
    "mu;751_err": 0.07906877804215216,
    "n_bkg;751": 5697.738701985876,
    "n_bkg;751_err": 186.16298793714157,
    "n_sig;751": 51862.29435355696,
    "n_sig;751_err": 280.1575700037663,
    "r_params": {
        "alphaL": 1.958689545415853,
        "alphaL_Kpipi": 0.23984147888569726,
        "alphaR": -1.746427410926115,
        "alphaR_Kpipi": -3.45169511727099,
        "fraction_Kpipi": 0.8861855867303668,
        "muL_Kpipi": 5214.656416664541,
        "muR_Kpipi": 5183.074248990296,
        "nL": 0.40597856723475334,
        "nL_Kpipi": 4.413073505098077,
        "nR": 4.79996758383844,
        "nR_Kpipi": 1.3686501931786665e-08,
        "r_bkgK": 0.03478781022148211,
        "sigmaL_Kpipi": 19.133710600596434,
        "sigmaR_Kpipi": 39.32384704379869
    },
    "sigmaL;751": 10.80227829755148,
    "sigmaL;751_err": 0.2165589896410183,
    "sigmaR;751": 17.750686966760735,
    "sigmaR;751_err": 0.19411104788491018
}