{
    "fit_ok": true,
    "frac;1092": 0.5454093779147677,
    "frac;1092_err": 0.024169036960213722,
    "info_fit": "------------------------------------------------------------------\n| FCN = -3.172e+05              |     Ncalls=104 (104 total)     |\n| EDM = 5.11e-06 (Goal: 0.001)  |            up = 0.5            |\n------------------------------------------------------------------\n|  Valid Min.   | Valid Param.  | Above EDM | Reached call limit |\n------------------------------------------------------------------\n|     True      |     True      |   False   |       False        |\n------------------------------------------------------------------\n| Hesse failed  |   Has cov.    | Accurate  | Pos. def. | Forced |\n------------------------------------------------------------------\n|     False     |     True      |   True    |   True    | False  |\n------------------------------------------------------------------",
    "info_params": "name           value    minuit_hesse    at limit\n-----------  -------  --------------  ----------\nn_sig;1092     50900     +/- 2.7e+02       False\u001b[0m\nn_bkg;1092      6694     +/- 1.7e+02       False\u001b[0m\nfrac;1092     0.5454     +/-   0.024       False\u001b[0m\nmu;1092         5279     +/-   0.079       False\u001b[0m\nsigmaL;1092    11.94     +/-     0.2       False\u001b[0m\nsigmaR;1092    18.93     +/-    0.33       False\u001b[0m\nlambda;1092  -0.0022     +/- 0.00019       False\u001b[0m",
    "lambda;1092": -0.002199994935517327,
    "lambda;1092_err": 0.0001927936677803592,
    "mu;1092": 5278.835865063865,
    "mu;1092_err": 0.07857321382134622,
    "n_bkg;1092": 6694.385344914815,
    "n_bkg;1092_err": 173.69571357351487,
    "n_sig;1092": 50899.22668020814,
    "n_sig;1092_err": 269.2338648156906,
    "r_params": {
        "alphaL": 2.007295219027243,
        "alphaL_Kpipi": 0.23984147888569726,
        "alphaR": -1.587053729728387,
        "alphaR_Kpipi": -3.45169511727099,
        "fraction_Kpipi": 0.8861855867303668,
        "muL_Kpipi": 5214.656416664541,
        "muR_Kpipi": 5183.074248990296,
        "nL": 0.6856648814259287,
        "nL_Kpipi": 4.413073505098077,
        "nR": 7.867741465279128,
        "nR_Kpipi": 1.3686501931786665e-08,
        "r_bkgK": 0.03478781022148211,
        "sigmaL_Kpipi": 19.133710600596434,
        "sigmaR_Kpipi": 39.32384704379869
    },
    "sigmaL;1092": 11.93517862111749,
    "sigmaL;1092_err": 0.19516809557414597,
    "sigmaR;1092": 18.929766952572653,
    "sigmaR;1092_err": 0.3265705139586713
}