{
    "fit_ok": true,
    "frac;223": 0.5444536061309144,
    "frac;223_err": 0.02131656167209968,
    "info_fit": "------------------------------------------------------------------\n| FCN = -3.172e+05              |      Ncalls=99 (99 total)      |\n| EDM = 5.35e-05 (Goal: 0.001)  |            up = 0.5            |\n------------------------------------------------------------------\n|  Valid Min.   | Valid Param.  | Above EDM | Reached call limit |\n------------------------------------------------------------------\n|     True      |     True      |   False   |       False        |\n------------------------------------------------------------------\n| Hesse failed  |   Has cov.    | Accurate  | Pos. def. | Forced |\n------------------------------------------------------------------\n|     False     |     True      |   True    |   True    | False  |\n------------------------------------------------------------------",
    "info_params": "name            value    minuit_hesse    at limit\n----------  ---------  --------------  ----------\nn_sig;223       51420     +/- 2.7e+02       False\u001b[0m\nn_bkg;223        6156     +/- 1.7e+02       False\u001b[0m\nfrac;223       0.5445     +/-   0.021       False\u001b[0m\nmu;223           5279     +/-   0.078       False\u001b[0m\nsigmaL;223      11.92     +/-    0.18       False\u001b[0m\nsigmaR;223      18.95     +/-    0.31       False\u001b[0m\nlambda;223  -0.001911     +/- 0.00021       False\u001b[0m",
    "lambda;223": -0.0019113396357316181,
    "lambda;223_err": 0.00021176393223043042,
    "mu;223": 5278.898673349219,
    "mu;223_err": 0.0784833196290335,
    "n_bkg;223": 6155.989208852037,
    "n_bkg;223_err": 169.9605171643185,
    "n_sig;223": 51419.13560474725,
    "n_sig;223_err": 268.9249866800458,
    "r_params": {
        "alphaL": 1.9429261071161297,
        "alphaL_Kpipi": 0.23984147888569726,
        "alphaR": -1.7446348799182938,
        "alphaR_Kpipi": -3.45169511727099,
        "fraction_Kpipi": 0.8861855867303668,
        "muL_Kpipi": 5214.656416664541,
        "muR_Kpipi": 5183.074248990296,
        "nL": 0.6929779783645581,
        "nL_Kpipi": 4.413073505098077,
        "nR": 3.2451413033551995,
        "nR_Kpipi": 1.3686501931786665e-08,
        "r_bkgK": 0.03478781022148211,
        "sigmaL_Kpipi": 19.133710600596434,
        "sigmaR_Kpipi": 39.32384704379869
    },
    "sigmaL;223": 11.917873132441015,
    "sigmaL;223_err": 0.18331853048533842,
    "sigmaR;223": 18.95284174505873,
    "sigmaR;223_err": 0.30508637616759526
}