{
    "fit_ok": true,
    "frac;209": 0.41124829947709546,
    "frac;209_err": 0.021674635188129492,
    "info_fit": "------------------------------------------------------------------\n| FCN = -3.172e+05              |     Ncalls=106 (106 total)     |\n| EDM = 2.65e-05 (Goal: 0.001)  |            up = 0.5            |\n------------------------------------------------------------------\n|  Valid Min.   | Valid Param.  | Above EDM | Reached call limit |\n------------------------------------------------------------------\n|     True      |     True      |   False   |       False        |\n------------------------------------------------------------------\n| Hesse failed  |   Has cov.    | Accurate  | Pos. def. | Forced |\n------------------------------------------------------------------\n|     False     |     True      |   True    |   True    | False  |\n------------------------------------------------------------------",
    "info_params": "name            value    minuit_hesse    at limit\n----------  ---------  --------------  ----------\nn_sig;209       51270     +/- 2.8e+02       False\u001b[0m\nn_bkg;209        6119     +/- 1.9e+02       False\u001b[0m\nfrac;209       0.4112     +/-   0.022       False\u001b[0m\nmu;209           5279     +/-   0.079       False\u001b[0m\nsigmaL;209      10.84     +/-    0.24       False\u001b[0m\nsigmaR;209         18     +/-    0.23       False\u001b[0m\nlambda;209  -0.001477     +/- 0.00024       False\u001b[0m",
    "lambda;209": -0.0014769746273439743,
    "lambda;209_err": 0.00024110798903516253,
    "mu;209": 5278.871879829581,
    "mu;209_err": 0.07868710169854393,
    "n_bkg;209": 6118.795757406236,
    "n_bkg;209_err": 190.45516135651465,
    "n_sig;209": 51274.543050935725,
    "n_sig;209_err": 280.47286278104843,
    "r_params": {
        "alphaL": 2.030074578321816,
        "alphaL_Kpipi": 0.24619547087702315,
        "alphaR": -1.7613550245501948,
        "alphaR_Kpipi": -3.6278063273055476,
        "fraction_Kpipi": 0.8900713412943184,
        "muL_Kpipi": 5214.811643130387,
        "muR_Kpipi": 5187.822525710741,
        "nL": 0.4392329990731146,
        "nL_Kpipi": 4.681061039307195,
        "nR": 5.840596424652496,
        "nR_Kpipi": 0.00011349727530557203,
        "r_bkgK": 0.03840913137097784,
        "sigmaL_Kpipi": 19.018943082485347,
        "sigmaR_Kpipi": 38.696711470649674
    },
    "sigmaL;209": 10.840122548377161,
    "sigmaL;209_err": 0.23734960546423867,
    "sigmaR;209": 18.004517364119145,
    "sigmaR;209_err": 0.2278759513805746
}