{
    "fit_ok": true,
    "frac;897": 0.49659972389541696,
    "frac;897_err": 0.024745987698048613,
    "info_fit": "------------------------------------------------------------------\n| FCN = -3.172e+05              |     Ncalls=105 (105 total)     |\n| EDM = 4.92e-06 (Goal: 0.001)  |            up = 0.5            |\n------------------------------------------------------------------\n|  Valid Min.   | Valid Param.  | Above EDM | Reached call limit |\n------------------------------------------------------------------\n|     True      |     True      |   False   |       False        |\n------------------------------------------------------------------\n| Hesse failed  |   Has cov.    | Accurate  | Pos. def. | Forced |\n------------------------------------------------------------------\n|     False     |     True      |   True    |   True    | False  |\n------------------------------------------------------------------",
    "info_params": "name            value    minuit_hesse    at limit\n----------  ---------  --------------  ----------\nn_sig;897       50940     +/- 2.8e+02       False\u001b[0m\nn_bkg;897        6654     +/- 1.8e+02       False\u001b[0m\nfrac;897       0.4966     +/-   0.025       False\u001b[0m\nmu;897           5279     +/-   0.078       False\u001b[0m\nsigmaL;897      11.54     +/-    0.21       False\u001b[0m\nsigmaR;897      18.63     +/-     0.3       False\u001b[0m\nlambda;897  -0.002043     +/- 0.00021       False\u001b[0m",
    "lambda;897": -0.0020431857499329797,
    "lambda;897_err": 0.00020702501706508055,
    "mu;897": 5278.825838084699,
    "mu;897_err": 0.07848165861934234,
    "n_bkg;897": 6654.118890413269,
    "n_bkg;897_err": 184.49783207829256,
    "n_sig;897": 50937.895264218576,
    "n_sig;897_err": 275.9682029663919,
    "r_params": {
        "alphaL": 2.0541848181895013,
        "alphaL_Kpipi": 0.23984147888569726,
        "alphaR": -1.589900373221814,
        "alphaR_Kpipi": -3.45169511727099,
        "fraction_Kpipi": 0.8861855867303668,
        "muL_Kpipi": 5214.656416664541,
        "muR_Kpipi": 5183.074248990296,
        "nL": 0.5510255999239017,
        "nL_Kpipi": 4.413073505098077,
        "nR": 13.76119442556729,
        "nR_Kpipi": 1.3686501931786665e-08,
        "r_bkgK": 0.03478781022148211,
        "sigmaL_Kpipi": 19.133710600596434,
        "sigmaR_Kpipi": 39.32384704379869
    },
    "sigmaL;897": 11.538943004806592,
    "sigmaL;897_err": 0.21295480209113482,
    "sigmaR;897": 18.63336418637605,
    "sigmaR;897_err": 0.29785091090591
}