{
    "fit_ok": true,
    "frac;1": 0.5553533858285388,
    "frac;1_err": 0.022745625342527918,
    "info_fit": "------------------------------------------------------------------\n| FCN = -3.172e+05              |     Ncalls=103 (103 total)     |\n| EDM = 2.32e-05 (Goal: 0.001)  |            up = 0.5            |\n------------------------------------------------------------------\n|  Valid Min.   | Valid Param.  | Above EDM | Reached call limit |\n------------------------------------------------------------------\n|     True      |     True      |   False   |       False        |\n------------------------------------------------------------------\n| Hesse failed  |   Has cov.    | Accurate  | Pos. def. | Forced |\n------------------------------------------------------------------\n|     False     |     True      |   True    |   True    | False  |\n------------------------------------------------------------------",
    "info_params": "name          value    minuit_hesse    at limit\n--------  ---------  --------------  ----------\nn_sig;1       51780     +/- 2.9e+02       False\u001b[0m\nn_bkg;1        6898     +/-   2e+02       False\u001b[0m\nfrac;1       0.5554     +/-   0.023       False\u001b[0m\nmu;1           5279     +/-   0.078       False\u001b[0m\nsigmaL;1      11.82     +/-    0.19       False\u001b[0m\nsigmaR;1      19.24     +/-    0.33       False\u001b[0m\nlambda;1  -0.002365     +/- 0.00021       False\u001b[0m",
    "lambda;1": -0.0023645122934310564,
    "lambda;1_err": 0.00021111288849957012,
    "mu;1": 5278.876284502304,
    "mu;1_err": 0.07830085019959689,
    "n_bkg;1": 6898.464196063783,
    "n_bkg;1_err": 196.97378907089853,
    "n_sig;1": 51782.633102575,
    "n_sig;1_err": 289.11656704179603,
    "r_params": {
        "alphaL": 2.030074578321816,
        "alphaL_Kpipi": 0.24920018262549892,
        "alphaR": -1.7613550245501948,
        "alphaR_Kpipi": -3.338959454556265,
        "fraction_Kpipi": 0.8801472716869682,
        "muL_Kpipi": 5213.678200854774,
        "muR_Kpipi": 5182.817332913055,
        "nL": 0.4392329990731146,
        "nL_Kpipi": 4.3674353180207035,
        "nR": 5.840596424652496,
        "nR_Kpipi": 0.00025595227575228374,
        "r_bkgK": 0.013214275475670816,
        "sigmaL_Kpipi": 18.94224652462253,
        "sigmaR_Kpipi": 43.33122653706961
    },
    "sigmaL;1": 11.824658252210941,
    "sigmaL;1_err": 0.19456790093421486,
    "sigmaR;1": 19.243541285312325,
    "sigmaR;1_err": 0.32768362332335815
}