{
    "fit_ok": true,
    "frac;647": 0.3554889691856704,
    "frac;647_err": 0.019105303900183435,
    "info_fit": "------------------------------------------------------------------\n| FCN = -3.172e+05              |     Ncalls=103 (103 total)     |\n| EDM = 5.54e-05 (Goal: 0.001)  |            up = 0.5            |\n------------------------------------------------------------------\n|  Valid Min.   | Valid Param.  | Above EDM | Reached call limit |\n------------------------------------------------------------------\n|     True      |     True      |   False   |       False        |\n------------------------------------------------------------------\n| Hesse failed  |   Has cov.    | Accurate  | Pos. def. | Forced |\n------------------------------------------------------------------\n|     False     |     True      |   True    |   True    | False  |\n------------------------------------------------------------------",
    "info_params": "name            value    minuit_hesse    at limit\n----------  ---------  --------------  ----------\nn_sig;647       51270     +/- 2.8e+02       False\u001b[0m\nn_bkg;647        6311     +/-   2e+02       False\u001b[0m\nfrac;647       0.3555     +/-   0.019       False\u001b[0m\nmu;647           5279     +/-   0.078       False\u001b[0m\nsigmaL;647       10.2     +/-    0.24       False\u001b[0m\nsigmaR;647      17.75     +/-    0.19       False\u001b[0m\nlambda;647  -0.001555     +/- 0.00024       False\u001b[0m",
    "lambda;647": -0.0015553390048761162,
    "lambda;647_err": 0.00023832927833760791,
    "mu;647": 5278.9130036748165,
    "mu;647_err": 0.07848469033775496,
    "n_bkg;647": 6311.258668172934,
    "n_bkg;647_err": 195.36561258623718,
    "n_sig;647": 51267.74432836954,
    "n_sig;647_err": 283.8818427274781,
    "r_params": {
        "alphaL": 2.0479055354741824,
        "alphaL_Kpipi": 0.23984147888569726,
        "alphaR": -1.969187166880792,
        "alphaR_Kpipi": -3.45169511727099,
        "fraction_Kpipi": 0.8861855867303668,
        "muL_Kpipi": 5214.656416664541,
        "muR_Kpipi": 5183.074248990296,
        "nL": 0.33411069913880515,
        "nL_Kpipi": 4.413073505098077,
        "nR": 5.376914518795384,
        "nR_Kpipi": 1.3686501931786665e-08,
        "r_bkgK": 0.03478781022148211,
        "sigmaL_Kpipi": 19.133710600596434,
        "sigmaR_Kpipi": 39.32384704379869
    },
    "sigmaL;647": 10.201942837190062,
    "sigmaL;647_err": 0.240724271952066,
    "sigmaR;647": 17.748912344583196,
    "sigmaR;647_err": 0.19303015681559954
}