{
    "fit_ok": true,
    "frac;869": 0.4518515703174967,
    "frac;869_err": 0.021842058819965423,
    "info_fit": "------------------------------------------------------------------\n| FCN = -3.172e+05              |     Ncalls=137 (137 total)     |\n| EDM = 0.000235 (Goal: 0.001)  |            up = 0.5            |\n------------------------------------------------------------------\n|  Valid Min.   | Valid Param.  | Above EDM | Reached call limit |\n------------------------------------------------------------------\n|     True      |     True      |   False   |       False        |\n------------------------------------------------------------------\n| Hesse failed  |   Has cov.    | Accurate  | Pos. def. | Forced |\n------------------------------------------------------------------\n|     False     |     True      |   True    |   True    | False  |\n------------------------------------------------------------------",
    "info_params": "name            value    minuit_hesse    at limit\n----------  ---------  --------------  ----------\nn_sig;869       51390     +/- 2.8e+02       False\u001b[0m\nn_bkg;869        6402     +/- 1.9e+02       False\u001b[0m\nfrac;869       0.4519     +/-   0.022       False\u001b[0m\nmu;869           5279     +/-   0.078       False\u001b[0m\nsigmaL;869      11.15     +/-    0.22       False\u001b[0m\nsigmaR;869      18.28     +/-    0.25       False\u001b[0m\nlambda;869  -0.001826     +/- 0.00023       False\u001b[0m",
    "lambda;869": -0.0018257512572477375,
    "lambda;869_err": 0.00022853912872538258,
    "mu;869": 5278.8765404767455,
    "mu;869_err": 0.07844244523516009,
    "n_bkg;869": 6401.934374223371,
    "n_bkg;869_err": 192.35039654512622,
    "n_sig;869": 51386.31014731071,
    "n_sig;869_err": 282.650486659947,
    "r_params": {
        "alphaL": 2.030074578321816,
        "alphaL_Kpipi": 0.26433953580914776,
        "alphaR": -1.7613550245501948,
        "alphaR_Kpipi": -3.2458979530272054,
        "fraction_Kpipi": 0.869696391037682,
        "muL_Kpipi": 5215.6825691098575,
        "muR_Kpipi": 5186.645869743673,
        "nL": 0.4392329990731146,
        "nL_Kpipi": 4.33124919168936,
        "nR": 5.840596424652496,
        "nR_Kpipi": 8.792231731768636e-05,
        "r_bkgK": 0.030653377303869224,
        "sigmaL_Kpipi": 18.454900539834867,
        "sigmaR_Kpipi": 40.305247641564755
    },
    "sigmaL;869": 11.151162084304593,
    "sigmaL;869_err": 0.21605823453991535,
    "sigmaR;869": 18.279009249118197,
    "sigmaR;869_err": 0.2478717836854883
}