{
    "fit_ok": true,
    "frac;939": 0.4448421643018299,
    "frac;939_err": 0.021091272236544476,
    "info_fit": "------------------------------------------------------------------\n| FCN = -3.172e+05              |     Ncalls=100 (100 total)     |\n| EDM = 0.000353 (Goal: 0.001)  |            up = 0.5            |\n------------------------------------------------------------------\n|  Valid Min.   | Valid Param.  | Above EDM | Reached call limit |\n------------------------------------------------------------------\n|     True      |     True      |   False   |       False        |\n------------------------------------------------------------------\n| Hesse failed  |   Has cov.    | Accurate  | Pos. def. | Forced |\n------------------------------------------------------------------\n|     False     |     True      |   True    |   True    | False  |\n------------------------------------------------------------------",
    "info_params": "name          value    minuit_hesse    at limit\n----------  -------  --------------  ----------\nn_sig;939     51470     +/- 2.8e+02       False\u001b[0m\nn_bkg;939      6137     +/- 1.9e+02       False\u001b[0m\nfrac;939     0.4448     +/-   0.021       False\u001b[0m\nmu;939         5279     +/-   0.078       False\u001b[0m\nsigmaL;939    11.08     +/-    0.21       False\u001b[0m\nsigmaR;939    18.32     +/-    0.24       False\u001b[0m\nlambda;939  -0.0015     +/- 0.00024       False\u001b[0m",
    "lambda;939": -0.0015002115648832665,
    "lambda;939_err": 0.00023778975227575018,
    "mu;939": 5278.871693769613,
    "mu;939_err": 0.0784469425689076,
    "n_bkg;939": 6137.394349448412,
    "n_bkg;939_err": 189.15916621491633,
    "n_sig;939": 51470.36375570522,
    "n_sig;939_err": 280.76061924027186,
    "r_params": {
        "alphaL": 2.030074578321816,
        "alphaL_Kpipi": 0.22745914666127812,
        "alphaR": -1.7613550245501948,
        "alphaR_Kpipi": -3.249710553705378,
        "fraction_Kpipi": 0.8999065566010013,
        "muL_Kpipi": 5213.370910477087,
        "muR_Kpipi": 5180.064304949566,
        "nL": 0.4392329990731146,
        "nL_Kpipi": 4.862698398705545,
        "nR": 5.840596424652496,
        "nR_Kpipi": 2.2635753193388714e-05,
        "r_bkgK": 0.03409075586322491,
        "sigmaL_Kpipi": 19.850199723489943,
        "sigmaR_Kpipi": 38.831438520027184
    },
    "sigmaL;939": 11.077491536269598,
    "sigmaL;939_err": 0.21476044266474328,
    "sigmaR;939": 18.31744415628718,
    "sigmaR;939_err": 0.24234647588826919
}