{
    "fit_ok": true,
    "frac;742": 0.5068071884836405,
    "frac;742_err": 0.01860426724189652,
    "info_fit": "------------------------------------------------------------------\n| FCN = -3.172e+05              |     Ncalls=105 (105 total)     |\n| EDM = 3.42e-05 (Goal: 0.001)  |            up = 0.5            |\n------------------------------------------------------------------\n|  Valid Min.   | Valid Param.  | Above EDM | Reached call limit |\n------------------------------------------------------------------\n|     True      |     True      |   False   |       False        |\n------------------------------------------------------------------\n| Hesse failed  |   Has cov.    | Accurate  | Pos. def. | Forced |\n------------------------------------------------------------------\n|     False     |     True      |   True    |   True    | False  |\n------------------------------------------------------------------",
    "info_params": "name             value    minuit_hesse    at limit\n----------  ----------  --------------  ----------\nn_sig;742        52120     +/- 2.8e+02       False\u001b[0m\nn_bkg;742         5429     +/- 1.8e+02       False\u001b[0m\nfrac;742        0.5068     +/-   0.019       False\u001b[0m\nmu;742            5279     +/-   0.079       False\u001b[0m\nsigmaL;742       11.69     +/-    0.18       False\u001b[0m\nsigmaR;742       18.61     +/-    0.26       False\u001b[0m\nlambda;742  -0.0007622     +/- 0.00026       False\u001b[0m",
    "lambda;742": -0.0007622205538709848,
    "lambda;742_err": 0.0002598443728600701,
    "mu;742": 5278.8195123235255,
    "mu;742_err": 0.07865278035288362,
    "n_bkg;742": 5428.659878917223,
    "n_bkg;742_err": 176.79746844995654,
    "n_sig;742": 52121.76417767649,
    "n_sig;742_err": 275.42915312563605,
    "r_params": {
        "alphaL": 2.0695735341496477,
        "alphaL_Kpipi": 0.23984147888569726,
        "alphaR": -1.581724773558325,
        "alphaR_Kpipi": -3.45169511727099,
        "fraction_Kpipi": 0.8861855867303668,
        "muL_Kpipi": 5214.656416664541,
        "muR_Kpipi": 5183.074248990296,
        "nL": 0.392098465915192,
        "nL_Kpipi": 4.413073505098077,
        "nR": 5.345674787404518,
        "nR_Kpipi": 1.3686501931786665e-08,
        "r_bkgK": 0.03478781022148211,
        "sigmaL_Kpipi": 19.133710600596434,
        "sigmaR_Kpipi": 39.32384704379869
    },
    "sigmaL;742": 11.689898642018562,
    "sigmaL;742_err": 0.1835623360089118,
    "sigmaR;742": 18.610691378350072,
    "sigmaR;742_err": 0.26311115414836495
}