{
    "fit_ok": true,
    "frac;509": 0.37718509441779585,
    "frac;509_err": 0.019790044422372657,
    "info_fit": "------------------------------------------------------------------\n| FCN = -3.172e+05              |     Ncalls=102 (102 total)     |\n| EDM = 0.000106 (Goal: 0.001)  |            up = 0.5            |\n------------------------------------------------------------------\n|  Valid Min.   | Valid Param.  | Above EDM | Reached call limit |\n------------------------------------------------------------------\n|     True      |     True      |   False   |       False        |\n------------------------------------------------------------------\n| Hesse failed  |   Has cov.    | Accurate  | Pos. def. | Forced |\n------------------------------------------------------------------\n|     False     |     True      |   True    |   True    | False  |\n------------------------------------------------------------------",
    "info_params": "name            value    minuit_hesse    at limit\n----------  ---------  --------------  ----------\nn_sig;509       51250     +/- 2.8e+02       False\u001b[0m\nn_bkg;509        6328     +/-   2e+02       False\u001b[0m\nfrac;509       0.3772     +/-    0.02       False\u001b[0m\nmu;509           5279     +/-   0.079       False\u001b[0m\nsigmaL;509      10.48     +/-    0.23       False\u001b[0m\nsigmaR;509      17.78     +/-     0.2       False\u001b[0m\nlambda;509  -0.001572     +/- 0.00024       False\u001b[0m",
    "lambda;509": -0.0015724150586668428,
    "lambda;509_err": 0.00023719727718428597,
    "mu;509": 5278.888078070716,
    "mu;509_err": 0.07863033929328551,
    "n_bkg;509": 6328.40834842206,
    "n_bkg;509_err": 195.35295888214972,
    "n_sig;509": 51250.89694710483,
    "n_sig;509_err": 283.81814698059753,
    "r_params": {
        "alphaL": 2.0283009137913437,
        "alphaL_Kpipi": 0.23984147888569726,
        "alphaR": -1.7820009726156392,
        "alphaR_Kpipi": -3.45169511727099,
        "fraction_Kpipi": 0.8861855867303668,
        "muL_Kpipi": 5214.656416664541,
        "muR_Kpipi": 5183.074248990296,
        "nL": 0.37539364067023157,
        "nL_Kpipi": 4.413073505098077,
        "nR": 9.132414135575166,
        "nR_Kpipi": 1.3686501931786665e-08,
        "r_bkgK": 0.03478781022148211,
        "sigmaL_Kpipi": 19.133710600596434,
        "sigmaR_Kpipi": 39.32384704379869
    },
    "sigmaL;509": 10.479524466439177,
    "sigmaL;509_err": 0.2307189451584843,
    "sigmaR;509": 17.775585109166578,
    "sigmaR;509_err": 0.2036854607256375
}