{
    "fit_ok": true,
    "frac;1062": 0.494712640029669,
    "frac;1062_err": 0.021920736907642076,
    "info_fit": "------------------------------------------------------------------\n| FCN = -3.172e+05              |     Ncalls=103 (103 total)     |\n| EDM = 9.53e-06 (Goal: 0.001)  |            up = 0.5            |\n------------------------------------------------------------------\n|  Valid Min.   | Valid Param.  | Above EDM | Reached call limit |\n------------------------------------------------------------------\n|     True      |     True      |   False   |       False        |\n------------------------------------------------------------------\n| Hesse failed  |   Has cov.    | Accurate  | Pos. def. | Forced |\n------------------------------------------------------------------\n|     False     |     True      |   True    |   True    | False  |\n------------------------------------------------------------------",
    "info_params": "name             value    minuit_hesse    at limit\n-----------  ---------  --------------  ----------\nn_sig;1062       51590     +/- 2.9e+02       False\u001b[0m\nn_bkg;1062        6523     +/- 1.9e+02       False\u001b[0m\nfrac;1062       0.4947     +/-   0.022       False\u001b[0m\nmu;1062           5279     +/-   0.078       False\u001b[0m\nsigmaL;1062      11.43     +/-     0.2       False\u001b[0m\nsigmaR;1062      18.68     +/-    0.28       False\u001b[0m\nlambda;1062  -0.001958     +/- 0.00022       False\u001b[0m",
    "lambda;1062": -0.001958342858736875,
    "lambda;1062_err": 0.00022411895917296332,
    "mu;1062": 5278.877297719953,
    "mu;1062_err": 0.07831318591893126,
    "n_bkg;1062": 6523.302831871365,
    "n_bkg;1062_err": 193.9936338579317,
    "n_sig;1062": 51593.90251791285,
    "n_sig;1062_err": 285.32089406513376,
    "r_params": {
        "alphaL": 2.030074578321816,
        "alphaL_Kpipi": 0.24091818905213233,
        "alphaR": -1.7613550245501948,
        "alphaR_Kpipi": -3.494318798707604,
        "fraction_Kpipi": 0.9099183694969442,
        "muL_Kpipi": 5213.931676520127,
        "muR_Kpipi": 5183.118048242283,
        "nL": 0.4392329990731146,
        "nL_Kpipi": 4.62374272919873,
        "nR": 5.840596424652496,
        "nR_Kpipi": 0.0004603195577905804,
        "r_bkgK": 0.024165663611329224,
        "sigmaL_Kpipi": 19.54471380700174,
        "sigmaR_Kpipi": 39.96117629552393
    },
    "sigmaL;1062": 11.43294561950939,
    "sigmaL;1062_err": 0.20140311804609567,
    "sigmaR;1062": 18.68114527742714,
    "sigmaR;1062_err": 0.2763366672193717
}