{
    "fit_ok": true,
    "frac;531": 0.3779573501339479,
    "frac;531_err": 0.020031536526017257,
    "info_fit": "------------------------------------------------------------------\n| FCN = -3.172e+05              |     Ncalls=105 (105 total)     |\n| EDM = 1.94e-05 (Goal: 0.001)  |            up = 0.5            |\n------------------------------------------------------------------\n|  Valid Min.   | Valid Param.  | Above EDM | Reached call limit |\n------------------------------------------------------------------\n|     True      |     True      |   False   |       False        |\n------------------------------------------------------------------\n| Hesse failed  |   Has cov.    | Accurate  | Pos. def. | Forced |\n------------------------------------------------------------------\n|     False     |     True      |   True    |   True    | False  |\n------------------------------------------------------------------",
    "info_params": "name            value    minuit_hesse    at limit\n----------  ---------  --------------  ----------\nn_sig;531       51190     +/- 2.8e+02       False\u001b[0m\nn_bkg;531        6397     +/-   2e+02       False\u001b[0m\nfrac;531        0.378     +/-    0.02       False\u001b[0m\nmu;531           5279     +/-   0.079       False\u001b[0m\nsigmaL;531      10.51     +/-    0.24       False\u001b[0m\nsigmaR;531       17.7     +/-     0.2       False\u001b[0m\nlambda;531  -0.001644     +/- 0.00023       False\u001b[0m",
    "lambda;531": -0.0016435431046322585,
    "lambda;531_err": 0.0002341991713410951,
    "mu;531": 5278.895535219162,
    "mu;531_err": 0.0788679803819909,
    "n_bkg;531": 6396.684911778101,
    "n_bkg;531_err": 195.4814018749511,
    "n_sig;531": 51185.05449825217,
    "n_sig;531_err": 283.67073087502143,
    "r_params": {
        "alphaL": 1.989234171512586,
        "alphaL_Kpipi": 0.23984147888569726,
        "alphaR": -1.746322614220845,
        "alphaR_Kpipi": -3.45169511727099,
        "fraction_Kpipi": 0.8861855867303668,
        "muL_Kpipi": 5214.656416664541,
        "muR_Kpipi": 5183.074248990296,
        "nL": 0.4159435210470775,
        "nL_Kpipi": 4.413073505098077,
        "nR": 10.856015239030386,
        "nR_Kpipi": 1.3686501931786665e-08,
        "r_bkgK": 0.03478781022148211,
        "sigmaL_Kpipi": 19.133710600596434,
        "sigmaR_Kpipi": 39.32384704379869
    },
    "sigmaL;531": 10.512637585536702,
    "sigmaL;531_err": 0.23573583656903002,
    "sigmaR;531": 17.704108670486512,
    "sigmaR;531_err": 0.20163118079888787
}