{
    "fit_ok": true,
    "frac;844": 0.43168115311953004,
    "frac;844_err": 0.0183009392881795,
    "info_fit": "------------------------------------------------------------------\n| FCN = -3.172e+05              |     Ncalls=103 (103 total)     |\n| EDM = 4.1e-05 (Goal: 0.001)   |            up = 0.5            |\n------------------------------------------------------------------\n|  Valid Min.   | Valid Param.  | Above EDM | Reached call limit |\n------------------------------------------------------------------\n|     True      |     True      |   False   |       False        |\n------------------------------------------------------------------\n| Hesse failed  |   Has cov.    | Accurate  | Pos. def. | Forced |\n------------------------------------------------------------------\n|     False     |     True      |   True    |   True    | False  |\n------------------------------------------------------------------",
    "info_params": "name             value    minuit_hesse    at limit\n----------  ----------  --------------  ----------\nn_sig;844        52000     +/- 2.8e+02       False\u001b[0m\nn_bkg;844         5557     +/- 1.8e+02       False\u001b[0m\nfrac;844        0.4317     +/-   0.018       False\u001b[0m\nmu;844            5279     +/-   0.079       False\u001b[0m\nsigmaL;844          11     +/-    0.21       False\u001b[0m\nsigmaR;844       18.17     +/-    0.22       False\u001b[0m\nlambda;844  -0.0009592     +/- 0.00026       False\u001b[0m",
    "lambda;844": -0.000959183296907612,
    "lambda;844_err": 0.0002628139644569295,
    "mu;844": 5278.882902676803,
    "mu;844_err": 0.07852022232162945,
    "n_bkg;844": 5557.184345944439,
    "n_bkg;844_err": 183.1272795299967,
    "n_sig;844": 51996.764067574,
    "n_sig;844_err": 278.7853618178386,
    "r_params": {
        "alphaL": 2.0310790619603556,
        "alphaL_Kpipi": 0.23984147888569726,
        "alphaR": -1.799241836134981,
        "alphaR_Kpipi": -3.45169511727099,
        "fraction_Kpipi": 0.8861855867303668,
        "muL_Kpipi": 5214.656416664541,
        "muR_Kpipi": 5183.074248990296,
        "nL": 0.37421068192656204,
        "nL_Kpipi": 4.413073505098077,
        "nR": 3.725653792968999,
        "nR_Kpipi": 1.3686501931786665e-08,
        "r_bkgK": 0.03478781022148211,
        "sigmaL_Kpipi": 19.133710600596434,
        "sigmaR_Kpipi": 39.32384704379869
    },
    "sigmaL;844": 11.000300517331782,
    "sigmaL;844_err": 0.2096921543978631,
    "sigmaR;844": 18.17132339430451,
    "sigmaR;844_err": 0.21617390929057204
}