{
    "fit_ok": true,
    "frac;672": 0.5094642997379006,
    "frac;672_err": 0.02212422926233131,
    "info_fit": "------------------------------------------------------------------\n| FCN = -3.172e+05              |     Ncalls=105 (105 total)     |\n| EDM = 5.26e-06 (Goal: 0.001)  |            up = 0.5            |\n------------------------------------------------------------------\n|  Valid Min.   | Valid Param.  | Above EDM | Reached call limit |\n------------------------------------------------------------------\n|     True      |     True      |   False   |       False        |\n------------------------------------------------------------------\n| Hesse failed  |   Has cov.    | Accurate  | Pos. def. | Forced |\n------------------------------------------------------------------\n|     False     |     True      |   True    |   True    | False  |\n------------------------------------------------------------------",
    "info_params": "name            value    minuit_hesse    at limit\n----------  ---------  --------------  ----------\nn_sig;672       51650     +/- 2.9e+02       False\u001b[0m\nn_bkg;672        6586     +/- 1.9e+02       False\u001b[0m\nfrac;672       0.5095     +/-   0.022       False\u001b[0m\nmu;672           5279     +/-   0.078       False\u001b[0m\nsigmaL;672      11.53     +/-     0.2       False\u001b[0m\nsigmaR;672      18.82     +/-    0.29       False\u001b[0m\nlambda;672  -0.002027     +/- 0.00022       False\u001b[0m",
    "lambda;672": -0.0020274683335728128,
    "lambda;672_err": 0.00022228794033730975,
    "mu;672": 5278.879735996991,
    "mu;672_err": 0.07829471661530138,
    "n_bkg;672": 6585.995159701265,
    "n_bkg;672_err": 194.96491369180603,
    "n_sig;672": 51647.160130922704,
    "n_sig;672_err": 286.37088782817693,
    "r_params": {
        "alphaL": 2.030074578321816,
        "alphaL_Kpipi": 0.2297064088596888,
        "alphaR": -1.7613550245501948,
        "alphaR_Kpipi": -3.455012733230989,
        "fraction_Kpipi": 0.8790516020322345,
        "muL_Kpipi": 5214.2862101277315,
        "muR_Kpipi": 5182.750627521632,
        "nL": 0.4392329990731146,
        "nL_Kpipi": 4.291531908359456,
        "nR": 5.840596424652496,
        "nR_Kpipi": 0.00013829388463176075,
        "r_bkgK": 0.021901097933184246,
        "sigmaL_Kpipi": 19.607793458122156,
        "sigmaR_Kpipi": 40.755211019720534
    },
    "sigmaL;672": 11.528237145376181,
    "sigmaL;672_err": 0.19964539722808297,
    "sigmaR;672": 18.815389519564967,
    "sigmaR;672_err": 0.28800848531072687
}