{
    "fit_ok": true,
    "frac;781": 0.4534164005260712,
    "frac;781_err": 0.018508209039164482,
    "info_fit": "------------------------------------------------------------------\n| FCN = -3.172e+05              |      Ncalls=99 (99 total)      |\n| EDM = 0.000121 (Goal: 0.001)  |            up = 0.5            |\n------------------------------------------------------------------\n|  Valid Min.   | Valid Param.  | Above EDM | Reached call limit |\n------------------------------------------------------------------\n|     True      |     True      |   False   |       False        |\n------------------------------------------------------------------\n| Hesse failed  |   Has cov.    | Accurate  | Pos. def. | Forced |\n------------------------------------------------------------------\n|     False     |     True      |   True    |   True    | False  |\n------------------------------------------------------------------",
    "info_params": "name            value    minuit_hesse    at limit\n----------  ---------  --------------  ----------\nn_sig;781       52150     +/- 2.8e+02       False\u001b[0m\nn_bkg;781        5400     +/- 1.8e+02       False\u001b[0m\nfrac;781       0.4534     +/-   0.019       False\u001b[0m\nmu;781           5279     +/-   0.079       False\u001b[0m\nsigmaL;781      11.15     +/-    0.21       False\u001b[0m\nsigmaR;781      18.39     +/-    0.23       False\u001b[0m\nlambda;781  -0.001074     +/- 0.00027       False\u001b[0m",
    "lambda;781": -0.0010744361608900216,
    "lambda;781_err": 0.0002667072751599201,
    "mu;781": 5278.923037279861,
    "mu;781_err": 0.07859465719740552,
    "n_bkg;781": 5400.169221148791,
    "n_bkg;781_err": 178.9782744656795,
    "n_sig;781": 52149.05823215813,
    "n_sig;781_err": 276.85712152235385,
    "r_params": {
        "alphaL": 1.9818592274443045,
        "alphaL_Kpipi": 0.23984147888569726,
        "alphaR": -1.898849931024303,
        "alphaR_Kpipi": -3.45169511727099,
        "fraction_Kpipi": 0.8861855867303668,
        "muL_Kpipi": 5214.656416664541,
        "muR_Kpipi": 5183.074248990296,
        "nL": 0.4467277927327606,
        "nL_Kpipi": 4.413073505098077,
        "nR": 2.453364743266551,
        "nR_Kpipi": 1.3686501931786665e-08,
        "r_bkgK": 0.03478781022148211,
        "sigmaL_Kpipi": 19.133710600596434,
        "sigmaR_Kpipi": 39.32384704379869
    },
    "sigmaL;781": 11.152371947656006,
    "sigmaL;781_err": 0.20829501610740347,
    "sigmaR;781": 18.394372179711613,
    "sigmaR;781_err": 0.22646657870076065
}