{
    "fit_ok": true,
    "frac;382": 0.4554183889760476,
    "frac;382_err": 0.022077654355909825,
    "info_fit": "------------------------------------------------------------------\n| FCN = -3.172e+05              |     Ncalls=105 (105 total)     |\n| EDM = 3.45e-05 (Goal: 0.001)  |            up = 0.5            |\n------------------------------------------------------------------\n|  Valid Min.   | Valid Param.  | Above EDM | Reached call limit |\n------------------------------------------------------------------\n|     True      |     True      |   False   |       False        |\n------------------------------------------------------------------\n| Hesse failed  |   Has cov.    | Accurate  | Pos. def. | Forced |\n------------------------------------------------------------------\n|     False     |     True      |   True    |   True    | False  |\n------------------------------------------------------------------",
    "info_params": "name            value    minuit_hesse    at limit\n----------  ---------  --------------  ----------\nn_sig;382       51270     +/- 2.8e+02       False\u001b[0m\nn_bkg;382        6310     +/- 1.9e+02       False\u001b[0m\nfrac;382       0.4554     +/-   0.022       False\u001b[0m\nmu;382           5279     +/-   0.079       False\u001b[0m\nsigmaL;382      11.23     +/-    0.21       False\u001b[0m\nsigmaR;382      18.25     +/-    0.25       False\u001b[0m\nlambda;382  -0.001692     +/- 0.00023       False\u001b[0m",
    "lambda;382": -0.0016917048038792293,
    "lambda;382_err": 0.00022826558330917373,
    "mu;382": 5278.863686025121,
    "mu;382_err": 0.07868129838276104,
    "n_bkg;382": 6309.809299631336,
    "n_bkg;382_err": 188.70135103742479,
    "n_sig;382": 51270.110754122376,
    "n_sig;382_err": 279.7413374714607,
    "r_params": {
        "alphaL": 2.0080806954763855,
        "alphaL_Kpipi": 0.23984147888569726,
        "alphaR": -1.6831385533092054,
        "alphaR_Kpipi": -3.45169511727099,
        "fraction_Kpipi": 0.8861855867303668,
        "muL_Kpipi": 5214.656416664541,
        "muR_Kpipi": 5183.074248990296,
        "nL": 0.4971167606723535,
        "nL_Kpipi": 4.413073505098077,
        "nR": 7.441066000903472,
        "nR_Kpipi": 1.3686501931786665e-08,
        "r_bkgK": 0.03478781022148211,
        "sigmaL_Kpipi": 19.133710600596434,
        "sigmaR_Kpipi": 39.32384704379869
    },
    "sigmaL;382": 11.225914491272373,
    "sigmaL;382_err": 0.2137002110515417,
    "sigmaR;382": 18.252071803731234,
    "sigmaR;382_err": 0.2519499102704746
}