{
    "fit_ok": true,
    "frac;245": 0.41593274815198505,
    "frac;245_err": 0.020961210444780724,
    "info_fit": "------------------------------------------------------------------\n| FCN = -3.172e+05              |     Ncalls=136 (136 total)     |\n| EDM = 0.000297 (Goal: 0.001)  |            up = 0.5            |\n------------------------------------------------------------------\n|  Valid Min.   | Valid Param.  | Above EDM | Reached call limit |\n------------------------------------------------------------------\n|     True      |     True      |   False   |       False        |\n------------------------------------------------------------------\n| Hesse failed  |   Has cov.    | Accurate  | Pos. def. | Forced |\n------------------------------------------------------------------\n|     False     |     True      |   True    |   True    | False  |\n------------------------------------------------------------------",
    "info_params": "name            value    minuit_hesse    at limit\n----------  ---------  --------------  ----------\nn_sig;245       51380     +/- 2.8e+02       False\u001b[0m\nn_bkg;245        5971     +/- 1.9e+02       False\u001b[0m\nfrac;245       0.4159     +/-   0.021       False\u001b[0m\nmu;245           5279     +/-   0.079       False\u001b[0m\nsigmaL;245      10.86     +/-    0.23       False\u001b[0m\nsigmaR;245      18.11     +/-    0.23       False\u001b[0m\nlambda;245  -0.001285     +/- 0.00025       False\u001b[0m",
    "lambda;245": -0.0012848164228660003,
    "lambda;245_err": 0.0002452763365935167,
    "mu;245": 5278.865100189053,
    "mu;245_err": 0.07866995435254424,
    "n_bkg;245": 5971.390770892924,
    "n_bkg;245_err": 187.6293876517749,
    "n_sig;245": 51381.79825110394,
    "n_sig;245_err": 278.9138308898359,
    "r_params": {
        "alphaL": 2.030074578321816,
        "alphaL_Kpipi": 0.21053018588916347,
        "alphaR": -1.7613550245501948,
        "alphaR_Kpipi": -3.568978334845446,
        "fraction_Kpipi": 0.8796107191139607,
        "muL_Kpipi": 5214.340376137183,
        "muR_Kpipi": 5183.460682541401,
        "nL": 0.4392329990731146,
        "nL_Kpipi": 4.748736418059929,
        "nR": 5.840596424652496,
        "nR_Kpipi": 7.206247375540231e-05,
        "r_bkgK": 0.03908009129190836,
        "sigmaL_Kpipi": 18.859905752719207,
        "sigmaR_Kpipi": 37.55813784791308
    },
    "sigmaL;245": 10.85736225520676,
    "sigmaL;245_err": 0.22941032662518238,
    "sigmaR;245": 18.112726707530115,
    "sigmaR;245_err": 0.22820492240519658
}