{
    "fit_ok": true,
    "frac;50": 0.43784833239443155,
    "frac;50_err": 0.025872380608627663,
    "info_fit": "------------------------------------------------------------------\n| FCN = -3.172e+05              |     Ncalls=103 (103 total)     |\n| EDM = 1.19e-05 (Goal: 0.001)  |            up = 0.5            |\n------------------------------------------------------------------\n|  Valid Min.   | Valid Param.  | Above EDM | Reached call limit |\n------------------------------------------------------------------\n|     True      |     True      |   False   |       False        |\n------------------------------------------------------------------\n| Hesse failed  |   Has cov.    | Accurate  | Pos. def. | Forced |\n------------------------------------------------------------------\n|     False     |     True      |   True    |   True    | False  |\n------------------------------------------------------------------",
    "info_params": "name           value    minuit_hesse    at limit\n---------  ---------  --------------  ----------\nn_sig;50       50780     +/- 2.8e+02       False\u001b[0m\nn_bkg;50        6820     +/- 1.9e+02       False\u001b[0m\nfrac;50       0.4378     +/-   0.026       False\u001b[0m\nmu;50           5279     +/-   0.078       False\u001b[0m\nsigmaL;50      10.87     +/-    0.24       False\u001b[0m\nsigmaR;50       18.7     +/-    0.29       False\u001b[0m\nlambda;50  -0.002133     +/- 0.00021       False\u001b[0m",
    "lambda;50": -0.0021328043802377877,
    "lambda;50_err": 0.0002096677079113415,
    "mu;50": 5278.85291092329,
    "mu;50_err": 0.07764984790082714,
    "n_bkg;50": 6820.348410129782,
    "n_bkg;50_err": 193.10645158712703,
    "n_sig;50": 50776.7479801619,
    "n_sig;50_err": 280.8048829928954,
    "r_params": {
        "alphaL": 2.1735654254235257,
        "alphaL_Kpipi": 0.23984147888569726,
        "alphaR": -1.9862148912159785,
        "alphaR_Kpipi": -3.45169511727099,
        "fraction_Kpipi": 0.8861855867303668,
        "muL_Kpipi": 5214.656416664541,
        "muR_Kpipi": 5183.074248990296,
        "nL": 0.3981278413736145,
        "nL_Kpipi": 4.413073505098077,
        "nR": 6.2501404955544055,
        "nR_Kpipi": 1.3686501931786665e-08,
        "r_bkgK": 0.03478781022148211,
        "sigmaL_Kpipi": 19.133710600596434,
        "sigmaR_Kpipi": 39.32384704379869
    },
    "sigmaL;50": 10.872085349100612,
    "sigmaL;50_err": 0.23978467895631503,
    "sigmaR;50": 18.703198516360448,
    "sigmaR;50_err": 0.29108925193101415
}