{
    "fit_ok": true,
    "frac;1108": 0.2806503481626329,
    "frac;1108_err": 0.014521523559462261,
    "info_fit": "------------------------------------------------------------------\n| FCN = -3.172e+05              |     Ncalls=105 (105 total)     |\n| EDM = 1.65e-05 (Goal: 0.001)  |            up = 0.5            |\n------------------------------------------------------------------\n|  Valid Min.   | Valid Param.  | Above EDM | Reached call limit |\n------------------------------------------------------------------\n|     True      |     True      |   False   |       False        |\n------------------------------------------------------------------\n| Hesse failed  |   Has cov.    | Accurate  | Pos. def. | Forced |\n------------------------------------------------------------------\n|     False     |     True      |   True    |   True    | False  |\n------------------------------------------------------------------",
    "info_params": "name             value    minuit_hesse    at limit\n-----------  ---------  --------------  ----------\nn_sig;1108       51390     +/- 2.8e+02       False\u001b[0m\nn_bkg;1108        6182     +/- 1.9e+02       False\u001b[0m\nfrac;1108       0.2807     +/-   0.015       False\u001b[0m\nmu;1108           5279     +/-   0.079       False\u001b[0m\nsigmaL;1108      9.455     +/-    0.26       False\u001b[0m\nsigmaR;1108      16.98     +/-    0.14       False\u001b[0m\nlambda;1108  -0.001301     +/- 0.00025       False\u001b[0m",
    "lambda;1108": -0.0013009706833591872,
    "lambda;1108_err": 0.0002454144033116696,
    "mu;1108": 5278.9379308164125,
    "mu;1108_err": 0.07946590003233918,
    "n_bkg;1108": 6181.93484070477,
    "n_bkg;1108_err": 193.59917120043824,
    "n_sig;1108": 51390.79873787783,
    "n_sig;1108_err": 283.1073489606442,
    "r_params": {
        "alphaL": 1.959460797882618,
        "alphaL_Kpipi": 0.23984147888569726,
        "alphaR": -1.8490615631201588,
        "alphaR_Kpipi": -3.45169511727099,
        "fraction_Kpipi": 0.8861855867303668,
        "muL_Kpipi": 5214.656416664541,
        "muR_Kpipi": 5183.074248990296,
        "nL": 0.274727739631614,
        "nL_Kpipi": 4.413073505098077,
        "nR": 9.001264314971397,
        "nR_Kpipi": 1.3686501931786665e-08,
        "r_bkgK": 0.03478781022148211,
        "sigmaL_Kpipi": 19.133710600596434,
        "sigmaR_Kpipi": 39.32384704379869
    },
    "sigmaL;1108": 9.454562033454868,
    "sigmaL;1108_err": 0.263464190161045,
    "sigmaR;1108": 16.98372882690615,
    "sigmaR;1108_err": 0.14075010670306354
}