{
    "fit_ok": true,
    "frac;972": 0.5468981648840915,
    "frac;972_err": 0.0228770072211531,
    "info_fit": "------------------------------------------------------------------\n| FCN = -3.172e+05              |     Ncalls=101 (101 total)     |\n| EDM = 0.000145 (Goal: 0.001)  |            up = 0.5            |\n------------------------------------------------------------------\n|  Valid Min.   | Valid Param.  | Above EDM | Reached call limit |\n------------------------------------------------------------------\n|     True      |     True      |   False   |       False        |\n------------------------------------------------------------------\n| Hesse failed  |   Has cov.    | Accurate  | Pos. def. | Forced |\n------------------------------------------------------------------\n|     False     |     True      |   True    |   True    | False  |\n------------------------------------------------------------------",
    "info_params": "name           value    minuit_hesse    at limit\n----------  --------  --------------  ----------\nn_sig;972      51740     +/- 2.9e+02       False\u001b[0m\nn_bkg;972       6892     +/-   2e+02       False\u001b[0m\nfrac;972      0.5469     +/-   0.023       False\u001b[0m\nmu;972          5279     +/-   0.078       False\u001b[0m\nsigmaL;972     11.78     +/-     0.2       False\u001b[0m\nsigmaR;972     19.14     +/-    0.32       False\u001b[0m\nlambda;972  -0.00236     +/- 0.00021       False\u001b[0m",
    "lambda;972": -0.002359943561964256,
    "lambda;972_err": 0.00021162047972059282,
    "mu;972": 5278.87671315156,
    "mu;972_err": 0.07830145190829589,
    "n_bkg;972": 6891.8698783991085,
    "n_bkg;972_err": 196.93301814735204,
    "n_sig;972": 51738.04581627715,
    "n_sig;972_err": 288.80655148251066,
    "r_params": {
        "alphaL": 2.030074578321816,
        "alphaL_Kpipi": 0.2622988793420702,
        "alphaR": -1.7613550245501948,
        "alphaR_Kpipi": -3.1851182391259956,
        "fraction_Kpipi": 0.8982433753650028,
        "muL_Kpipi": 5214.844370569405,
        "muR_Kpipi": 5179.004517246902,
        "nL": 0.4392329990731146,
        "nL_Kpipi": 4.109005943582518,
        "nR": 5.840596424652496,
        "nR_Kpipi": 0.00021442929880874888,
        "r_bkgK": 0.014192793105903118,
        "sigmaL_Kpipi": 18.57276026015593,
        "sigmaR_Kpipi": 39.951986468721
    },
    "sigmaL;972": 11.77573142059072,
    "sigmaL;972_err": 0.19810990474209902,
    "sigmaR;972": 19.137367638518214,
    "sigmaR;972_err": 0.3191399380904176
}