{
    "fit_ok": true,
    "frac;996": 0.5112943610035515,
    "frac;996_err": 0.025277873244925666,
    "info_fit": "------------------------------------------------------------------\n| FCN = -3.172e+05              |     Ncalls=103 (103 total)     |\n| EDM = 3.19e-05 (Goal: 0.001)  |            up = 0.5            |\n------------------------------------------------------------------\n|  Valid Min.   | Valid Param.  | Above EDM | Reached call limit |\n------------------------------------------------------------------\n|     True      |     True      |   False   |       False        |\n------------------------------------------------------------------\n| Hesse failed  |   Has cov.    | Accurate  | Pos. def. | Forced |\n------------------------------------------------------------------\n|     False     |     True      |   True    |   True    | False  |\n------------------------------------------------------------------",
    "info_params": "name            value    minuit_hesse    at limit\n----------  ---------  --------------  ----------\nn_sig;996       50930     +/- 2.7e+02       False\u001b[0m\nn_bkg;996        6666     +/- 1.8e+02       False\u001b[0m\nfrac;996       0.5113     +/-   0.025       False\u001b[0m\nmu;996           5279     +/-   0.078       False\u001b[0m\nsigmaL;996      11.56     +/-    0.21       False\u001b[0m\nsigmaR;996      19.14     +/-    0.33       False\u001b[0m\nlambda;996  -0.002159     +/-  0.0002       False\u001b[0m",
    "lambda;996": -0.002158849408811031,
    "lambda;996_err": 0.00020025712946790926,
    "mu;996": 5278.8201690726755,
    "mu;996_err": 0.07777154321666215,
    "n_bkg;996": 6665.985310735543,
    "n_bkg;996_err": 179.7193883421156,
    "n_sig;996": 50926.88184144152,
    "n_sig;996_err": 273.0066110132964,
    "r_params": {
        "alphaL": 2.137662153375806,
        "alphaL_Kpipi": 0.23984147888569726,
        "alphaR": -1.7525865529217475,
        "alphaR_Kpipi": -3.45169511727099,
        "fraction_Kpipi": 0.8861855867303668,
        "muL_Kpipi": 5214.656416664541,
        "muR_Kpipi": 5183.074248990296,
        "nL": 0.5076528833232087,
        "nL_Kpipi": 4.413073505098077,
        "nR": 5.837899156461107,
        "nR_Kpipi": 1.3686501931786665e-08,
        "r_bkgK": 0.03478781022148211,
        "sigmaL_Kpipi": 19.133710600596434,
        "sigmaR_Kpipi": 39.32384704379869
    },
    "sigmaL;996": 11.555815163259878,
    "sigmaL;996_err": 0.20884231010054313,
    "sigmaR;996": 19.136405957028366,
    "sigmaR;996_err": 0.3294407477400315
}