{
    "fit_ok": true,
    "frac;1019": 0.4667689243703182,
    "frac;1019_err": 0.02194977530039674,
    "info_fit": "------------------------------------------------------------------\n| FCN = -3.172e+05              |     Ncalls=105 (105 total)     |\n| EDM = 2.28e-05 (Goal: 0.001)  |            up = 0.5            |\n------------------------------------------------------------------\n|  Valid Min.   | Valid Param.  | Above EDM | Reached call limit |\n------------------------------------------------------------------\n|     True      |     True      |   False   |       False        |\n------------------------------------------------------------------\n| Hesse failed  |   Has cov.    | Accurate  | Pos. def. | Forced |\n------------------------------------------------------------------\n|     False     |     True      |   True    |   True    | False  |\n------------------------------------------------------------------",
    "info_params": "name             value    minuit_hesse    at limit\n-----------  ---------  --------------  ----------\nn_sig;1019       51440     +/- 2.8e+02       False\u001b[0m\nn_bkg;1019        6413     +/- 1.9e+02       False\u001b[0m\nfrac;1019       0.4668     +/-   0.022       False\u001b[0m\nmu;1019           5279     +/-   0.078       False\u001b[0m\nsigmaL;1019      11.26     +/-    0.21       False\u001b[0m\nsigmaR;1019      18.39     +/-    0.26       False\u001b[0m\nlambda;1019  -0.001827     +/- 0.00023       False\u001b[0m",
    "lambda;1019": -0.0018271219370507713,
    "lambda;1019_err": 0.0002291563016953449,
    "mu;1019": 5278.89131407394,
    "mu;1019_err": 0.07836978564632602,
    "n_bkg;1019": 6412.820802602344,
    "n_bkg;1019_err": 193.47026308767758,
    "n_sig;1019": 51439.92377530242,
    "n_sig;1019_err": 283.89510776576196,
    "r_params": {
        "alphaL": 2.030074578321816,
        "alphaL_Kpipi": 0.24248782835991523,
        "alphaR": -1.7613550245501948,
        "alphaR_Kpipi": -3.4281791012336655,
        "fraction_Kpipi": 0.9057225085823075,
        "muL_Kpipi": 5215.7627788256505,
        "muR_Kpipi": 5178.150708905255,
        "nL": 0.4392329990731146,
        "nL_Kpipi": 4.568766332389206,
        "nR": 5.840596424652496,
        "nR_Kpipi": 0.0002757022806396737,
        "r_bkgK": 0.029378004626868154,
        "sigmaL_Kpipi": 20.783377494825043,
        "sigmaR_Kpipi": 38.98934913486301
    },
    "sigmaL;1019": 11.255189081993258,
    "sigmaL;1019_err": 0.21142019983845567,
    "sigmaR;1019": 18.388416452776205,
    "sigmaR;1019_err": 0.25780523436910374
}