{
    "fit_ok": true,
    "frac;306": 0.5123665117706953,
    "frac;306_err": 0.020368847660669973,
    "info_fit": "------------------------------------------------------------------\n| FCN = -3.172e+05              |     Ncalls=100 (100 total)     |\n| EDM = 0.000389 (Goal: 0.001)  |            up = 0.5            |\n------------------------------------------------------------------\n|  Valid Min.   | Valid Param.  | Above EDM | Reached call limit |\n------------------------------------------------------------------\n|     True      |     True      |   False   |       False        |\n------------------------------------------------------------------\n| Hesse failed  |   Has cov.    | Accurate  | Pos. def. | Forced |\n------------------------------------------------------------------\n|     False     |     True      |   True    |   True    | False  |\n------------------------------------------------------------------",
    "info_params": "name            value    minuit_hesse    at limit\n----------  ---------  --------------  ----------\nn_sig;306       51760     +/- 2.7e+02       False\u001b[0m\nn_bkg;306        5804     +/- 1.7e+02       False\u001b[0m\nfrac;306       0.5124     +/-    0.02       False\u001b[0m\nmu;306           5279     +/-   0.078       False\u001b[0m\nsigmaL;306      11.64     +/-    0.19       False\u001b[0m\nsigmaR;306      18.87     +/-    0.28       False\u001b[0m\nlambda;306  -0.001555     +/- 0.00024       False\u001b[0m",
    "lambda;306": -0.001554975749016918,
    "lambda;306_err": 0.00023571521971432462,
    "mu;306": 5278.898620720839,
    "mu;306_err": 0.07822829726553965,
    "n_bkg;306": 5803.72323126975,
    "n_bkg;306_err": 174.59220710229272,
    "n_sig;306": 51759.78918515816,
    "n_sig;306_err": 272.91967721592704,
    "r_params": {
        "alphaL": 1.988423406822632,
        "alphaL_Kpipi": 0.23984147888569726,
        "alphaR": -1.8243673406256105,
        "alphaR_Kpipi": -3.45169511727099,
        "fraction_Kpipi": 0.8861855867303668,
        "muL_Kpipi": 5214.656416664541,
        "muR_Kpipi": 5183.074248990296,
        "nL": 0.5554365962625413,
        "nL_Kpipi": 4.413073505098077,
        "nR": 2.7704522327384664,
        "nR_Kpipi": 1.3686501931786665e-08,
        "r_bkgK": 0.03478781022148211,
        "sigmaL_Kpipi": 19.133710600596434,
        "sigmaR_Kpipi": 39.32384704379869
    },
    "sigmaL;306": 11.635333908769836,
    "sigmaL;306_err": 0.18833464548567264,
    "sigmaR;306": 18.87158246219489,
    "sigmaR;306_err": 0.27812463087609507
}