{
    "fit_ok": true,
    "frac;91": 0.5379069551031213,
    "frac;91_err": 0.023102504766535487,
    "info_fit": "------------------------------------------------------------------\n| FCN = -3.172e+05              |     Ncalls=103 (103 total)     |\n| EDM = 8.72e-05 (Goal: 0.001)  |            up = 0.5            |\n------------------------------------------------------------------\n|  Valid Min.   | Valid Param.  | Above EDM | Reached call limit |\n------------------------------------------------------------------\n|     True      |     True      |   False   |       False        |\n------------------------------------------------------------------\n| Hesse failed  |   Has cov.    | Accurate  | Pos. def. | Forced |\n------------------------------------------------------------------\n|     False     |     True      |   True    |   True    | False  |\n------------------------------------------------------------------",
    "info_params": "name           value    minuit_hesse    at limit\n---------  ---------  --------------  ----------\nn_sig;91       51490     +/- 2.8e+02       False\u001b[0m\nn_bkg;91        6086     +/- 1.8e+02       False\u001b[0m\nfrac;91       0.5379     +/-   0.023       False\u001b[0m\nmu;91           5279     +/-   0.078       False\u001b[0m\nsigmaL;91      11.81     +/-    0.19       False\u001b[0m\nsigmaR;91      19.27     +/-    0.34       False\u001b[0m\nlambda;91  -0.001516     +/- 0.00023       False\u001b[0m",
    "lambda;91": -0.0015157997760377323,
    "lambda;91_err": 0.00022862799340933777,
    "mu;91": 5278.771784870864,
    "mu;91_err": 0.07806850116498161,
    "n_bkg;91": 6085.863587093368,
    "n_bkg;91_err": 182.72331752806116,
    "n_sig;91": 51487.10318197863,
    "n_sig;91_err": 276.85378162431704,
    "r_params": {
        "alphaL": 2.2006712972378355,
        "alphaL_Kpipi": 0.23984147888569726,
        "alphaR": -1.567164517289006,
        "alphaR_Kpipi": -3.45169511727099,
        "fraction_Kpipi": 0.8861855867303668,
        "muL_Kpipi": 5214.656416664541,
        "muR_Kpipi": 5183.074248990296,
        "nL": 0.376128692909596,
        "nL_Kpipi": 4.413073505098077,
        "nR": 8.08791312079461,
        "nR_Kpipi": 1.3686501931786665e-08,
        "r_bkgK": 0.03478781022148211,
        "sigmaL_Kpipi": 19.133710600596434,
        "sigmaR_Kpipi": 39.32384704379869
    },
    "sigmaL;91": 11.80831416123133,
    "sigmaL;91_err": 0.1940932103931529,
    "sigmaR;91": 19.272334526326514,
    "sigmaR;91_err": 0.339138600084282
}