{
    "fit_ok": true,
    "frac;5": 0.490474320367073,
    "frac;5_err": 0.021878636356773992,
    "info_fit": "------------------------------------------------------------------\n| FCN = -3.172e+05              |     Ncalls=103 (103 total)     |\n| EDM = 0.00012 (Goal: 0.001)   |            up = 0.5            |\n------------------------------------------------------------------\n|  Valid Min.   | Valid Param.  | Above EDM | Reached call limit |\n------------------------------------------------------------------\n|     True      |     True      |   False   |       False        |\n------------------------------------------------------------------\n| Hesse failed  |   Has cov.    | Accurate  | Pos. def. | Forced |\n------------------------------------------------------------------\n|     False     |     True      |   True    |   True    | False  |\n------------------------------------------------------------------",
    "info_params": "name          value    minuit_hesse    at limit\n--------  ---------  --------------  ----------\nn_sig;5       51590     +/- 2.9e+02       False\u001b[0m\nn_bkg;5        6481     +/- 1.9e+02       False\u001b[0m\nfrac;5       0.4905     +/-   0.022       False\u001b[0m\nmu;5           5279     +/-   0.078       False\u001b[0m\nsigmaL;5      11.41     +/-     0.2       False\u001b[0m\nsigmaR;5      18.65     +/-    0.27       False\u001b[0m\nlambda;5  -0.001912     +/- 0.00023       False\u001b[0m",
    "lambda;5": -0.0019121426983773754,
    "lambda;5_err": 0.00022616273888632476,
    "mu;5": 5278.8761853864935,
    "mu;5_err": 0.07832909788210292,
    "n_bkg;5": 6481.217070233153,
    "n_bkg;5_err": 194.09344962403014,
    "n_sig;5": 51589.66181042741,
    "n_sig;5_err": 285.2790611694069,
    "r_params": {
        "alphaL": 2.030074578321816,
        "alphaL_Kpipi": 0.21795567357842904,
        "alphaR": -1.7613550245501948,
        "alphaR_Kpipi": -3.2579876783138397,
        "fraction_Kpipi": 0.8728572373230307,
        "muL_Kpipi": 5215.839037600842,
        "muR_Kpipi": 5178.580455563843,
        "nL": 0.4392329990731146,
        "nL_Kpipi": 4.347340138882027,
        "nR": 5.840596424652496,
        "nR_Kpipi": 9.307866971981779e-05,
        "r_bkgK": 0.025066332462808184,
        "sigmaL_Kpipi": 18.250298084978876,
        "sigmaR_Kpipi": 41.332934742765595
    },
    "sigmaL;5": 11.406572315357852,
    "sigmaL;5_err": 0.20242096882058333,
    "sigmaR;5": 18.647217473833685,
    "sigmaR;5_err": 0.2738872915705325
}