{
    "fit_ok": true,
    "frac;444": 0.43709417473734763,
    "frac;444_err": 0.02183777174580673,
    "info_fit": "------------------------------------------------------------------\n| FCN = -3.172e+05              |     Ncalls=104 (104 total)     |\n| EDM = 1.03e-05 (Goal: 0.001)  |            up = 0.5            |\n------------------------------------------------------------------\n|  Valid Min.   | Valid Param.  | Above EDM | Reached call limit |\n------------------------------------------------------------------\n|     True      |     True      |   False   |       False        |\n------------------------------------------------------------------\n| Hesse failed  |   Has cov.    | Accurate  | Pos. def. | Forced |\n------------------------------------------------------------------\n|     False     |     True      |   True    |   True    | False  |\n------------------------------------------------------------------",
    "info_params": "name           value    minuit_hesse    at limit\n----------  --------  --------------  ----------\nn_sig;444      51340     +/- 2.8e+02       False\u001b[0m\nn_bkg;444       6289     +/- 1.9e+02       False\u001b[0m\nfrac;444      0.4371     +/-   0.022       False\u001b[0m\nmu;444          5279     +/-   0.079       False\u001b[0m\nsigmaL;444     11.05     +/-    0.22       False\u001b[0m\nsigmaR;444     18.16     +/-    0.24       False\u001b[0m\nlambda;444  -0.00169     +/- 0.00023       False\u001b[0m",
    "lambda;444": -0.001689564202776897,
    "lambda;444_err": 0.0002341537118282208,
    "mu;444": 5278.880435384903,
    "mu;444_err": 0.07851030569257866,
    "n_bkg;444": 6288.752024742245,
    "n_bkg;444_err": 192.36227028573725,
    "n_sig;444": 51339.657695354894,
    "n_sig;444_err": 282.39943783713545,
    "r_params": {
        "alphaL": 2.030074578321816,
        "alphaL_Kpipi": 0.25166749355797885,
        "alphaR": -1.7613550245501948,
        "alphaR_Kpipi": -3.3118415732462534,
        "fraction_Kpipi": 0.8652049652590367,
        "muL_Kpipi": 5216.089386803238,
        "muR_Kpipi": 5186.184374303619,
        "nL": 0.4392329990731146,
        "nL_Kpipi": 4.458276688092773,
        "nR": 5.840596424652496,
        "nR_Kpipi": 0.0003750747043103144,
        "r_bkgK": 0.033797712483039526,
        "sigmaL_Kpipi": 19.129163550230235,
        "sigmaR_Kpipi": 36.57924801206421
    },
    "sigmaL;444": 11.04588526601128,
    "sigmaL;444_err": 0.22303761340737163,
    "sigmaR;444": 18.162663831386947,
    "sigmaR;444_err": 0.2408943174068578
}