{
    "fit_ok": true,
    "frac;1116": 0.5130315803327254,
    "frac;1116_err": 0.015979902761882016,
    "info_fit": "------------------------------------------------------------------\n| FCN = -3.172e+05              |      Ncalls=99 (99 total)      |\n| EDM = 0.000279 (Goal: 0.001)  |            up = 0.5            |\n------------------------------------------------------------------\n|  Valid Min.   | Valid Param.  | Above EDM | Reached call limit |\n------------------------------------------------------------------\n|     True      |     True      |   False   |       False        |\n------------------------------------------------------------------\n| Hesse failed  |   Has cov.    | Accurate  | Pos. def. | Forced |\n------------------------------------------------------------------\n|     False     |     True      |   True    |   True    | False  |\n------------------------------------------------------------------",
    "info_params": "name              value    minuit_hesse    at limit\n-----------  ----------  --------------  ----------\nn_sig;1116        52610     +/- 2.7e+02       False\u001b[0m\nn_bkg;1116         4919     +/- 1.6e+02       False\u001b[0m\nfrac;1116         0.513     +/-   0.016       False\u001b[0m\nmu;1116            5279     +/-   0.079       False\u001b[0m\nsigmaL;1116       11.78     +/-    0.18       False\u001b[0m\nsigmaR;1116       18.53     +/-    0.24       False\u001b[0m\nlambda;1116  -0.0004139     +/- 0.00027       False\u001b[0m",
    "lambda;1116": -0.00041388753060636607,
    "lambda;1116_err": 0.0002728283544960551,
    "mu;1116": 5278.891796029957,
    "mu;1116_err": 0.07887378321122644,
    "n_bkg;1116": 4919.360053493945,
    "n_bkg;1116_err": 164.43576688170404,
    "n_sig;1116": 52614.301010391835,
    "n_sig;1116_err": 269.9936639499627,
    "r_params": {
        "alphaL": 1.9588009087203837,
        "alphaL_Kpipi": 0.23984147888569726,
        "alphaR": -1.6759728914721665,
        "alphaR_Kpipi": -3.45169511727099,
        "fraction_Kpipi": 0.8861855867303668,
        "muL_Kpipi": 5214.656416664541,
        "muR_Kpipi": 5183.074248990296,
        "nL": 0.4722547320873348,
        "nL_Kpipi": 4.413073505098077,
        "nR": 2.997536807227247,
        "nR_Kpipi": 1.3686501931786665e-08,
        "r_bkgK": 0.03478781022148211,
        "sigmaL_Kpipi": 19.133710600596434,
        "sigmaR_Kpipi": 39.32384704379869
    },
    "sigmaL;1116": 11.779565974152039,
    "sigmaL;1116_err": 0.17626143658271246,
    "sigmaR;1116": 18.529469106415853,
    "sigmaR;1116_err": 0.2432434291420144
}