{
    "fit_ok": true,
    "frac;321": 0.3239292552322115,
    "frac;321_err": 0.018513416868275425,
    "info_fit": "------------------------------------------------------------------\n| FCN = -3.172e+05              |     Ncalls=103 (103 total)     |\n| EDM = 7.43e-05 (Goal: 0.001)  |            up = 0.5            |\n------------------------------------------------------------------\n|  Valid Min.   | Valid Param.  | Above EDM | Reached call limit |\n------------------------------------------------------------------\n|     True      |     True      |   False   |       False        |\n------------------------------------------------------------------\n| Hesse failed  |   Has cov.    | Accurate  | Pos. def. | Forced |\n------------------------------------------------------------------\n|     False     |     True      |   True    |   True    | False  |\n------------------------------------------------------------------",
    "info_params": "name             value    minuit_hesse    at limit\n----------  ----------  --------------  ----------\nn_sig;321        51010     +/- 2.7e+02       False\u001b[0m\nn_bkg;321         5518     +/- 1.7e+02       False\u001b[0m\nfrac;321        0.3239     +/-   0.019       False\u001b[0m\nmu;321            5279     +/-   0.079       False\u001b[0m\nsigmaL;321       10.09     +/-    0.25       False\u001b[0m\nsigmaR;321       17.48     +/-    0.18       False\u001b[0m\nlambda;321  -0.0006494     +/- 0.00025       False\u001b[0m",
    "lambda;321": -0.0006494398529589551,
    "lambda;321_err": 0.0002506022240417536,
    "mu;321": 5278.8455366435865,
    "mu;321_err": 0.07884081791412767,
    "n_bkg;321": 5518.16537292964,
    "n_bkg;321_err": 171.30799888732534,
    "n_sig;321": 51006.50068160961,
    "n_sig;321_err": 266.423003104207,
    "r_params": {
        "alphaL": 2.030074578321816,
        "alphaL_Kpipi": 0.23153429246705948,
        "alphaR": -1.7613550245501948,
        "alphaR_Kpipi": -3.3818169619661598,
        "fraction_Kpipi": 0.8847972070672518,
        "muL_Kpipi": 5213.807017651726,
        "muR_Kpipi": 5183.186401153603,
        "nL": 0.4392329990731146,
        "nL_Kpipi": 4.226176073601069,
        "nR": 5.840596424652496,
        "nR_Kpipi": 0.0002499942552267926,
        "r_bkgK": 0.055601010106781104,
        "sigmaL_Kpipi": 19.167377360466837,
        "sigmaR_Kpipi": 37.94115362253726
    },
    "sigmaL;321": 10.090065732012407,
    "sigmaL;321_err": 0.2481208725353519,
    "sigmaR;321": 17.47715659332809,
    "sigmaR;321_err": 0.18082018553207618
}