{
    "fit_ok": true,
    "frac;1015": 0.3354206830051658,
    "frac;1015_err": 0.019109220055990493,
    "info_fit": "------------------------------------------------------------------\n| FCN = -3.172e+05              |     Ncalls=103 (103 total)     |\n| EDM = 4.75e-05 (Goal: 0.001)  |            up = 0.5            |\n------------------------------------------------------------------\n|  Valid Min.   | Valid Param.  | Above EDM | Reached call limit |\n------------------------------------------------------------------\n|     True      |     True      |   False   |       False        |\n------------------------------------------------------------------\n| Hesse failed  |   Has cov.    | Accurate  | Pos. def. | Forced |\n------------------------------------------------------------------\n|     False     |     True      |   True    |   True    | False  |\n------------------------------------------------------------------",
    "info_params": "name              value    minuit_hesse    at limit\n-----------  ----------  --------------  ----------\nn_sig;1015        51010     +/- 2.7e+02       False\u001b[0m\nn_bkg;1015         5624     +/- 1.8e+02       False\u001b[0m\nfrac;1015        0.3354     +/-   0.019       False\u001b[0m\nmu;1015            5279     +/-   0.079       False\u001b[0m\nsigmaL;1015       10.21     +/-    0.25       False\u001b[0m\nsigmaR;1015        17.5     +/-    0.19       False\u001b[0m\nlambda;1015  -0.0007944     +/- 0.00025       False\u001b[0m",
    "lambda;1015": -0.0007943569723961041,
    "lambda;1015_err": 0.00024968234780853153,
    "mu;1015": 5278.8645742429535,
    "mu;1015_err": 0.07878068449328299,
    "n_bkg;1015": 5623.868911222258,
    "n_bkg;1015_err": 175.1970554867502,
    "n_sig;1015": 51009.353052076316,
    "n_sig;1015_err": 268.8643779911215,
    "r_params": {
        "alphaL": 2.030074578321816,
        "alphaL_Kpipi": 0.2158749464673633,
        "alphaR": -1.7613550245501948,
        "alphaR_Kpipi": -3.750688853444767,
        "fraction_Kpipi": 0.8891597668218311,
        "muL_Kpipi": 5215.237529774695,
        "muR_Kpipi": 5178.793750059859,
        "nL": 0.4392329990731146,
        "nL_Kpipi": 4.642904116453695,
        "nR": 5.840596424652496,
        "nR_Kpipi": 0.00022680529046957505,
        "r_bkgK": 0.05348337313742889,
        "sigmaL_Kpipi": 19.64324823236798,
        "sigmaR_Kpipi": 39.32726996472099
    },
    "sigmaL;1015": 10.210491982378008,
    "sigmaL;1015_err": 0.24860047702204474,
    "sigmaR;1015": 17.502351477255836,
    "sigmaR;1015_err": 0.18646833164864438
}