{
    "fit_ok": true,
    "frac;799": 0.3393490744164468,
    "frac;799_err": 0.018679005574318095,
    "info_fit": "------------------------------------------------------------------\n| FCN = -3.172e+05              |     Ncalls=101 (101 total)     |\n| EDM = 0.000185 (Goal: 0.001)  |            up = 0.5            |\n------------------------------------------------------------------\n|  Valid Min.   | Valid Param.  | Above EDM | Reached call limit |\n------------------------------------------------------------------\n|     True      |     True      |   False   |       False        |\n------------------------------------------------------------------\n| Hesse failed  |   Has cov.    | Accurate  | Pos. def. | Forced |\n------------------------------------------------------------------\n|     False     |     True      |   True    |   True    | False  |\n------------------------------------------------------------------",
    "info_params": "name            value    minuit_hesse    at limit\n----------  ---------  --------------  ----------\nn_sig;799       51100     +/- 2.7e+02       False\u001b[0m\nn_bkg;799        5559     +/- 1.7e+02       False\u001b[0m\nfrac;799       0.3393     +/-   0.019       False\u001b[0m\nmu;799           5279     +/-   0.079       False\u001b[0m\nsigmaL;799      10.22     +/-    0.24       False\u001b[0m\nsigmaR;799      17.61     +/-    0.19       False\u001b[0m\nlambda;799  -0.000712     +/- 0.00025       False\u001b[0m",
    "lambda;799": -0.0007119807751394397,
    "lambda;799_err": 0.0002502192664162446,
    "mu;799": 5278.840105139193,
    "mu;799_err": 0.07882608832923313,
    "n_bkg;799": 5559.124621783427,
    "n_bkg;799_err": 172.82484677003066,
    "n_sig;799": 51103.98670311665,
    "n_sig;799_err": 267.8718737060394,
    "r_params": {
        "alphaL": 2.030074578321816,
        "alphaL_Kpipi": 0.2306919670862206,
        "alphaR": -1.7613550245501948,
        "alphaR_Kpipi": -3.540426542991353,
        "fraction_Kpipi": 0.8690752056884767,
        "muL_Kpipi": 5213.543392084195,
        "muR_Kpipi": 5185.823084108012,
        "nL": 0.4392329990731146,
        "nL_Kpipi": 4.217984763545228,
        "nR": 5.840596424652496,
        "nR_Kpipi": 1.7443729394866685e-05,
        "r_bkgK": 0.05278282835335238,
        "sigmaL_Kpipi": 18.38420925095654,
        "sigmaR_Kpipi": 37.62081793795715
    },
    "sigmaL;799": 10.221027699872796,
    "sigmaL;799_err": 0.24115961819144272,
    "sigmaR;799": 17.61141887917436,
    "sigmaR;799_err": 0.18645392708493375
}