{
    "fit_ok": true,
    "frac;180": 0.3952248406873138,
    "frac;180_err": 0.023511446858145626,
    "info_fit": "------------------------------------------------------------------\n| FCN = -3.172e+05              |     Ncalls=103 (103 total)     |\n| EDM = 7.04e-06 (Goal: 0.001)  |            up = 0.5            |\n------------------------------------------------------------------\n|  Valid Min.   | Valid Param.  | Above EDM | Reached call limit |\n------------------------------------------------------------------\n|     True      |     True      |   False   |       False        |\n------------------------------------------------------------------\n| Hesse failed  |   Has cov.    | Accurate  | Pos. def. | Forced |\n------------------------------------------------------------------\n|     False     |     True      |   True    |   True    | False  |\n------------------------------------------------------------------",
    "info_params": "name            value    minuit_hesse    at limit\n----------  ---------  --------------  ----------\nn_sig;180       50440     +/- 2.8e+02       False\u001b[0m\nn_bkg;180        7172     +/- 1.9e+02       False\u001b[0m\nfrac;180       0.3952     +/-   0.024       False\u001b[0m\nmu;180           5279     +/-   0.079       False\u001b[0m\nsigmaL;180      10.53     +/-    0.25       False\u001b[0m\nsigmaR;180      17.99     +/-    0.22       False\u001b[0m\nlambda;180  -0.002445     +/- 0.00019       False\u001b[0m",
    "lambda;180": -0.0024453237012835166,
    "lambda;180_err": 0.00019253948763482844,
    "mu;180": 5278.974325488068,
    "mu;180_err": 0.07870240941674833,
    "n_bkg;180": 7172.105565013815,
    "n_bkg;180_err": 187.6152323061117,
    "n_sig;180": 50436.01967951076,
    "n_sig;180_err": 276.0751170294626,
    "r_params": {
        "alphaL": 1.8786493754433893,
        "alphaL_Kpipi": 0.23984147888569726,
        "alphaR": -2.034301728517844,
        "alphaR_Kpipi": -3.45169511727099,
        "fraction_Kpipi": 0.8861855867303668,
        "muL_Kpipi": 5214.656416664541,
        "muR_Kpipi": 5183.074248990296,
        "nL": 0.6910430294624205,
        "nL_Kpipi": 4.413073505098077,
        "nR": 6.433092789243545,
        "nR_Kpipi": 1.3686501931786665e-08,
        "r_bkgK": 0.03478781022148211,
        "sigmaL_Kpipi": 19.133710600596434,
        "sigmaR_Kpipi": 39.32384704379869
    },
    "sigmaL;180": 10.530709174802933,
    "sigmaL;180_err": 0.24820801142959387,
    "sigmaR;180": 17.994465644715035,
    "sigmaR;180_err": 0.22403621330629922
}