{
    "fit_ok": true,
    "frac;666": 0.5300175797533389,
    "frac;666_err": 0.022400715587535827,
    "info_fit": "------------------------------------------------------------------\n| FCN = -3.172e+05              |     Ncalls=105 (105 total)     |\n| EDM = 3.52e-05 (Goal: 0.001)  |            up = 0.5            |\n------------------------------------------------------------------\n|  Valid Min.   | Valid Param.  | Above EDM | Reached call limit |\n------------------------------------------------------------------\n|     True      |     True      |   False   |       False        |\n------------------------------------------------------------------\n| Hesse failed  |   Has cov.    | Accurate  | Pos. def. | Forced |\n------------------------------------------------------------------\n|     False     |     True      |   True    |   True    | False  |\n------------------------------------------------------------------",
    "info_params": "name            value    minuit_hesse    at limit\n----------  ---------  --------------  ----------\nn_sig;666       51730     +/- 2.9e+02       False\u001b[0m\nn_bkg;666        6720     +/-   2e+02       False\u001b[0m\nfrac;666         0.53     +/-   0.022       False\u001b[0m\nmu;666           5279     +/-   0.078       False\u001b[0m\nsigmaL;666      11.66     +/-     0.2       False\u001b[0m\nsigmaR;666      19.02     +/-     0.3       False\u001b[0m\nlambda;666  -0.002178     +/- 0.00022       False\u001b[0m",
    "lambda;666": -0.0021783308321110945,
    "lambda;666_err": 0.00021725992620164218,
    "mu;666": 5278.8726065429955,
    "mu;666_err": 0.07830384409027036,
    "n_bkg;666": 6719.804867185854,
    "n_bkg;666_err": 195.74356996430146,
    "n_sig;666": 51729.01336003901,
    "n_sig;666_err": 287.6115482484557,
    "r_params": {
        "alphaL": 2.030074578321816,
        "alphaL_Kpipi": 0.24035387241252765,
        "alphaR": -1.7613550245501948,
        "alphaR_Kpipi": -3.2978462810309503,
        "fraction_Kpipi": 0.9061949483304196,
        "muL_Kpipi": 5213.295717555213,
        "muR_Kpipi": 5182.9870607223975,
        "nL": 0.4392329990731146,
        "nL_Kpipi": 4.450536205535834,
        "nR": 5.840596424652496,
        "nR_Kpipi": 0.00021439207212489017,
        "r_bkgK": 0.017699206942844298,
        "sigmaL_Kpipi": 18.552244074451398,
        "sigmaR_Kpipi": 39.36374273964444
    },
    "sigmaL;666": 11.65834566689309,
    "sigmaL;666_err": 0.19796621610853576,
    "sigmaR;666": 19.023670203616064,
    "sigmaR;666_err": 0.3043536892736786
}