{
    "fit_ok": true,
    "frac;357": 0.3966893781523644,
    "frac;357_err": 0.018774553482159076,
    "info_fit": "------------------------------------------------------------------\n| FCN = -3.172e+05              |     Ncalls=106 (106 total)     |\n| EDM = 7.57e-05 (Goal: 0.001)  |            up = 0.5            |\n------------------------------------------------------------------\n|  Valid Min.   | Valid Param.  | Above EDM | Reached call limit |\n------------------------------------------------------------------\n|     True      |     True      |   False   |       False        |\n------------------------------------------------------------------\n| Hesse failed  |   Has cov.    | Accurate  | Pos. def. | Forced |\n------------------------------------------------------------------\n|     False     |     True      |   True    |   True    | False  |\n------------------------------------------------------------------",
    "info_params": "name            value    minuit_hesse    at limit\n----------  ---------  --------------  ----------\nn_sig;357       51570     +/- 2.8e+02       False\u001b[0m\nn_bkg;357        6001     +/- 1.9e+02       False\u001b[0m\nfrac;357       0.3967     +/-   0.019       False\u001b[0m\nmu;357           5279     +/-   0.079       False\u001b[0m\nsigmaL;357      10.78     +/-    0.22       False\u001b[0m\nsigmaR;357      17.67     +/-     0.2       False\u001b[0m\nlambda;357  -0.001227     +/- 0.00025       False\u001b[0m",
    "lambda;357": -0.0012274061904992,
    "lambda;357_err": 0.00025029463272948244,
    "mu;357": 5278.852314781831,
    "mu;357_err": 0.07911620259722238,
    "n_bkg;357": 6001.213901590007,
    "n_bkg;357_err": 191.53199643039494,
    "n_sig;357": 51566.98575751336,
    "n_sig;357_err": 282.4814240884976,
    "r_params": {
        "alphaL": 2.0046104562729328,
        "alphaL_Kpipi": 0.23984147888569726,
        "alphaR": -1.6104926936882065,
        "alphaR_Kpipi": -3.45169511727099,
        "fraction_Kpipi": 0.8861855867303668,
        "muL_Kpipi": 5214.656416664541,
        "muR_Kpipi": 5183.074248990296,
        "nL": 0.3759778951783666,
        "nL_Kpipi": 4.413073505098077,
        "nR": 11.609817812263653,
        "nR_Kpipi": 1.3686501931786665e-08,
        "r_bkgK": 0.03478781022148211,
        "sigmaL_Kpipi": 19.133710600596434,
        "sigmaR_Kpipi": 39.32384704379869
    },
    "sigmaL;357": 10.783665025308855,
    "sigmaL;357_err": 0.22372937027299936,
    "sigmaR;357": 17.666393544325494,
    "sigmaR;357_err": 0.19989007932154287
}