{
    "fit_ok": true,
    "frac;440": 0.33392290635556404,
    "frac;440_err": 0.019435824061885466,
    "info_fit": "------------------------------------------------------------------\n| FCN = -3.172e+05              |     Ncalls=103 (103 total)     |\n| EDM = 2.29e-05 (Goal: 0.001)  |            up = 0.5            |\n------------------------------------------------------------------\n|  Valid Min.   | Valid Param.  | Above EDM | Reached call limit |\n------------------------------------------------------------------\n|     True      |     True      |   False   |       False        |\n------------------------------------------------------------------\n| Hesse failed  |   Has cov.    | Accurate  | Pos. def. | Forced |\n------------------------------------------------------------------\n|     False     |     True      |   True    |   True    | False  |\n------------------------------------------------------------------",
    "info_params": "name             value    minuit_hesse    at limit\n----------  ----------  --------------  ----------\nn_sig;440        50950     +/- 2.7e+02       False\u001b[0m\nn_bkg;440         5682     +/- 1.8e+02       False\u001b[0m\nfrac;440        0.3339     +/-   0.019       False\u001b[0m\nmu;440            5279     +/-   0.079       False\u001b[0m\nsigmaL;440       10.21     +/-    0.25       False\u001b[0m\nsigmaR;440       17.46     +/-    0.19       False\u001b[0m\nlambda;440  -0.0008959     +/- 0.00025       False\u001b[0m",
    "lambda;440": -0.0008959147276339924,
    "lambda;440_err": 0.0002491956997735856,
    "mu;440": 5278.871256254528,
    "mu;440_err": 0.07879152486000611,
    "n_bkg;440": 5681.8071854786585,
    "n_bkg;440_err": 177.5421194385127,
    "n_sig;440": 50952.10326879577,
    "n_sig;440_err": 270.04741278336604,
    "r_params": {
        "alphaL": 2.030074578321816,
        "alphaL_Kpipi": 0.24256906582474244,
        "alphaR": -1.7613550245501948,
        "alphaR_Kpipi": -3.1261707530661407,
        "fraction_Kpipi": 0.8812653642824273,
        "muL_Kpipi": 5214.770171424263,
        "muR_Kpipi": 5183.2641120374265,
        "nL": 0.4392329990731146,
        "nL_Kpipi": 4.3625735212746815,
        "nR": 5.840596424652496,
        "nR_Kpipi": 6.130219565445538e-05,
        "r_bkgK": 0.05353406497629887,
        "sigmaL_Kpipi": 20.211879689152944,
        "sigmaR_Kpipi": 40.30351194988632
    },
    "sigmaL;440": 10.206002038237921,
    "sigmaL;440_err": 0.2524450778419683,
    "sigmaR;440": 17.459505697777054,
    "sigmaR;440_err": 0.18731399459390516
}