{
    "fit_ok": true,
    "frac;845": 0.26535757229806506,
    "frac;845_err": 0.013982796750165907,
    "info_fit": "------------------------------------------------------------------\n| FCN = -3.172e+05              |     Ncalls=104 (104 total)     |\n| EDM = 4.01e-05 (Goal: 0.001)  |            up = 0.5            |\n------------------------------------------------------------------\n|  Valid Min.   | Valid Param.  | Above EDM | Reached call limit |\n------------------------------------------------------------------\n|     True      |     True      |   False   |       False        |\n------------------------------------------------------------------\n| Hesse failed  |   Has cov.    | Accurate  | Pos. def. | Forced |\n------------------------------------------------------------------\n|     False     |     True      |   True    |   True    | False  |\n------------------------------------------------------------------",
    "info_params": "name            value    minuit_hesse    at limit\n----------  ---------  --------------  ----------\nn_sig;845       51520     +/- 2.8e+02       False\u001b[0m\nn_bkg;845        6048     +/- 1.9e+02       False\u001b[0m\nfrac;845       0.2654     +/-   0.014       False\u001b[0m\nmu;845           5279     +/-   0.079       False\u001b[0m\nsigmaL;845      9.266     +/-    0.27       False\u001b[0m\nsigmaR;845      17.01     +/-    0.14       False\u001b[0m\nlambda;845  -0.001123     +/- 0.00025       False\u001b[0m",
    "lambda;845": -0.0011232209551180483,
    "lambda;845_err": 0.00025146970822922433,
    "mu;845": 5278.904484248085,
    "mu;845_err": 0.07906485939521707,
    "n_bkg;845": 6047.728626301132,
    "n_bkg;845_err": 192.39213139871705,
    "n_sig;845": 51520.15775345765,
    "n_sig;845_err": 282.7701382616447,
    "r_params": {
        "alphaL": 2.09373915661929,
        "alphaL_Kpipi": 0.23984147888569726,
        "alphaR": -1.9437340012108955,
        "alphaR_Kpipi": -3.45169511727099,
        "fraction_Kpipi": 0.8861855867303668,
        "muL_Kpipi": 5214.656416664541,
        "muR_Kpipi": 5183.074248990296,
        "nL": 0.15677180840528615,
        "nL_Kpipi": 4.413073505098077,
        "nR": 6.776004269611935,
        "nR_Kpipi": 1.3686501931786665e-08,
        "r_bkgK": 0.03478781022148211,
        "sigmaL_Kpipi": 19.133710600596434,
        "sigmaR_Kpipi": 39.32384704379869
    },
    "sigmaL;845": 9.26587266616979,
    "sigmaL;845_err": 0.27337872574495076,
    "sigmaR;845": 17.01378322205597,
    "sigmaR;845_err": 0.13847816774856406
}