{
    "fit_ok": true,
    "frac;277": 0.638129373152422,
    "frac;277_err": 0.01842640067310811,
    "info_fit": "------------------------------------------------------------------\n| FCN = -3.171e+05              |     Ncalls=101 (101 total)     |\n| EDM = 0.000302 (Goal: 0.001)  |            up = 0.5            |\n------------------------------------------------------------------\n|  Valid Min.   | Valid Param.  | Above EDM | Reached call limit |\n------------------------------------------------------------------\n|     True      |     True      |   False   |       False        |\n------------------------------------------------------------------\n| Hesse failed  |   Has cov.    | Accurate  | Pos. def. | Forced |\n------------------------------------------------------------------\n|     False     |     True      |   True    |   True    | False  |\n------------------------------------------------------------------",
    "info_params": "name            value    minuit_hesse    at limit\n----------  ---------  --------------  ----------\nn_sig;277       51810     +/- 2.7e+02       False\u001b[0m\nn_bkg;277        5754     +/- 1.6e+02       False\u001b[0m\nfrac;277       0.6381     +/-   0.018       False\u001b[0m\nmu;277           5279     +/-   0.079       False\u001b[0m\nsigmaL;277      12.62     +/-    0.15       False\u001b[0m\nsigmaR;277      19.77     +/-    0.39       False\u001b[0m\nlambda;277  -0.001714     +/- 0.00021       False\u001b[0m",
    "lambda;277": -0.0017137836854429211,
    "lambda;277_err": 0.00021417420836492652,
    "mu;277": 5278.877021690156,
    "mu;277_err": 0.07852397545089888,
    "n_bkg;277": 5754.164864285387,
    "n_bkg;277_err": 161.12617516369954,
    "n_sig;277": 51807.29693243102,
    "n_sig;277_err": 265.28967542462766,
    "r_params": {
        "alphaL": 1.9643828059401598,
        "alphaL_Kpipi": 0.23984147888569726,
        "alphaR": -1.6141929934280805,
        "alphaR_Kpipi": -3.45169511727099,
        "fraction_Kpipi": 0.8861855867303668,
        "muL_Kpipi": 5214.656416664541,
        "muR_Kpipi": 5183.074248990296,
        "nL": 0.7212027963699166,
        "nL_Kpipi": 4.413073505098077,
        "nR": 2.8131522382,
        "nR_Kpipi": 1.3686501931786665e-08,
        "r_bkgK": 0.03478781022148211,
        "sigmaL_Kpipi": 19.133710600596434,
        "sigmaR_Kpipi": 39.32384704379869
    },
    "sigmaL;277": 12.62197144741304,
    "sigmaL;277_err": 0.15292485616349216,
    "sigmaR;277": 19.76640451347599,
    "sigmaR;277_err": 0.3890643846051316
}