{
    "fit_ok": true,
    "frac;1020": 0.36576295674409615,
    "frac;1020_err": 0.020022304369276094,
    "info_fit": "------------------------------------------------------------------\n| FCN = -3.172e+05              |     Ncalls=106 (106 total)     |\n| EDM = 1.4e-05 (Goal: 0.001)   |            up = 0.5            |\n------------------------------------------------------------------\n|  Valid Min.   | Valid Param.  | Above EDM | Reached call limit |\n------------------------------------------------------------------\n|     True      |     True      |   False   |       False        |\n------------------------------------------------------------------\n| Hesse failed  |   Has cov.    | Accurate  | Pos. def. | Forced |\n------------------------------------------------------------------\n|     False     |     True      |   True    |   True    | False  |\n------------------------------------------------------------------",
    "info_params": "name             value    minuit_hesse    at limit\n-----------  ---------  --------------  ----------\nn_sig;1020       51070     +/- 2.7e+02       False\u001b[0m\nn_bkg;1020        5892     +/- 1.8e+02       False\u001b[0m\nfrac;1020       0.3658     +/-    0.02       False\u001b[0m\nmu;1020           5279     +/-   0.079       False\u001b[0m\nsigmaL;1020      10.48     +/-    0.23       False\u001b[0m\nsigmaR;1020      17.66     +/-     0.2       False\u001b[0m\nlambda;1020  -0.001176     +/- 0.00024       False\u001b[0m",
    "lambda;1020": -0.0011761073676192502,
    "lambda;1020_err": 0.00024409623679116276,
    "mu;1020": 5278.8762362463785,
    "mu;1020_err": 0.07865673328916081,
    "n_bkg;1020": 5892.399274226281,
    "n_bkg;1020_err": 183.1654335923609,
    "n_sig;1020": 51069.74523108456,
    "n_sig;1020_err": 274.43046137070013,
    "r_params": {
        "alphaL": 2.030074578321816,
        "alphaL_Kpipi": 0.22746045628845868,
        "alphaR": -1.7613550245501948,
        "alphaR_Kpipi": -3.5197602727704074,
        "fraction_Kpipi": 0.9171396739596149,
        "muL_Kpipi": 5215.1192428456,
        "muR_Kpipi": 5188.660905850902,
        "nL": 0.4392329990731146,
        "nL_Kpipi": 4.269127532484887,
        "nR": 5.840596424652496,
        "nR_Kpipi": 9.092681320388332e-05,
        "r_bkgK": 0.04699519593160049,
        "sigmaL_Kpipi": 19.869455344775673,
        "sigmaR_Kpipi": 41.52481325739113
    },
    "sigmaL;1020": 10.48250014153465,
    "sigmaL;1020_err": 0.23493262368847762,
    "sigmaR;1020": 17.65892417938948,
    "sigmaR;1020_err": 0.20206091055678033
}