{
    "fit_ok": true,
    "frac;726": 0.3177245299837413,
    "frac;726_err": 0.019052998876195187,
    "info_fit": "------------------------------------------------------------------\n| FCN = -3.172e+05              |     Ncalls=103 (103 total)     |\n| EDM = 6.93e-05 (Goal: 0.001)  |            up = 0.5            |\n------------------------------------------------------------------\n|  Valid Min.   | Valid Param.  | Above EDM | Reached call limit |\n------------------------------------------------------------------\n|     True      |     True      |   False   |       False        |\n------------------------------------------------------------------\n| Hesse failed  |   Has cov.    | Accurate  | Pos. def. | Forced |\n------------------------------------------------------------------\n|     False     |     True      |   True    |   True    | False  |\n------------------------------------------------------------------",
    "info_params": "name             value    minuit_hesse    at limit\n----------  ----------  --------------  ----------\nn_sig;726        50910     +/- 2.7e+02       False\u001b[0m\nn_bkg;726         5639     +/- 1.8e+02       False\u001b[0m\nfrac;726        0.3177     +/-   0.019       False\u001b[0m\nmu;726            5279     +/-   0.079       False\u001b[0m\nsigmaL;726       10.05     +/-    0.26       False\u001b[0m\nsigmaR;726       17.38     +/-    0.18       False\u001b[0m\nlambda;726  -0.0008309     +/- 0.00025       False\u001b[0m",
    "lambda;726": -0.0008309077495495532,
    "lambda;726_err": 0.00024904481667223285,
    "mu;726": 5278.846225346536,
    "mu;726_err": 0.07889712761450694,
    "n_bkg;726": 5638.842054053916,
    "n_bkg;726_err": 175.36473419938244,
    "n_sig;726": 50907.5579574951,
    "n_sig;726_err": 268.46553985743014,
    "r_params": {
        "alphaL": 2.030074578321816,
        "alphaL_Kpipi": 0.24071938201066262,
        "alphaR": -1.7613550245501948,
        "alphaR_Kpipi": -3.3774643099811237,
        "fraction_Kpipi": 0.8786132773097536,
        "muL_Kpipi": 5215.004838074818,
        "muR_Kpipi": 5189.076183193854,
        "nL": 0.4392329990731146,
        "nL_Kpipi": 4.887058042111325,
        "nR": 5.840596424652496,
        "nR_Kpipi": 0.00022976057670758655,
        "r_bkgK": 0.05528160597697898,
        "sigmaL_Kpipi": 18.155222779625458,
        "sigmaR_Kpipi": 39.97582782068618
    },
    "sigmaL;726": 10.053972363620801,
    "sigmaL;726_err": 0.25819787110337994,
    "sigmaR;726": 17.381819064766116,
    "sigmaR;726_err": 0.1805026312987088
}