{
    "fit_ok": true,
    "frac;1065": 0.4969051199603089,
    "frac;1065_err": 0.021702956729482983,
    "info_fit": "------------------------------------------------------------------\n| FCN = -3.172e+05              |     Ncalls=101 (101 total)     |\n| EDM = 9.97e-05 (Goal: 0.001)  |            up = 0.5            |\n------------------------------------------------------------------\n|  Valid Min.   | Valid Param.  | Above EDM | Reached call limit |\n------------------------------------------------------------------\n|     True      |     True      |   False   |       False        |\n------------------------------------------------------------------\n| Hesse failed  |   Has cov.    | Accurate  | Pos. def. | Forced |\n------------------------------------------------------------------\n|     False     |     True      |   True    |   True    | False  |\n------------------------------------------------------------------",
    "info_params": "name             value    minuit_hesse    at limit\n-----------  ---------  --------------  ----------\nn_sig;1065       51640     +/- 2.9e+02       False\u001b[0m\nn_bkg;1065        6452     +/- 1.9e+02       False\u001b[0m\nfrac;1065       0.4969     +/-   0.022       False\u001b[0m\nmu;1065           5279     +/-   0.078       False\u001b[0m\nsigmaL;1065      11.44     +/-     0.2       False\u001b[0m\nsigmaR;1065      18.74     +/-    0.28       False\u001b[0m\nlambda;1065  -0.001877     +/- 0.00023       False\u001b[0m",
    "lambda;1065": -0.0018765299856851742,
    "lambda;1065_err": 0.00022679059412833235,
    "mu;1065": 5278.87569437249,
    "mu;1065_err": 0.07829736364230735,
    "n_bkg;1065": 6451.546437505664,
    "n_bkg;1065_err": 193.55259532385455,
    "n_sig;1065": 51644.08208061606,
    "n_sig;1065_err": 285.1649730563434,
    "r_params": {
        "alphaL": 2.030074578321816,
        "alphaL_Kpipi": 0.21621818082348035,
        "alphaR": -1.7613550245501948,
        "alphaR_Kpipi": -3.288866736531208,
        "fraction_Kpipi": 0.8816096345951434,
        "muL_Kpipi": 5214.017373509011,
        "muR_Kpipi": 5179.905625608581,
        "nL": 0.4392329990731146,
        "nL_Kpipi": 4.766350286079209,
        "nR": 5.840596424652496,
        "nR_Kpipi": 0.00016336547910978535,
        "r_bkgK": 0.0245679036743391,
        "sigmaL_Kpipi": 19.319657461521338,
        "sigmaR_Kpipi": 39.13292314579735
    },
    "sigmaL;1065": 11.439414245480432,
    "sigmaL;1065_err": 0.19940354004400637,
    "sigmaR;1065": 18.73868079607056,
    "sigmaR;1065_err": 0.2779585106763243
}