{
    "fit_ok": true,
    "frac;964": 0.4107138364314098,
    "frac;964_err": 0.021591523586803624,
    "info_fit": "------------------------------------------------------------------\n| FCN = -3.172e+05              |     Ncalls=106 (106 total)     |\n| EDM = 4.65e-05 (Goal: 0.001)  |            up = 0.5            |\n------------------------------------------------------------------\n|  Valid Min.   | Valid Param.  | Above EDM | Reached call limit |\n------------------------------------------------------------------\n|     True      |     True      |   False   |       False        |\n------------------------------------------------------------------\n| Hesse failed  |   Has cov.    | Accurate  | Pos. def. | Forced |\n------------------------------------------------------------------\n|     False     |     True      |   True    |   True    | False  |\n------------------------------------------------------------------",
    "info_params": "name           value    minuit_hesse    at limit\n----------  --------  --------------  ----------\nn_sig;964      51280     +/- 2.8e+02       False\u001b[0m\nn_bkg;964       6099     +/- 1.9e+02       False\u001b[0m\nfrac;964      0.4107     +/-   0.022       False\u001b[0m\nmu;964          5279     +/-   0.079       False\u001b[0m\nsigmaL;964     10.84     +/-    0.24       False\u001b[0m\nsigmaR;964        18     +/-    0.23       False\u001b[0m\nlambda;964  -0.00146     +/- 0.00024       False\u001b[0m",
    "lambda;964": -0.0014597628889965325,
    "lambda;964_err": 0.00024130668903051675,
    "mu;964": 5278.873146764838,
    "mu;964_err": 0.07867413889840418,
    "n_bkg;964": 6099.353921556254,
    "n_bkg;964_err": 189.79910000473768,
    "n_sig;964": 51276.14933613833,
    "n_sig;964_err": 280.02731431134475,
    "r_params": {
        "alphaL": 2.030074578321816,
        "alphaL_Kpipi": 0.25943943671395764,
        "alphaR": -1.7613550245501948,
        "alphaR_Kpipi": -3.164783810508794,
        "fraction_Kpipi": 0.8927213223806658,
        "muL_Kpipi": 5214.623683437485,
        "muR_Kpipi": 5179.160662015093,
        "nL": 0.4392329990731146,
        "nL_Kpipi": 4.529850331750404,
        "nR": 5.840596424652496,
        "nR_Kpipi": 0.00041848110010389155,
        "r_bkgK": 0.03875380771062366,
        "sigmaL_Kpipi": 19.317974835145346,
        "sigmaR_Kpipi": 42.014952363382264
    },
    "sigmaL;964": 10.835067659269887,
    "sigmaL;964_err": 0.23751216276937254,
    "sigmaR;964": 18.00237908535113,
    "sigmaR;964_err": 0.22661882309848252
}