{
    "fit_ok": true,
    "frac;1114": 0.33299329070824724,
    "frac;1114_err": 0.019137700074900916,
    "info_fit": "------------------------------------------------------------------\n| FCN = -3.172e+05              |     Ncalls=106 (106 total)     |\n| EDM = 2.96e-05 (Goal: 0.001)  |            up = 0.5            |\n------------------------------------------------------------------\n|  Valid Min.   | Valid Param.  | Above EDM | Reached call limit |\n------------------------------------------------------------------\n|     True      |     True      |   False   |       False        |\n------------------------------------------------------------------\n| Hesse failed  |   Has cov.    | Accurate  | Pos. def. | Forced |\n------------------------------------------------------------------\n|     False     |     True      |   True    |   True    | False  |\n------------------------------------------------------------------",
    "info_params": "name              value    minuit_hesse    at limit\n-----------  ----------  --------------  ----------\nn_sig;1114        51040     +/- 2.7e+02       False\u001b[0m\nn_bkg;1114         5639     +/- 1.8e+02       False\u001b[0m\nfrac;1114         0.333     +/-   0.019       False\u001b[0m\nmu;1114            5279     +/-   0.079       False\u001b[0m\nsigmaL;1114       10.18     +/-    0.25       False\u001b[0m\nsigmaR;1114       17.53     +/-    0.19       False\u001b[0m\nlambda;1114  -0.0008341     +/- 0.00025       False\u001b[0m",
    "lambda;1114": -0.000834065833044198,
    "lambda;1114_err": 0.0002493415254989869,
    "mu;1114": 5278.835913140795,
    "mu;1114_err": 0.07887558632855482,
    "n_bkg;1114": 5639.3350077294435,
    "n_bkg;1114_err": 175.68525226785837,
    "n_sig;1114": 51040.498179362854,
    "n_sig;1114_err": 269.35539807869515,
    "r_params": {
        "alphaL": 2.030074578321816,
        "alphaL_Kpipi": 0.23030776499430336,
        "alphaR": -1.7613550245501948,
        "alphaR_Kpipi": -3.3306887145486765,
        "fraction_Kpipi": 0.9251150023282394,
        "muL_Kpipi": 5214.428116661238,
        "muR_Kpipi": 5184.9198154445485,
        "nL": 0.4392329990731146,
        "nL_Kpipi": 4.732144068493539,
        "nR": 5.840596424652496,
        "nR_Kpipi": 8.123622577696961e-05,
        "r_bkgK": 0.05252755748904176,
        "sigmaL_Kpipi": 17.76991305040985,
        "sigmaR_Kpipi": 38.48009081683577
    },
    "sigmaL;1114": 10.178677042528932,
    "sigmaL;1114_err": 0.2509707953230257,
    "sigmaR;1114": 17.531856544941228,
    "sigmaR;1114_err": 0.18588555420843886
}