{
    "fit_ok": true,
    "frac;296": 0.5455084019165982,
    "frac;296_err": 0.022796844906398474,
    "info_fit": "------------------------------------------------------------------\n| FCN = -3.172e+05              |     Ncalls=101 (101 total)     |\n| EDM = 0.000176 (Goal: 0.001)  |            up = 0.5            |\n------------------------------------------------------------------\n|  Valid Min.   | Valid Param.  | Above EDM | Reached call limit |\n------------------------------------------------------------------\n|     True      |     True      |   False   |       False        |\n------------------------------------------------------------------\n| Hesse failed  |   Has cov.    | Accurate  | Pos. def. | Forced |\n------------------------------------------------------------------\n|     False     |     True      |   True    |   True    | False  |\n------------------------------------------------------------------",
    "info_params": "name            value    minuit_hesse    at limit\n----------  ---------  --------------  ----------\nn_sig;296       51740     +/- 2.9e+02       False\u001b[0m\nn_bkg;296        6861     +/-   2e+02       False\u001b[0m\nfrac;296       0.5455     +/-   0.023       False\u001b[0m\nmu;296           5279     +/-   0.078       False\u001b[0m\nsigmaL;296      11.76     +/-     0.2       False\u001b[0m\nsigmaR;296      19.13     +/-    0.32       False\u001b[0m\nlambda;296  -0.002325     +/- 0.00021       False\u001b[0m",
    "lambda;296": -0.002325141087960364,
    "lambda;296_err": 0.00021279549032903201,
    "mu;296": 5278.878334562387,
    "mu;296_err": 0.07830704698892088,
    "n_bkg;296": 6860.85016026369,
    "n_bkg;296_err": 196.96306555981732,
    "n_sig;296": 51738.9933721463,
    "n_sig;296_err": 288.7618434981204,
    "r_params": {
        "alphaL": 2.030074578321816,
        "alphaL_Kpipi": 0.25055003280232807,
        "alphaR": -1.7613550245501948,
        "alphaR_Kpipi": -3.3558844137237203,
        "fraction_Kpipi": 0.9007670316390758,
        "muL_Kpipi": 5214.379543703106,
        "muR_Kpipi": 5180.735553609041,
        "nL": 0.4392329990731146,
        "nL_Kpipi": 4.109877259633016,
        "nR": 5.840596424652496,
        "nR_Kpipi": 0.00015911874764163865,
        "r_bkgK": 0.014775416113069463,
        "sigmaL_Kpipi": 19.32259039951528,
        "sigmaR_Kpipi": 40.44830113973847
    },
    "sigmaL;296": 11.764769865722572,
    "sigmaL;296_err": 0.1977046324651937,
    "sigmaR;296": 19.12977120390825,
    "sigmaR;296_err": 0.31838856280643185
}