{
    "fit_ok": true,
    "frac;556": 0.315002410482239,
    "frac;556_err": 0.013343363650872183,
    "info_fit": "------------------------------------------------------------------\n| FCN = -3.172e+05              |     Ncalls=104 (104 total)     |\n| EDM = 0.000601 (Goal: 0.001)  |            up = 0.5            |\n------------------------------------------------------------------\n|  Valid Min.   | Valid Param.  | Above EDM | Reached call limit |\n------------------------------------------------------------------\n|     True      |     True      |   False   |       False        |\n------------------------------------------------------------------\n| Hesse failed  |   Has cov.    | Accurate  | Pos. def. | Forced |\n------------------------------------------------------------------\n|     False     |     True      |   True    |   True    | False  |\n------------------------------------------------------------------",
    "info_params": "name             value    minuit_hesse    at limit\n----------  ----------  --------------  ----------\nn_sig;556        52280     +/- 2.7e+02       False\u001b[0m\nn_bkg;556         5264     +/- 1.7e+02       False\u001b[0m\nfrac;556         0.315     +/-   0.013       False\u001b[0m\nmu;556            5279     +/-   0.079       False\u001b[0m\nsigmaL;556       9.967     +/-    0.26       False\u001b[0m\nsigmaR;556       17.14     +/-    0.14       False\u001b[0m\nlambda;556  -0.0003517     +/- 0.00027       False\u001b[0m",
    "lambda;556": -0.0003517458946215024,
    "lambda;556_err": 0.00026812504212446274,
    "mu;556": 5278.873281576117,
    "mu;556_err": 0.0794095984384134,
    "n_bkg;556": 5263.797351601751,
    "n_bkg;556_err": 171.44900062669615,
    "n_sig;556": 52277.80232909479,
    "n_sig;556_err": 272.639297564106,
    "r_params": {
        "alphaL": 2.0256284454688505,
        "alphaL_Kpipi": 0.23984147888569726,
        "alphaR": -1.76504886107231,
        "alphaR_Kpipi": -3.45169511727099,
        "fraction_Kpipi": 0.8861855867303668,
        "muL_Kpipi": 5214.656416664541,
        "muR_Kpipi": 5183.074248990296,
        "nL": 0.20972300351506815,
        "nL_Kpipi": 4.413073505098077,
        "nR": 4.746676155607082,
        "nR_Kpipi": 1.3686501931786665e-08,
        "r_bkgK": 0.03478781022148211,
        "sigmaL_Kpipi": 19.133710600596434,
        "sigmaR_Kpipi": 39.32384704379869
    },
    "sigmaL;556": 9.967009137420337,
    "sigmaL;556_err": 0.26448919474836524,
    "sigmaR;556": 17.139536342640298,
    "sigmaR;556_err": 0.13871210980170026
}