{
    "fit_ok": true,
    "frac;312": 0.3578647043744531,
    "frac;312_err": 0.01881825101330192,
    "info_fit": "------------------------------------------------------------------\n| FCN = -3.172e+05              |     Ncalls=103 (103 total)     |\n| EDM = 8.52e-05 (Goal: 0.001)  |            up = 0.5            |\n------------------------------------------------------------------\n|  Valid Min.   | Valid Param.  | Above EDM | Reached call limit |\n------------------------------------------------------------------\n|     True      |     True      |   False   |       False        |\n------------------------------------------------------------------\n| Hesse failed  |   Has cov.    | Accurate  | Pos. def. | Forced |\n------------------------------------------------------------------\n|     False     |     True      |   True    |   True    | False  |\n------------------------------------------------------------------",
    "info_params": "name            value    minuit_hesse    at limit\n----------  ---------  --------------  ----------\nn_sig;312       51350     +/- 2.8e+02       False\u001b[0m\nn_bkg;312        6225     +/-   2e+02       False\u001b[0m\nfrac;312       0.3579     +/-   0.019       False\u001b[0m\nmu;312           5279     +/-   0.079       False\u001b[0m\nsigmaL;312      10.27     +/-    0.24       False\u001b[0m\nsigmaR;312      17.65     +/-    0.19       False\u001b[0m\nlambda;312  -0.001475     +/- 0.00024       False\u001b[0m",
    "lambda;312": -0.0014746171543437991,
    "lambda;312_err": 0.00024310088974884917,
    "mu;312": 5278.912552463099,
    "mu;312_err": 0.0787811097205757,
    "n_bkg;312": 6224.846684853394,
    "n_bkg;312_err": 195.4466427483083,
    "n_sig;312": 51350.16122260087,
    "n_sig;312_err": 284.2292188870897,
    "r_params": {
        "alphaL": 2.0076278752543155,
        "alphaL_Kpipi": 0.23984147888569726,
        "alphaR": -1.8717171532111463,
        "alphaR_Kpipi": -3.45169511727099,
        "fraction_Kpipi": 0.8861855867303668,
        "muL_Kpipi": 5214.656416664541,
        "muR_Kpipi": 5183.074248990296,
        "nL": 0.3592700100530039,
        "nL_Kpipi": 4.413073505098077,
        "nR": 6.1970962486269,
        "nR_Kpipi": 1.3686501931786665e-08,
        "r_bkgK": 0.03478781022148211,
        "sigmaL_Kpipi": 19.133710600596434,
        "sigmaR_Kpipi": 39.32384704379869
    },
    "sigmaL;312": 10.274210991766349,
    "sigmaL;312_err": 0.24334474095455896,
    "sigmaR;312": 17.64707786297945,
    "sigmaR;312_err": 0.18857195758219816
}