{
    "fit_ok": true,
    "frac;1065": 0.29862839542883063,
    "frac;1065_err": 0.013995179643987155,
    "info_fit": "------------------------------------------------------------------\n| FCN = -3.172e+05              |     Ncalls=106 (106 total)     |\n| EDM = 2.54e-05 (Goal: 0.001)  |            up = 0.5            |\n------------------------------------------------------------------\n|  Valid Min.   | Valid Param.  | Above EDM | Reached call limit |\n------------------------------------------------------------------\n|     True      |     True      |   False   |       False        |\n------------------------------------------------------------------\n| Hesse failed  |   Has cov.    | Accurate  | Pos. def. | Forced |\n------------------------------------------------------------------\n|     False     |     True      |   True    |   True    | False  |\n------------------------------------------------------------------",
    "info_params": "name              value    minuit_hesse    at limit\n-----------  ----------  --------------  ----------\nn_sig;1065        51920     +/- 2.8e+02       False\u001b[0m\nn_bkg;1065         5636     +/- 1.9e+02       False\u001b[0m\nfrac;1065        0.2986     +/-   0.014       False\u001b[0m\nmu;1065            5279     +/-   0.079       False\u001b[0m\nsigmaL;1065       9.659     +/-    0.26       False\u001b[0m\nsigmaR;1065       17.15     +/-    0.14       False\u001b[0m\nlambda;1065  -0.0008164     +/- 0.00027       False\u001b[0m",
    "lambda;1065": -0.0008163940765501809,
    "lambda;1065_err": 0.00026534787491376186,
    "mu;1065": 5278.924148534751,
    "mu;1065_err": 0.07920396292699777,
    "n_bkg;1065": 5635.565969686168,
    "n_bkg;1065_err": 186.1568291506958,
    "n_sig;1065": 51919.25492180578,
    "n_sig;1065_err": 280.27488955493345,
    "r_params": {
        "alphaL": 2.008453327392116,
        "alphaL_Kpipi": 0.23984147888569726,
        "alphaR": -1.915652157448792,
        "alphaR_Kpipi": -3.45169511727099,
        "fraction_Kpipi": 0.8861855867303668,
        "muL_Kpipi": 5214.656416664541,
        "muR_Kpipi": 5183.074248990296,
        "nL": 0.2318858812780154,
        "nL_Kpipi": 4.413073505098077,
        "nR": 4.164661671272929,
        "nR_Kpipi": 1.3686501931786665e-08,
        "r_bkgK": 0.03478781022148211,
        "sigmaL_Kpipi": 19.133710600596434,
        "sigmaR_Kpipi": 39.32384704379869
    },
    "sigmaL;1065": 9.659006603581563,
    "sigmaL;1065_err": 0.2592314567745445,
    "sigmaR;1065": 17.154572201595848,
    "sigmaR;1065_err": 0.1425482987336482
}