{
    "fit_ok": true,
    "frac;884": 0.5245960987783015,
    "frac;884_err": 0.02252100689113448,
    "info_fit": "------------------------------------------------------------------\n| FCN = -3.172e+05              |     Ncalls=105 (105 total)     |\n| EDM = 4.58e-06 (Goal: 0.001)  |            up = 0.5            |\n------------------------------------------------------------------\n|  Valid Min.   | Valid Param.  | Above EDM | Reached call limit |\n------------------------------------------------------------------\n|     True      |     True      |   False   |       False        |\n------------------------------------------------------------------\n| Hesse failed  |   Has cov.    | Accurate  | Pos. def. | Forced |\n------------------------------------------------------------------\n|     False     |     True      |   True    |   True    | False  |\n------------------------------------------------------------------",
    "info_params": "name            value    minuit_hesse    at limit\n----------  ---------  --------------  ----------\nn_sig;884       51660     +/- 2.9e+02       False\u001b[0m\nn_bkg;884        6733     +/-   2e+02       False\u001b[0m\nfrac;884       0.5246     +/-   0.023       False\u001b[0m\nmu;884           5279     +/-   0.078       False\u001b[0m\nsigmaL;884      11.63     +/-     0.2       False\u001b[0m\nsigmaR;884      18.91     +/-     0.3       False\u001b[0m\nlambda;884  -0.002188     +/- 0.00022       False\u001b[0m",
    "lambda;884": -0.0021879870462042927,
    "lambda;884_err": 0.00021735237252518247,
    "mu;884": 5278.88456478441,
    "mu;884_err": 0.0782747731636072,
    "n_bkg;884": 6733.468989593049,
    "n_bkg;884_err": 196.26799190624135,
    "n_sig;884": 51658.81497001977,
    "n_sig;884_err": 287.5970435521848,
    "r_params": {
        "alphaL": 2.030074578321816,
        "alphaL_Kpipi": 0.2424184787631368,
        "alphaR": -1.7613550245501948,
        "alphaR_Kpipi": -3.4620298127074176,
        "fraction_Kpipi": 0.8814886836332608,
        "muL_Kpipi": 5215.332097115636,
        "muR_Kpipi": 5181.290672671608,
        "nL": 0.4392329990731146,
        "nL_Kpipi": 4.294112629795116,
        "nR": 5.840596424652496,
        "nR_Kpipi": 0.0002773473222735916,
        "r_bkgK": 0.018824546065038573,
        "sigmaL_Kpipi": 19.997698380898257,
        "sigmaR_Kpipi": 40.90190121202024
    },
    "sigmaL;884": 11.633019818230196,
    "sigmaL;884_err": 0.19870862894584715,
    "sigmaR;884": 18.914783687436106,
    "sigmaR;884_err": 0.30048531238433684
}