{
    "fit_ok": true,
    "frac;599": 0.5399223954524186,
    "frac;599_err": 0.020708379700783174,
    "info_fit": "------------------------------------------------------------------\n| FCN = -3.172e+05              |      Ncalls=99 (99 total)      |\n| EDM = 0.000119 (Goal: 0.001)  |            up = 0.5            |\n------------------------------------------------------------------\n|  Valid Min.   | Valid Param.  | Above EDM | Reached call limit |\n------------------------------------------------------------------\n|     True      |     True      |   False   |       False        |\n------------------------------------------------------------------\n| Hesse failed  |   Has cov.    | Accurate  | Pos. def. | Forced |\n------------------------------------------------------------------\n|     False     |     True      |   True    |   True    | False  |\n------------------------------------------------------------------",
    "info_params": "name            value    minuit_hesse    at limit\n----------  ---------  --------------  ----------\nn_sig;599       51710     +/- 2.7e+02       False\u001b[0m\nn_bkg;599        5853     +/- 1.8e+02       False\u001b[0m\nfrac;599       0.5399     +/-   0.021       False\u001b[0m\nmu;599           5279     +/-   0.078       False\u001b[0m\nsigmaL;599      11.89     +/-    0.18       False\u001b[0m\nsigmaR;599      18.99     +/-     0.3       False\u001b[0m\nlambda;599  -0.001453     +/- 0.00023       False\u001b[0m",
    "lambda;599": -0.001452641543543201,
    "lambda;599_err": 0.00023241580552351337,
    "mu;599": 5278.855984680203,
    "mu;599_err": 0.07844537001608685,
    "n_bkg;599": 5853.045311803207,
    "n_bkg;599_err": 175.6628123390107,
    "n_sig;599": 51712.24592425587,
    "n_sig;599_err": 273.36241083045445,
    "r_params": {
        "alphaL": 2.024151032570382,
        "alphaL_Kpipi": 0.23984147888569726,
        "alphaR": -1.6724901632467488,
        "alphaR_Kpipi": -3.45169511727099,
        "fraction_Kpipi": 0.8861855867303668,
        "muL_Kpipi": 5214.656416664541,
        "muR_Kpipi": 5183.074248990296,
        "nL": 0.5366812613225556,
        "nL_Kpipi": 4.413073505098077,
        "nR": 3.970884736090091,
        "nR_Kpipi": 1.3686501931786665e-08,
        "r_bkgK": 0.03478781022148211,
        "sigmaL_Kpipi": 19.133710600596434,
        "sigmaR_Kpipi": 39.32384704379869
    },
    "sigmaL;599": 11.888782457018905,
    "sigmaL;599_err": 0.18274731408530634,
    "sigmaR;599": 18.99012048632691,
    "sigmaR;599_err": 0.30449991748929683
}