{
    "fit_ok": true,
    "frac;593": 0.35809143326041776,
    "frac;593_err": 0.0195221202045344,
    "info_fit": "------------------------------------------------------------------\n| FCN = -3.172e+05              |     Ncalls=103 (103 total)     |\n| EDM = 2.78e-05 (Goal: 0.001)  |            up = 0.5            |\n------------------------------------------------------------------\n|  Valid Min.   | Valid Param.  | Above EDM | Reached call limit |\n------------------------------------------------------------------\n|     True      |     True      |   False   |       False        |\n------------------------------------------------------------------\n| Hesse failed  |   Has cov.    | Accurate  | Pos. def. | Forced |\n------------------------------------------------------------------\n|     False     |     True      |   True    |   True    | False  |\n------------------------------------------------------------------",
    "info_params": "name             value    minuit_hesse    at limit\n----------  ----------  --------------  ----------\nn_sig;593        51120     +/- 2.7e+02       False\u001b[0m\nn_bkg;593         5733     +/- 1.8e+02       False\u001b[0m\nfrac;593        0.3581     +/-    0.02       False\u001b[0m\nmu;593            5279     +/-   0.079       False\u001b[0m\nsigmaL;593        10.4     +/-    0.24       False\u001b[0m\nsigmaR;593       17.68     +/-     0.2       False\u001b[0m\nlambda;593  -0.0009641     +/- 0.00025       False\u001b[0m",
    "lambda;593": -0.0009640906339073302,
    "lambda;593_err": 0.0002481266069097847,
    "mu;593": 5278.858157155398,
    "mu;593_err": 0.07874951297716364,
    "n_bkg;593": 5733.193626809156,
    "n_bkg;593_err": 179.13371379386638,
    "n_sig;593": 51122.718210231564,
    "n_sig;593_err": 271.99833070569025,
    "r_params": {
        "alphaL": 2.030074578321816,
        "alphaL_Kpipi": 0.23925029938555037,
        "alphaR": -1.7613550245501948,
        "alphaR_Kpipi": -3.3834915642908823,
        "fraction_Kpipi": 0.8916204581175772,
        "muL_Kpipi": 5213.663278957813,
        "muR_Kpipi": 5185.164499438609,
        "nL": 0.4392329990731146,
        "nL_Kpipi": 4.428497722591935,
        "nR": 5.840596424652496,
        "nR_Kpipi": 0.00047530828217788563,
        "r_bkgK": 0.0490149326479415,
        "sigmaL_Kpipi": 19.369034972506714,
        "sigmaR_Kpipi": 39.63690527808391
    },
    "sigmaL;593": 10.396695630442556,
    "sigmaL;593_err": 0.23801611316535734,
    "sigmaR;593": 17.683075322597233,
    "sigmaR;593_err": 0.19707004033956435
}