{
    "fit_ok": true,
    "frac;507": 0.5068105887365035,
    "frac;507_err": 0.022044984514335578,
    "info_fit": "------------------------------------------------------------------\n| FCN = -3.172e+05              |     Ncalls=105 (105 total)     |\n| EDM = 1.53e-05 (Goal: 0.001)  |            up = 0.5            |\n------------------------------------------------------------------\n|  Valid Min.   | Valid Param.  | Above EDM | Reached call limit |\n------------------------------------------------------------------\n|     True      |     True      |   False   |       False        |\n------------------------------------------------------------------\n| Hesse failed  |   Has cov.    | Accurate  | Pos. def. | Forced |\n------------------------------------------------------------------\n|     False     |     True      |   True    |   True    | False  |\n------------------------------------------------------------------",
    "info_params": "name          value    minuit_hesse    at limit\n----------  -------  --------------  ----------\nn_sig;507     51650     +/- 2.9e+02       False\u001b[0m\nn_bkg;507      6559     +/- 1.9e+02       False\u001b[0m\nfrac;507     0.5068     +/-   0.022       False\u001b[0m\nmu;507         5279     +/-   0.078       False\u001b[0m\nsigmaL;507    11.51     +/-     0.2       False\u001b[0m\nsigmaR;507     18.8     +/-    0.29       False\u001b[0m\nlambda;507   -0.002     +/- 0.00022       False\u001b[0m",
    "lambda;507": -0.002000477279325605,
    "lambda;507_err": 0.00022327892589911274,
    "mu;507": 5278.876916771582,
    "mu;507_err": 0.07831776652913891,
    "n_bkg;507": 6559.074933680169,
    "n_bkg;507_err": 194.8533650691887,
    "n_sig;507": 51650.90104161136,
    "n_sig;507_err": 286.26110672874677,
    "r_params": {
        "alphaL": 2.030074578321816,
        "alphaL_Kpipi": 0.23897593798958547,
        "alphaR": -1.7613550245501948,
        "alphaR_Kpipi": -3.2673588242499108,
        "fraction_Kpipi": 0.8908916805649849,
        "muL_Kpipi": 5213.5700132418315,
        "muR_Kpipi": 5183.19639641794,
        "nL": 0.4392329990731146,
        "nL_Kpipi": 3.8743119871099534,
        "nR": 5.840596424652496,
        "nR_Kpipi": 0.00012178365715494106,
        "r_bkgK": 0.022349618665073727,
        "sigmaL_Kpipi": 19.59480652809484,
        "sigmaR_Kpipi": 39.24097778620949
    },
    "sigmaL;507": 11.508663171306603,
    "sigmaL;507_err": 0.1995971884621245,
    "sigmaR;507": 18.8044045247114,
    "sigmaR;507_err": 0.28637798571663453
}