{
    "fit_ok": true,
    "frac;410": 0.5500399868985915,
    "frac;410_err": 0.0227105496094025,
    "info_fit": "------------------------------------------------------------------\n| FCN = -3.172e+05              |     Ncalls=101 (101 total)     |\n| EDM = 0.000197 (Goal: 0.001)  |            up = 0.5            |\n------------------------------------------------------------------\n|  Valid Min.   | Valid Param.  | Above EDM | Reached call limit |\n------------------------------------------------------------------\n|     True      |     True      |   False   |       False        |\n------------------------------------------------------------------\n| Hesse failed  |   Has cov.    | Accurate  | Pos. def. | Forced |\n------------------------------------------------------------------\n|     False     |     True      |   True    |   True    | False  |\n------------------------------------------------------------------",
    "info_params": "name            value    minuit_hesse    at limit\n----------  ---------  --------------  ----------\nn_sig;410       51760     +/- 2.9e+02       False\u001b[0m\nn_bkg;410        6835     +/-   2e+02       False\u001b[0m\nfrac;410         0.55     +/-   0.023       False\u001b[0m\nmu;410           5279     +/-   0.078       False\u001b[0m\nsigmaL;410      11.79     +/-     0.2       False\u001b[0m\nsigmaR;410      19.18     +/-    0.32       False\u001b[0m\nlambda;410  -0.002293     +/- 0.00021       False\u001b[0m",
    "lambda;410": -0.0022932265857355943,
    "lambda;410_err": 0.0002138866709312081,
    "mu;410": 5278.8832452327,
    "mu;410_err": 0.07828543863045671,
    "n_bkg;410": 6834.590159340743,
    "n_bkg;410_err": 197.15445753700573,
    "n_sig;410": 51761.87553540508,
    "n_sig;410_err": 288.9736044377222,
    "r_params": {
        "alphaL": 2.030074578321816,
        "alphaL_Kpipi": 0.2380922442886726,
        "alphaR": -1.7613550245501948,
        "alphaR_Kpipi": -3.552201388961608,
        "fraction_Kpipi": 0.874881000177333,
        "muL_Kpipi": 5213.949081236509,
        "muR_Kpipi": 5178.24680487715,
        "nL": 0.4392329990731146,
        "nL_Kpipi": 4.437654489929468,
        "nR": 5.840596424652496,
        "nR_Kpipi": 0.00013466603579257133,
        "r_bkgK": 0.01483662876450682,
        "sigmaL_Kpipi": 21.2056676683842,
        "sigmaR_Kpipi": 40.14571527189081
    },
    "sigmaL;410": 11.789865598619318,
    "sigmaL;410_err": 0.1956144431721744,
    "sigmaR;410": 19.18474687855135,
    "sigmaR;410_err": 0.3233950352877814
}