{
    "fit_ok": true,
    "frac;372": 0.4879333961241572,
    "frac;372_err": 0.01246304539473746,
    "info_fit": "------------------------------------------------------------------\n| FCN = -3.172e+05              |     Ncalls=103 (103 total)     |\n| EDM = 2.42e-05 (Goal: 0.001)  |            up = 0.5            |\n------------------------------------------------------------------\n|  Valid Min.   | Valid Param.  | Above EDM | Reached call limit |\n------------------------------------------------------------------\n|     True      |     True      |   False   |       False        |\n------------------------------------------------------------------\n| Hesse failed  |   Has cov.    | Accurate  | Pos. def. | Forced |\n------------------------------------------------------------------\n|     False     |     True      |   True    |   True    | False  |\n------------------------------------------------------------------",
    "info_params": "name             value    minuit_hesse    at limit\n----------  ----------  --------------  ----------\nn_sig;372        53240     +/- 2.4e+02       False\u001b[0m\nn_bkg;372         4266     +/-   1e+02       False\u001b[0m\nfrac;372        0.4879     +/-   0.012       False\u001b[0m\nmu;372            5279     +/-   0.078       False\u001b[0m\nsigmaL;372       11.63     +/-    0.18       False\u001b[0m\nsigmaR;372       18.41     +/-    0.18       False\u001b[0m\nlambda;372  -1.105e-08     +/- 5.8e-07       False\u001b[0m",
    "lambda;372": -1.1048078091269176e-08,
    "lambda;372_err": 5.767279480485513e-07,
    "mu;372": 5278.87610910975,
    "mu;372_err": 0.07848604145436225,
    "n_bkg;372": 4265.805404641171,
    "n_bkg;372_err": 103.20886290820133,
    "n_sig;372": 53243.56415529762,
    "n_sig;372_err": 242.30715394045615,
    "r_params": {
        "alphaL": 2.0106015713823844,
        "alphaL_Kpipi": 0.23984147888569726,
        "alphaR": -1.7226109589774208,
        "alphaR_Kpipi": -3.45169511727099,
        "fraction_Kpipi": 0.8861855867303668,
        "muL_Kpipi": 5214.656416664541,
        "muR_Kpipi": 5183.074248990296,
        "nL": 0.3566519948380551,
        "nL_Kpipi": 4.413073505098077,
        "nR": 2.201347346738576,
        "nR_Kpipi": 1.3686501931786665e-08,
        "r_bkgK": 0.03478781022148211,
        "sigmaL_Kpipi": 19.133710600596434,
        "sigmaR_Kpipi": 39.32384704379869
    },
    "sigmaL;372": 11.626261169409538,
    "sigmaL;372_err": 0.17805383732632965,
    "sigmaR;372": 18.4146675188791,
    "sigmaR;372_err": 0.1823606952364678
}