{
    "fit_ok": true,
    "frac;480": 0.4963050475824643,
    "frac;480_err": 0.009721447476416609,
    "info_fit": "------------------------------------------------------------------\n| FCN = -3.171e+05              |     Ncalls=100 (100 total)     |\n| EDM = 8.12e-06 (Goal: 0.001)  |            up = 0.5            |\n------------------------------------------------------------------\n|  Valid Min.   | Valid Param.  | Above EDM | Reached call limit |\n------------------------------------------------------------------\n|     True      |     True      |   False   |       False        |\n------------------------------------------------------------------\n| Hesse failed  |   Has cov.    | Accurate  | Pos. def. | Forced |\n------------------------------------------------------------------\n|     False     |     True      |   True    |   True    | False  |\n------------------------------------------------------------------",
    "info_params": "name             value    minuit_hesse    at limit\n----------  ----------  --------------  ----------\nn_sig;480        55600     +/- 2.6e+02       False\u001b[0m\nn_bkg;480         1819     +/- 1.1e+02       False\u001b[0m\nfrac;480        0.4963     +/-  0.0097       False\u001b[0m\nmu;480            5279     +/-    0.08       False\u001b[0m\nsigmaL;480       12.05     +/-     0.2       False\u001b[0m\nsigmaR;480        18.1     +/-    0.19       False\u001b[0m\nlambda;480  -1.003e-10     +/- 8.3e-09       False\u001b[0m",
    "lambda;480": -1.0033136821352429e-10,
    "lambda;480_err": 8.257634717459412e-09,
    "mu;480": 5278.982819657642,
    "mu;480_err": 0.08005710785873558,
    "n_bkg;480": 1818.9201392592904,
    "n_bkg;480_err": 114.03650192916058,
    "n_sig;480": 55601.355570555774,
    "n_sig;480_err": 256.2518537854878,
    "r_params": {
        "alphaL": 1.8494964139549692,
        "alphaL_Kpipi": 0.23984147888569726,
        "alphaR": -1.7791285824149066,
        "alphaR_Kpipi": -3.45169511727099,
        "fraction_Kpipi": 0.8861855867303668,
        "muL_Kpipi": 5214.656416664541,
        "muR_Kpipi": 5183.074248990296,
        "nL": 0.4152363232638804,
        "nL_Kpipi": 4.413073505098077,
        "nR": 0.9865265424704583,
        "nR_Kpipi": 1.3686501931786665e-08,
        "r_bkgK": 0.03478781022148211,
        "sigmaL_Kpipi": 19.133710600596434,
        "sigmaR_Kpipi": 39.32384704379869
    },
    "sigmaL;480": 12.049506193918731,
    "sigmaL;480_err": 0.19857742745577073,
    "sigmaR;480": 18.095658799043388,
    "sigmaR;480_err": 0.1923031501893023
}