{
    "fit_ok": true,
    "frac;152": 0.25559282571491904,
    "frac;152_err": 0.01770311257990822,
    "info_fit": "------------------------------------------------------------------\n| FCN = -3.172e+05              |     Ncalls=103 (103 total)     |\n| EDM = 0.000134 (Goal: 0.001)  |            up = 0.5            |\n------------------------------------------------------------------\n|  Valid Min.   | Valid Param.  | Above EDM | Reached call limit |\n------------------------------------------------------------------\n|     True      |     True      |   False   |       False        |\n------------------------------------------------------------------\n| Hesse failed  |   Has cov.    | Accurate  | Pos. def. | Forced |\n------------------------------------------------------------------\n|     False     |     True      |   True    |   True    | False  |\n------------------------------------------------------------------",
    "info_params": "name             value    minuit_hesse    at limit\n----------  ----------  --------------  ----------\nn_sig;152        50560     +/- 2.6e+02       False\u001b[0m\nn_bkg;152         5418     +/- 1.6e+02       False\u001b[0m\nfrac;152        0.2556     +/-   0.018       False\u001b[0m\nmu;152            5279     +/-   0.079       False\u001b[0m\nsigmaL;152       9.431     +/-    0.29       False\u001b[0m\nsigmaR;152       16.94     +/-    0.16       False\u001b[0m\nlambda;152  -0.0004843     +/- 0.00025       False\u001b[0m",
    "lambda;152": -0.0004843227077362816,
    "lambda;152_err": 0.0002479703471259202,
    "mu;152": 5278.848026894482,
    "mu;152_err": 0.07898089827036621,
    "n_bkg;152": 5418.404831089468,
    "n_bkg;152_err": 164.80875785369292,
    "n_sig;152": 50563.06014731192,
    "n_sig;152_err": 260.27922506627266,
    "r_params": {
        "alphaL": 2.030074578321816,
        "alphaL_Kpipi": 0.2557483251749701,
        "alphaR": -1.7613550245501948,
        "alphaR_Kpipi": -3.4653365416808435,
        "fraction_Kpipi": 0.8891787265839561,
        "muL_Kpipi": 5215.773183874781,
        "muR_Kpipi": 5181.176348975338,
        "nL": 0.4392329990731146,
        "nL_Kpipi": 4.525485218594388,
        "nR": 5.840596424652496,
        "nR_Kpipi": 0.0003478561318748563,
        "r_bkgK": 0.06679746414253335,
        "sigmaL_Kpipi": 19.298741594457848,
        "sigmaR_Kpipi": 37.74151185626354
    },
    "sigmaL;152": 9.430825435582722,
    "sigmaL;152_err": 0.292502480765817,
    "sigmaR;152": 16.936933427266496,
    "sigmaR;152_err": 0.1573075590323613
}