{
    "fit_ok": true,
    "frac;714": 0.42629279026846184,
    "frac;714_err": 0.011892790500398863,
    "info_fit": "------------------------------------------------------------------\n| FCN = -3.172e+05              |     Ncalls=105 (105 total)     |\n| EDM = 9.25e-06 (Goal: 0.001)  |            up = 0.5            |\n------------------------------------------------------------------\n|  Valid Min.   | Valid Param.  | Above EDM | Reached call limit |\n------------------------------------------------------------------\n|     True      |     True      |   False   |       False        |\n------------------------------------------------------------------\n| Hesse failed  |   Has cov.    | Accurate  | Pos. def. | Forced |\n------------------------------------------------------------------\n|     False     |     True      |   True    |   True    | False  |\n------------------------------------------------------------------",
    "info_params": "name             value    minuit_hesse    at limit\n----------  ----------  --------------  ----------\nn_sig;714        53210     +/- 2.4e+02       False\u001b[0m\nn_bkg;714         4296     +/-   1e+02       False\u001b[0m\nfrac;714        0.4263     +/-   0.012       False\u001b[0m\nmu;714            5279     +/-   0.079       False\u001b[0m\nsigmaL;714       11.08     +/-    0.21       False\u001b[0m\nsigmaR;714       17.98     +/-    0.15       False\u001b[0m\nlambda;714  -1.007e-08     +/- 1.6e-07       False\u001b[0m",
    "lambda;714": -1.0073584522096724e-08,
    "lambda;714_err": 1.5837721882985275e-07,
    "mu;714": 5278.900321060006,
    "mu;714_err": 0.07880200514943113,
    "n_bkg;714": 4296.440696623376,
    "n_bkg;714_err": 102.86572584323454,
    "n_sig;714": 53214.30327165059,
    "n_sig;714_err": 242.04486959619013,
    "r_params": {
        "alphaL": 1.9945700553017047,
        "alphaL_Kpipi": 0.23984147888569726,
        "alphaR": -1.8092452151300344,
        "alphaR_Kpipi": -3.45169511727099,
        "fraction_Kpipi": 0.8861855867303668,
        "muL_Kpipi": 5214.656416664541,
        "muR_Kpipi": 5183.074248990296,
        "nL": 0.3160875101792305,
        "nL_Kpipi": 4.413073505098077,
        "nR": 2.0962381869346842,
        "nR_Kpipi": 1.3686501931786665e-08,
        "r_bkgK": 0.03478781022148211,
        "sigmaL_Kpipi": 19.133710600596434,
        "sigmaR_Kpipi": 39.32384704379869
    },
    "sigmaL;714": 11.080398532716693,
    "sigmaL;714_err": 0.20687036512357088,
    "sigmaR;714": 17.97772751840979,
    "sigmaR;714_err": 0.15022787405029578
}