{
    "fit_ok": true,
    "frac;693": 0.5469427984055952,
    "frac;693_err": 0.022848557264017615,
    "info_fit": "------------------------------------------------------------------\n| FCN = -3.172e+05              |     Ncalls=101 (101 total)     |\n| EDM = 8.99e-05 (Goal: 0.001)  |            up = 0.5            |\n------------------------------------------------------------------\n|  Valid Min.   | Valid Param.  | Above EDM | Reached call limit |\n------------------------------------------------------------------\n|     True      |     True      |   False   |       False        |\n------------------------------------------------------------------\n| Hesse failed  |   Has cov.    | Accurate  | Pos. def. | Forced |\n------------------------------------------------------------------\n|     False     |     True      |   True    |   True    | False  |\n------------------------------------------------------------------",
    "info_params": "name            value    minuit_hesse    at limit\n----------  ---------  --------------  ----------\nn_sig;693       51740     +/- 2.9e+02       False\u001b[0m\nn_bkg;693        6869     +/-   2e+02       False\u001b[0m\nfrac;693       0.5469     +/-   0.023       False\u001b[0m\nmu;693           5279     +/-   0.078       False\u001b[0m\nsigmaL;693      11.77     +/-     0.2       False\u001b[0m\nsigmaR;693      19.14     +/-    0.32       False\u001b[0m\nlambda;693  -0.002335     +/- 0.00021       False\u001b[0m",
    "lambda;693": -0.002334692911826669,
    "lambda;693_err": 0.0002125487530335593,
    "mu;693": 5278.8790054146875,
    "mu;693_err": 0.07829944496184342,
    "n_bkg;693": 6869.437342492133,
    "n_bkg;693_err": 196.99038872484206,
    "n_sig;693": 51741.52039065234,
    "n_sig;693_err": 288.8122436980439,
    "r_params": {
        "alphaL": 2.030074578321816,
        "alphaL_Kpipi": 0.24385522682711328,
        "alphaR": -1.7613550245501948,
        "alphaR_Kpipi": -3.2718217678325847,
        "fraction_Kpipi": 0.8822739916207848,
        "muL_Kpipi": 5214.810634448325,
        "muR_Kpipi": 5184.285209172912,
        "nL": 0.4392329990731146,
        "nL_Kpipi": 4.233228328282954,
        "nR": 5.840596424652496,
        "nR_Kpipi": 0.00036416708223478944,
        "r_bkgK": 0.014564388940368052,
        "sigmaL_Kpipi": 19.154233268167477,
        "sigmaR_Kpipi": 39.69276766260905
    },
    "sigmaL;693": 11.774399604129147,
    "sigmaL;693_err": 0.19793001778960498,
    "sigmaR;693": 19.141626075173065,
    "sigmaR;693_err": 0.31951395178023434
}