{
    "fit_ok": true,
    "frac;790": 0.4944850785027178,
    "frac;790_err": 0.021984814715412117,
    "info_fit": "------------------------------------------------------------------\n| FCN = -3.172e+05              |     Ncalls=105 (105 total)     |\n| EDM = 7.89e-06 (Goal: 0.001)  |            up = 0.5            |\n------------------------------------------------------------------\n|  Valid Min.   | Valid Param.  | Above EDM | Reached call limit |\n------------------------------------------------------------------\n|     True      |     True      |   False   |       False        |\n------------------------------------------------------------------\n| Hesse failed  |   Has cov.    | Accurate  | Pos. def. | Forced |\n------------------------------------------------------------------\n|     False     |     True      |   True    |   True    | False  |\n------------------------------------------------------------------",
    "info_params": "name            value    minuit_hesse    at limit\n----------  ---------  --------------  ----------\nn_sig;790       51580     +/- 2.9e+02       False\u001b[0m\nn_bkg;790        6546     +/- 1.9e+02       False\u001b[0m\nfrac;790       0.4945     +/-   0.022       False\u001b[0m\nmu;790           5279     +/-   0.078       False\u001b[0m\nsigmaL;790      11.43     +/-     0.2       False\u001b[0m\nsigmaR;790      18.67     +/-    0.28       False\u001b[0m\nlambda;790  -0.001989     +/- 0.00022       False\u001b[0m",
    "lambda;790": -0.0019892622224824963,
    "lambda;790_err": 0.00022325518022557364,
    "mu;790": 5278.8764117587025,
    "mu;790_err": 0.07831652991329928,
    "n_bkg;790": 6546.141050978644,
    "n_bkg;790_err": 194.1624420068245,
    "n_sig;790": 51583.6817702494,
    "n_sig;790_err": 285.4195422639413,
    "r_params": {
        "alphaL": 2.030074578321816,
        "alphaL_Kpipi": 0.24291575671710663,
        "alphaR": -1.7613550245501948,
        "alphaR_Kpipi": -3.21914447208617,
        "fraction_Kpipi": 0.8825696868291946,
        "muL_Kpipi": 5214.544381276851,
        "muR_Kpipi": 5187.6416150930145,
        "nL": 0.4392329990731146,
        "nL_Kpipi": 4.341196856713072,
        "nR": 5.840596424652496,
        "nR_Kpipi": 0.00011618528151575931,
        "r_bkgK": 0.02392611284253489,
        "sigmaL_Kpipi": 18.876238570570433,
        "sigmaR_Kpipi": 38.49717430651079
    },
    "sigmaL;790": 11.43372647132355,
    "sigmaL;790_err": 0.20180140966472138,
    "sigmaR;790": 18.670876132220872,
    "sigmaR;790_err": 0.2761862106189375
}