{
    "fit_ok": true,
    "frac;892": 0.4644035463111425,
    "frac;892_err": 0.020138463415620252,
    "info_fit": "------------------------------------------------------------------\n| FCN = -3.172e+05              |     Ncalls=103 (103 total)     |\n| EDM = 7.02e-05 (Goal: 0.001)  |            up = 0.5            |\n------------------------------------------------------------------\n|  Valid Min.   | Valid Param.  | Above EDM | Reached call limit |\n------------------------------------------------------------------\n|     True      |     True      |   False   |       False        |\n------------------------------------------------------------------\n| Hesse failed  |   Has cov.    | Accurate  | Pos. def. | Forced |\n------------------------------------------------------------------\n|     False     |     True      |   True    |   True    | False  |\n------------------------------------------------------------------",
    "info_params": "name             value    minuit_hesse    at limit\n----------  ----------  --------------  ----------\nn_sig;892        51920     +/- 2.8e+02       False\u001b[0m\nn_bkg;892         5638     +/- 1.9e+02       False\u001b[0m\nfrac;892        0.4644     +/-    0.02       False\u001b[0m\nmu;892            5279     +/-   0.078       False\u001b[0m\nsigmaL;892       11.24     +/-     0.2       False\u001b[0m\nsigmaR;892       18.62     +/-    0.26       False\u001b[0m\nlambda;892  -0.0009636     +/- 0.00026       False\u001b[0m",
    "lambda;892": -0.0009636429372127525,
    "lambda;892_err": 0.0002598510664261136,
    "mu;892": 5278.811666550535,
    "mu;892_err": 0.07812828844947883,
    "n_bkg;892": 5637.628908204765,
    "n_bkg;892_err": 185.15062098709214,
    "n_sig;892": 51919.97821999494,
    "n_sig;892_err": 279.77767416762737,
    "r_params": {
        "alphaL": 2.1719671582735787,
        "alphaL_Kpipi": 0.23984147888569726,
        "alphaR": -1.7026655972993228,
        "alphaR_Kpipi": -3.45169511727099,
        "fraction_Kpipi": 0.8861855867303668,
        "muL_Kpipi": 5214.656416664541,
        "muR_Kpipi": 5183.074248990296,
        "nL": 0.2907285853221604,
        "nL_Kpipi": 4.413073505098077,
        "nR": 5.191475171961096,
        "nR_Kpipi": 1.3686501931786665e-08,
        "r_bkgK": 0.03478781022148211,
        "sigmaL_Kpipi": 19.133710600596434,
        "sigmaR_Kpipi": 39.32384704379869
    },
    "sigmaL;892": 11.23816534067708,
    "sigmaL;892_err": 0.20235772662717696,
    "sigmaR;892": 18.6228626933658,
    "sigmaR;892_err": 0.2584076215052659
}