{
    "fit_ok": true,
    "frac;1155": 0.561579977563867,
    "frac;1155_err": 0.02258034027697004,
    "info_fit": "------------------------------------------------------------------\n| FCN = -3.172e+05              |     Ncalls=105 (105 total)     |\n| EDM = 9.36e-06 (Goal: 0.001)  |            up = 0.5            |\n------------------------------------------------------------------\n|  Valid Min.   | Valid Param.  | Above EDM | Reached call limit |\n------------------------------------------------------------------\n|     True      |     True      |   False   |       False        |\n------------------------------------------------------------------\n| Hesse failed  |   Has cov.    | Accurate  | Pos. def. | Forced |\n------------------------------------------------------------------\n|     False     |     True      |   True    |   True    | False  |\n------------------------------------------------------------------",
    "info_params": "name             value    minuit_hesse    at limit\n-----------  ---------  --------------  ----------\nn_sig;1155       51580     +/- 2.7e+02       False\u001b[0m\nn_bkg;1155        5992     +/- 1.8e+02       False\u001b[0m\nfrac;1155       0.5616     +/-   0.023       False\u001b[0m\nmu;1155           5279     +/-   0.078       False\u001b[0m\nsigmaL;1155      11.94     +/-    0.19       False\u001b[0m\nsigmaR;1155       19.7     +/-    0.36       False\u001b[0m\nlambda;1155  -0.001594     +/- 0.00022       False\u001b[0m",
    "lambda;1155": -0.0015936162205006238,
    "lambda;1155_err": 0.00022405264005414752,
    "mu;1155": 5278.7926128972285,
    "mu;1155_err": 0.07776693998201965,
    "n_bkg;1155": 5991.631909118057,
    "n_bkg;1155_err": 175.9247410676734,
    "n_sig;1155": 51578.972262323594,
    "n_sig;1155_err": 273.0726673061748,
    "r_params": {
        "alphaL": 2.1969443857970705,
        "alphaL_Kpipi": 0.23984147888569726,
        "alphaR": -1.6787791288209133,
        "alphaR_Kpipi": -3.45169511727099,
        "fraction_Kpipi": 0.8861855867303668,
        "muL_Kpipi": 5214.656416664541,
        "muR_Kpipi": 5183.074248990296,
        "nL": 0.4089323152039894,
        "nL_Kpipi": 4.413073505098077,
        "nR": 4.2827439330999395,
        "nR_Kpipi": 1.3686501931786665e-08,
        "r_bkgK": 0.03478781022148211,
        "sigmaL_Kpipi": 19.133710600596434,
        "sigmaR_Kpipi": 39.32384704379869
    },
    "sigmaL;1155": 11.943582402977466,
    "sigmaL;1155_err": 0.1874448173813241,
    "sigmaR;1155": 19.704244421848422,
    "sigmaR;1155_err": 0.3610576197665656
}