{
    "fit_ok": true,
    "frac;1064": 0.2957286500861625,
    "frac;1064_err": 0.018543710658612933,
    "info_fit": "------------------------------------------------------------------\n| FCN = -3.172e+05              |     Ncalls=103 (103 total)     |\n| EDM = 0.000146 (Goal: 0.001)  |            up = 0.5            |\n------------------------------------------------------------------\n|  Valid Min.   | Valid Param.  | Above EDM | Reached call limit |\n------------------------------------------------------------------\n|     True      |     True      |   False   |       False        |\n------------------------------------------------------------------\n| Hesse failed  |   Has cov.    | Accurate  | Pos. def. | Forced |\n------------------------------------------------------------------\n|     False     |     True      |   True    |   True    | False  |\n------------------------------------------------------------------",
    "info_params": "name              value    minuit_hesse    at limit\n-----------  ----------  --------------  ----------\nn_sig;1064        50840     +/- 2.6e+02       False\u001b[0m\nn_bkg;1064         5448     +/- 1.7e+02       False\u001b[0m\nfrac;1064        0.2957     +/-   0.019       False\u001b[0m\nmu;1064            5279     +/-   0.079       False\u001b[0m\nsigmaL;1064       9.828     +/-    0.28       False\u001b[0m\nsigmaR;1064       17.26     +/-    0.17       False\u001b[0m\nlambda;1064  -0.0005416     +/- 0.00025       False\u001b[0m",
    "lambda;1064": -0.0005416427386374795,
    "lambda;1064_err": 0.00025058271755522396,
    "mu;1064": 5278.84612335251,
    "mu;1064_err": 0.07897897560736919,
    "n_bkg;1064": 5448.1096500302665,
    "n_bkg;1064_err": 167.86041925357804,
    "n_sig;1064": 50836.13742483108,
    "n_sig;1064_err": 263.4343564632542,
    "r_params": {
        "alphaL": 2.030074578321816,
        "alphaL_Kpipi": 0.2486427345546296,
        "alphaR": -1.7613550245501948,
        "alphaR_Kpipi": -3.3828844455158182,
        "fraction_Kpipi": 0.8604141503602014,
        "muL_Kpipi": 5214.369336645217,
        "muR_Kpipi": 5182.837153113499,
        "nL": 0.4392329990731146,
        "nL_Kpipi": 4.141105220299152,
        "nR": 5.840596424652496,
        "nR_Kpipi": 0.00017984616736033997,
        "r_bkgK": 0.06051220177340158,
        "sigmaL_Kpipi": 19.3033792412578,
        "sigmaR_Kpipi": 38.55976591312354
    },
    "sigmaL;1064": 9.828038423182402,
    "sigmaL;1064_err": 0.27839078825524916,
    "sigmaR;1064": 17.26107103242323,
    "sigmaR;1064_err": 0.17035870323544192
}