{
    "fit_ok": true,
    "frac;966": 0.41580877481469186,
    "frac;966_err": 0.02208828786573003,
    "info_fit": "------------------------------------------------------------------\n| FCN = -3.172e+05              |     Ncalls=103 (103 total)     |\n| EDM = 1.26e-05 (Goal: 0.001)  |            up = 0.5            |\n------------------------------------------------------------------\n|  Valid Min.   | Valid Param.  | Above EDM | Reached call limit |\n------------------------------------------------------------------\n|     True      |     True      |   False   |       False        |\n------------------------------------------------------------------\n| Hesse failed  |   Has cov.    | Accurate  | Pos. def. | Forced |\n------------------------------------------------------------------\n|     False     |     True      |   True    |   True    | False  |\n------------------------------------------------------------------",
    "info_params": "name            value    minuit_hesse    at limit\n----------  ---------  --------------  ----------\nn_sig;966       50960     +/- 2.8e+02       False\u001b[0m\nn_bkg;966        6631     +/- 1.9e+02       False\u001b[0m\nfrac;966       0.4158     +/-   0.022       False\u001b[0m\nmu;966           5279     +/-   0.079       False\u001b[0m\nsigmaL;966      10.85     +/-    0.23       False\u001b[0m\nsigmaR;966      17.98     +/-    0.23       False\u001b[0m\nlambda;966  -0.001946     +/- 0.00022       False\u001b[0m",
    "lambda;966": -0.0019455624038685615,
    "lambda;966_err": 0.00021705739783579368,
    "mu;966": 5278.894952778092,
    "mu;966_err": 0.07873111346275556,
    "n_bkg;966": 6630.938486512467,
    "n_bkg;966_err": 191.0299925311014,
    "n_sig;966": 50959.65126700012,
    "n_sig;966_err": 280.10160215876544,
    "r_params": {
        "alphaL": 1.96961540196338,
        "alphaL_Kpipi": 0.23984147888569726,
        "alphaR": -1.7347215867112902,
        "alphaR_Kpipi": -3.45169511727099,
        "fraction_Kpipi": 0.8861855867303668,
        "muL_Kpipi": 5214.656416664541,
        "muR_Kpipi": 5183.074248990296,
        "nL": 0.5249057570812078,
        "nL_Kpipi": 4.413073505098077,
        "nR": 10.492639680816458,
        "nR_Kpipi": 1.3686501931786665e-08,
        "r_bkgK": 0.03478781022148211,
        "sigmaL_Kpipi": 19.133710600596434,
        "sigmaR_Kpipi": 39.32384704379869
    },
    "sigmaL;966": 10.850347927300742,
    "sigmaL;966_err": 0.22651486121736003,
    "sigmaR;966": 17.98365017555285,
    "sigmaR;966_err": 0.22881192641111225
}