{
    "fit_ok": true,
    "frac;960": 0.35156348739679083,
    "frac;960_err": 0.019541551543553727,
    "info_fit": "------------------------------------------------------------------\n| FCN = -3.172e+05              |     Ncalls=105 (105 total)     |\n| EDM = 4.31e-05 (Goal: 0.001)  |            up = 0.5            |\n------------------------------------------------------------------\n|  Valid Min.   | Valid Param.  | Above EDM | Reached call limit |\n------------------------------------------------------------------\n|     True      |     True      |   False   |       False        |\n------------------------------------------------------------------\n| Hesse failed  |   Has cov.    | Accurate  | Pos. def. | Forced |\n------------------------------------------------------------------\n|     False     |     True      |   True    |   True    | False  |\n------------------------------------------------------------------",
    "info_params": "name             value    minuit_hesse    at limit\n----------  ----------  --------------  ----------\nn_sig;960        51080     +/- 2.7e+02       False\u001b[0m\nn_bkg;960         5743     +/- 1.8e+02       False\u001b[0m\nfrac;960        0.3516     +/-    0.02       False\u001b[0m\nmu;960            5279     +/-   0.079       False\u001b[0m\nsigmaL;960       10.35     +/-    0.24       False\u001b[0m\nsigmaR;960       17.62     +/-    0.19       False\u001b[0m\nlambda;960  -0.0009734     +/- 0.00025       False\u001b[0m",
    "lambda;960": -0.0009734136709125402,
    "lambda;960_err": 0.00024776274247571286,
    "mu;960": 5278.85723692037,
    "mu;960_err": 0.07875539950600854,
    "n_bkg;960": 5743.317292883002,
    "n_bkg;960_err": 179.1957855705328,
    "n_sig;960": 51082.06839190649,
    "n_sig;960_err": 271.83326986758084,
    "r_params": {
        "alphaL": 2.030074578321816,
        "alphaL_Kpipi": 0.2504973505346781,
        "alphaR": -1.7613550245501948,
        "alphaR_Kpipi": -3.721149266116218,
        "fraction_Kpipi": 0.8917137183595839,
        "muL_Kpipi": 5214.467670666615,
        "muR_Kpipi": 5180.232402570486,
        "nL": 0.4392329990731146,
        "nL_Kpipi": 4.512227585139252,
        "nR": 5.840596424652496,
        "nR_Kpipi": 0.0002512436595375226,
        "r_bkgK": 0.049651954999513775,
        "sigmaL_Kpipi": 19.16164305213385,
        "sigmaR_Kpipi": 37.12490644925421
    },
    "sigmaL;960": 10.348815722482858,
    "sigmaL;960_err": 0.24173182296817458,
    "sigmaR;960": 17.620530294360293,
    "sigmaR;960_err": 0.19450519392214963
}