{
    "fit_ok": false,
    "frac;674": 0.46717521732339573,
    "frac;674_err": 7.784486170423917e-05,
    "info_fit": "------------------------------------------------------------------\n| FCN = -3.17e+05               |     Ncalls=119 (119 total)     |\n| EDM = 5.31e-09 (Goal: 0.001)  |            up = 0.5            |\n------------------------------------------------------------------\n|  Valid Min.   | Valid Param.  | Above EDM | Reached call limit |\n------------------------------------------------------------------\n|     True      |     True      |   False   |       False        |\n------------------------------------------------------------------\n| Hesse failed  |   Has cov.    | Accurate  | Pos. def. | Forced |\n------------------------------------------------------------------\n|     False     |     True      |   False   |   False   |  True  |\n------------------------------------------------------------------",
    "info_params": "name             value    minuit_hesse    at limit\n----------  ----------  --------------  ----------\nn_sig;674        57340     +/-     3.1       False\u001b[0m\nn_bkg;674    4.337e-09     +/- 0.00013       False\u001b[0m\nfrac;674        0.4672     +/- 7.8e-05       False\u001b[0m\nmu;674            5279     +/-   0.001       False\u001b[0m\nsigmaL;674       13.04     +/-  0.0019       False\u001b[0m\nsigmaR;674       16.76     +/-  0.0018       False\u001b[0m\nlambda;674  -4.561e-07     +/-     1.7       False\u001b[0m",
    "lambda;674": -4.560914214218892e-07,
    "lambda;674_err": 1.6901833140143816,
    "mu;674": 5278.8472807506205,
    "mu;674_err": 0.0010211644146981868,
    "n_bkg;674": 4.3370906865902725e-09,
    "n_bkg;674_err": 0.00013259000090830365,
    "n_sig;674": 57340.20948447514,
    "n_sig;674_err": 3.1466369913808245,
    "r_params": {
        "alphaL": 1.8332613554898267,
        "alphaL_Kpipi": 0.23984147888569726,
        "alphaR": -1.7277458129710899,
        "alphaR_Kpipi": -3.45169511727099,
        "fraction_Kpipi": 0.8861855867303668,
        "muL_Kpipi": 5214.656416664541,
        "muR_Kpipi": 5183.074248990296,
        "nL": 0.27746323854914334,
        "nL_Kpipi": 4.413073505098077,
        "nR": 0.7871676541383765,
        "nR_Kpipi": 1.3686501931786665e-08,
        "r_bkgK": 0.03478781022148211,
        "sigmaL_Kpipi": 19.133710600596434,
        "sigmaR_Kpipi": 39.32384704379869
    },
    "sigmaL;674": 13.040998119689691,
    "sigmaL;674_err": 0.0018755058660252612,
    "sigmaR;674": 16.758811093270957,
    "sigmaR;674_err": 0.001803047967547111
}