{
    "fit_ok": true,
    "frac;210": 0.6756610850284717,
    "frac;210_err": 0.012314042300512147,
    "info_fit": "------------------------------------------------------------------\n| FCN = -3.171e+05              |     Ncalls=100 (100 total)     |\n| EDM = 2.31e-06 (Goal: 0.001)  |            up = 0.5            |\n------------------------------------------------------------------\n|  Valid Min.   | Valid Param.  | Above EDM | Reached call limit |\n------------------------------------------------------------------\n|     True      |     True      |   False   |       False        |\n------------------------------------------------------------------\n| Hesse failed  |   Has cov.    | Accurate  | Pos. def. | Forced |\n------------------------------------------------------------------\n|     False     |     True      |   True    |   True    | False  |\n------------------------------------------------------------------",
    "info_params": "name          value    minuit_hesse    at limit\n----------  -------  --------------  ----------\nn_sig;210     53300     +/- 2.4e+02       False\u001b[0m\nn_bkg;210      4208     +/- 1.1e+02       False\u001b[0m\nfrac;210     0.6757     +/-   0.012       False\u001b[0m\nmu;210         5279     +/-    0.08       False\u001b[0m\nsigmaL;210    13.11     +/-    0.14       False\u001b[0m\nsigmaR;210    19.63     +/-    0.34       False\u001b[0m\nlambda;210   -1e-08     +/- 1.7e-08       False\u001b[0m",
    "lambda;210": -1.0002146749732432e-08,
    "lambda;210_err": 1.730533407761844e-08,
    "mu;210": 5278.7322490059405,
    "mu;210_err": 0.07975175687902855,
    "n_bkg;210": 4208.311863425057,
    "n_bkg;210_err": 106.52944889901586,
    "n_sig;210": 53296.06816334037,
    "n_sig;210_err": 243.855619628072,
    "r_params": {
        "alphaL": 2.123084510223381,
        "alphaL_Kpipi": 0.23984147888569726,
        "alphaR": -1.3098915420836998,
        "alphaR_Kpipi": -3.45169511727099,
        "fraction_Kpipi": 0.8861855867303668,
        "muL_Kpipi": 5214.656416664541,
        "muR_Kpipi": 5183.074248990296,
        "nL": 0.35466392018436754,
        "nL_Kpipi": 4.413073505098077,
        "nR": 3.1289470396329686,
        "nR_Kpipi": 1.3686501931786665e-08,
        "r_bkgK": 0.03478781022148211,
        "sigmaL_Kpipi": 19.133710600596434,
        "sigmaR_Kpipi": 39.32384704379869
    },
    "sigmaL;210": 13.111399808374268,
    "sigmaL;210_err": 0.13503335586009121,
    "sigmaR;210": 19.63094336823172,
    "sigmaR;210_err": 0.33867182091053416
}