{
    "fit_ok": true,
    "frac;738": 0.4102371804148232,
    "frac;738_err": 0.020076878394922847,
    "info_fit": "------------------------------------------------------------------\n| FCN = -3.172e+05              |     Ncalls=104 (104 total)     |\n| EDM = 3.1e-05 (Goal: 0.001)   |            up = 0.5            |\n------------------------------------------------------------------\n|  Valid Min.   | Valid Param.  | Above EDM | Reached call limit |\n------------------------------------------------------------------\n|     True      |     True      |   False   |       False        |\n------------------------------------------------------------------\n| Hesse failed  |   Has cov.    | Accurate  | Pos. def. | Forced |\n------------------------------------------------------------------\n|     False     |     True      |   True    |   True    | False  |\n------------------------------------------------------------------",
    "info_params": "name            value    minuit_hesse    at limit\n----------  ---------  --------------  ----------\nn_sig;738       51650     +/- 2.8e+02       False\u001b[0m\nn_bkg;738        5913     +/- 1.9e+02       False\u001b[0m\nfrac;738       0.4102     +/-    0.02       False\u001b[0m\nmu;738           5279     +/-   0.078       False\u001b[0m\nsigmaL;738      10.72     +/-    0.22       False\u001b[0m\nsigmaR;738      18.24     +/-    0.23       False\u001b[0m\nlambda;738  -0.001301     +/- 0.00025       False\u001b[0m",
    "lambda;738": -0.0013013885489926158,
    "lambda;738_err": 0.00025221216693852044,
    "mu;738": 5278.875741413652,
    "mu;738_err": 0.07814694598174067,
    "n_bkg;738": 5913.214673760844,
    "n_bkg;738_err": 190.6412419877734,
    "n_sig;738": 51652.8097266073,
    "n_sig;738_err": 282.26109089227197,
    "r_params": {
        "alphaL": 2.1071296306168303,
        "alphaL_Kpipi": 0.23984147888569726,
        "alphaR": -1.9260743335427217,
        "alphaR_Kpipi": -3.45169511727099,
        "fraction_Kpipi": 0.8861855867303668,
        "muL_Kpipi": 5214.656416664541,
        "muR_Kpipi": 5183.074248990296,
        "nL": 0.32316463589187056,
        "nL_Kpipi": 4.413073505098077,
        "nR": 3.6840418024637116,
        "nR_Kpipi": 1.3686501931786665e-08,
        "r_bkgK": 0.03478781022148211,
        "sigmaL_Kpipi": 19.133710600596434,
        "sigmaR_Kpipi": 39.32384704379869
    },
    "sigmaL;738": 10.7182673478618,
    "sigmaL;738_err": 0.2227431000833147,
    "sigmaR;738": 18.243413784935175,
    "sigmaR;738_err": 0.2261116052516111
}