{
    "fit_ok": true,
    "frac;960": 0.463594980576835,
    "frac;960_err": 0.016231581053467538,
    "info_fit": "------------------------------------------------------------------\n| FCN = -3.172e+05              |     Ncalls=103 (103 total)     |\n| EDM = 2.67e-05 (Goal: 0.001)  |            up = 0.5            |\n------------------------------------------------------------------\n|  Valid Min.   | Valid Param.  | Above EDM | Reached call limit |\n------------------------------------------------------------------\n|     True      |     True      |   False   |       False        |\n------------------------------------------------------------------\n| Hesse failed  |   Has cov.    | Accurate  | Pos. def. | Forced |\n------------------------------------------------------------------\n|     False     |     True      |   True    |   True    | False  |\n------------------------------------------------------------------",
    "info_params": "name             value    minuit_hesse    at limit\n----------  ----------  --------------  ----------\nn_sig;960        52060     +/- 2.7e+02       False\u001b[0m\nn_bkg;960         5495     +/- 1.8e+02       False\u001b[0m\nfrac;960        0.4636     +/-   0.016       False\u001b[0m\nmu;960            5279     +/-   0.081       False\u001b[0m\nsigmaL;960       11.62     +/-     0.2       False\u001b[0m\nsigmaR;960       17.45     +/-    0.21       False\u001b[0m\nlambda;960  -0.0007861     +/- 0.00026       False\u001b[0m",
    "lambda;960": -0.0007860728336781392,
    "lambda;960_err": 0.00025602461687990435,
    "mu;960": 5278.882582042912,
    "mu;960_err": 0.08055857995183908,
    "n_bkg;960": 5495.2323966397935,
    "n_bkg;960_err": 175.62886924958582,
    "n_sig;960": 52056.141731555515,
    "n_sig;960_err": 274.4663377403141,
    "r_params": {
        "alphaL": 1.8197960311222259,
        "alphaL_Kpipi": 0.23984147888569726,
        "alphaR": -1.496051732640761,
        "alphaR_Kpipi": -3.45169511727099,
        "fraction_Kpipi": 0.8861855867303668,
        "muL_Kpipi": 5214.656416664541,
        "muR_Kpipi": 5183.074248990296,
        "nL": 0.570900753919627,
        "nL_Kpipi": 4.413073505098077,
        "nR": 6.628825352293816,
        "nR_Kpipi": 1.3686501931786665e-08,
        "r_bkgK": 0.03478781022148211,
        "sigmaL_Kpipi": 19.133710600596434,
        "sigmaR_Kpipi": 39.32384704379869
    },
    "sigmaL;960": 11.62255094469544,
    "sigmaL;960_err": 0.19718862460987505,
    "sigmaR;960": 17.446476432513602,
    "sigmaR;960_err": 0.207200422508108
}