{
    "fit_ok": true,
    "frac;979": 0.4226690489950952,
    "frac;979_err": 0.021414504763722097,
    "info_fit": "------------------------------------------------------------------\n| FCN = -3.172e+05              |     Ncalls=106 (106 total)     |\n| EDM = 2.93e-05 (Goal: 0.001)  |            up = 0.5            |\n------------------------------------------------------------------\n|  Valid Min.   | Valid Param.  | Above EDM | Reached call limit |\n------------------------------------------------------------------\n|     True      |     True      |   False   |       False        |\n------------------------------------------------------------------\n| Hesse failed  |   Has cov.    | Accurate  | Pos. def. | Forced |\n------------------------------------------------------------------\n|     False     |     True      |   True    |   True    | False  |\n------------------------------------------------------------------",
    "info_params": "name            value    minuit_hesse    at limit\n----------  ---------  --------------  ----------\nn_sig;979       51330     +/- 2.8e+02       False\u001b[0m\nn_bkg;979        6098     +/- 1.9e+02       False\u001b[0m\nfrac;979       0.4227     +/-   0.021       False\u001b[0m\nmu;979           5279     +/-   0.079       False\u001b[0m\nsigmaL;979      10.92     +/-    0.23       False\u001b[0m\nsigmaR;979       18.1     +/-    0.23       False\u001b[0m\nlambda;979  -0.001455     +/- 0.00024       False\u001b[0m",
    "lambda;979": -0.0014549119004721167,
    "lambda;979_err": 0.0002408988878485473,
    "mu;979": 5278.88022569544,
    "mu;979_err": 0.07858915935146316,
    "n_bkg;979": 6097.986909460822,
    "n_bkg;979_err": 189.64518375171664,
    "n_sig;979": 51333.24510475413,
    "n_sig;979_err": 280.2475075987367,
    "r_params": {
        "alphaL": 2.030074578321816,
        "alphaL_Kpipi": 0.24048690349305785,
        "alphaR": -1.7613550245501948,
        "alphaR_Kpipi": -3.12151654484449,
        "fraction_Kpipi": 0.8924889747740041,
        "muL_Kpipi": 5214.4449520014805,
        "muR_Kpipi": 5180.322303823634,
        "nL": 0.4392329990731146,
        "nL_Kpipi": 4.346883531758422,
        "nR": 5.840596424652496,
        "nR_Kpipi": 0.00020421551263200767,
        "r_bkgK": 0.03763240673308253,
        "sigmaL_Kpipi": 20.277350957019312,
        "sigmaR_Kpipi": 39.96463820527886
    },
    "sigmaL;979": 10.924196799671252,
    "sigmaL;979_err": 0.22853028466520425,
    "sigmaR;979": 18.097842106429074,
    "sigmaR;979_err": 0.23225563643214983
}