{
    "fit_ok": true,
    "frac;918": 0.40824104788895216,
    "frac;918_err": 0.018555329266073815,
    "info_fit": "------------------------------------------------------------------\n| FCN = -3.172e+05              |     Ncalls=105 (105 total)     |\n| EDM = 6.4e-05 (Goal: 0.001)   |            up = 0.5            |\n------------------------------------------------------------------\n|  Valid Min.   | Valid Param.  | Above EDM | Reached call limit |\n------------------------------------------------------------------\n|     True      |     True      |   False   |       False        |\n------------------------------------------------------------------\n| Hesse failed  |   Has cov.    | Accurate  | Pos. def. | Forced |\n------------------------------------------------------------------\n|     False     |     True      |   True    |   True    | False  |\n------------------------------------------------------------------",
    "info_params": "name            value    minuit_hesse    at limit\n----------  ---------  --------------  ----------\nn_sig;918       51730     +/- 2.8e+02       False\u001b[0m\nn_bkg;918        5835     +/- 1.9e+02       False\u001b[0m\nfrac;918       0.4082     +/-   0.019       False\u001b[0m\nmu;918           5279     +/-   0.079       False\u001b[0m\nsigmaL;918       10.8     +/-    0.22       False\u001b[0m\nsigmaR;918      17.93     +/-    0.21       False\u001b[0m\nlambda;918  -0.001188     +/- 0.00025       False\u001b[0m",
    "lambda;918": -0.0011881683908895047,
    "lambda;918_err": 0.000253476809345484,
    "mu;918": 5278.894353399755,
    "mu;918_err": 0.07869739309845847,
    "n_bkg;918": 5835.010970321295,
    "n_bkg;918_err": 187.9919072418868,
    "n_sig;918": 51728.28796480187,
    "n_sig;918_err": 280.85520991066755,
    "r_params": {
        "alphaL": 1.9992440714572126,
        "alphaL_Kpipi": 0.23984147888569726,
        "alphaR": -1.7863490366995263,
        "alphaR_Kpipi": -3.45169511727099,
        "fraction_Kpipi": 0.8861855867303668,
        "muL_Kpipi": 5214.656416664541,
        "muR_Kpipi": 5183.074248990296,
        "nL": 0.3962248725205794,
        "nL_Kpipi": 4.413073505098077,
        "nR": 4.668417048996562,
        "nR_Kpipi": 1.3686501931786665e-08,
        "r_bkgK": 0.03478781022148211,
        "sigmaL_Kpipi": 19.133710600596434,
        "sigmaR_Kpipi": 39.32384704379869
    },
    "sigmaL;918": 10.79908224049739,
    "sigmaL;918_err": 0.2168329573402053,
    "sigmaR;918": 17.92553172429258,
    "sigmaR;918_err": 0.2057882677475935
}