{
    "fit_ok": true,
    "frac;162": 0.3728442707899205,
    "frac;162_err": 0.01943281842318036,
    "info_fit": "------------------------------------------------------------------\n| FCN = -3.172e+05              |     Ncalls=103 (103 total)     |\n| EDM = 3.93e-05 (Goal: 0.001)  |            up = 0.5            |\n------------------------------------------------------------------\n|  Valid Min.   | Valid Param.  | Above EDM | Reached call limit |\n------------------------------------------------------------------\n|     True      |     True      |   False   |       False        |\n------------------------------------------------------------------\n| Hesse failed  |   Has cov.    | Accurate  | Pos. def. | Forced |\n------------------------------------------------------------------\n|     False     |     True      |   True    |   True    | False  |\n------------------------------------------------------------------",
    "info_params": "name            value    minuit_hesse    at limit\n----------  ---------  --------------  ----------\nn_sig;162       51320     +/- 2.8e+02       False\u001b[0m\nn_bkg;162        6255     +/- 1.9e+02       False\u001b[0m\nfrac;162       0.3728     +/-   0.019       False\u001b[0m\nmu;162           5279     +/-   0.078       False\u001b[0m\nsigmaL;162      10.39     +/-    0.23       False\u001b[0m\nsigmaR;162      17.85     +/-     0.2       False\u001b[0m\nlambda;162  -0.001519     +/- 0.00024       False\u001b[0m",
    "lambda;162": -0.0015187870331940523,
    "lambda;162_err": 0.00023949532617467914,
    "mu;162": 5278.894079073318,
    "mu;162_err": 0.07835280964647157,
    "n_bkg;162": 6254.958068852282,
    "n_bkg;162_err": 194.42334483813386,
    "n_sig;162": 51322.28591585533,
    "n_sig;162_err": 283.4888217854719,
    "r_params": {
        "alphaL": 2.0605509459268836,
        "alphaL_Kpipi": 0.23984147888569726,
        "alphaR": -1.889215128382853,
        "alphaR_Kpipi": -3.45169511727099,
        "fraction_Kpipi": 0.8861855867303668,
        "muL_Kpipi": 5214.656416664541,
        "muR_Kpipi": 5183.074248990296,
        "nL": 0.34082824205313655,
        "nL_Kpipi": 4.413073505098077,
        "nR": 5.982983383579869,
        "nR_Kpipi": 1.3686501931786665e-08,
        "r_bkgK": 0.03478781022148211,
        "sigmaL_Kpipi": 19.133710600596434,
        "sigmaR_Kpipi": 39.32384704379869
    },
    "sigmaL;162": 10.388948207360766,
    "sigmaL;162_err": 0.22953580519420513,
    "sigmaR;162": 17.854318055095987,
    "sigmaR;162_err": 0.2026380526722291
}