{
    "fit_ok": true,
    "frac;932": 0.2502827224914612,
    "frac;932_err": 0.012340555395445207,
    "info_fit": "------------------------------------------------------------------\n| FCN = -3.172e+05              |     Ncalls=100 (100 total)     |\n| EDM = 0.000105 (Goal: 0.001)  |            up = 0.5            |\n------------------------------------------------------------------\n|  Valid Min.   | Valid Param.  | Above EDM | Reached call limit |\n------------------------------------------------------------------\n|     True      |     True      |   False   |       False        |\n------------------------------------------------------------------\n| Hesse failed  |   Has cov.    | Accurate  | Pos. def. | Forced |\n------------------------------------------------------------------\n|     False     |     True      |   True    |   True    | False  |\n------------------------------------------------------------------",
    "info_params": "name            value    minuit_hesse    at limit\n----------  ---------  --------------  ----------\nn_sig;932       51440     +/- 2.8e+02       False\u001b[0m\nn_bkg;932        6132     +/- 1.9e+02       False\u001b[0m\nfrac;932       0.2503     +/-   0.012       False\u001b[0m\nmu;932           5279     +/-   0.081       False\u001b[0m\nsigmaL;932      9.083     +/-    0.28       False\u001b[0m\nsigmaR;932      16.62     +/-    0.12       False\u001b[0m\nlambda;932  -0.001262     +/- 0.00025       False\u001b[0m",
    "lambda;932": -0.001262288923216573,
    "lambda;932_err": 0.00024524464159814016,
    "mu;932": 5279.014613061465,
    "mu;932_err": 0.0805670352861854,
    "n_bkg;932": 6132.314078130623,
    "n_bkg;932_err": 191.20148678091752,
    "n_sig;932": 51438.41508171143,
    "n_sig;932_err": 281.75020675418517,
    "r_params": {
        "alphaL": 1.7852063304089019,
        "alphaL_Kpipi": 0.23984147888569726,
        "alphaR": -1.9031252621576364,
        "alphaR_Kpipi": -3.45169511727099,
        "fraction_Kpipi": 0.8861855867303668,
        "muL_Kpipi": 5214.656416664541,
        "muR_Kpipi": 5183.074248990296,
        "nL": 0.3393713226049492,
        "nL_Kpipi": 4.413073505098077,
        "nR": 6.507368720715422,
        "nR_Kpipi": 1.3686501931786665e-08,
        "r_bkgK": 0.03478781022148211,
        "sigmaL_Kpipi": 19.133710600596434,
        "sigmaR_Kpipi": 39.32384704379869
    },
    "sigmaL;932": 9.082536483997586,
    "sigmaL;932_err": 0.28200109182328464,
    "sigmaR;932": 16.61936062021185,
    "sigmaR;932_err": 0.1192668262300272
}