{
    "fit_ok": true,
    "frac;1085": 0.3443937555818758,
    "frac;1085_err": 0.01756224515264351,
    "info_fit": "------------------------------------------------------------------\n| FCN = -3.172e+05              |     Ncalls=104 (104 total)     |\n| EDM = 1.35e-05 (Goal: 0.001)  |            up = 0.5            |\n------------------------------------------------------------------\n|  Valid Min.   | Valid Param.  | Above EDM | Reached call limit |\n------------------------------------------------------------------\n|     True      |     True      |   False   |       False        |\n------------------------------------------------------------------\n| Hesse failed  |   Has cov.    | Accurate  | Pos. def. | Forced |\n------------------------------------------------------------------\n|     False     |     True      |   True    |   True    | False  |\n------------------------------------------------------------------",
    "info_params": "name           value    minuit_hesse    at limit\n-----------  -------  --------------  ----------\nn_sig;1085     51480     +/- 2.8e+02       False\u001b[0m\nn_bkg;1085      6094     +/- 1.9e+02       False\u001b[0m\nfrac;1085     0.3444     +/-   0.018       False\u001b[0m\nmu;1085         5279     +/-   0.079       False\u001b[0m\nsigmaL;1085     10.2     +/-    0.25       False\u001b[0m\nsigmaR;1085    17.43     +/-    0.17       False\u001b[0m\nlambda;1085  -0.0013     +/- 0.00025       False\u001b[0m",
    "lambda;1085": -0.0012998438123136002,
    "lambda;1085_err": 0.0002495526659507451,
    "mu;1085": 5278.901824223228,
    "mu;1085_err": 0.07912141459552907,
    "n_bkg;1085": 6094.114607015431,
    "n_bkg;1085_err": 194.27023280717592,
    "n_sig;1085": 51476.69564776426,
    "n_sig;1085_err": 283.8733522609477,
    "r_params": {
        "alphaL": 1.990002697244992,
        "alphaL_Kpipi": 0.23984147888569726,
        "alphaR": -1.7790208631870439,
        "alphaR_Kpipi": -3.45169511727099,
        "fraction_Kpipi": 0.8861855867303668,
        "muL_Kpipi": 5214.656416664541,
        "muR_Kpipi": 5183.074248990296,
        "nL": 0.33674373256598733,
        "nL_Kpipi": 4.413073505098077,
        "nR": 7.861390452754128,
        "nR_Kpipi": 1.3686501931786665e-08,
        "r_bkgK": 0.03478781022148211,
        "sigmaL_Kpipi": 19.133710600596434,
        "sigmaR_Kpipi": 39.32384704379869
    },
    "sigmaL;1085": 10.20080513593807,
    "sigmaL;1085_err": 0.24833094613788106,
    "sigmaR;1085": 17.43087507660647,
    "sigmaR;1085_err": 0.17405108188253476
}