{
    "fit_ok": true,
    "frac;96": 0.3942203810921862,
    "frac;96_err": 0.020036943973603866,
    "info_fit": "------------------------------------------------------------------\n| FCN = -3.172e+05              |     Ncalls=103 (103 total)     |\n| EDM = 2.82e-05 (Goal: 0.001)  |            up = 0.5            |\n------------------------------------------------------------------\n|  Valid Min.   | Valid Param.  | Above EDM | Reached call limit |\n------------------------------------------------------------------\n|     True      |     True      |   False   |       False        |\n------------------------------------------------------------------\n| Hesse failed  |   Has cov.    | Accurate  | Pos. def. | Forced |\n------------------------------------------------------------------\n|     False     |     True      |   True    |   True    | False  |\n------------------------------------------------------------------",
    "info_params": "name           value    minuit_hesse    at limit\n---------  ---------  --------------  ----------\nn_sig;96       51260     +/- 2.8e+02       False\u001b[0m\nn_bkg;96        6318     +/- 1.9e+02       False\u001b[0m\nfrac;96       0.3942     +/-    0.02       False\u001b[0m\nmu;96           5279     +/-   0.079       False\u001b[0m\nsigmaL;96      10.68     +/-    0.23       False\u001b[0m\nsigmaR;96      17.76     +/-    0.21       False\u001b[0m\nlambda;96  -0.001633     +/- 0.00023       False\u001b[0m",
    "lambda;96": -0.0016327740798564583,
    "lambda;96_err": 0.00023439205116942827,
    "mu;96": 5278.91024018885,
    "mu;96_err": 0.07900758059977635,
    "n_bkg;96": 6317.732576089702,
    "n_bkg;96_err": 192.9219906006979,
    "n_sig;96": 51261.618809118154,
    "n_sig;96_err": 282.3536126966273,
    "r_params": {
        "alphaL": 1.9476558317795982,
        "alphaL_Kpipi": 0.23984147888569726,
        "alphaR": -1.763188198759579,
        "alphaR_Kpipi": -3.45169511727099,
        "fraction_Kpipi": 0.8861855867303668,
        "muL_Kpipi": 5214.656416664541,
        "muR_Kpipi": 5183.074248990296,
        "nL": 0.4721320148467103,
        "nL_Kpipi": 4.413073505098077,
        "nR": 7.22928518384505,
        "nR_Kpipi": 1.3686501931786665e-08,
        "r_bkgK": 0.03478781022148211,
        "sigmaL_Kpipi": 19.133710600596434,
        "sigmaR_Kpipi": 39.32384704379869
    },
    "sigmaL;96": 10.681630625967333,
    "sigmaL;96_err": 0.22964711352633424,
    "sigmaR;96": 17.75983609538906,
    "sigmaR;96_err": 0.20580476007034734
}