{
    "fit_ok": true,
    "frac;362": 0.39233379306620825,
    "frac;362_err": 0.020088578090550684,
    "info_fit": "------------------------------------------------------------------\n| FCN = -3.172e+05              |     Ncalls=106 (106 total)     |\n| EDM = 2.56e-05 (Goal: 0.001)  |            up = 0.5            |\n------------------------------------------------------------------\n|  Valid Min.   | Valid Param.  | Above EDM | Reached call limit |\n------------------------------------------------------------------\n|     True      |     True      |   False   |       False        |\n------------------------------------------------------------------\n| Hesse failed  |   Has cov.    | Accurate  | Pos. def. | Forced |\n------------------------------------------------------------------\n|     False     |     True      |   True    |   True    | False  |\n------------------------------------------------------------------",
    "info_params": "name            value    minuit_hesse    at limit\n----------  ---------  --------------  ----------\nn_sig;362       51290     +/- 2.8e+02       False\u001b[0m\nn_bkg;362        6284     +/- 1.9e+02       False\u001b[0m\nfrac;362       0.3923     +/-    0.02       False\u001b[0m\nmu;362           5279     +/-   0.079       False\u001b[0m\nsigmaL;362      10.63     +/-    0.23       False\u001b[0m\nsigmaR;362      17.85     +/-    0.21       False\u001b[0m\nlambda;362  -0.001594     +/- 0.00024       False\u001b[0m",
    "lambda;362": -0.0015939959289405642,
    "lambda;362_err": 0.00023632705793801343,
    "mu;362": 5278.902009162057,
    "mu;362_err": 0.07869314627588672,
    "n_bkg;362": 6284.363994337686,
    "n_bkg;362_err": 193.21982059814977,
    "n_sig;362": 51293.878406017786,
    "n_sig;362_err": 282.62387506946294,
    "r_params": {
        "alphaL": 1.992298670329711,
        "alphaL_Kpipi": 0.23984147888569726,
        "alphaR": -1.8072359216493437,
        "alphaR_Kpipi": -3.45169511727099,
        "fraction_Kpipi": 0.8861855867303668,
        "muL_Kpipi": 5214.656416664541,
        "muR_Kpipi": 5183.074248990296,
        "nL": 0.42718112824228566,
        "nL_Kpipi": 4.413073505098077,
        "nR": 6.501386318941775,
        "nR_Kpipi": 1.3686501931786665e-08,
        "r_bkgK": 0.03478781022148211,
        "sigmaL_Kpipi": 19.133710600596434,
        "sigmaR_Kpipi": 39.32384704379869
    },
    "sigmaL;362": 10.626430567756458,
    "sigmaL;362_err": 0.229155616668723,
    "sigmaR;362": 17.852514300513562,
    "sigmaR;362_err": 0.20858966946021015
}