{
    "fit_ok": true,
    "frac;980": 0.2829232558296809,
    "frac;980_err": 0.01377009393975082,
    "info_fit": "------------------------------------------------------------------\n| FCN = -3.172e+05              |     Ncalls=101 (101 total)     |\n| EDM = 0.000226 (Goal: 0.001)  |            up = 0.5            |\n------------------------------------------------------------------\n|  Valid Min.   | Valid Param.  | Above EDM | Reached call limit |\n------------------------------------------------------------------\n|     True      |     True      |   False   |       False        |\n------------------------------------------------------------------\n| Hesse failed  |   Has cov.    | Accurate  | Pos. def. | Forced |\n------------------------------------------------------------------\n|     False     |     True      |   True    |   True    | False  |\n------------------------------------------------------------------",
    "info_params": "name            value    minuit_hesse    at limit\n----------  ---------  --------------  ----------\nn_sig;980       51450     +/- 2.8e+02       False\u001b[0m\nn_bkg;980        6123     +/- 1.9e+02       False\u001b[0m\nfrac;980       0.2829     +/-   0.014       False\u001b[0m\nmu;980           5279     +/-    0.08       False\u001b[0m\nsigmaL;980      9.562     +/-    0.26       False\u001b[0m\nsigmaR;980      16.78     +/-    0.13       False\u001b[0m\nlambda;980  -0.001268     +/- 0.00025       False\u001b[0m",
    "lambda;980": -0.001268027615974568,
    "lambda;980_err": 0.0002457342517128193,
    "mu;980": 5278.965995836239,
    "mu;980_err": 0.08019300985620645,
    "n_bkg;980": 6122.6648912050505,
    "n_bkg;980_err": 191.2568282113444,
    "n_sig;980": 51448.408516406176,
    "n_sig;980_err": 281.8356796013943,
    "r_params": {
        "alphaL": 1.8231983693879592,
        "alphaL_Kpipi": 0.23984147888569726,
        "alphaR": -1.7522281115343363,
        "alphaR_Kpipi": -3.45169511727099,
        "fraction_Kpipi": 0.8861855867303668,
        "muL_Kpipi": 5214.656416664541,
        "muR_Kpipi": 5183.074248990296,
        "nL": 0.3679595106883749,
        "nL_Kpipi": 4.413073505098077,
        "nR": 9.91147750965792,
        "nR_Kpipi": 1.3686501931786665e-08,
        "r_bkgK": 0.03478781022148211,
        "sigmaL_Kpipi": 19.133710600596434,
        "sigmaR_Kpipi": 39.32384704379869
    },
    "sigmaL;980": 9.562239290031663,
    "sigmaL;980_err": 0.26259325286500945,
    "sigmaR;980": 16.77998337318501,
    "sigmaR;980_err": 0.1325124381661008
}