{
    "fit_ok": true,
    "frac;553": 0.37022371887528865,
    "frac;553_err": 0.02164958337095285,
    "info_fit": "------------------------------------------------------------------\n| FCN = -3.172e+05              |     Ncalls=105 (105 total)     |\n| EDM = 3.64e-05 (Goal: 0.001)  |            up = 0.5            |\n------------------------------------------------------------------\n|  Valid Min.   | Valid Param.  | Above EDM | Reached call limit |\n------------------------------------------------------------------\n|     True      |     True      |   False   |       False        |\n------------------------------------------------------------------\n| Hesse failed  |   Has cov.    | Accurate  | Pos. def. | Forced |\n------------------------------------------------------------------\n|     False     |     True      |   True    |   True    | False  |\n------------------------------------------------------------------",
    "info_params": "name            value    minuit_hesse    at limit\n----------  ---------  --------------  ----------\nn_sig;553       50810     +/- 2.8e+02       False\u001b[0m\nn_bkg;553        6788     +/-   2e+02       False\u001b[0m\nfrac;553       0.3702     +/-   0.022       False\u001b[0m\nmu;553           5279     +/-   0.078       False\u001b[0m\nsigmaL;553      10.29     +/-    0.25       False\u001b[0m\nsigmaR;553      17.92     +/-    0.21       False\u001b[0m\nlambda;553  -0.002009     +/- 0.00022       False\u001b[0m",
    "lambda;553": -0.002009437518685195,
    "lambda;553_err": 0.00021642922726880704,
    "mu;553": 5278.939163334982,
    "mu;553_err": 0.07841916730052226,
    "n_bkg;553": 6788.431807580555,
    "n_bkg;553_err": 195.93049617144086,
    "n_sig;553": 50806.01351160607,
    "n_sig;553_err": 282.6648958687775,
    "r_params": {
        "alphaL": 2.003621515887328,
        "alphaL_Kpipi": 0.23984147888569726,
        "alphaR": -2.0566789783466617,
        "alphaR_Kpipi": -3.45169511727099,
        "fraction_Kpipi": 0.8861855867303668,
        "muL_Kpipi": 5214.656416664541,
        "muR_Kpipi": 5183.074248990296,
        "nL": 0.4466166057307081,
        "nL_Kpipi": 4.413073505098077,
        "nR": 6.567384159371854,
        "nR_Kpipi": 1.3686501931786665e-08,
        "r_bkgK": 0.03478781022148211,
        "sigmaL_Kpipi": 19.133710600596434,
        "sigmaR_Kpipi": 39.32384704379869
    },
    "sigmaL;553": 10.293133003210922,
    "sigmaL;553_err": 0.2469690405772985,
    "sigmaR;553": 17.9184873272175,
    "sigmaR;553_err": 0.21300279088620672
}