{
    "fit_ok": true,
    "frac;323": 0.26018231323701635,
    "frac;323_err": 0.01231337922156414,
    "info_fit": "------------------------------------------------------------------\n| FCN = -3.172e+05              |     Ncalls=104 (104 total)     |\n| EDM = 7.22e-05 (Goal: 0.001)  |            up = 0.5            |\n------------------------------------------------------------------\n|  Valid Min.   | Valid Param.  | Above EDM | Reached call limit |\n------------------------------------------------------------------\n|     True      |     True      |   False   |       False        |\n------------------------------------------------------------------\n| Hesse failed  |   Has cov.    | Accurate  | Pos. def. | Forced |\n------------------------------------------------------------------\n|     False     |     True      |   True    |   True    | False  |\n------------------------------------------------------------------",
    "info_params": "name             value    minuit_hesse    at limit\n----------  ----------  --------------  ----------\nn_sig;323        51720     +/- 2.8e+02       False\u001b[0m\nn_bkg;323         5838     +/- 1.9e+02       False\u001b[0m\nfrac;323        0.2602     +/-   0.012       False\u001b[0m\nmu;323            5279     +/-    0.08       False\u001b[0m\nsigmaL;323       9.298     +/-    0.27       False\u001b[0m\nsigmaR;323       16.69     +/-    0.12       False\u001b[0m\nlambda;323  -0.0009261     +/- 0.00026       False\u001b[0m",
    "lambda;323": -0.0009261195369227038,
    "lambda;323_err": 0.00025765720633228557,
    "mu;323": 5278.9284910837405,
    "mu;323_err": 0.079870129987139,
    "n_bkg;323": 5837.945433992345,
    "n_bkg;323_err": 187.81256551380096,
    "n_sig;323": 51723.21246653142,
    "n_sig;323_err": 280.58505508466953,
    "r_params": {
        "alphaL": 1.911256186606091,
        "alphaL_Kpipi": 0.23984147888569726,
        "alphaR": -1.7825722978358323,
        "alphaR_Kpipi": -3.45169511727099,
        "fraction_Kpipi": 0.8861855867303668,
        "muL_Kpipi": 5214.656416664541,
        "muR_Kpipi": 5183.074248990296,
        "nL": 0.24479314065657987,
        "nL_Kpipi": 4.413073505098077,
        "nR": 7.555275031913138,
        "nR_Kpipi": 1.3686501931786665e-08,
        "r_bkgK": 0.03478781022148211,
        "sigmaL_Kpipi": 19.133710600596434,
        "sigmaR_Kpipi": 39.32384704379869
    },
    "sigmaL;323": 9.297970698229088,
    "sigmaL;323_err": 0.2739263069441695,
    "sigmaR;323": 16.685706783354668,
    "sigmaR;323_err": 0.12296563447438691
}