{
    "fit_ok": true,
    "frac;762": 0.46731384915402424,
    "frac;762_err": 0.02180068259334439,
    "info_fit": "------------------------------------------------------------------\n| FCN = -3.172e+05              |     Ncalls=105 (105 total)     |\n| EDM = 2.02e-05 (Goal: 0.001)  |            up = 0.5            |\n------------------------------------------------------------------\n|  Valid Min.   | Valid Param.  | Above EDM | Reached call limit |\n------------------------------------------------------------------\n|     True      |     True      |   False   |       False        |\n------------------------------------------------------------------\n| Hesse failed  |   Has cov.    | Accurate  | Pos. def. | Forced |\n------------------------------------------------------------------\n|     False     |     True      |   True    |   True    | False  |\n------------------------------------------------------------------",
    "info_params": "name            value    minuit_hesse    at limit\n----------  ---------  --------------  ----------\nn_sig;762       51480     +/- 2.8e+02       False\u001b[0m\nn_bkg;762        6373     +/- 1.9e+02       False\u001b[0m\nfrac;762       0.4673     +/-   0.022       False\u001b[0m\nmu;762           5279     +/-   0.078       False\u001b[0m\nsigmaL;762      11.25     +/-    0.21       False\u001b[0m\nsigmaR;762      18.42     +/-    0.26       False\u001b[0m\nlambda;762  -0.001786     +/- 0.00023       False\u001b[0m",
    "lambda;762": -0.0017863374018087935,
    "lambda;762_err": 0.00023028778959836342,
    "mu;762": 5278.88362273462,
    "mu;762_err": 0.07837005441259326,
    "n_bkg;762": 6372.805263623188,
    "n_bkg;762_err": 192.9057892776713,
    "n_sig;762": 51480.09701664767,
    "n_sig;762_err": 283.68328520467486,
    "r_params": {
        "alphaL": 2.030074578321816,
        "alphaL_Kpipi": 0.22183177162231538,
        "alphaR": -1.7613550245501948,
        "alphaR_Kpipi": -3.169405964631469,
        "fraction_Kpipi": 0.8999776417421425,
        "muL_Kpipi": 5215.704327230372,
        "muR_Kpipi": 5182.591256928405,
        "nL": 0.4392329990731146,
        "nL_Kpipi": 4.568290566520398,
        "nR": 5.840596424652496,
        "nR_Kpipi": 0.000275610553175531,
        "r_bkgK": 0.029353737645955256,
        "sigmaL_Kpipi": 19.84391858496659,
        "sigmaR_Kpipi": 36.090895108311145
    },
    "sigmaL;762": 11.253361099691759,
    "sigmaL;762_err": 0.21051625581467737,
    "sigmaR;762": 18.424765122390113,
    "sigmaR;762_err": 0.25777762475577676
}