{
    "fit_ok": true,
    "frac;560": 0.5577739794402118,
    "frac;560_err": 0.028330774095939513,
    "info_fit": "------------------------------------------------------------------\n| FCN = -3.172e+05              |     Ncalls=103 (103 total)     |\n| EDM = 0.000137 (Goal: 0.001)  |            up = 0.5            |\n------------------------------------------------------------------\n|  Valid Min.   | Valid Param.  | Above EDM | Reached call limit |\n------------------------------------------------------------------\n|     True      |     True      |   False   |       False        |\n------------------------------------------------------------------\n| Hesse failed  |   Has cov.    | Accurate  | Pos. def. | Forced |\n------------------------------------------------------------------\n|     False     |     True      |   True    |   True    | False  |\n------------------------------------------------------------------",
    "info_params": "name            value    minuit_hesse    at limit\n----------  ---------  --------------  ----------\nn_sig;560       50370     +/- 2.6e+02       False\u001b[0m\nn_bkg;560        7244     +/- 1.7e+02       False\u001b[0m\nfrac;560       0.5578     +/-   0.028       False\u001b[0m\nmu;560           5279     +/-   0.078       False\u001b[0m\nsigmaL;560      11.87     +/-    0.22       False\u001b[0m\nsigmaR;560      19.78     +/-    0.41       False\u001b[0m\nlambda;560  -0.002762     +/- 0.00017       False\u001b[0m",
    "lambda;560": -0.002761588049885161,
    "lambda;560_err": 0.00016644653978176678,
    "mu;560": 5278.780823464509,
    "mu;560_err": 0.07752144377980974,
    "n_bkg;560": 7243.567248322939,
    "n_bkg;560_err": 166.83644581845093,
    "n_sig;560": 50369.556679624744,
    "n_sig;560_err": 263.21571481415623,
    "r_params": {
        "alphaL": 2.202943165693149,
        "alphaL_Kpipi": 0.23984147888569726,
        "alphaR": -1.7274924322835465,
        "alphaR_Kpipi": -3.45169511727099,
        "fraction_Kpipi": 0.8861855867303668,
        "muL_Kpipi": 5214.656416664541,
        "muR_Kpipi": 5183.074248990296,
        "nL": 0.6284599706043428,
        "nL_Kpipi": 4.413073505098077,
        "nR": 6.537130288830578,
        "nR_Kpipi": 1.3686501931786665e-08,
        "r_bkgK": 0.03478781022148211,
        "sigmaL_Kpipi": 19.133710600596434,
        "sigmaR_Kpipi": 39.32384704379869
    },
    "sigmaL;560": 11.871085950623657,
    "sigmaL;560_err": 0.21701330872664806,
    "sigmaR;560": 19.78150105400703,
    "sigmaR;560_err": 0.4052178396519994
}