{
    "fit_ok": true,
    "frac;784": 0.45043008043125005,
    "frac;784_err": 0.021414572014048797,
    "info_fit": "------------------------------------------------------------------\n| FCN = -3.172e+05              |     Ncalls=105 (105 total)     |\n| EDM = 1.89e-05 (Goal: 0.001)  |            up = 0.5            |\n------------------------------------------------------------------\n|  Valid Min.   | Valid Param.  | Above EDM | Reached call limit |\n------------------------------------------------------------------\n|     True      |     True      |   False   |       False        |\n------------------------------------------------------------------\n| Hesse failed  |   Has cov.    | Accurate  | Pos. def. | Forced |\n------------------------------------------------------------------\n|     False     |     True      |   True    |   True    | False  |\n------------------------------------------------------------------",
    "info_params": "name            value    minuit_hesse    at limit\n----------  ---------  --------------  ----------\nn_sig;784       51470     +/- 2.8e+02       False\u001b[0m\nn_bkg;784        6246     +/- 1.9e+02       False\u001b[0m\nfrac;784       0.4504     +/-   0.021       False\u001b[0m\nmu;784           5279     +/-   0.078       False\u001b[0m\nsigmaL;784      11.13     +/-    0.21       False\u001b[0m\nsigmaR;784      18.33     +/-    0.25       False\u001b[0m\nlambda;784  -0.001635     +/- 0.00023       False\u001b[0m",
    "lambda;784": -0.001634505122153726,
    "lambda;784_err": 0.00023429173862416853,
    "mu;784": 5278.870702510871,
    "mu;784_err": 0.07843038271889788,
    "n_bkg;784": 6246.2949505790675,
    "n_bkg;784_err": 190.87234778132185,
    "n_sig;784": 51465.5946759026,
    "n_sig;784_err": 282.04863297433155,
    "r_params": {
        "alphaL": 2.030074578321816,
        "alphaL_Kpipi": 0.21933180000049665,
        "alphaR": -1.7613550245501948,
        "alphaR_Kpipi": -3.4116089912906626,
        "fraction_Kpipi": 0.8993930509922837,
        "muL_Kpipi": 5215.208413833792,
        "muR_Kpipi": 5181.744022054397,
        "nL": 0.4392329990731146,
        "nL_Kpipi": 4.405729168701337,
        "nR": 5.840596424652496,
        "nR_Kpipi": 0.0001361354991694666,
        "r_bkgK": 0.03209096000591783,
        "sigmaL_Kpipi": 18.489993460824433,
        "sigmaR_Kpipi": 37.683630950316406
    },
    "sigmaL;784": 11.126961136103606,
    "sigmaL;784_err": 0.21433768297817685,
    "sigmaR;784": 18.33271754267701,
    "sigmaR;784_err": 0.24649137574156776
}