{
    "fit_ok": true,
    "frac;495": 0.24511120732510386,
    "frac;495_err": 0.013291150450246812,
    "info_fit": "------------------------------------------------------------------\n| FCN = -3.172e+05              |     Ncalls=103 (103 total)     |\n| EDM = 9.02e-05 (Goal: 0.001)  |            up = 0.5            |\n------------------------------------------------------------------\n|  Valid Min.   | Valid Param.  | Above EDM | Reached call limit |\n------------------------------------------------------------------\n|     True      |     True      |   False   |       False        |\n------------------------------------------------------------------\n| Hesse failed  |   Has cov.    | Accurate  | Pos. def. | Forced |\n------------------------------------------------------------------\n|     False     |     True      |   True    |   True    | False  |\n------------------------------------------------------------------",
    "info_params": "name            value    minuit_hesse    at limit\n----------  ---------  --------------  ----------\nn_sig;495       51220     +/- 2.8e+02       False\u001b[0m\nn_bkg;495        6359     +/- 1.9e+02       False\u001b[0m\nfrac;495       0.2451     +/-   0.013       False\u001b[0m\nmu;495           5279     +/-   0.079       False\u001b[0m\nsigmaL;495      8.999     +/-    0.27       False\u001b[0m\nsigmaR;495      16.87     +/-    0.13       False\u001b[0m\nlambda;495  -0.001386     +/- 0.00024       False\u001b[0m",
    "lambda;495": -0.001386094145356287,
    "lambda;495_err": 0.00023814319976789451,
    "mu;495": 5278.938960345447,
    "mu;495_err": 0.07925895971187884,
    "n_bkg;495": 6358.900253348047,
    "n_bkg;495_err": 194.12194169295606,
    "n_sig;495": 51219.37246601352,
    "n_sig;495_err": 282.82989217305203,
    "r_params": {
        "alphaL": 2.0413770754058347,
        "alphaL_Kpipi": 0.23984147888569726,
        "alphaR": -1.984171206134941,
        "alphaR_Kpipi": -3.45169511727099,
        "fraction_Kpipi": 0.8861855867303668,
        "muL_Kpipi": 5214.656416664541,
        "muR_Kpipi": 5183.074248990296,
        "nL": 0.17816348306280688,
        "nL_Kpipi": 4.413073505098077,
        "nR": 11.012128648480264,
        "nR_Kpipi": 1.3686501931786665e-08,
        "r_bkgK": 0.03478781022148211,
        "sigmaL_Kpipi": 19.133710600596434,
        "sigmaR_Kpipi": 39.32384704379869
    },
    "sigmaL;495": 8.998939610281147,
    "sigmaL;495_err": 0.2698012362866551,
    "sigmaR;495": 16.865649198325514,
    "sigmaR;495_err": 0.13056700351049
}