{
    "fit_ok": true,
    "frac;436": 0.42997510293221697,
    "frac;436_err": 0.021345184093593553,
    "info_fit": "------------------------------------------------------------------\n| FCN = -3.172e+05              |     Ncalls=103 (103 total)     |\n| EDM = 0.000103 (Goal: 0.001)  |            up = 0.5            |\n------------------------------------------------------------------\n|  Valid Min.   | Valid Param.  | Above EDM | Reached call limit |\n------------------------------------------------------------------\n|     True      |     True      |   False   |       False        |\n------------------------------------------------------------------\n| Hesse failed  |   Has cov.    | Accurate  | Pos. def. | Forced |\n------------------------------------------------------------------\n|     False     |     True      |   True    |   True    | False  |\n------------------------------------------------------------------",
    "info_params": "name            value    minuit_hesse    at limit\n----------  ---------  --------------  ----------\nn_sig;436       51360     +/- 2.8e+02       False\u001b[0m\nn_bkg;436        6179     +/- 1.9e+02       False\u001b[0m\nfrac;436         0.43     +/-   0.021       False\u001b[0m\nmu;436           5279     +/-   0.079       False\u001b[0m\nsigmaL;436      10.98     +/-    0.22       False\u001b[0m\nsigmaR;436      18.15     +/-    0.24       False\u001b[0m\nlambda;436  -0.001549     +/- 0.00024       False\u001b[0m",
    "lambda;436": -0.0015487839753303562,
    "lambda;436_err": 0.00023733247865185907,
    "mu;436": 5278.875262983167,
    "mu;436_err": 0.07850358588798162,
    "n_bkg;436": 6178.8952753272315,
    "n_bkg;436_err": 190.34559296756927,
    "n_sig;436": 51356.85779897569,
    "n_sig;436_err": 280.9868905994325,
    "r_params": {
        "alphaL": 2.030074578321816,
        "alphaL_Kpipi": 0.240839594629019,
        "alphaR": -1.7613550245501948,
        "alphaR_Kpipi": -3.746467034802377,
        "fraction_Kpipi": 0.8907335495349179,
        "muL_Kpipi": 5214.733046950931,
        "muR_Kpipi": 5184.799799612763,
        "nL": 0.4392329990731146,
        "nL_Kpipi": 4.774334222782697,
        "nR": 5.840596424652496,
        "nR_Kpipi": 3.7580446923794044e-05,
        "r_bkgK": 0.03559031796655568,
        "sigmaL_Kpipi": 19.301122897208014,
        "sigmaR_Kpipi": 39.30262247258422
    },
    "sigmaL;436": 10.982133398615364,
    "sigmaL;436_err": 0.22110336034530817,
    "sigmaR;436": 18.150520976361644,
    "sigmaR;436_err": 0.2360075976056368
}