{
    "fit_ok": true,
    "frac;320": 0.5475781439047931,
    "frac;320_err": 0.02279237454223426,
    "info_fit": "------------------------------------------------------------------\n| FCN = -3.172e+05              |     Ncalls=101 (101 total)     |\n| EDM = 0.000205 (Goal: 0.001)  |            up = 0.5            |\n------------------------------------------------------------------\n|  Valid Min.   | Valid Param.  | Above EDM | Reached call limit |\n------------------------------------------------------------------\n|     True      |     True      |   False   |       False        |\n------------------------------------------------------------------\n| Hesse failed  |   Has cov.    | Accurate  | Pos. def. | Forced |\n------------------------------------------------------------------\n|     False     |     True      |   True    |   True    | False  |\n------------------------------------------------------------------",
    "info_params": "name           value    minuit_hesse    at limit\n----------  --------  --------------  ----------\nn_sig;320      51740     +/- 2.9e+02       False\u001b[0m\nn_bkg;320       6867     +/-   2e+02       False\u001b[0m\nfrac;320      0.5476     +/-   0.023       False\u001b[0m\nmu;320          5279     +/-   0.078       False\u001b[0m\nsigmaL;320     11.78     +/-     0.2       False\u001b[0m\nsigmaR;320     19.14     +/-    0.32       False\u001b[0m\nlambda;320  -0.00233     +/- 0.00021       False\u001b[0m",
    "lambda;320": -0.0023298185278665395,
    "lambda;320_err": 0.00021260599257662337,
    "mu;320": 5278.880952642865,
    "mu;320_err": 0.07829262504331581,
    "n_bkg;320": 6867.479934030301,
    "n_bkg;320_err": 197.07016804867663,
    "n_sig;320": 51740.75089021814,
    "n_sig;320_err": 288.87088560814755,
    "r_params": {
        "alphaL": 2.030074578321816,
        "alphaL_Kpipi": 0.2416002481589498,
        "alphaR": -1.7613550245501948,
        "alphaR_Kpipi": -3.4599632922305275,
        "fraction_Kpipi": 0.8932356229597433,
        "muL_Kpipi": 5215.1261313047435,
        "muR_Kpipi": 5178.552636042283,
        "nL": 0.4392329990731146,
        "nL_Kpipi": 4.194580334603418,
        "nR": 5.840596424652496,
        "nR_Kpipi": 0.0002708519175346372,
        "r_bkgK": 0.0146129142245378,
        "sigmaL_Kpipi": 19.76120378292306,
        "sigmaR_Kpipi": 39.08908310207461
    },
    "sigmaL;320": 11.778779013284716,
    "sigmaL;320_err": 0.19685983958220601,
    "sigmaR;320": 19.143041096503453,
    "sigmaR;320_err": 0.3203245088201867
}