{
    "fit_ok": true,
    "frac;678": 0.36977427046199524,
    "frac;678_err": 0.018578842496046237,
    "info_fit": "------------------------------------------------------------------\n| FCN = -3.172e+05              |     Ncalls=103 (103 total)     |\n| EDM = 4.96e-05 (Goal: 0.001)  |            up = 0.5            |\n------------------------------------------------------------------\n|  Valid Min.   | Valid Param.  | Above EDM | Reached call limit |\n------------------------------------------------------------------\n|     True      |     True      |   False   |       False        |\n------------------------------------------------------------------\n| Hesse failed  |   Has cov.    | Accurate  | Pos. def. | Forced |\n------------------------------------------------------------------\n|     False     |     True      |   True    |   True    | False  |\n------------------------------------------------------------------",
    "info_params": "name            value    minuit_hesse    at limit\n----------  ---------  --------------  ----------\nn_sig;678       51430     +/- 2.8e+02       False\u001b[0m\nn_bkg;678        6141     +/- 1.9e+02       False\u001b[0m\nfrac;678       0.3698     +/-   0.019       False\u001b[0m\nmu;678           5279     +/-   0.079       False\u001b[0m\nsigmaL;678      10.45     +/-    0.23       False\u001b[0m\nsigmaR;678      17.62     +/-    0.19       False\u001b[0m\nlambda;678  -0.001384     +/- 0.00025       False\u001b[0m",
    "lambda;678": -0.0013840325737959902,
    "lambda;678_err": 0.0002453596595698891,
    "mu;678": 5278.892652221365,
    "mu;678_err": 0.07893515767052389,
    "n_bkg;678": 6140.935978265959,
    "n_bkg;678_err": 193.64075475740415,
    "n_sig;678": 51431.78640803132,
    "n_sig;678_err": 283.34177186414877,
    "r_params": {
        "alphaL": 1.9947949955933217,
        "alphaL_Kpipi": 0.23984147888569726,
        "alphaR": -1.7543074040057627,
        "alphaR_Kpipi": -3.45169511727099,
        "fraction_Kpipi": 0.8861855867303668,
        "muL_Kpipi": 5214.656416664541,
        "muR_Kpipi": 5183.074248990296,
        "nL": 0.37238541817129606,
        "nL_Kpipi": 4.413073505098077,
        "nR": 7.987276401940166,
        "nR_Kpipi": 1.3686501931786665e-08,
        "r_bkgK": 0.03478781022148211,
        "sigmaL_Kpipi": 19.133710600596434,
        "sigmaR_Kpipi": 39.32384704379869
    },
    "sigmaL;678": 10.454228085252437,
    "sigmaL;678_err": 0.23417396555726275,
    "sigmaR;678": 17.61598083515228,
    "sigmaR;678_err": 0.1896776200752393
}