{
    "fit_ok": true,
    "frac;833": 0.3552410636265207,
    "frac;833_err": 0.019541784702954385,
    "info_fit": "------------------------------------------------------------------\n| FCN = -3.172e+05              |     Ncalls=104 (104 total)     |\n| EDM = 8.73e-05 (Goal: 0.001)  |            up = 0.5            |\n------------------------------------------------------------------\n|  Valid Min.   | Valid Param.  | Above EDM | Reached call limit |\n------------------------------------------------------------------\n|     True      |     True      |   False   |       False        |\n------------------------------------------------------------------\n| Hesse failed  |   Has cov.    | Accurate  | Pos. def. | Forced |\n------------------------------------------------------------------\n|     False     |     True      |   True    |   True    | False  |\n------------------------------------------------------------------",
    "info_params": "name             value    minuit_hesse    at limit\n----------  ----------  --------------  ----------\nn_sig;833        51100     +/- 2.7e+02       False\u001b[0m\nn_bkg;833         5715     +/- 1.8e+02       False\u001b[0m\nfrac;833        0.3552     +/-    0.02       False\u001b[0m\nmu;833            5279     +/-   0.079       False\u001b[0m\nsigmaL;833       10.38     +/-    0.24       False\u001b[0m\nsigmaR;833       17.64     +/-     0.2       False\u001b[0m\nlambda;833  -0.0009314     +/- 0.00025       False\u001b[0m",
    "lambda;833": -0.0009313923505797489,
    "lambda;833_err": 0.0002488384672967468,
    "mu;833": 5278.868208715886,
    "mu;833_err": 0.07873361921139067,
    "n_bkg;833": 5714.666322869399,
    "n_bkg;833_err": 178.75256487372047,
    "n_sig;833": 51095.88694213196,
    "n_sig;833_err": 271.58789506162225,
    "r_params": {
        "alphaL": 2.030074578321816,
        "alphaL_Kpipi": 0.23432713153139142,
        "alphaR": -1.7613550245501948,
        "alphaR_Kpipi": -3.4907231661834506,
        "fraction_Kpipi": 0.8722787108260678,
        "muL_Kpipi": 5214.971399855087,
        "muR_Kpipi": 5178.020824852574,
        "nL": 0.4392329990731146,
        "nL_Kpipi": 4.779431874490275,
        "nR": 5.840596424652496,
        "nR_Kpipi": 8.603784748759921e-05,
        "r_bkgK": 0.04992637803119322,
        "sigmaL_Kpipi": 19.839885965240356,
        "sigmaR_Kpipi": 37.79112011991003
    },
    "sigmaL;833": 10.37964872098808,
    "sigmaL;833_err": 0.24067143947693168,
    "sigmaR;833": 17.640111280068908,
    "sigmaR;833_err": 0.19585010663074676
}