{
    "fit_ok": true,
    "frac;1056": 0.39891106662803855,
    "frac;1056_err": 0.020073493198397536,
    "info_fit": "------------------------------------------------------------------\n| FCN = -3.172e+05              |     Ncalls=106 (106 total)     |\n| EDM = 6.87e-05 (Goal: 0.001)  |            up = 0.5            |\n------------------------------------------------------------------\n|  Valid Min.   | Valid Param.  | Above EDM | Reached call limit |\n------------------------------------------------------------------\n|     True      |     True      |   False   |       False        |\n------------------------------------------------------------------\n| Hesse failed  |   Has cov.    | Accurate  | Pos. def. | Forced |\n------------------------------------------------------------------\n|     False     |     True      |   True    |   True    | False  |\n------------------------------------------------------------------",
    "info_params": "name             value    minuit_hesse    at limit\n-----------  ---------  --------------  ----------\nn_sig;1056       51370     +/- 2.8e+02       False\u001b[0m\nn_bkg;1056        6204     +/- 1.9e+02       False\u001b[0m\nfrac;1056       0.3989     +/-    0.02       False\u001b[0m\nmu;1056           5279     +/-   0.079       False\u001b[0m\nsigmaL;1056       10.7     +/-    0.23       False\u001b[0m\nsigmaR;1056      17.88     +/-    0.21       False\u001b[0m\nlambda;1056  -0.001497     +/- 0.00024       False\u001b[0m",
    "lambda;1056": -0.0014970586691215176,
    "lambda;1056_err": 0.00024037844720521063,
    "mu;1056": 5278.881146277128,
    "mu;1056_err": 0.07870165072911639,
    "n_bkg;1056": 6204.072348854639,
    "n_bkg;1056_err": 193.12606342120364,
    "n_sig;1056": 51371.44870349591,
    "n_sig;1056_err": 282.84711976618684,
    "r_params": {
        "alphaL": 2.017637857454628,
        "alphaL_Kpipi": 0.23984147888569726,
        "alphaR": -1.7489753102175118,
        "alphaR_Kpipi": -3.45169511727099,
        "fraction_Kpipi": 0.8861855867303668,
        "muL_Kpipi": 5214.656416664541,
        "muR_Kpipi": 5183.074248990296,
        "nL": 0.4012553093613016,
        "nL_Kpipi": 4.413073505098077,
        "nR": 7.508423406067577,
        "nR_Kpipi": 1.3686501931786665e-08,
        "r_bkgK": 0.03478781022148211,
        "sigmaL_Kpipi": 19.133710600596434,
        "sigmaR_Kpipi": 39.32384704379869
    },
    "sigmaL;1056": 10.704712675636417,
    "sigmaL;1056_err": 0.22639426955921904,
    "sigmaR;1056": 17.881824123201667,
    "sigmaR;1056_err": 0.21237328104376443
}