{
    "fit_ok": true,
    "frac;683": 0.3992742206008449,
    "frac;683_err": 0.02128754935795112,
    "info_fit": "------------------------------------------------------------------\n| FCN = -3.172e+05              |     Ncalls=106 (106 total)     |\n| EDM = 8.76e-05 (Goal: 0.001)  |            up = 0.5            |\n------------------------------------------------------------------\n|  Valid Min.   | Valid Param.  | Above EDM | Reached call limit |\n------------------------------------------------------------------\n|     True      |     True      |   False   |       False        |\n------------------------------------------------------------------\n| Hesse failed  |   Has cov.    | Accurate  | Pos. def. | Forced |\n------------------------------------------------------------------\n|     False     |     True      |   True    |   True    | False  |\n------------------------------------------------------------------",
    "info_params": "name            value    minuit_hesse    at limit\n----------  ---------  --------------  ----------\nn_sig;683       51230     +/- 2.8e+02       False\u001b[0m\nn_bkg;683        6028     +/- 1.9e+02       False\u001b[0m\nfrac;683       0.3993     +/-   0.021       False\u001b[0m\nmu;683           5279     +/-   0.079       False\u001b[0m\nsigmaL;683      10.74     +/-    0.24       False\u001b[0m\nsigmaR;683      17.91     +/-    0.22       False\u001b[0m\nlambda;683  -0.001367     +/- 0.00024       False\u001b[0m",
    "lambda;683": -0.0013668282166566098,
    "lambda;683_err": 0.00024329759879642245,
    "mu;683": 5278.878102892309,
    "mu;683_err": 0.07868827827316534,
    "n_bkg;683": 6027.933995037834,
    "n_bkg;683_err": 188.3058313559198,
    "n_sig;683": 51225.30415936102,
    "n_sig;683_err": 278.68601659606725,
    "r_params": {
        "alphaL": 2.030074578321816,
        "alphaL_Kpipi": 0.23583041213043807,
        "alphaR": -1.7613550245501948,
        "alphaR_Kpipi": -3.1091336542165444,
        "fraction_Kpipi": 0.8983282697846475,
        "muL_Kpipi": 5214.990281830291,
        "muR_Kpipi": 5183.665338898739,
        "nL": 0.4392329990731146,
        "nL_Kpipi": 4.16407043059654,
        "nR": 5.840596424652496,
        "nR_Kpipi": 0.0002120813302820551,
        "r_bkgK": 0.04117716287828426,
        "sigmaL_Kpipi": 19.732383667199603,
        "sigmaR_Kpipi": 41.249461670964735
    },
    "sigmaL;683": 10.744892216403201,
    "sigmaL;683_err": 0.23939894305406523,
    "sigmaR;683": 17.911800498100547,
    "sigmaR;683_err": 0.22032900262541832
}