{
    "fit_ok": true,
    "frac;329": 0.4562781720777493,
    "frac;329_err": 0.021509119446534202,
    "info_fit": "------------------------------------------------------------------\n| FCN = -3.172e+05              |     Ncalls=103 (103 total)     |\n| EDM = 9.97e-06 (Goal: 0.001)  |            up = 0.5            |\n------------------------------------------------------------------\n|  Valid Min.   | Valid Param.  | Above EDM | Reached call limit |\n------------------------------------------------------------------\n|     True      |     True      |   False   |       False        |\n------------------------------------------------------------------\n| Hesse failed  |   Has cov.    | Accurate  | Pos. def. | Forced |\n------------------------------------------------------------------\n|     False     |     True      |   True    |   True    | False  |\n------------------------------------------------------------------",
    "info_params": "name            value    minuit_hesse    at limit\n----------  ---------  --------------  ----------\nn_sig;329       51470     +/- 2.8e+02       False\u001b[0m\nn_bkg;329        6264     +/- 1.9e+02       False\u001b[0m\nfrac;329       0.4563     +/-   0.022       False\u001b[0m\nmu;329           5279     +/-   0.078       False\u001b[0m\nsigmaL;329      11.17     +/-    0.21       False\u001b[0m\nsigmaR;329      18.37     +/-    0.25       False\u001b[0m\nlambda;329  -0.001653     +/- 0.00023       False\u001b[0m",
    "lambda;329": -0.0016529869173539657,
    "lambda;329_err": 0.00023421690591609023,
    "mu;329": 5278.879190198281,
    "mu;329_err": 0.07842963468468606,
    "n_bkg;329": 6263.963829411035,
    "n_bkg;329_err": 191.66304981863047,
    "n_sig;329": 51470.59858492334,
    "n_sig;329_err": 282.60632162089007,
    "r_params": {
        "alphaL": 2.030074578321816,
        "alphaL_Kpipi": 0.24736013897239645,
        "alphaR": -1.7613550245501948,
        "alphaR_Kpipi": -3.5233038036571087,
        "fraction_Kpipi": 0.8887309072998815,
        "muL_Kpipi": 5213.8345576227075,
        "muR_Kpipi": 5180.916411389701,
        "nL": 0.4392329990731146,
        "nL_Kpipi": 4.647277119403716,
        "nR": 5.840596424652496,
        "nR_Kpipi": 7.190628078981961e-06,
        "r_bkgK": 0.0316517533076226,
        "sigmaL_Kpipi": 20.36072877788952,
        "sigmaR_Kpipi": 37.8336677582503
    },
    "sigmaL;329": 11.166783735991714,
    "sigmaL;329_err": 0.21238900545513,
    "sigmaR;329": 18.371168009785805,
    "sigmaR;329_err": 0.2512044952852777
}