{
    "fit_ok": true,
    "frac;553": 0.3875866801738795,
    "frac;553_err": 0.020105614796192384,
    "info_fit": "------------------------------------------------------------------\n| FCN = -3.172e+05              |     Ncalls=104 (104 total)     |\n| EDM = 0.000245 (Goal: 0.001)  |            up = 0.5            |\n------------------------------------------------------------------\n|  Valid Min.   | Valid Param.  | Above EDM | Reached call limit |\n------------------------------------------------------------------\n|     True      |     True      |   False   |       False        |\n------------------------------------------------------------------\n| Hesse failed  |   Has cov.    | Accurate  | Pos. def. | Forced |\n------------------------------------------------------------------\n|     False     |     True      |   True    |   True    | False  |\n------------------------------------------------------------------",
    "info_params": "name            value    minuit_hesse    at limit\n----------  ---------  --------------  ----------\nn_sig;553       51250     +/- 2.8e+02       False\u001b[0m\nn_bkg;553        5881     +/- 1.8e+02       False\u001b[0m\nfrac;553       0.3876     +/-    0.02       False\u001b[0m\nmu;553           5279     +/-   0.079       False\u001b[0m\nsigmaL;553      10.63     +/-    0.23       False\u001b[0m\nsigmaR;553      17.89     +/-    0.21       False\u001b[0m\nlambda;553  -0.001171     +/- 0.00024       False\u001b[0m",
    "lambda;553": -0.0011709735439038166,
    "lambda;553_err": 0.00024493785528326183,
    "mu;553": 5278.863371667224,
    "mu;553_err": 0.078630807050095,
    "n_bkg;553": 5880.825150553735,
    "n_bkg;553_err": 183.45633643071096,
    "n_sig;553": 51248.97456107039,
    "n_sig;553_err": 275.5604121348835,
    "r_params": {
        "alphaL": 2.030074578321816,
        "alphaL_Kpipi": 0.23009816444773906,
        "alphaR": -1.7613550245501948,
        "alphaR_Kpipi": -3.339953518785802,
        "fraction_Kpipi": 0.8778431776560806,
        "muL_Kpipi": 5214.415739680413,
        "muR_Kpipi": 5184.306746153954,
        "nL": 0.4392329990731146,
        "nL_Kpipi": 4.203564406265867,
        "nR": 5.840596424652496,
        "nR_Kpipi": 0.0002782097497006443,
        "r_bkgK": 0.04355446018303872,
        "sigmaL_Kpipi": 18.85211162105876,
        "sigmaR_Kpipi": 38.46805212426954
    },
    "sigmaL;553": 10.634677912199685,
    "sigmaL;553_err": 0.22839713063885356,
    "sigmaR;553": 17.89012479436437,
    "sigmaR;553_err": 0.2114090094857785
}