{
    "fit_ok": true,
    "frac;1019": 0.34374073068351596,
    "frac;1019_err": 0.016837384860957226,
    "info_fit": "------------------------------------------------------------------\n| FCN = -3.172e+05              |     Ncalls=103 (103 total)     |\n| EDM = 4.5e-06 (Goal: 0.001)   |            up = 0.5            |\n------------------------------------------------------------------\n|  Valid Min.   | Valid Param.  | Above EDM | Reached call limit |\n------------------------------------------------------------------\n|     True      |     True      |   False   |       False        |\n------------------------------------------------------------------\n| Hesse failed  |   Has cov.    | Accurate  | Pos. def. | Forced |\n------------------------------------------------------------------\n|     False     |     True      |   True    |   True    | False  |\n------------------------------------------------------------------",
    "info_params": "name             value    minuit_hesse    at limit\n-----------  ---------  --------------  ----------\nn_sig;1019       51630     +/- 2.8e+02       False\u001b[0m\nn_bkg;1019        5939     +/- 1.9e+02       False\u001b[0m\nfrac;1019       0.3437     +/-   0.017       False\u001b[0m\nmu;1019           5279     +/-   0.079       False\u001b[0m\nsigmaL;1019      10.21     +/-    0.23       False\u001b[0m\nsigmaR;1019      17.47     +/-    0.17       False\u001b[0m\nlambda;1019  -0.001088     +/- 0.00026       False\u001b[0m",
    "lambda;1019": -0.001087582272004034,
    "lambda;1019_err": 0.0002550865156302459,
    "mu;1019": 5278.851979552226,
    "mu;1019_err": 0.07871290072725957,
    "n_bkg;1019": 5939.399070793605,
    "n_bkg;1019_err": 191.60973586742077,
    "n_sig;1019": 51626.06631529271,
    "n_sig;1019_err": 282.6842636350094,
    "r_params": {
        "alphaL": 2.084497771000961,
        "alphaL_Kpipi": 0.23984147888569726,
        "alphaR": -1.7160171266082866,
        "alphaR_Kpipi": -3.45169511727099,
        "fraction_Kpipi": 0.8861855867303668,
        "muL_Kpipi": 5214.656416664541,
        "muR_Kpipi": 5183.074248990296,
        "nL": 0.24741589179899284,
        "nL_Kpipi": 4.413073505098077,
        "nR": 9.918928386750041,
        "nR_Kpipi": 1.3686501931786665e-08,
        "r_bkgK": 0.03478781022148211,
        "sigmaL_Kpipi": 19.133710600596434,
        "sigmaR_Kpipi": 39.32384704379869
    },
    "sigmaL;1019": 10.21195897296262,
    "sigmaL;1019_err": 0.23375448028940904,
    "sigmaR;1019": 17.47156105560437,
    "sigmaR;1019_err": 0.1741725799030147
}