{
    "fit_ok": true,
    "frac;606": 0.3807285705941114,
    "frac;606_err": 0.020438907003070123,
    "info_fit": "------------------------------------------------------------------\n| FCN = -3.172e+05              |     Ncalls=105 (105 total)     |\n| EDM = 0.000356 (Goal: 0.001)  |            up = 0.5            |\n------------------------------------------------------------------\n|  Valid Min.   | Valid Param.  | Above EDM | Reached call limit |\n------------------------------------------------------------------\n|     True      |     True      |   False   |       False        |\n------------------------------------------------------------------\n| Hesse failed  |   Has cov.    | Accurate  | Pos. def. | Forced |\n------------------------------------------------------------------\n|     False     |     True      |   True    |   True    | False  |\n------------------------------------------------------------------",
    "info_params": "name            value    minuit_hesse    at limit\n----------  ---------  --------------  ----------\nn_sig;606       51130     +/- 2.8e+02       False\u001b[0m\nn_bkg;606        5982     +/- 1.9e+02       False\u001b[0m\nfrac;606       0.3807     +/-    0.02       False\u001b[0m\nmu;606           5279     +/-   0.079       False\u001b[0m\nsigmaL;606       10.6     +/-    0.23       False\u001b[0m\nsigmaR;606      17.76     +/-    0.21       False\u001b[0m\nlambda;606  -0.001299     +/- 0.00024       False\u001b[0m",
    "lambda;606": -0.0012994053394544819,
    "lambda;606_err": 0.00024209729806397575,
    "mu;606": 5278.875866054002,
    "mu;606_err": 0.07862581784045801,
    "n_bkg;606": 5981.658232059365,
    "n_bkg;606_err": 185.56301571955817,
    "n_sig;606": 51132.868494100396,
    "n_sig;606_err": 276.3999273785106,
    "r_params": {
        "alphaL": 2.030074578321816,
        "alphaL_Kpipi": 0.23904668348272168,
        "alphaR": -1.7613550245501948,
        "alphaR_Kpipi": -3.4923904639955246,
        "fraction_Kpipi": 0.8708185235181135,
        "muL_Kpipi": 5216.036201058593,
        "muR_Kpipi": 5184.562738980701,
        "nL": 0.4392329990731146,
        "nL_Kpipi": 4.505197321684907,
        "nR": 5.840596424652496,
        "nR_Kpipi": 0.00013685796032902428,
        "r_bkgK": 0.04395739882671928,
        "sigmaL_Kpipi": 19.026475319561676,
        "sigmaR_Kpipi": 40.09390371279253
    },
    "sigmaL;606": 10.603564312906865,
    "sigmaL;606_err": 0.23216611500456766,
    "sigmaR;606": 17.762567723140208,
    "sigmaR;606_err": 0.2096201958582232
}