{
    "fit_ok": false,
    "frac;906": 0.2309145802826296,
    "frac;906_err": 0.012771399309509135,
    "info_fit": "------------------------------------------------------------------\n| FCN = -3.171e+05              |     Ncalls=200 (211 total)     |\n| EDM = 0.00678 (Goal: 0.001)   |            up = 0.5            |\n------------------------------------------------------------------\n|  Valid Min.   | Valid Param.  | Above EDM | Reached call limit |\n------------------------------------------------------------------\n|     False     |     True      |   True    |       False        |\n------------------------------------------------------------------\n| Hesse failed  |   Has cov.    | Accurate  | Pos. def. | Forced |\n------------------------------------------------------------------\n|     False     |     True      |   False   |   True    | False  |\n------------------------------------------------------------------",
    "info_params": "name             value    minuit_hesse    at limit\n----------  ----------  --------------  ----------\nn_sig;906        50520     +/- 2.4e+02       False\u001b[0m\nn_bkg;906         5157     +/- 1.4e+02       False\u001b[0m\nfrac;906        0.2309     +/-   0.013       False\u001b[0m\nmu;906            5279     +/-   0.073       False\u001b[0m\nsigmaL;906        9.12     +/-    0.24       False\u001b[0m\nsigmaR;906       16.87     +/-    0.13       False\u001b[0m\nlambda;906  -5.468e-05     +/- 0.00024       False\u001b[0m",
    "lambda;906": -5.4678884519265836e-05,
    "lambda;906_err": 0.00024438663441483607,
    "mu;906": 5278.813255906264,
    "mu;906_err": 0.07283984935955037,
    "n_bkg;906": 5156.745906205307,
    "n_bkg;906_err": 138.48648343419407,
    "n_sig;906": 50524.546074047925,
    "n_sig;906_err": 235.00335720004557,
    "r_params": {
        "alphaL": 2.030074578321816,
        "alphaL_Kpipi": 0.23316391778109827,
        "alphaR": -1.7613550245501948,
        "alphaR_Kpipi": -3.356450543361574,
        "fraction_Kpipi": 0.8972890905801276,
        "muL_Kpipi": 5214.62255585245,
        "muR_Kpipi": 5178.918220580521,
        "nL": 0.4392329990731146,
        "nL_Kpipi": 4.447638527022372,
        "nR": 5.840596424652496,
        "nR_Kpipi": 2.3503605882520084e-05,
        "r_bkgK": 0.07269501413549767,
        "sigmaL_Kpipi": 18.63779173677618,
        "sigmaR_Kpipi": 39.56518757685811
    },
    "sigmaL;906": 9.119667124893532,
    "sigmaL;906_err": 0.23678447921195928,
    "sigmaR;906": 16.866097534299385,
    "sigmaR;906_err": 0.12595219346832034
}