{
    "fit_ok": true,
    "frac;40": 0.2719576268748277,
    "frac;40_err": 0.012597126262407188,
    "info_fit": "------------------------------------------------------------------\n| FCN = -3.172e+05              |     Ncalls=103 (103 total)     |\n| EDM = 6.12e-05 (Goal: 0.001)  |            up = 0.5            |\n------------------------------------------------------------------\n|  Valid Min.   | Valid Param.  | Above EDM | Reached call limit |\n------------------------------------------------------------------\n|     True      |     True      |   False   |       False        |\n------------------------------------------------------------------\n| Hesse failed  |   Has cov.    | Accurate  | Pos. def. | Forced |\n------------------------------------------------------------------\n|     False     |     True      |   True    |   True    | False  |\n------------------------------------------------------------------",
    "info_params": "name           value    minuit_hesse    at limit\n---------  ---------  --------------  ----------\nn_sig;40       51780     +/- 2.8e+02       False\u001b[0m\nn_bkg;40        5784     +/- 1.9e+02       False\u001b[0m\nfrac;40        0.272     +/-   0.013       False\u001b[0m\nmu;40           5279     +/-    0.08       False\u001b[0m\nsigmaL;40      9.456     +/-    0.26       False\u001b[0m\nsigmaR;40      16.75     +/-    0.13       False\u001b[0m\nlambda;40  -0.000876     +/- 0.00026       False\u001b[0m",
    "lambda;40": -0.0008760408106021772,
    "lambda;40_err": 0.0002594567066104922,
    "mu;40": 5278.912692531239,
    "mu;40_err": 0.07969970098937214,
    "n_bkg;40": 5784.268498046802,
    "n_bkg;40_err": 186.9993595095234,
    "n_sig;40": 51775.729443252465,
    "n_sig;40_err": 280.29184141178155,
    "r_params": {
        "alphaL": 1.9281966476253993,
        "alphaL_Kpipi": 0.23984147888569726,
        "alphaR": -1.7473216319879061,
        "alphaR_Kpipi": -3.45169511727099,
        "fraction_Kpipi": 0.8861855867303668,
        "muL_Kpipi": 5214.656416664541,
        "muR_Kpipi": 5183.074248990296,
        "nL": 0.24755768738903447,
        "nL_Kpipi": 4.413073505098077,
        "nR": 7.843844069680847,
        "nR_Kpipi": 1.3686501931786665e-08,
        "r_bkgK": 0.03478781022148211,
        "sigmaL_Kpipi": 19.133710600596434,
        "sigmaR_Kpipi": 39.32384704379869
    },
    "sigmaL;40": 9.456191690192426,
    "sigmaL;40_err": 0.2612868861619129,
    "sigmaR;40": 16.75470649455003,
    "sigmaR;40_err": 0.12743062233951877
}