{
    "fit_ok": true,
    "frac;1049": 0.35302940672260896,
    "frac;1049_err": 0.01963891917884221,
    "info_fit": "------------------------------------------------------------------\n| FCN = -3.172e+05              |     Ncalls=105 (105 total)     |\n| EDM = 4.59e-05 (Goal: 0.001)  |            up = 0.5            |\n------------------------------------------------------------------\n|  Valid Min.   | Valid Param.  | Above EDM | Reached call limit |\n------------------------------------------------------------------\n|     True      |     True      |   False   |       False        |\n------------------------------------------------------------------\n| Hesse failed  |   Has cov.    | Accurate  | Pos. def. | Forced |\n------------------------------------------------------------------\n|     False     |     True      |   True    |   True    | False  |\n------------------------------------------------------------------",
    "info_params": "name              value    minuit_hesse    at limit\n-----------  ----------  --------------  ----------\nn_sig;1049        51080     +/- 2.7e+02       False\u001b[0m\nn_bkg;1049         5751     +/- 1.8e+02       False\u001b[0m\nfrac;1049         0.353     +/-    0.02       False\u001b[0m\nmu;1049            5279     +/-   0.079       False\u001b[0m\nsigmaL;1049       10.36     +/-    0.24       False\u001b[0m\nsigmaR;1049       17.62     +/-     0.2       False\u001b[0m\nlambda;1049  -0.0009831     +/- 0.00025       False\u001b[0m",
    "lambda;1049": -0.0009830563619364352,
    "lambda;1049_err": 0.00024787373382154337,
    "mu;1049": 5278.862267568694,
    "mu;1049_err": 0.07874782632737835,
    "n_bkg;1049": 5751.065861715311,
    "n_bkg;1049_err": 179.60647725844007,
    "n_sig;1049": 51080.34520995031,
    "n_sig;1049_err": 272.08073103798444,
    "r_params": {
        "alphaL": 2.030074578321816,
        "alphaL_Kpipi": 0.23203945343141752,
        "alphaR": -1.7613550245501948,
        "alphaR_Kpipi": -3.5731895938600355,
        "fraction_Kpipi": 0.9021771181238359,
        "muL_Kpipi": 5214.970432530494,
        "muR_Kpipi": 5181.186916629181,
        "nL": 0.4392329990731146,
        "nL_Kpipi": 4.441619128203664,
        "nR": 5.840596424652496,
        "nR_Kpipi": 3.302718205795963e-05,
        "r_bkgK": 0.04953835853241211,
        "sigmaL_Kpipi": 19.333106212844175,
        "sigmaR_Kpipi": 36.279797297769136
    },
    "sigmaL;1049": 10.36493391340962,
    "sigmaL;1049_err": 0.24237241319102248,
    "sigmaR;1049": 17.618700648260997,
    "sigmaR;1049_err": 0.19532368821711593
}