{
    "fit_ok": true,
    "frac;852": 0.5524860088486508,
    "frac;852_err": 0.022905667529143615,
    "info_fit": "------------------------------------------------------------------\n| FCN = -3.172e+05              |     Ncalls=104 (104 total)     |\n| EDM = 0.000217 (Goal: 0.001)  |            up = 0.5            |\n------------------------------------------------------------------\n|  Valid Min.   | Valid Param.  | Above EDM | Reached call limit |\n------------------------------------------------------------------\n|     True      |     True      |   False   |       False        |\n------------------------------------------------------------------\n| Hesse failed  |   Has cov.    | Accurate  | Pos. def. | Forced |\n------------------------------------------------------------------\n|     False     |     True      |   True    |   True    | False  |\n------------------------------------------------------------------",
    "info_params": "name            value    minuit_hesse    at limit\n----------  ---------  --------------  ----------\nn_sig;852       51750     +/- 2.9e+02       False\u001b[0m\nn_bkg;852        6913     +/-   2e+02       False\u001b[0m\nfrac;852       0.5525     +/-   0.023       False\u001b[0m\nmu;852           5279     +/-   0.078       False\u001b[0m\nsigmaL;852      11.81     +/-     0.2       False\u001b[0m\nsigmaR;852      19.19     +/-    0.32       False\u001b[0m\nlambda;852  -0.002379     +/- 0.00021       False\u001b[0m",
    "lambda;852": -0.002378899925125383,
    "lambda;852_err": 0.00021099720284698038,
    "mu;852": 5278.878567321958,
    "mu;852_err": 0.07829533591937819,
    "n_bkg;852": 6912.5187503247425,
    "n_bkg;852_err": 197.2109860155598,
    "n_sig;852": 51754.766686157185,
    "n_sig;852_err": 289.1314059021269,
    "r_params": {
        "alphaL": 2.030074578321816,
        "alphaL_Kpipi": 0.23029374477966416,
        "alphaR": -1.7613550245501948,
        "alphaR_Kpipi": -3.2068886095991966,
        "fraction_Kpipi": 0.9019639005828554,
        "muL_Kpipi": 5215.74258823668,
        "muR_Kpipi": 5180.63488656772,
        "nL": 0.4392329990731146,
        "nL_Kpipi": 4.33037441372165,
        "nR": 5.840596424652496,
        "nR_Kpipi": 7.14166596162348e-05,
        "r_bkgK": 0.01348138612527948,
        "sigmaL_Kpipi": 18.852576606127467,
        "sigmaR_Kpipi": 38.62933996908645
    },
    "sigmaL;852": 11.811161128498064,
    "sigmaL;852_err": 0.1967820143550754,
    "sigmaR;852": 19.18803735274215,
    "sigmaR;852_err": 0.32474156799606607
}