{
    "fit_ok": true,
    "frac;238": 0.4605550179637834,
    "frac;238_err": 0.012631434535172174,
    "info_fit": "------------------------------------------------------------------\n| FCN = -3.172e+05              |     Ncalls=104 (104 total)     |\n| EDM = 6.71e-06 (Goal: 0.001)  |            up = 0.5            |\n------------------------------------------------------------------\n|  Valid Min.   | Valid Param.  | Above EDM | Reached call limit |\n------------------------------------------------------------------\n|     True      |     True      |   False   |       False        |\n------------------------------------------------------------------\n| Hesse failed  |   Has cov.    | Accurate  | Pos. def. | Forced |\n------------------------------------------------------------------\n|     False     |     True      |   True    |   True    | False  |\n------------------------------------------------------------------",
    "info_params": "name             value    minuit_hesse    at limit\n----------  ----------  --------------  ----------\nn_sig;238        52630     +/- 2.4e+02       False\u001b[0m\nn_bkg;238         4905     +/- 1.1e+02       False\u001b[0m\nfrac;238        0.4606     +/-   0.013       False\u001b[0m\nmu;238            5279     +/-   0.079       False\u001b[0m\nsigmaL;238        11.6     +/-    0.19       False\u001b[0m\nsigmaR;238       17.62     +/-    0.17       False\u001b[0m\nlambda;238  -1.001e-08     +/- 7.9e-08       False\u001b[0m",
    "lambda;238": -1.0006223558067795e-08,
    "lambda;238_err": 7.881220389555429e-08,
    "mu;238": 5278.802253765227,
    "mu;238_err": 0.07930267110761285,
    "n_bkg;238": 4904.866297495088,
    "n_bkg;238_err": 110.3474180286481,
    "n_sig;238": 52625.60713000404,
    "n_sig;238_err": 242.67845877138296,
    "r_params": {
        "alphaL": 1.960688169332248,
        "alphaL_Kpipi": 0.23984147888569726,
        "alphaR": -1.4723238946571993,
        "alphaR_Kpipi": -3.45169511727099,
        "fraction_Kpipi": 0.8861855867303668,
        "muL_Kpipi": 5214.656416664541,
        "muR_Kpipi": 5183.074248990296,
        "nL": 0.3735738286999933,
        "nL_Kpipi": 4.413073505098077,
        "nR": 5.857728908688795,
        "nR_Kpipi": 1.3686501931786665e-08,
        "r_bkgK": 0.03478781022148211,
        "sigmaL_Kpipi": 19.133710600596434,
        "sigmaR_Kpipi": 39.32384704379869
    },
    "sigmaL;238": 11.597179790192577,
    "sigmaL;238_err": 0.19026732321943585,
    "sigmaR;238": 17.617690782112344,
    "sigmaR;238_err": 0.16701112520838782
}