{
    "fit_ok": true,
    "frac;247": 0.46018528944269815,
    "frac;247_err": 0.027010116195232726,
    "info_fit": "------------------------------------------------------------------\n| FCN = -3.172e+05              |     Ncalls=102 (102 total)     |\n| EDM = 0.000521 (Goal: 0.001)  |            up = 0.5            |\n------------------------------------------------------------------\n|  Valid Min.   | Valid Param.  | Above EDM | Reached call limit |\n------------------------------------------------------------------\n|     True      |     True      |   False   |       False        |\n------------------------------------------------------------------\n| Hesse failed  |   Has cov.    | Accurate  | Pos. def. | Forced |\n------------------------------------------------------------------\n|     False     |     True      |   True    |   True    | False  |\n------------------------------------------------------------------",
    "info_params": "name            value    minuit_hesse    at limit\n----------  ---------  --------------  ----------\nn_sig;247       50470     +/- 2.7e+02       False\u001b[0m\nn_bkg;247        7141     +/- 1.8e+02       False\u001b[0m\nfrac;247       0.4602     +/-   0.027       False\u001b[0m\nmu;247           5279     +/-   0.078       False\u001b[0m\nsigmaL;247      11.09     +/-    0.24       False\u001b[0m\nsigmaR;247      18.76     +/-     0.3       False\u001b[0m\nlambda;247  -0.002498     +/- 0.00019       False\u001b[0m",
    "lambda;247": -0.0024979179071306923,
    "lambda;247_err": 0.00018818642805064513,
    "mu;247": 5278.880058854022,
    "mu;247_err": 0.07783907726034552,
    "n_bkg;247": 7141.300348912086,
    "n_bkg;247_err": 183.8462820221959,
    "n_sig;247": 50465.75305844503,
    "n_sig;247_err": 273.8501995256939,
    "r_params": {
        "alphaL": 2.0561380019246966,
        "alphaL_Kpipi": 0.23984147888569726,
        "alphaR": -1.977251696922735,
        "alphaR_Kpipi": -3.45169511727099,
        "fraction_Kpipi": 0.8861855867303668,
        "muL_Kpipi": 5214.656416664541,
        "muR_Kpipi": 5183.074248990296,
        "nL": 0.6101699471497944,
        "nL_Kpipi": 4.413073505098077,
        "nR": 5.787334146176438,
        "nR_Kpipi": 1.3686501931786665e-08,
        "r_bkgK": 0.03478781022148211,
        "sigmaL_Kpipi": 19.133710600596434,
        "sigmaR_Kpipi": 39.32384704379869
    },
    "sigmaL;247": 11.085738372436536,
    "sigmaL;247_err": 0.23647994673989434,
    "sigmaR;247": 18.760523785847237,
    "sigmaR;247_err": 0.30029042867534284
}