{
    "fit_ok": true,
    "frac;163": 0.484371391821054,
    "frac;163_err": 0.02536913450733565,
    "info_fit": "------------------------------------------------------------------\n| FCN = -3.172e+05              |     Ncalls=105 (105 total)     |\n| EDM = 1.13e-05 (Goal: 0.001)  |            up = 0.5            |\n------------------------------------------------------------------\n|  Valid Min.   | Valid Param.  | Above EDM | Reached call limit |\n------------------------------------------------------------------\n|     True      |     True      |   False   |       False        |\n------------------------------------------------------------------\n| Hesse failed  |   Has cov.    | Accurate  | Pos. def. | Forced |\n------------------------------------------------------------------\n|     False     |     True      |   True    |   True    | False  |\n------------------------------------------------------------------",
    "info_params": "name            value    minuit_hesse    at limit\n----------  ---------  --------------  ----------\nn_sig;163       50830     +/- 2.7e+02       False\u001b[0m\nn_bkg;163        6769     +/- 1.8e+02       False\u001b[0m\nfrac;163       0.4844     +/-   0.025       False\u001b[0m\nmu;163           5279     +/-   0.078       False\u001b[0m\nsigmaL;163      11.36     +/-    0.22       False\u001b[0m\nsigmaR;163       18.8     +/-     0.3       False\u001b[0m\nlambda;163  -0.002212     +/-  0.0002       False\u001b[0m",
    "lambda;163": -0.0022115612015754793,
    "lambda;163_err": 0.0002005586131464455,
    "mu;163": 5278.849559417288,
    "mu;163_err": 0.07799716489661457,
    "n_bkg;163": 6768.806569883891,
    "n_bkg;163_err": 182.8287903874431,
    "n_sig;163": 50827.02505704366,
    "n_sig;163_err": 274.5373921414431,
    "r_params": {
        "alphaL": 2.0734895608191595,
        "alphaL_Kpipi": 0.23984147888569726,
        "alphaR": -1.7840410928499066,
        "alphaR_Kpipi": -3.45169511727099,
        "fraction_Kpipi": 0.8861855867303668,
        "muL_Kpipi": 5214.656416664541,
        "muR_Kpipi": 5183.074248990296,
        "nL": 0.5546137794066897,
        "nL_Kpipi": 4.413073505098077,
        "nR": 6.323953847806529,
        "nR_Kpipi": 1.3686501931786665e-08,
        "r_bkgK": 0.03478781022148211,
        "sigmaL_Kpipi": 19.133710600596434,
        "sigmaR_Kpipi": 39.32384704379869
    },
    "sigmaL;163": 11.357501479862083,
    "sigmaL;163_err": 0.21918201684579877,
    "sigmaR;163": 18.797642239287278,
    "sigmaR;163_err": 0.30161195402149776
}