{
    "fit_ok": true,
    "frac;436": 0.4374843019168138,
    "frac;436_err": 0.024335579935545616,
    "info_fit": "------------------------------------------------------------------\n| FCN = -3.172e+05              |     Ncalls=101 (101 total)     |\n| EDM = 5.52e-05 (Goal: 0.001)  |            up = 0.5            |\n------------------------------------------------------------------\n|  Valid Min.   | Valid Param.  | Above EDM | Reached call limit |\n------------------------------------------------------------------\n|     True      |     True      |   False   |       False        |\n------------------------------------------------------------------\n| Hesse failed  |   Has cov.    | Accurate  | Pos. def. | Forced |\n------------------------------------------------------------------\n|     False     |     True      |   True    |   True    | False  |\n------------------------------------------------------------------",
    "info_params": "name            value    minuit_hesse    at limit\n----------  ---------  --------------  ----------\nn_sig;436       50940     +/- 2.8e+02       False\u001b[0m\nn_bkg;436        6653     +/- 1.9e+02       False\u001b[0m\nfrac;436       0.4375     +/-   0.024       False\u001b[0m\nmu;436           5279     +/-   0.078       False\u001b[0m\nsigmaL;436       10.9     +/-    0.23       False\u001b[0m\nsigmaR;436       18.6     +/-    0.28       False\u001b[0m\nlambda;436  -0.002015     +/- 0.00022       False\u001b[0m",
    "lambda;436": -0.0020150633440379623,
    "lambda;436_err": 0.0002150121843272661,
    "mu;436": 5278.862767606575,
    "mu;436_err": 0.077779320975756,
    "n_bkg;436": 6652.591219704538,
    "n_bkg;436_err": 191.30225959073886,
    "n_sig;436": 50938.85435988601,
    "n_sig;436_err": 280.2310171294164,
    "r_params": {
        "alphaL": 2.131739287441856,
        "alphaL_Kpipi": 0.23984147888569726,
        "alphaR": -1.9566454066810381,
        "alphaR_Kpipi": -3.45169511727099,
        "fraction_Kpipi": 0.8861855867303668,
        "muL_Kpipi": 5214.656416664541,
        "muR_Kpipi": 5183.074248990296,
        "nL": 0.4160484547444308,
        "nL_Kpipi": 4.413073505098077,
        "nR": 5.167617051264106,
        "nR_Kpipi": 1.3686501931786665e-08,
        "r_bkgK": 0.03478781022148211,
        "sigmaL_Kpipi": 19.133710600596434,
        "sigmaR_Kpipi": 39.32384704379869
    },
    "sigmaL;436": 10.90086987900414,
    "sigmaL;436_err": 0.2277103081591132,
    "sigmaR;436": 18.60179220871079,
    "sigmaR;436_err": 0.275492195296051
}