{
    "fit_ok": true,
    "frac;857": 0.3285335375651809,
    "frac;857_err": 0.018946669946252832,
    "info_fit": "------------------------------------------------------------------\n| FCN = -3.172e+05              |     Ncalls=103 (103 total)     |\n| EDM = 6.36e-05 (Goal: 0.001)  |            up = 0.5            |\n------------------------------------------------------------------\n|  Valid Min.   | Valid Param.  | Above EDM | Reached call limit |\n------------------------------------------------------------------\n|     True      |     True      |   False   |       False        |\n------------------------------------------------------------------\n| Hesse failed  |   Has cov.    | Accurate  | Pos. def. | Forced |\n------------------------------------------------------------------\n|     False     |     True      |   True    |   True    | False  |\n------------------------------------------------------------------",
    "info_params": "name             value    minuit_hesse    at limit\n----------  ----------  --------------  ----------\nn_sig;857        51000     +/- 2.7e+02       False\u001b[0m\nn_bkg;857         5586     +/- 1.7e+02       False\u001b[0m\nfrac;857        0.3285     +/-   0.019       False\u001b[0m\nmu;857            5279     +/-   0.079       False\u001b[0m\nsigmaL;857       10.14     +/-    0.25       False\u001b[0m\nsigmaR;857       17.49     +/-    0.18       False\u001b[0m\nlambda;857  -0.0007482     +/- 0.00025       False\u001b[0m",
    "lambda;857": -0.0007481977097001241,
    "lambda;857_err": 0.0002501208068099467,
    "mu;857": 5278.849471837002,
    "mu;857_err": 0.07884988056059329,
    "n_bkg;857": 5586.072273404371,
    "n_bkg;857_err": 173.8124199956625,
    "n_sig;857": 51003.48639808118,
    "n_sig;857_err": 267.97302527372534,
    "r_params": {
        "alphaL": 2.030074578321816,
        "alphaL_Kpipi": 0.23687603337915383,
        "alphaR": -1.7613550245501948,
        "alphaR_Kpipi": -3.492710239829874,
        "fraction_Kpipi": 0.890931444909057,
        "muL_Kpipi": 5214.066082563872,
        "muR_Kpipi": 5183.212157151926,
        "nL": 0.4392329990731146,
        "nL_Kpipi": 4.16753582483409,
        "nR": 5.840596424652496,
        "nR_Kpipi": 0.00011637048433083661,
        "r_bkgK": 0.05433673678757389,
        "sigmaL_Kpipi": 19.10042688583566,
        "sigmaR_Kpipi": 39.01298021938522
    },
    "sigmaL;857": 10.139822096701785,
    "sigmaL;857_err": 0.25259505147081246,
    "sigmaR;857": 17.487152968247,
    "sigmaR;857_err": 0.18338064924914918
}