{
    "fit_ok": true,
    "frac;408": 0.47070774031649615,
    "frac;408_err": 0.0213859013274013,
    "info_fit": "------------------------------------------------------------------\n| FCN = -3.172e+05              |     Ncalls=104 (104 total)     |\n| EDM = 5.46e-05 (Goal: 0.001)  |            up = 0.5            |\n------------------------------------------------------------------\n|  Valid Min.   | Valid Param.  | Above EDM | Reached call limit |\n------------------------------------------------------------------\n|     True      |     True      |   False   |       False        |\n------------------------------------------------------------------\n| Hesse failed  |   Has cov.    | Accurate  | Pos. def. | Forced |\n------------------------------------------------------------------\n|     False     |     True      |   True    |   True    | False  |\n------------------------------------------------------------------",
    "info_params": "name            value    minuit_hesse    at limit\n----------  ---------  --------------  ----------\nn_sig;408       51540     +/- 2.8e+02       False\u001b[0m\nn_bkg;408        6033     +/- 1.8e+02       False\u001b[0m\nfrac;408       0.4707     +/-   0.021       False\u001b[0m\nmu;408           5279     +/-   0.078       False\u001b[0m\nsigmaL;408      11.28     +/-     0.2       False\u001b[0m\nsigmaR;408      18.62     +/-    0.26       False\u001b[0m\nlambda;408  -0.001528     +/- 0.00024       False\u001b[0m",
    "lambda;408": -0.001528394188392443,
    "lambda;408_err": 0.00023630605522641796,
    "mu;408": 5278.865221445816,
    "mu;408_err": 0.07811112651146877,
    "n_bkg;408": 6032.839265505913,
    "n_bkg;408_err": 184.55375780548,
    "n_sig;408": 51538.33546193612,
    "n_sig;408_err": 278.11484878305356,
    "r_params": {
        "alphaL": 2.0638540339802693,
        "alphaL_Kpipi": 0.23984147888569726,
        "alphaR": -1.8043696150020014,
        "alphaR_Kpipi": -3.45169511727099,
        "fraction_Kpipi": 0.8861855867303668,
        "muL_Kpipi": 5214.656416664541,
        "muR_Kpipi": 5183.074248990296,
        "nL": 0.4433053956282519,
        "nL_Kpipi": 4.413073505098077,
        "nR": 4.06013458401882,
        "nR_Kpipi": 1.3686501931786665e-08,
        "r_bkgK": 0.03478781022148211,
        "sigmaL_Kpipi": 19.133710600596434,
        "sigmaR_Kpipi": 39.32384704379869
    },
    "sigmaL;408": 11.277699549946238,
    "sigmaL;408_err": 0.2032718566969052,
    "sigmaR;408": 18.615398898707628,
    "sigmaR;408_err": 0.264222657073453
}