{
    "fit_ok": true,
    "frac;527": 0.5169803731371592,
    "frac;527_err": 0.01742956301116482,
    "info_fit": "------------------------------------------------------------------\n| FCN = -3.172e+05              |     Ncalls=101 (101 total)     |\n| EDM = 2.22e-05 (Goal: 0.001)  |            up = 0.5            |\n------------------------------------------------------------------\n|  Valid Min.   | Valid Param.  | Above EDM | Reached call limit |\n------------------------------------------------------------------\n|     True      |     True      |   False   |       False        |\n------------------------------------------------------------------\n| Hesse failed  |   Has cov.    | Accurate  | Pos. def. | Forced |\n------------------------------------------------------------------\n|     False     |     True      |   True    |   True    | False  |\n------------------------------------------------------------------",
    "info_params": "name             value    minuit_hesse    at limit\n----------  ----------  --------------  ----------\nn_sig;527        52210     +/- 2.7e+02       False\u001b[0m\nn_bkg;527         5333     +/- 1.7e+02       False\u001b[0m\nfrac;527         0.517     +/-   0.017       False\u001b[0m\nmu;527            5279     +/-   0.079       False\u001b[0m\nsigmaL;527       11.84     +/-    0.18       False\u001b[0m\nsigmaR;527       18.37     +/-    0.26       False\u001b[0m\nlambda;527  -0.0009649     +/- 0.00026       False\u001b[0m",
    "lambda;527": -0.0009649494181651064,
    "lambda;527_err": 0.00025781625318051015,
    "mu;527": 5278.919319363692,
    "mu;527_err": 0.07929587477884846,
    "n_bkg;527": 5332.699999342636,
    "n_bkg;527_err": 172.3730646085455,
    "n_sig;527": 52214.7160404481,
    "n_sig;527_err": 273.2063224955932,
    "r_params": {
        "alphaL": 1.8884491133468277,
        "alphaL_Kpipi": 0.23984147888569726,
        "alphaR": -1.6783739903166117,
        "alphaR_Kpipi": -3.45169511727099,
        "fraction_Kpipi": 0.8861855867303668,
        "muL_Kpipi": 5214.656416664541,
        "muR_Kpipi": 5183.074248990296,
        "nL": 0.5907652668320531,
        "nL_Kpipi": 4.413073505098077,
        "nR": 3.1410915315131183,
        "nR_Kpipi": 1.3686501931786665e-08,
        "r_bkgK": 0.03478781022148211,
        "sigmaL_Kpipi": 19.133710600596434,
        "sigmaR_Kpipi": 39.32384704379869
    },
    "sigmaL;527": 11.839230353130285,
    "sigmaL;527_err": 0.1815413618361941,
    "sigmaR;527": 18.374599125484956,
    "sigmaR;527_err": 0.2550750925881798
}