{
    "fit_ok": false,
    "frac;56": 0.43440090768084244,
    "frac;56_err": 0.021166379298728555,
    "info_fit": "------------------------------------------------------------------\n| FCN = -3.172e+05              |     Ncalls=104 (104 total)     |\n| EDM = 0.00149 (Goal: 0.001)   |            up = 0.5            |\n------------------------------------------------------------------\n|  Valid Min.   | Valid Param.  | Above EDM | Reached call limit |\n------------------------------------------------------------------\n|     True      |     True      |   False   |       False        |\n------------------------------------------------------------------\n| Hesse failed  |   Has cov.    | Accurate  | Pos. def. | Forced |\n------------------------------------------------------------------\n|     False     |     True      |   True    |   True    | False  |\n------------------------------------------------------------------",
    "info_params": "name           value    minuit_hesse    at limit\n---------  ---------  --------------  ----------\nn_sig;56       51400     +/- 2.8e+02       False\u001b[0m\nn_bkg;56        6143     +/- 1.9e+02       False\u001b[0m\nfrac;56       0.4344     +/-   0.021       False\u001b[0m\nmu;56           5279     +/-   0.078       False\u001b[0m\nsigmaL;56         11     +/-    0.22       False\u001b[0m\nsigmaR;56      18.21     +/-    0.24       False\u001b[0m\nlambda;56  -0.001501     +/- 0.00024       False\u001b[0m",
    "lambda;56": -0.0015008883595180877,
    "lambda;56_err": 0.00023803505144817235,
    "mu;56": 5278.873913732111,
    "mu;56_err": 0.07848075570815613,
    "n_bkg;56": 6142.5500497336125,
    "n_bkg;56_err": 189.36250813467703,
    "n_sig;56": 51401.71850357807,
    "n_sig;56_err": 280.5093161321062,
    "r_params": {
        "alphaL": 2.030074578321816,
        "alphaL_Kpipi": 0.23231433857970266,
        "alphaR": -1.7613550245501948,
        "alphaR_Kpipi": -3.902613000693993,
        "fraction_Kpipi": 0.8883470147808677,
        "muL_Kpipi": 5214.110209266958,
        "muR_Kpipi": 5182.100587188003,
        "nL": 0.4392329990731146,
        "nL_Kpipi": 4.34178757154588,
        "nR": 5.840596424652496,
        "nR_Kpipi": 0.0001565596534138704,
        "r_bkgK": 0.035330446905317024,
        "sigmaL_Kpipi": 19.677959360712507,
        "sigmaR_Kpipi": 39.21829863012345
    },
    "sigmaL;56": 11.00477779948229,
    "sigmaL;56_err": 0.21936033732459728,
    "sigmaR;56": 18.211630718109493,
    "sigmaR;56_err": 0.23692874641990685
}