{
    "fit_ok": true,
    "frac;952": 0.48612981088922824,
    "frac;952_err": 0.027382931197542867,
    "info_fit": "------------------------------------------------------------------\n| FCN = -3.172e+05              |     Ncalls=105 (105 total)     |\n| EDM = 7.72e-06 (Goal: 0.001)  |            up = 0.5            |\n------------------------------------------------------------------\n|  Valid Min.   | Valid Param.  | Above EDM | Reached call limit |\n------------------------------------------------------------------\n|     True      |     True      |   False   |       False        |\n------------------------------------------------------------------\n| Hesse failed  |   Has cov.    | Accurate  | Pos. def. | Forced |\n------------------------------------------------------------------\n|     False     |     True      |   True    |   True    | False  |\n------------------------------------------------------------------",
    "info_params": "name            value    minuit_hesse    at limit\n----------  ---------  --------------  ----------\nn_sig;952       50480     +/- 2.7e+02       False\u001b[0m\nn_bkg;952        7127     +/- 1.8e+02       False\u001b[0m\nfrac;952       0.4861     +/-   0.027       False\u001b[0m\nmu;952           5279     +/-   0.078       False\u001b[0m\nsigmaL;952      11.33     +/-    0.23       False\u001b[0m\nsigmaR;952      18.94     +/-    0.32       False\u001b[0m\nlambda;952  -0.002542     +/- 0.00018       False\u001b[0m",
    "lambda;952": -0.00254165696162105,
    "lambda;952_err": 0.00018376446147992084,
    "mu;952": 5278.852957488824,
    "mu;952_err": 0.07781464673329563,
    "n_bkg;952": 7127.3989449852525,
    "n_bkg;952_err": 179.25461024055528,
    "n_sig;952": 50480.66561807854,
    "n_sig;952_err": 271.0812917954634,
    "r_params": {
        "alphaL": 2.076152688149126,
        "alphaL_Kpipi": 0.23984147888569726,
        "alphaR": -1.8623532762746533,
        "alphaR_Kpipi": -3.45169511727099,
        "fraction_Kpipi": 0.8861855867303668,
        "muL_Kpipi": 5214.656416664541,
        "muR_Kpipi": 5183.074248990296,
        "nL": 0.6308315065919228,
        "nL_Kpipi": 4.413073505098077,
        "nR": 6.306360084580683,
        "nR_Kpipi": 1.3686501931786665e-08,
        "r_bkgK": 0.03478781022148211,
        "sigmaL_Kpipi": 19.133710600596434,
        "sigmaR_Kpipi": 39.32384704379869
    },
    "sigmaL;952": 11.328059459233696,
    "sigmaL;952_err": 0.2296789183932998,
    "sigmaR;952": 18.93541523631915,
    "sigmaR;952_err": 0.32010465010352285
}