{
    "fit_ok": true,
    "frac;555": 0.39647308503769374,
    "frac;555_err": 0.019604887871949157,
    "info_fit": "------------------------------------------------------------------\n| FCN = -3.172e+05              |     Ncalls=106 (106 total)     |\n| EDM = 2.46e-05 (Goal: 0.001)  |            up = 0.5            |\n------------------------------------------------------------------\n|  Valid Min.   | Valid Param.  | Above EDM | Reached call limit |\n------------------------------------------------------------------\n|     True      |     True      |   False   |       False        |\n------------------------------------------------------------------\n| Hesse failed  |   Has cov.    | Accurate  | Pos. def. | Forced |\n------------------------------------------------------------------\n|     False     |     True      |   True    |   True    | False  |\n------------------------------------------------------------------",
    "info_params": "name            value    minuit_hesse    at limit\n----------  ---------  --------------  ----------\nn_sig;555       51320     +/- 2.8e+02       False\u001b[0m\nn_bkg;555        6253     +/- 1.9e+02       False\u001b[0m\nfrac;555       0.3965     +/-    0.02       False\u001b[0m\nmu;555           5279     +/-   0.079       False\u001b[0m\nsigmaL;555       10.7     +/-    0.23       False\u001b[0m\nsigmaR;555      17.76     +/-     0.2       False\u001b[0m\nlambda;555  -0.001612     +/- 0.00024       False\u001b[0m",
    "lambda;555": -0.0016118105086078416,
    "lambda;555_err": 0.00023501485510494066,
    "mu;555": 5278.927258556802,
    "mu;555_err": 0.07900466922651901,
    "n_bkg;555": 6253.199797551678,
    "n_bkg;555_err": 190.95022681384287,
    "n_sig;555": 51324.173607658115,
    "n_sig;555_err": 281.3219268363338,
    "r_params": {
        "alphaL": 1.9216385583740736,
        "alphaL_Kpipi": 0.23984147888569726,
        "alphaR": -1.8007422502107846,
        "alphaR_Kpipi": -3.45169511727099,
        "fraction_Kpipi": 0.8861855867303668,
        "muL_Kpipi": 5214.656416664541,
        "muR_Kpipi": 5183.074248990296,
        "nL": 0.4963602135360011,
        "nL_Kpipi": 4.413073505098077,
        "nR": 5.618182587603592,
        "nR_Kpipi": 1.3686501931786665e-08,
        "r_bkgK": 0.03478781022148211,
        "sigmaL_Kpipi": 19.133710600596434,
        "sigmaR_Kpipi": 39.32384704379869
    },
    "sigmaL;555": 10.698575180296046,
    "sigmaL;555_err": 0.22714679095168472,
    "sigmaR;555": 17.760601488773254,
    "sigmaR;555_err": 0.20252430418734654
}