{
    "fit_ok": true,
    "frac;1097": 0.41801970114424125,
    "frac;1097_err": 0.021714057731713077,
    "info_fit": "------------------------------------------------------------------\n| FCN = -3.172e+05              |     Ncalls=104 (104 total)     |\n| EDM = 2.4e-05 (Goal: 0.001)   |            up = 0.5            |\n------------------------------------------------------------------\n|  Valid Min.   | Valid Param.  | Above EDM | Reached call limit |\n------------------------------------------------------------------\n|     True      |     True      |   False   |       False        |\n------------------------------------------------------------------\n| Hesse failed  |   Has cov.    | Accurate  | Pos. def. | Forced |\n------------------------------------------------------------------\n|     False     |     True      |   True    |   True    | False  |\n------------------------------------------------------------------",
    "info_params": "name             value    minuit_hesse    at limit\n-----------  ---------  --------------  ----------\nn_sig;1097       51290     +/- 2.8e+02       False\u001b[0m\nn_bkg;1097        6186     +/- 1.9e+02       False\u001b[0m\nfrac;1097        0.418     +/-   0.022       False\u001b[0m\nmu;1097           5279     +/-   0.079       False\u001b[0m\nsigmaL;1097       10.9     +/-    0.23       False\u001b[0m\nsigmaR;1097      18.04     +/-    0.23       False\u001b[0m\nlambda;1097  -0.001562     +/- 0.00024       False\u001b[0m",
    "lambda;1097": -0.0015618188825529122,
    "lambda;1097_err": 0.0002379974469008908,
    "mu;1097": 5278.871540365776,
    "mu;1097_err": 0.07862609078661485,
    "n_bkg;1097": 6185.724755005972,
    "n_bkg;1097_err": 190.84940765719654,
    "n_sig;1097": 51285.89377896178,
    "n_sig;1097_err": 280.9203205023737,
    "r_params": {
        "alphaL": 2.030074578321816,
        "alphaL_Kpipi": 0.2524826095424948,
        "alphaR": -1.7613550245501948,
        "alphaR_Kpipi": -3.581996805660359,
        "fraction_Kpipi": 0.8854152549161219,
        "muL_Kpipi": 5215.263551867871,
        "muR_Kpipi": 5186.200607130218,
        "nL": 0.4392329990731146,
        "nL_Kpipi": 4.26106552881618,
        "nR": 5.840596424652496,
        "nR_Kpipi": 0.00035247080511731496,
        "r_bkgK": 0.036877062163055495,
        "sigmaL_Kpipi": 18.501565794079198,
        "sigmaR_Kpipi": 41.56998164283824
    },
    "sigmaL;1097": 10.897526951297955,
    "sigmaL;1097_err": 0.23303801550101208,
    "sigmaR;1097": 18.042083896715624,
    "sigmaR;1097_err": 0.23053034355274854
}