{
    "fit_ok": true,
    "frac;648": 0.5763359260545176,
    "frac;648_err": 0.022720222532121668,
    "info_fit": "------------------------------------------------------------------\n| FCN = -3.172e+05              |     Ncalls=104 (104 total)     |\n| EDM = 4.9e-05 (Goal: 0.001)   |            up = 0.5            |\n------------------------------------------------------------------\n|  Valid Min.   | Valid Param.  | Above EDM | Reached call limit |\n------------------------------------------------------------------\n|     True      |     True      |   False   |       False        |\n------------------------------------------------------------------\n| Hesse failed  |   Has cov.    | Accurate  | Pos. def. | Forced |\n------------------------------------------------------------------\n|     False     |     True      |   True    |   True    | False  |\n------------------------------------------------------------------",
    "info_params": "name            value    minuit_hesse    at limit\n----------  ---------  --------------  ----------\nn_sig;648       51850     +/- 2.9e+02       False\u001b[0m\nn_bkg;648        7029     +/-   2e+02       False\u001b[0m\nfrac;648       0.5763     +/-   0.023       False\u001b[0m\nmu;648           5279     +/-   0.078       False\u001b[0m\nsigmaL;648      11.95     +/-    0.19       False\u001b[0m\nsigmaR;648      19.46     +/-    0.35       False\u001b[0m\nlambda;648  -0.002495     +/- 0.00021       False\u001b[0m",
    "lambda;648": -0.00249507765949232,
    "lambda;648_err": 0.0002056454619734654,
    "mu;648": 5278.875286306228,
    "mu;648_err": 0.07823244036084422,
    "n_bkg;648": 7029.303271830648,
    "n_bkg;648_err": 196.75069963520556,
    "n_sig;648": 51846.64654285488,
    "n_sig;648_err": 289.58031039471484,
    "r_params": {
        "alphaL": 2.030074578321816,
        "alphaL_Kpipi": 0.23909408274930585,
        "alphaR": -1.7613550245501948,
        "alphaR_Kpipi": -3.5670338850976653,
        "fraction_Kpipi": 0.9050219646901827,
        "muL_Kpipi": 5213.216088050741,
        "muR_Kpipi": 5184.8244480683925,
        "nL": 0.4392329990731146,
        "nL_Kpipi": 4.570842955502377,
        "nR": 5.840596424652496,
        "nR_Kpipi": 0.00013494023701459345,
        "r_bkgK": 0.009434048840834739,
        "sigmaL_Kpipi": 19.353267340570458,
        "sigmaR_Kpipi": 37.146242324980086
    },
    "sigmaL;648": 11.954482695647448,
    "sigmaL;648_err": 0.18932749220621195,
    "sigmaR;648": 19.462235935848422,
    "sigmaR;648_err": 0.34729346320066123
}