{
    "fit_ok": true,
    "frac;187": 0.4238518575078558,
    "frac;187_err": 0.020948801164516806,
    "info_fit": "------------------------------------------------------------------\n| FCN = -3.172e+05              |     Ncalls=121 (121 total)     |\n| EDM = 0.000798 (Goal: 0.001)  |            up = 0.5            |\n------------------------------------------------------------------\n|  Valid Min.   | Valid Param.  | Above EDM | Reached call limit |\n------------------------------------------------------------------\n|     True      |     True      |   False   |       False        |\n------------------------------------------------------------------\n| Hesse failed  |   Has cov.    | Accurate  | Pos. def. | Forced |\n------------------------------------------------------------------\n|     False     |     True      |   True    |   True    | False  |\n------------------------------------------------------------------",
    "info_params": "name            value    minuit_hesse    at limit\n----------  ---------  --------------  ----------\nn_sig;187       51410     +/- 2.8e+02       False\u001b[0m\nn_bkg;187        6034     +/- 1.9e+02       False\u001b[0m\nfrac;187       0.4239     +/-   0.021       False\u001b[0m\nmu;187           5279     +/-   0.079       False\u001b[0m\nsigmaL;187      10.92     +/-    0.22       False\u001b[0m\nsigmaR;187      18.18     +/-    0.23       False\u001b[0m\nlambda;187  -0.001367     +/- 0.00024       False\u001b[0m",
    "lambda;187": -0.001366913374901746,
    "lambda;187_err": 0.00024222849926039308,
    "mu;187": 5278.863571705796,
    "mu;187_err": 0.07860800006609733,
    "n_bkg;187": 6033.861152301704,
    "n_bkg;187_err": 187.95149394436103,
    "n_sig;187": 51408.15584637798,
    "n_sig;187_err": 279.4707969406651,
    "r_params": {
        "alphaL": 2.030074578321816,
        "alphaL_Kpipi": 0.23320307537714158,
        "alphaR": -1.7613550245501948,
        "alphaR_Kpipi": -3.761708151614096,
        "fraction_Kpipi": 0.900999954142551,
        "muL_Kpipi": 5213.055534792258,
        "muR_Kpipi": 5187.30545310071,
        "nL": 0.4392329990731146,
        "nL_Kpipi": 4.831223552442096,
        "nR": 5.840596424652496,
        "nR_Kpipi": 0.0003003026400750129,
        "r_bkgK": 0.03738343980679864,
        "sigmaL_Kpipi": 19.10914362666985,
        "sigmaR_Kpipi": 37.65656948962823
    },
    "sigmaL;187": 10.918236103073305,
    "sigmaL;187_err": 0.22375754639899328,
    "sigmaR;187": 18.175738217723193,
    "sigmaR;187_err": 0.23175181178584225
}