{
    "fit_ok": true,
    "frac;174": 0.40782217898351303,
    "frac;174_err": 0.021448121665132717,
    "info_fit": "------------------------------------------------------------------\n| FCN = -3.172e+05              |     Ncalls=106 (106 total)     |\n| EDM = 5.23e-05 (Goal: 0.001)  |            up = 0.5            |\n------------------------------------------------------------------\n|  Valid Min.   | Valid Param.  | Above EDM | Reached call limit |\n------------------------------------------------------------------\n|     True      |     True      |   False   |       False        |\n------------------------------------------------------------------\n| Hesse failed  |   Has cov.    | Accurate  | Pos. def. | Forced |\n------------------------------------------------------------------\n|     False     |     True      |   True    |   True    | False  |\n------------------------------------------------------------------",
    "info_params": "name            value    minuit_hesse    at limit\n----------  ---------  --------------  ----------\nn_sig;174       51280     +/- 2.8e+02       False\u001b[0m\nn_bkg;174        6079     +/- 1.9e+02       False\u001b[0m\nfrac;174       0.4078     +/-   0.021       False\u001b[0m\nmu;174           5279     +/-   0.079       False\u001b[0m\nsigmaL;174      10.81     +/-    0.24       False\u001b[0m\nsigmaR;174      17.99     +/-    0.23       False\u001b[0m\nlambda;174  -0.001429     +/- 0.00024       False\u001b[0m",
    "lambda;174": -0.0014291594900507076,
    "lambda;174_err": 0.0002419908670225629,
    "mu;174": 5278.8696138226,
    "mu;174_err": 0.07866641941561735,
    "n_bkg;174": 6079.440819841641,
    "n_bkg;174_err": 189.54100401514384,
    "n_sig;174": 51278.92351858051,
    "n_sig;174_err": 279.8204111133194,
    "r_params": {
        "alphaL": 2.030074578321816,
        "alphaL_Kpipi": 0.246055656465348,
        "alphaR": -1.7613550245501948,
        "alphaR_Kpipi": -3.417216986259034,
        "fraction_Kpipi": 0.8931541839868177,
        "muL_Kpipi": 5215.157817826443,
        "muR_Kpipi": 5181.696280732985,
        "nL": 0.4392329990731146,
        "nL_Kpipi": 4.328275926247019,
        "nR": 5.840596424652496,
        "nR_Kpipi": 0.00020193401255287993,
        "r_bkgK": 0.039086841553954664,
        "sigmaL_Kpipi": 18.81859226761155,
        "sigmaR_Kpipi": 37.93008098387902
    },
    "sigmaL;174": 10.81145042872205,
    "sigmaL;174_err": 0.23619348636487,
    "sigmaR;174": 17.9890600923188,
    "sigmaR;174_err": 0.2255355044893869
}