{
    "fit_ok": true,
    "frac;620": 0.3986056334881061,
    "frac;620_err": 0.01981766373194674,
    "info_fit": "------------------------------------------------------------------\n| FCN = -3.172e+05              |     Ncalls=106 (106 total)     |\n| EDM = 3.81e-05 (Goal: 0.001)  |            up = 0.5            |\n------------------------------------------------------------------\n|  Valid Min.   | Valid Param.  | Above EDM | Reached call limit |\n------------------------------------------------------------------\n|     True      |     True      |   False   |       False        |\n------------------------------------------------------------------\n| Hesse failed  |   Has cov.    | Accurate  | Pos. def. | Forced |\n------------------------------------------------------------------\n|     False     |     True      |   True    |   True    | False  |\n------------------------------------------------------------------",
    "info_params": "name            value    minuit_hesse    at limit\n----------  ---------  --------------  ----------\nn_sig;620       51580     +/- 2.8e+02       False\u001b[0m\nn_bkg;620        5986     +/- 1.9e+02       False\u001b[0m\nfrac;620       0.3986     +/-    0.02       False\u001b[0m\nmu;620           5279     +/-   0.079       False\u001b[0m\nsigmaL;620       10.7     +/-    0.23       False\u001b[0m\nsigmaR;620      17.96     +/-    0.21       False\u001b[0m\nlambda;620  -0.001235     +/- 0.00025       False\u001b[0m",
    "lambda;620": -0.001234528877853483,
    "lambda;620_err": 0.0002528465453694746,
    "mu;620": 5278.848413153745,
    "mu;620_err": 0.07853648168409791,
    "n_bkg;620": 5985.532572404119,
    "n_bkg;620_err": 193.29041950969784,
    "n_sig;620": 51582.432931238676,
    "n_sig;620_err": 283.6503200573415,
    "r_params": {
        "alphaL": 2.095919127617088,
        "alphaL_Kpipi": 0.23984147888569726,
        "alphaR": -1.7349785238742226,
        "alphaR_Kpipi": -3.45169511727099,
        "fraction_Kpipi": 0.8861855867303668,
        "muL_Kpipi": 5214.656416664541,
        "muR_Kpipi": 5183.074248990296,
        "nL": 0.3107532009040401,
        "nL_Kpipi": 4.413073505098077,
        "nR": 7.399385102551328,
        "nR_Kpipi": 1.3686501931786665e-08,
        "r_bkgK": 0.03478781022148211,
        "sigmaL_Kpipi": 19.133710600596434,
        "sigmaR_Kpipi": 39.32384704379869
    },
    "sigmaL;620": 10.700228442087994,
    "sigmaL;620_err": 0.2295132304541274,
    "sigmaR;620": 17.959563193942856,
    "sigmaR;620_err": 0.21457180243419358
}