{
    "fit_ok": true,
    "frac;1118": 0.43699744999588136,
    "frac;1118_err": 0.021214209934884928,
    "info_fit": "------------------------------------------------------------------\n| FCN = -3.172e+05              |     Ncalls=105 (105 total)     |\n| EDM = 9.79e-06 (Goal: 0.001)  |            up = 0.5            |\n------------------------------------------------------------------\n|  Valid Min.   | Valid Param.  | Above EDM | Reached call limit |\n------------------------------------------------------------------\n|     True      |     True      |   False   |       False        |\n------------------------------------------------------------------\n| Hesse failed  |   Has cov.    | Accurate  | Pos. def. | Forced |\n------------------------------------------------------------------\n|     False     |     True      |   True    |   True    | False  |\n------------------------------------------------------------------",
    "info_params": "name             value    minuit_hesse    at limit\n-----------  ---------  --------------  ----------\nn_sig;1118       51430     +/- 2.8e+02       False\u001b[0m\nn_bkg;1118        6142     +/- 1.9e+02       False\u001b[0m\nfrac;1118        0.437     +/-   0.021       False\u001b[0m\nmu;1118           5279     +/-   0.078       False\u001b[0m\nsigmaL;1118      11.02     +/-    0.22       False\u001b[0m\nsigmaR;1118      18.25     +/-    0.24       False\u001b[0m\nlambda;1118  -0.001504     +/- 0.00024       False\u001b[0m",
    "lambda;1118": -0.0015035032579768376,
    "lambda;1118_err": 0.0002379900794866658,
    "mu;1118": 5278.869164893649,
    "mu;1118_err": 0.0784967316189444,
    "n_bkg;1118": 6142.16502190076,
    "n_bkg;1118_err": 189.3143459825804,
    "n_sig;1118": 51431.265052875875,
    "n_sig;1118_err": 280.66765077225153,
    "r_params": {
        "alphaL": 2.030074578321816,
        "alphaL_Kpipi": 0.22093476148102012,
        "alphaR": -1.7613550245501948,
        "alphaR_Kpipi": -3.687381279176652,
        "fraction_Kpipi": 0.8997655743823655,
        "muL_Kpipi": 5214.475786862546,
        "muR_Kpipi": 5181.3393523790755,
        "nL": 0.4392329990731146,
        "nL_Kpipi": 4.448785567103036,
        "nR": 5.840596424652496,
        "nR_Kpipi": 0.00013845566609525716,
        "r_bkgK": 0.03479567658675522,
        "sigmaL_Kpipi": 18.811760837787318,
        "sigmaR_Kpipi": 40.117147399636636
    },
    "sigmaL;1118": 11.023728963124766,
    "sigmaL;1118_err": 0.21975491294354296,
    "sigmaR;1118": 18.245515647760293,
    "sigmaR;1118_err": 0.23826591428844682
}