{
    "fit_ok": true,
    "frac;528": 0.4920226293248366,
    "frac;528_err": 0.02188486845039175,
    "info_fit": "------------------------------------------------------------------\n| FCN = -3.172e+05              |     Ncalls=103 (103 total)     |\n| EDM = 8.79e-05 (Goal: 0.001)  |            up = 0.5            |\n------------------------------------------------------------------\n|  Valid Min.   | Valid Param.  | Above EDM | Reached call limit |\n------------------------------------------------------------------\n|     True      |     True      |   False   |       False        |\n------------------------------------------------------------------\n| Hesse failed  |   Has cov.    | Accurate  | Pos. def. | Forced |\n------------------------------------------------------------------\n|     False     |     True      |   True    |   True    | False  |\n------------------------------------------------------------------",
    "info_params": "name            value    minuit_hesse    at limit\n----------  ---------  --------------  ----------\nn_sig;528       51600     +/- 2.9e+02       False\u001b[0m\nn_bkg;528        6500     +/- 1.9e+02       False\u001b[0m\nfrac;528        0.492     +/-   0.022       False\u001b[0m\nmu;528           5279     +/-   0.078       False\u001b[0m\nsigmaL;528      11.41     +/-     0.2       False\u001b[0m\nsigmaR;528      18.67     +/-    0.28       False\u001b[0m\nlambda;528  -0.001935     +/- 0.00023       False\u001b[0m",
    "lambda;528": -0.0019352057731967798,
    "lambda;528_err": 0.0002252576948150537,
    "mu;528": 5278.873256703437,
    "mu;528_err": 0.0783423460689971,
    "n_bkg;528": 6499.547517630114,
    "n_bkg;528_err": 194.07121167981876,
    "n_sig;528": 51597.56283144557,
    "n_sig;528_err": 285.3490689857112,
    "r_params": {
        "alphaL": 2.030074578321816,
        "alphaL_Kpipi": 0.23293599691785125,
        "alphaR": -1.7613550245501948,
        "alphaR_Kpipi": -3.24578616727989,
        "fraction_Kpipi": 0.8896533939890946,
        "muL_Kpipi": 5214.3751320712545,
        "muR_Kpipi": 5184.690415865543,
        "nL": 0.4392329990731146,
        "nL_Kpipi": 4.61759578441689,
        "nR": 5.840596424652496,
        "nR_Kpipi": 0.0001423521046379472,
        "r_bkgK": 0.024551810037938944,
        "sigmaL_Kpipi": 18.468263974714375,
        "sigmaR_Kpipi": 40.67797634273295
    },
    "sigmaL;528": 11.413911044856112,
    "sigmaL;528_err": 0.20194435292136229,
    "sigmaR;528": 18.670501513684325,
    "sigmaR;528_err": 0.2750046948751373
}