{
    "fit_ok": true,
    "frac;618": 0.32337190736975063,
    "frac;618_err": 0.018541747155235936,
    "info_fit": "------------------------------------------------------------------\n| FCN = -3.172e+05              |     Ncalls=103 (103 total)     |\n| EDM = 9.19e-05 (Goal: 0.001)  |            up = 0.5            |\n------------------------------------------------------------------\n|  Valid Min.   | Valid Param.  | Above EDM | Reached call limit |\n------------------------------------------------------------------\n|     True      |     True      |   False   |       False        |\n------------------------------------------------------------------\n| Hesse failed  |   Has cov.    | Accurate  | Pos. def. | Forced |\n------------------------------------------------------------------\n|     False     |     True      |   True    |   True    | False  |\n------------------------------------------------------------------",
    "info_params": "name             value    minuit_hesse    at limit\n----------  ----------  --------------  ----------\nn_sig;618        51010     +/- 2.7e+02       False\u001b[0m\nn_bkg;618         5539     +/- 1.7e+02       False\u001b[0m\nfrac;618        0.3234     +/-   0.019       False\u001b[0m\nmu;618            5279     +/-   0.079       False\u001b[0m\nsigmaL;618       10.08     +/-    0.25       False\u001b[0m\nsigmaR;618       17.48     +/-    0.18       False\u001b[0m\nlambda;618  -0.0006956     +/- 0.00025       False\u001b[0m",
    "lambda;618": -0.0006956368997627499,
    "lambda;618_err": 0.00025010387506333646,
    "mu;618": 5278.837214297682,
    "mu;618_err": 0.0788605421571093,
    "n_bkg;618": 5539.341392153158,
    "n_bkg;618_err": 171.9367933652691,
    "n_sig;618": 51005.18705075541,
    "n_sig;618_err": 266.81294973562245,
    "r_params": {
        "alphaL": 2.030074578321816,
        "alphaL_Kpipi": 0.2482246807571609,
        "alphaR": -1.7613550245501948,
        "alphaR_Kpipi": -3.1234104766469457,
        "fraction_Kpipi": 0.8942963006834204,
        "muL_Kpipi": 5213.369230476835,
        "muR_Kpipi": 5185.0881523404105,
        "nL": 0.4392329990731146,
        "nL_Kpipi": 4.467277898376137,
        "nR": 5.840596424652496,
        "nR_Kpipi": 0.0001976897531299579,
        "r_bkgK": 0.055207315662047424,
        "sigmaL_Kpipi": 18.633775945409297,
        "sigmaR_Kpipi": 38.19642732203876
    },
    "sigmaL;618": 10.084704901914225,
    "sigmaL;618_err": 0.248882990828639,
    "sigmaR;618": 17.481083145186332,
    "sigmaR;618_err": 0.18033941571794715
}