{
    "fit_ok": true,
    "frac;636": 0.3103018379993162,
    "frac;636_err": 0.018745288195251626,
    "info_fit": "------------------------------------------------------------------\n| FCN = -3.172e+05              |     Ncalls=101 (101 total)     |\n| EDM = 0.000221 (Goal: 0.001)  |            up = 0.5            |\n------------------------------------------------------------------\n|  Valid Min.   | Valid Param.  | Above EDM | Reached call limit |\n------------------------------------------------------------------\n|     True      |     True      |   False   |       False        |\n------------------------------------------------------------------\n| Hesse failed  |   Has cov.    | Accurate  | Pos. def. | Forced |\n------------------------------------------------------------------\n|     False     |     True      |   True    |   True    | False  |\n------------------------------------------------------------------",
    "info_params": "name             value    minuit_hesse    at limit\n----------  ----------  --------------  ----------\nn_sig;636        50890     +/- 2.7e+02       False\u001b[0m\nn_bkg;636         5552     +/- 1.7e+02       False\u001b[0m\nfrac;636        0.3103     +/-   0.019       False\u001b[0m\nmu;636            5279     +/-   0.079       False\u001b[0m\nsigmaL;636       9.983     +/-    0.26       False\u001b[0m\nsigmaR;636       17.34     +/-    0.18       False\u001b[0m\nlambda;636  -0.0006986     +/- 0.00025       False\u001b[0m",
    "lambda;636": -0.0006986391109333745,
    "lambda;636_err": 0.00025030205086988756,
    "mu;636": 5278.851276069175,
    "mu;636_err": 0.0788925714375917,
    "n_bkg;636": 5551.900852150856,
    "n_bkg;636_err": 172.3198130872064,
    "n_sig;636": 50886.10876259957,
    "n_sig;636_err": 266.42208889126084,
    "r_params": {
        "alphaL": 2.030074578321816,
        "alphaL_Kpipi": 0.23656780057432153,
        "alphaR": -1.7613550245501948,
        "alphaR_Kpipi": -3.3129586797925223,
        "fraction_Kpipi": 0.8855999080750329,
        "muL_Kpipi": 5214.848422772682,
        "muR_Kpipi": 5182.768648856902,
        "nL": 0.4392329990731146,
        "nL_Kpipi": 4.485258202668812,
        "nR": 5.840596424652496,
        "nR_Kpipi": 0.0003187613750116164,
        "r_bkgK": 0.05743366334560163,
        "sigmaL_Kpipi": 19.029300747613057,
        "sigmaR_Kpipi": 40.54929162147124
    },
    "sigmaL;636": 9.982927005824898,
    "sigmaL;636_err": 0.26196164337954614,
    "sigmaR;636": 17.335775750655763,
    "sigmaR;636_err": 0.17660153867263842
}