{
    "fit_ok": true,
    "frac;851": 0.46674752216895016,
    "frac;851_err": 0.021646910074672544,
    "info_fit": "------------------------------------------------------------------\n| FCN = -3.172e+05              |     Ncalls=103 (103 total)     |\n| EDM = 1.1e-05 (Goal: 0.001)   |            up = 0.5            |\n------------------------------------------------------------------\n|  Valid Min.   | Valid Param.  | Above EDM | Reached call limit |\n------------------------------------------------------------------\n|     True      |     True      |   False   |       False        |\n------------------------------------------------------------------\n| Hesse failed  |   Has cov.    | Accurate  | Pos. def. | Forced |\n------------------------------------------------------------------\n|     False     |     True      |   True    |   True    | False  |\n------------------------------------------------------------------",
    "info_params": "name            value    minuit_hesse    at limit\n----------  ---------  --------------  ----------\nn_sig;851       51510     +/- 2.8e+02       False\u001b[0m\nn_bkg;851        6343     +/- 1.9e+02       False\u001b[0m\nfrac;851       0.4667     +/-   0.022       False\u001b[0m\nmu;851           5279     +/-   0.078       False\u001b[0m\nsigmaL;851      11.24     +/-    0.21       False\u001b[0m\nsigmaR;851      18.46     +/-    0.26       False\u001b[0m\nlambda;851  -0.001758     +/- 0.00023       False\u001b[0m",
    "lambda;851": -0.001757983719360548,
    "lambda;851_err": 0.00023086621982854996,
    "mu;851": 5278.87339767572,
    "mu;851_err": 0.07839927327813348,
    "n_bkg;851": 6342.59735778977,
    "n_bkg;851_err": 192.24484603583926,
    "n_sig;851": 51511.4665717827,
    "n_sig;851_err": 283.36857704894624,
    "r_params": {
        "alphaL": 2.030074578321816,
        "alphaL_Kpipi": 0.23443648852172894,
        "alphaR": -1.7613550245501948,
        "alphaR_Kpipi": -3.0783527214589887,
        "fraction_Kpipi": 0.8862577118054182,
        "muL_Kpipi": 5214.33153229748,
        "muR_Kpipi": 5185.0295077121855,
        "nL": 0.4392329990731146,
        "nL_Kpipi": 4.255987959633151,
        "nR": 5.840596424652496,
        "nR_Kpipi": 1.2241489143415449e-05,
        "r_bkgK": 0.029303593378009238,
        "sigmaL_Kpipi": 18.89804094322795,
        "sigmaR_Kpipi": 40.27400454115098
    },
    "sigmaL;851": 11.241464788406084,
    "sigmaL;851_err": 0.20984531355826333,
    "sigmaR;851": 18.459356747764033,
    "sigmaR;851_err": 0.25705692767275756
}