{
    "fit_ok": true,
    "frac;338": 0.45675525032345543,
    "frac;338_err": 0.023098975256055525,
    "info_fit": "------------------------------------------------------------------\n| FCN = -3.172e+05              |     Ncalls=100 (100 total)     |\n| EDM = 4.87e-05 (Goal: 0.001)  |            up = 0.5            |\n------------------------------------------------------------------\n|  Valid Min.   | Valid Param.  | Above EDM | Reached call limit |\n------------------------------------------------------------------\n|     True      |     True      |   False   |       False        |\n------------------------------------------------------------------\n| Hesse failed  |   Has cov.    | Accurate  | Pos. def. | Forced |\n------------------------------------------------------------------\n|     False     |     True      |   True    |   True    | False  |\n------------------------------------------------------------------",
    "info_params": "name            value    minuit_hesse    at limit\n----------  ---------  --------------  ----------\nn_sig;338       51370     +/- 2.8e+02       False\u001b[0m\nn_bkg;338        6204     +/- 1.9e+02       False\u001b[0m\nfrac;338       0.4568     +/-   0.023       False\u001b[0m\nmu;338           5279     +/-   0.078       False\u001b[0m\nsigmaL;338      11.09     +/-    0.22       False\u001b[0m\nsigmaR;338      18.74     +/-    0.28       False\u001b[0m\nlambda;338  -0.001634     +/- 0.00023       False\u001b[0m",
    "lambda;338": -0.0016335602264277022,
    "lambda;338_err": 0.0002340484857216727,
    "mu;338": 5278.836508299898,
    "mu;338_err": 0.07779694161108495,
    "n_bkg;338": 6203.504165220056,
    "n_bkg;338_err": 189.7827787983045,
    "n_sig;338": 51373.055392396076,
    "n_sig;338_err": 280.80786945264947,
    "r_params": {
        "alphaL": 2.1698067928515017,
        "alphaL_Kpipi": 0.23984147888569726,
        "alphaR": -1.8658963861282252,
        "alphaR_Kpipi": -3.45169511727099,
        "fraction_Kpipi": 0.8861855867303668,
        "muL_Kpipi": 5214.656416664541,
        "muR_Kpipi": 5183.074248990296,
        "nL": 0.3514895852066945,
        "nL_Kpipi": 4.413073505098077,
        "nR": 4.4362413060605235,
        "nR_Kpipi": 1.3686501931786665e-08,
        "r_bkgK": 0.03478781022148211,
        "sigmaL_Kpipi": 19.133710600596434,
        "sigmaR_Kpipi": 39.32384704379869
    },
    "sigmaL;338": 11.09248726399058,
    "sigmaL;338_err": 0.2182622176413724,
    "sigmaR;338": 18.742308490189632,
    "sigmaR;338_err": 0.2793251931824772
}