{
    "fit_ok": true,
    "frac;395": 0.5951239028405191,
    "frac;395_err": 0.01839032060821868,
    "info_fit": "------------------------------------------------------------------\n| FCN = -3.172e+05              |     Ncalls=100 (100 total)     |\n| EDM = 0.000192 (Goal: 0.001)  |            up = 0.5            |\n------------------------------------------------------------------\n|  Valid Min.   | Valid Param.  | Above EDM | Reached call limit |\n------------------------------------------------------------------\n|     True      |     True      |   False   |       False        |\n------------------------------------------------------------------\n| Hesse failed  |   Has cov.    | Accurate  | Pos. def. | Forced |\n------------------------------------------------------------------\n|     False     |     True      |   True    |   True    | False  |\n------------------------------------------------------------------",
    "info_params": "name            value    minuit_hesse    at limit\n----------  ---------  --------------  ----------\nn_sig;395       52120     +/- 2.7e+02       False\u001b[0m\nn_bkg;395        5435     +/- 1.7e+02       False\u001b[0m\nfrac;395       0.5951     +/-   0.018       False\u001b[0m\nmu;395           5279     +/-   0.078       False\u001b[0m\nsigmaL;395      12.29     +/-    0.16       False\u001b[0m\nsigmaR;395      19.56     +/-    0.34       False\u001b[0m\nlambda;395  -0.001212     +/- 0.00024       False\u001b[0m",
    "lambda;395": -0.001212082911980647,
    "lambda;395_err": 0.00024050644900839652,
    "mu;395": 5278.858281722684,
    "mu;395_err": 0.07825644302139234,
    "n_bkg;395": 5435.008259949633,
    "n_bkg;395_err": 167.02963603399647,
    "n_sig;395": 52116.34249544439,
    "n_sig;395_err": 269.784343980491,
    "r_params": {
        "alphaL": 2.026912169416497,
        "alphaL_Kpipi": 0.23984147888569726,
        "alphaR": -1.647800132204908,
        "alphaR_Kpipi": -3.45169511727099,
        "fraction_Kpipi": 0.8861855867303668,
        "muL_Kpipi": 5214.656416664541,
        "muR_Kpipi": 5183.074248990296,
        "nL": 0.5519574474742682,
        "nL_Kpipi": 4.413073505098077,
        "nR": 2.969706362498983,
        "nR_Kpipi": 1.3686501931786665e-08,
        "r_bkgK": 0.03478781022148211,
        "sigmaL_Kpipi": 19.133710600596434,
        "sigmaR_Kpipi": 39.32384704379869
    },
    "sigmaL;395": 12.294037793342374,
    "sigmaL;395_err": 0.16037616312142336,
    "sigmaR;395": 19.55895204528269,
    "sigmaR;395_err": 0.3406886193075972
}