{
    "fit_ok": true,
    "frac;1117": 0.3739612900549253,
    "frac;1117_err": 0.01948943337627903,
    "info_fit": "------------------------------------------------------------------\n| FCN = -3.172e+05              |     Ncalls=106 (106 total)     |\n| EDM = 1.17e-05 (Goal: 0.001)  |            up = 0.5            |\n------------------------------------------------------------------\n|  Valid Min.   | Valid Param.  | Above EDM | Reached call limit |\n------------------------------------------------------------------\n|     True      |     True      |   False   |       False        |\n------------------------------------------------------------------\n| Hesse failed  |   Has cov.    | Accurate  | Pos. def. | Forced |\n------------------------------------------------------------------\n|     False     |     True      |   True    |   True    | False  |\n------------------------------------------------------------------",
    "info_params": "name             value    minuit_hesse    at limit\n-----------  ---------  --------------  ----------\nn_sig;1117       51210     +/- 2.7e+02       False\u001b[0m\nn_bkg;1117        5763     +/- 1.8e+02       False\u001b[0m\nfrac;1117        0.374     +/-   0.019       False\u001b[0m\nmu;1117           5279     +/-   0.079       False\u001b[0m\nsigmaL;1117      10.52     +/-    0.23       False\u001b[0m\nsigmaR;1117      17.81     +/-     0.2       False\u001b[0m\nlambda;1117  -0.001006     +/- 0.00025       False\u001b[0m",
    "lambda;1117": -0.0010060854929437174,
    "lambda;1117_err": 0.00024711988930985635,
    "mu;1117": 5278.859896543487,
    "mu;1117_err": 0.07867331869042228,
    "n_bkg;1117": 5762.675755922953,
    "n_bkg;1117_err": 179.93834220131842,
    "n_sig;1117": 51213.06150994147,
    "n_sig;1117_err": 273.01538504725403,
    "r_params": {
        "alphaL": 2.030074578321816,
        "alphaL_Kpipi": 0.21248576887485143,
        "alphaR": -1.7613550245501948,
        "alphaR_Kpipi": -3.3747225918725556,
        "fraction_Kpipi": 0.8798589573177364,
        "muL_Kpipi": 5213.777965821355,
        "muR_Kpipi": 5188.851766993249,
        "nL": 0.4392329990731146,
        "nL_Kpipi": 4.642087776532487,
        "nR": 5.840596424652496,
        "nR_Kpipi": 0.0001518896578217459,
        "r_bkgK": 0.04659461727684991,
        "sigmaL_Kpipi": 19.06248137671962,
        "sigmaR_Kpipi": 39.3107193484668
    },
    "sigmaL;1117": 10.519607054944533,
    "sigmaL;1117_err": 0.22752031036690737,
    "sigmaR;1117": 17.81445290093297,
    "sigmaR;1117_err": 0.20360260177422165
}