{
    "fit_ok": true,
    "frac;539": 0.3710578151537505,
    "frac;539_err": 0.019742777106106637,
    "info_fit": "------------------------------------------------------------------\n| FCN = -3.172e+05              |     Ncalls=106 (106 total)     |\n| EDM = 9.55e-06 (Goal: 0.001)  |            up = 0.5            |\n------------------------------------------------------------------\n|  Valid Min.   | Valid Param.  | Above EDM | Reached call limit |\n------------------------------------------------------------------\n|     True      |     True      |   False   |       False        |\n------------------------------------------------------------------\n| Hesse failed  |   Has cov.    | Accurate  | Pos. def. | Forced |\n------------------------------------------------------------------\n|     False     |     True      |   True    |   True    | False  |\n------------------------------------------------------------------",
    "info_params": "name           value    minuit_hesse    at limit\n----------  --------  --------------  ----------\nn_sig;539      51160     +/- 2.7e+02       False\u001b[0m\nn_bkg;539       5833     +/- 1.8e+02       False\u001b[0m\nfrac;539      0.3711     +/-    0.02       False\u001b[0m\nmu;539          5279     +/-   0.079       False\u001b[0m\nsigmaL;539     10.49     +/-    0.23       False\u001b[0m\nsigmaR;539      17.8     +/-     0.2       False\u001b[0m\nlambda;539  -0.00112     +/- 0.00025       False\u001b[0m",
    "lambda;539": -0.0011201472746683871,
    "lambda;539_err": 0.00024525368986320055,
    "mu;539": 5278.850313268716,
    "mu;539_err": 0.07873148889530308,
    "n_bkg;539": 5833.375630380083,
    "n_bkg;539_err": 181.76495193715604,
    "n_sig;539": 51162.0336230978,
    "n_sig;539_err": 274.1148784794224,
    "r_params": {
        "alphaL": 2.032652256499463,
        "alphaL_Kpipi": 0.23762371757436104,
        "alphaR": -1.7656247571047547,
        "alphaR_Kpipi": -2.968084656927097,
        "fraction_Kpipi": 0.9000662084879999,
        "muL_Kpipi": 5214.273943992915,
        "muR_Kpipi": 5184.675367844604,
        "nL": 0.4368034417751325,
        "nL_Kpipi": 4.561597578448965,
        "nR": 5.840596424652496,
        "nR_Kpipi": 1.1188570377295005e-05,
        "r_bkgK": 0.045732817449379355,
        "sigmaL_Kpipi": 17.756061653052576,
        "sigmaR_Kpipi": 40.19288424349831
    },
    "sigmaL;539": 10.491108775549911,
    "sigmaL;539_err": 0.23046019304746457,
    "sigmaR;539": 17.79675116030323,
    "sigmaR;539_err": 0.20379650293503968
}