{
    "fit_ok": true,
    "frac;616": 0.32616365531966995,
    "frac;616_err": 0.015604982641794173,
    "info_fit": "------------------------------------------------------------------\n| FCN = -3.172e+05              |     Ncalls=103 (103 total)     |\n| EDM = 3.43e-05 (Goal: 0.001)  |            up = 0.5            |\n------------------------------------------------------------------\n|  Valid Min.   | Valid Param.  | Above EDM | Reached call limit |\n------------------------------------------------------------------\n|     True      |     True      |   False   |       False        |\n------------------------------------------------------------------\n| Hesse failed  |   Has cov.    | Accurate  | Pos. def. | Forced |\n------------------------------------------------------------------\n|     False     |     True      |   True    |   True    | False  |\n------------------------------------------------------------------",
    "info_params": "name            value    minuit_hesse    at limit\n----------  ---------  --------------  ----------\nn_sig;616       51630     +/- 2.8e+02       False\u001b[0m\nn_bkg;616        5912     +/- 1.9e+02       False\u001b[0m\nfrac;616       0.3262     +/-   0.016       False\u001b[0m\nmu;616           5279     +/-    0.08       False\u001b[0m\nsigmaL;616      10.05     +/-    0.25       False\u001b[0m\nsigmaR;616      17.15     +/-    0.15       False\u001b[0m\nlambda;616  -0.001096     +/- 0.00026       False\u001b[0m",
    "lambda;616": -0.0010955777336205536,
    "lambda;616_err": 0.00025548330780164646,
    "mu;616": 5278.917205711793,
    "mu;616_err": 0.07961014249729774,
    "n_bkg;616": 5911.716482788698,
    "n_bkg;616_err": 190.46243528359625,
    "n_sig;616": 51629.21894498767,
    "n_sig;616_err": 282.07517996299515,
    "r_params": {
        "alphaL": 1.9271828737023844,
        "alphaL_Kpipi": 0.23984147888569726,
        "alphaR": -1.7333203718015562,
        "alphaR_Kpipi": -3.45169511727099,
        "fraction_Kpipi": 0.8861855867303668,
        "muL_Kpipi": 5214.656416664541,
        "muR_Kpipi": 5183.074248990296,
        "nL": 0.3403653783585002,
        "nL_Kpipi": 4.413073505098077,
        "nR": 7.603975655917563,
        "nR_Kpipi": 1.3686501931786665e-08,
        "r_bkgK": 0.034754054837981975,
        "sigmaL_Kpipi": 19.133710600596434,
        "sigmaR_Kpipi": 39.32384704379869
    },
    "sigmaL;616": 10.053656970363797,
    "sigmaL;616_err": 0.2538056184961628,
    "sigmaR;616": 17.15142348591229,
    "sigmaR;616_err": 0.15406429701293714
}