{
    "fit_ok": true,
    "frac;55": 0.33720322770530214,
    "frac;55_err": 0.015913819766582588,
    "info_fit": "------------------------------------------------------------------\n| FCN = -3.172e+05              |      Ncalls=94 (94 total)      |\n| EDM = 8.06e-05 (Goal: 0.001)  |            up = 0.5            |\n------------------------------------------------------------------\n|  Valid Min.   | Valid Param.  | Above EDM | Reached call limit |\n------------------------------------------------------------------\n|     True      |     True      |   False   |       False        |\n------------------------------------------------------------------\n| Hesse failed  |   Has cov.    | Accurate  | Pos. def. | Forced |\n------------------------------------------------------------------\n|     False     |     True      |   True    |   True    | False  |\n------------------------------------------------------------------",
    "info_params": "name            value    minuit_hesse    at limit\n---------  ----------  --------------  ----------\nn_sig;55        51820     +/- 2.8e+02       False\u001b[0m\nn_bkg;55         5709     +/- 1.9e+02       False\u001b[0m\nfrac;55        0.3372     +/-   0.016       False\u001b[0m\nmu;55            5279     +/-   0.079       False\u001b[0m\nsigmaL;55       10.15     +/-    0.24       False\u001b[0m\nsigmaR;55        17.4     +/-    0.16       False\u001b[0m\nlambda;55  -0.0008518     +/- 0.00026       False\u001b[0m",
    "lambda;55": -0.0008518228348233098,
    "lambda;55_err": 0.00026411007363233896,
    "mu;55": 5278.86259584093,
    "mu;55_err": 0.0789279707466551,
    "n_bkg;55": 5709.3484028309485,
    "n_bkg;55_err": 188.10196101309305,
    "n_sig;55": 51824.68215471141,
    "n_sig;55_err": 281.43065574076417,
    "r_params": {
        "alphaL": 2.068651103147347,
        "alphaL_Kpipi": 0.23984147888569726,
        "alphaR": -1.7482157741380142,
        "alphaR_Kpipi": -3.45169511727099,
        "fraction_Kpipi": 0.8861855867303668,
        "muL_Kpipi": 5214.656416664541,
        "muR_Kpipi": 5183.074248990296,
        "nL": 0.23473387126507866,
        "nL_Kpipi": 4.413073505098077,
        "nR": 6.793277375974646,
        "nR_Kpipi": 1.3686501931786665e-08,
        "r_bkgK": 0.034754054837981975,
        "sigmaL_Kpipi": 19.133710600596434,
        "sigmaR_Kpipi": 39.32384704379869
    },
    "sigmaL;55": 10.152601426125607,
    "sigmaL;55_err": 0.24249445778388026,
    "sigmaR;55": 17.3956956265811,
    "sigmaR;55_err": 0.1646102509128465
}