{
    "fit_ok": true,
    "frac;866": 0.3440578494610128,
    "frac;866_err": 0.01921816869336399,
    "info_fit": "------------------------------------------------------------------\n| FCN = -3.172e+05              |     Ncalls=103 (103 total)     |\n| EDM = 0.000145 (Goal: 0.001)  |            up = 0.5            |\n------------------------------------------------------------------\n|  Valid Min.   | Valid Param.  | Above EDM | Reached call limit |\n------------------------------------------------------------------\n|     True      |     True      |   False   |       False        |\n------------------------------------------------------------------\n| Hesse failed  |   Has cov.    | Accurate  | Pos. def. | Forced |\n------------------------------------------------------------------\n|     False     |     True      |   True    |   True    | False  |\n------------------------------------------------------------------",
    "info_params": "name            value    minuit_hesse    at limit\n----------  ---------  --------------  ----------\nn_sig;866       51040     +/- 2.7e+02       False\u001b[0m\nn_bkg;866        5676     +/- 1.8e+02       False\u001b[0m\nfrac;866       0.3441     +/-   0.019       False\u001b[0m\nmu;866           5279     +/-   0.079       False\u001b[0m\nsigmaL;866      10.27     +/-    0.24       False\u001b[0m\nsigmaR;866      17.59     +/-    0.19       False\u001b[0m\nlambda;866  -0.000871     +/- 0.00025       False\u001b[0m",
    "lambda;866": -0.0008710125511599276,
    "lambda;866_err": 0.00024860678861093806,
    "mu;866": 5278.856667313548,
    "mu;866_err": 0.07878741565461525,
    "n_bkg;866": 5676.04849482312,
    "n_bkg;866_err": 176.83066681634497,
    "n_sig;866": 51041.67888805591,
    "n_sig;866_err": 270.23192099516586,
    "r_params": {
        "alphaL": 2.032652256499463,
        "alphaL_Kpipi": 0.21553630391589912,
        "alphaR": -1.7656247571047547,
        "alphaR_Kpipi": -3.831859676659235,
        "fraction_Kpipi": 0.8895546764426815,
        "muL_Kpipi": 5215.08524593329,
        "muR_Kpipi": 5184.92994525575,
        "nL": 0.4368034417751325,
        "nL_Kpipi": 4.530826656012483,
        "nR": 5.840596424652496,
        "nR_Kpipi": 0.00024441471608144315,
        "r_bkgK": 0.0512668396090072,
        "sigmaL_Kpipi": 18.77347185727637,
        "sigmaR_Kpipi": 35.1147573817137
    },
    "sigmaL;866": 10.270038058029447,
    "sigmaL;866_err": 0.24262386346841028,
    "sigmaR;866": 17.592487001664477,
    "sigmaR;866_err": 0.19084202455483323
}