{
    "fit_ok": true,
    "frac;118": 0.4692802843311757,
    "frac;118_err": 0.02219862061822175,
    "info_fit": "------------------------------------------------------------------\n| FCN = -3.172e+05              |     Ncalls=105 (105 total)     |\n| EDM = 1.76e-05 (Goal: 0.001)  |            up = 0.5            |\n------------------------------------------------------------------\n|  Valid Min.   | Valid Param.  | Above EDM | Reached call limit |\n------------------------------------------------------------------\n|     True      |     True      |   False   |       False        |\n------------------------------------------------------------------\n| Hesse failed  |   Has cov.    | Accurate  | Pos. def. | Forced |\n------------------------------------------------------------------\n|     False     |     True      |   True    |   True    | False  |\n------------------------------------------------------------------",
    "info_params": "name            value    minuit_hesse    at limit\n----------  ---------  --------------  ----------\nn_sig;118       51410     +/- 2.8e+02       False\u001b[0m\nn_bkg;118        6494     +/- 1.9e+02       False\u001b[0m\nfrac;118       0.4693     +/-   0.022       False\u001b[0m\nmu;118           5279     +/-   0.078       False\u001b[0m\nsigmaL;118      11.27     +/-    0.21       False\u001b[0m\nsigmaR;118      18.42     +/-    0.26       False\u001b[0m\nlambda;118  -0.001921     +/- 0.00023       False\u001b[0m",
    "lambda;118": -0.001920898934442028,
    "lambda;118_err": 0.00022629480738807376,
    "mu;118": 5278.886646034057,
    "mu;118_err": 0.07840251068162839,
    "n_bkg;118": 6493.944472118126,
    "n_bkg;118_err": 194.248334068772,
    "n_sig;118": 51410.31490321547,
    "n_sig;118_err": 284.544130613938,
    "r_params": {
        "alphaL": 2.032652256499463,
        "alphaL_Kpipi": 0.255416121024453,
        "alphaR": -1.7656247571047547,
        "alphaR_Kpipi": -3.4764753578550485,
        "fraction_Kpipi": 0.9264445423150147,
        "muL_Kpipi": 5215.41064644434,
        "muR_Kpipi": 5181.122993893382,
        "nL": 0.4368034417751325,
        "nL_Kpipi": 4.703162163304863,
        "nR": 5.840596424652496,
        "nR_Kpipi": 1.7551390064171994e-05,
        "r_bkgK": 0.027874040635508645,
        "sigmaL_Kpipi": 19.933552366144767,
        "sigmaR_Kpipi": 39.66052909803393
    },
    "sigmaL;118": 11.265638375801043,
    "sigmaL;118_err": 0.21264303554961594,
    "sigmaR;118": 18.415594452940915,
    "sigmaR;118_err": 0.26037382886003707
}