{
    "fit_ok": true,
    "frac;604": 0.4643758458845542,
    "frac;604_err": 0.023814021267997684,
    "info_fit": "------------------------------------------------------------------\n| FCN = -3.172e+05              |     Ncalls=105 (105 total)     |\n| EDM = 4.52e-05 (Goal: 0.001)  |            up = 0.5            |\n------------------------------------------------------------------\n|  Valid Min.   | Valid Param.  | Above EDM | Reached call limit |\n------------------------------------------------------------------\n|     True      |     True      |   False   |       False        |\n------------------------------------------------------------------\n| Hesse failed  |   Has cov.    | Accurate  | Pos. def. | Forced |\n------------------------------------------------------------------\n|     False     |     True      |   True    |   True    | False  |\n------------------------------------------------------------------",
    "info_params": "name           value    minuit_hesse    at limit\n----------  --------  --------------  ----------\nn_sig;604      51110     +/- 2.8e+02       False\u001b[0m\nn_bkg;604       6446     +/- 1.9e+02       False\u001b[0m\nfrac;604      0.4644     +/-   0.024       False\u001b[0m\nmu;604          5279     +/-   0.078       False\u001b[0m\nsigmaL;604     11.22     +/-    0.22       False\u001b[0m\nsigmaR;604     18.58     +/-    0.28       False\u001b[0m\nlambda;604  -0.00182     +/- 0.00022       False\u001b[0m",
    "lambda;604": -0.0018196040845294276,
    "lambda;604_err": 0.00022264107045021168,
    "mu;604": 5278.837302610918,
    "mu;604_err": 0.07818664429570218,
    "n_bkg;604": 6445.594709878571,
    "n_bkg;604_err": 189.94359941750963,
    "n_sig;604": 51114.84251895663,
    "n_sig;604_err": 280.08837716955117,
    "r_params": {
        "alphaL": 2.1046352253625598,
        "alphaL_Kpipi": 0.23984147888569726,
        "alphaR": -1.714930146215076,
        "alphaR_Kpipi": -3.45169511727099,
        "fraction_Kpipi": 0.8861855867303668,
        "muL_Kpipi": 5214.656416664541,
        "muR_Kpipi": 5183.074248990296,
        "nL": 0.4362606016121247,
        "nL_Kpipi": 4.413073505098077,
        "nR": 8.105802095957085,
        "nR_Kpipi": 1.3686501931786665e-08,
        "r_bkgK": 0.034754054837981975,
        "sigmaL_Kpipi": 19.133710600596434,
        "sigmaR_Kpipi": 39.32384704379869
    },
    "sigmaL;604": 11.21795647356405,
    "sigmaL;604_err": 0.21858957515837119,
    "sigmaR;604": 18.575012901628536,
    "sigmaR;604_err": 0.27984785693267406
}