{
    "fit_ok": true,
    "frac;428": 0.34872245753016295,
    "frac;428_err": 0.018699133644639567,
    "info_fit": "------------------------------------------------------------------\n| FCN = -3.172e+05              |     Ncalls=103 (103 total)     |\n| EDM = 6.35e-05 (Goal: 0.001)  |            up = 0.5            |\n------------------------------------------------------------------\n|  Valid Min.   | Valid Param.  | Above EDM | Reached call limit |\n------------------------------------------------------------------\n|     True      |     True      |   False   |       False        |\n------------------------------------------------------------------\n| Hesse failed  |   Has cov.    | Accurate  | Pos. def. | Forced |\n------------------------------------------------------------------\n|     False     |     True      |   True    |   True    | False  |\n------------------------------------------------------------------",
    "info_params": "name            value    minuit_hesse    at limit\n----------  ---------  --------------  ----------\nn_sig;428       51270     +/- 2.8e+02       False\u001b[0m\nn_bkg;428        6279     +/-   2e+02       False\u001b[0m\nfrac;428       0.3487     +/-   0.019       False\u001b[0m\nmu;428           5279     +/-   0.079       False\u001b[0m\nsigmaL;428      10.13     +/-    0.24       False\u001b[0m\nsigmaR;428      17.71     +/-    0.19       False\u001b[0m\nlambda;428  -0.001503     +/- 0.00024       False\u001b[0m",
    "lambda;428": -0.0015029896686550026,
    "lambda;428_err": 0.00024042854760001833,
    "mu;428": 5278.912142284577,
    "mu;428_err": 0.07851824082267832,
    "n_bkg;428": 6279.058312175432,
    "n_bkg;428_err": 195.5334010704881,
    "n_sig;428": 51273.917792451764,
    "n_sig;428_err": 284.08305287052906,
    "r_params": {
        "alphaL": 2.0612387096311093,
        "alphaL_Kpipi": 0.23984147888569726,
        "alphaR": -1.9725845755496791,
        "alphaR_Kpipi": -3.45169511727099,
        "fraction_Kpipi": 0.8861855867303668,
        "muL_Kpipi": 5214.656416664541,
        "muR_Kpipi": 5183.074248990296,
        "nL": 0.3097637703638729,
        "nL_Kpipi": 4.413073505098077,
        "nR": 5.484733148725402,
        "nR_Kpipi": 1.3686501931786665e-08,
        "r_bkgK": 0.034754054837981975,
        "sigmaL_Kpipi": 19.133710600596434,
        "sigmaR_Kpipi": 39.32384704379869
    },
    "sigmaL;428": 10.129165907560903,
    "sigmaL;428_err": 0.24188485481902383,
    "sigmaR;428": 17.706677985981564,
    "sigmaR;428_err": 0.1889765220246104
}