{
    "fit_ok": true,
    "frac;208": 0.39430230657031984,
    "frac;208_err": 0.020533866812982443,
    "info_fit": "------------------------------------------------------------------\n| FCN = -3.172e+05              |     Ncalls=104 (104 total)     |\n| EDM = 0.000161 (Goal: 0.001)  |            up = 0.5            |\n------------------------------------------------------------------\n|  Valid Min.   | Valid Param.  | Above EDM | Reached call limit |\n------------------------------------------------------------------\n|     True      |     True      |   False   |       False        |\n------------------------------------------------------------------\n| Hesse failed  |   Has cov.    | Accurate  | Pos. def. | Forced |\n------------------------------------------------------------------\n|     False     |     True      |   True    |   True    | False  |\n------------------------------------------------------------------",
    "info_params": "name            value    minuit_hesse    at limit\n----------  ---------  --------------  ----------\nn_sig;208       51250     +/- 2.8e+02       False\u001b[0m\nn_bkg;208        5914     +/- 1.8e+02       False\u001b[0m\nfrac;208       0.3943     +/-   0.021       False\u001b[0m\nmu;208           5279     +/-   0.079       False\u001b[0m\nsigmaL;208      10.68     +/-    0.23       False\u001b[0m\nsigmaR;208      17.94     +/-    0.22       False\u001b[0m\nlambda;208  -0.001204     +/- 0.00025       False\u001b[0m",
    "lambda;208": -0.0012040112287462768,
    "lambda;208_err": 0.0002451715575744298,
    "mu;208": 5278.868371381916,
    "mu;208_err": 0.078660282827224,
    "n_bkg;208": 5913.690871468137,
    "n_bkg;208_err": 184.8776590916674,
    "n_sig;208": 51251.126248822504,
    "n_sig;208_err": 276.6267679441965,
    "r_params": {
        "alphaL": 2.032652256499463,
        "alphaL_Kpipi": 0.19895826729057725,
        "alphaR": -1.7656247571047547,
        "alphaR_Kpipi": -3.4625421471817317,
        "fraction_Kpipi": 0.9012851948433145,
        "muL_Kpipi": 5215.52746995282,
        "muR_Kpipi": 5178.7370520599,
        "nL": 0.4368034417751325,
        "nL_Kpipi": 4.40598206288642,
        "nR": 5.840596424652496,
        "nR_Kpipi": 1.3830783834482809e-05,
        "r_bkgK": 0.042360554303971794,
        "sigmaL_Kpipi": 18.516356946004347,
        "sigmaR_Kpipi": 40.26922692033819
    },
    "sigmaL;208": 10.68064719212625,
    "sigmaL;208_err": 0.23295726468545222,
    "sigmaR;208": 17.943022622028053,
    "sigmaR;208_err": 0.21605675818245157
}