{
    "fit_ok": true,
    "frac;1": 0.5928969787336398,
    "frac;1_err": 0.016352479628049026,
    "info_fit": "------------------------------------------------------------------\n| FCN = -3.172e+05              |     Ncalls=103 (103 total)     |\n| EDM = 6.39e-05 (Goal: 0.001)  |            up = 0.5            |\n------------------------------------------------------------------\n|  Valid Min.   | Valid Param.  | Above EDM | Reached call limit |\n------------------------------------------------------------------\n|     True      |     True      |   False   |       False        |\n------------------------------------------------------------------\n| Hesse failed  |   Has cov.    | Accurate  | Pos. def. | Forced |\n------------------------------------------------------------------\n|     False     |     True      |   True    |   True    | False  |\n------------------------------------------------------------------",
    "info_params": "name           value    minuit_hesse    at limit\n--------  ----------  --------------  ----------\nn_sig;1        52760     +/- 2.7e+02       False\u001b[0m\nn_bkg;1         4746     +/- 1.6e+02       False\u001b[0m\nfrac;1        0.5929     +/-   0.016       False\u001b[0m\nmu;1            5279     +/-   0.078       False\u001b[0m\nsigmaL;1       12.25     +/-    0.16       False\u001b[0m\nsigmaR;1        19.8     +/-    0.32       False\u001b[0m\nlambda;1  -0.0005747     +/- 0.00028       False\u001b[0m",
    "lambda;1": -0.0005747200806086872,
    "lambda;1_err": 0.0002754162611586293,
    "mu;1": 5278.86536589543,
    "mu;1_err": 0.07812592294774938,
    "n_bkg;1": 4746.446488684265,
    "n_bkg;1_err": 161.4503398273763,
    "n_sig;1": 52756.84670515368,
    "n_sig;1_err": 269.0381647216678,
    "r_params": {
        "alphaL": 2.0600082020262827,
        "alphaL_Kpipi": 0.23984147888569726,
        "alphaR": -1.6960727981365824,
        "alphaR_Kpipi": -3.45169511727099,
        "fraction_Kpipi": 0.8861855867303668,
        "muL_Kpipi": 5214.656416664541,
        "muR_Kpipi": 5183.074248990296,
        "nL": 0.4578885774294092,
        "nL_Kpipi": 4.413073505098077,
        "nR": 2.255264153970027,
        "nR_Kpipi": 1.3686501931786665e-08,
        "r_bkgK": 0.034754054837981975,
        "sigmaL_Kpipi": 19.133710600596434,
        "sigmaR_Kpipi": 39.32384704379869
    },
    "sigmaL;1": 12.251041032313003,
    "sigmaL;1_err": 0.15712847266220534,
    "sigmaR;1": 19.80455825610715,
    "sigmaR;1_err": 0.32219103345069666
}