{
    "fit_ok": true,
    "frac;155": 0.5015223913489925,
    "frac;155_err": 0.018198372301889497,
    "info_fit": "------------------------------------------------------------------\n| FCN = -3.172e+05              |     Ncalls=103 (103 total)     |\n| EDM = 0.000139 (Goal: 0.001)  |            up = 0.5            |\n------------------------------------------------------------------\n|  Valid Min.   | Valid Param.  | Above EDM | Reached call limit |\n------------------------------------------------------------------\n|     True      |     True      |   False   |       False        |\n------------------------------------------------------------------\n| Hesse failed  |   Has cov.    | Accurate  | Pos. def. | Forced |\n------------------------------------------------------------------\n|     False     |     True      |   True    |   True    | False  |\n------------------------------------------------------------------",
    "info_params": "name             value    minuit_hesse    at limit\n----------  ----------  --------------  ----------\nn_sig;155        52160     +/- 2.7e+02       False\u001b[0m\nn_bkg;155         5362     +/- 1.8e+02       False\u001b[0m\nfrac;155        0.5015     +/-   0.018       False\u001b[0m\nmu;155            5279     +/-   0.079       False\u001b[0m\nsigmaL;155       11.66     +/-    0.18       False\u001b[0m\nsigmaR;155       18.52     +/-    0.26       False\u001b[0m\nlambda;155  -0.0006273     +/- 0.00026       False\u001b[0m",
    "lambda;155": -0.0006273232704860354,
    "lambda;155_err": 0.00026257387964648005,
    "mu;155": 5278.8070621924,
    "mu;155_err": 0.07881228164392048,
    "n_bkg;155": 5361.992157120299,
    "n_bkg;155_err": 175.35862076872107,
    "n_sig;155": 52162.669745130275,
    "n_sig;155_err": 274.7965574619167,
    "r_params": {
        "alphaL": 2.0805423785976944,
        "alphaL_Kpipi": 0.23984147888569726,
        "alphaR": -1.5457300509794927,
        "alphaR_Kpipi": -3.45169511727099,
        "fraction_Kpipi": 0.8861855867303668,
        "muL_Kpipi": 5214.656416664541,
        "muR_Kpipi": 5183.074248990296,
        "nL": 0.3651451296524924,
        "nL_Kpipi": 4.413073505098077,
        "nR": 6.062157786541268,
        "nR_Kpipi": 1.3686501931786665e-08,
        "r_bkgK": 0.034754054837981975,
        "sigmaL_Kpipi": 19.133710600596434,
        "sigmaR_Kpipi": 39.32384704379869
    },
    "sigmaL;155": 11.664383277269843,
    "sigmaL;155_err": 0.18443205436030563,
    "sigmaR;155": 18.520584731633633,
    "sigmaR;155_err": 0.25548333817545377
}