{
    "fit_ok": true,
    "frac;1139": 0.4790726897129574,
    "frac;1139_err": 0.021897412223392556,
    "info_fit": "------------------------------------------------------------------\n| FCN = -3.172e+05              |     Ncalls=102 (102 total)     |\n| EDM = 4.11e-05 (Goal: 0.001)  |            up = 0.5            |\n------------------------------------------------------------------\n|  Valid Min.   | Valid Param.  | Above EDM | Reached call limit |\n------------------------------------------------------------------\n|     True      |     True      |   False   |       False        |\n------------------------------------------------------------------\n| Hesse failed  |   Has cov.    | Accurate  | Pos. def. | Forced |\n------------------------------------------------------------------\n|     False     |     True      |   True    |   True    | False  |\n------------------------------------------------------------------",
    "info_params": "name             value    minuit_hesse    at limit\n-----------  ---------  --------------  ----------\nn_sig;1139       51510     +/- 2.8e+02       False\u001b[0m\nn_bkg;1139        6434     +/- 1.9e+02       False\u001b[0m\nfrac;1139       0.4791     +/-   0.022       False\u001b[0m\nmu;1139           5279     +/-   0.078       False\u001b[0m\nsigmaL;1139      11.32     +/-    0.21       False\u001b[0m\nsigmaR;1139      18.56     +/-    0.27       False\u001b[0m\nlambda;1139  -0.001855     +/- 0.00023       False\u001b[0m",
    "lambda;1139": -0.0018545335291950266,
    "lambda;1139_err": 0.00022782478005041942,
    "mu;1139": 5278.878785280823,
    "mu;1139_err": 0.07839457433350913,
    "n_bkg;1139": 6433.7842754372405,
    "n_bkg;1139_err": 193.40254213419507,
    "n_sig;1139": 51513.40867412606,
    "n_sig;1139_err": 284.45589695427884,
    "r_params": {
        "alphaL": 2.032652256499463,
        "alphaL_Kpipi": 0.24414915870381618,
        "alphaR": -1.7656247571047547,
        "alphaR_Kpipi": -3.3970796174433975,
        "fraction_Kpipi": 0.8813162451077604,
        "muL_Kpipi": 5214.237314940884,
        "muR_Kpipi": 5183.593695974969,
        "nL": 0.4368034417751325,
        "nL_Kpipi": 4.476333556025005,
        "nR": 5.840596424652496,
        "nR_Kpipi": 1.1212508179507613e-05,
        "r_bkgK": 0.026986688662297285,
        "sigmaL_Kpipi": 19.406177413281366,
        "sigmaR_Kpipi": 39.08466465072304
    },
    "sigmaL;1139": 11.316945699639653,
    "sigmaL;1139_err": 0.20759516690564617,
    "sigmaR;1139": 18.5637776083871,
    "sigmaR;1139_err": 0.2662109162471404
}