{
    "fit_ok": true,
    "frac;289": 0.46224349166290424,
    "frac;289_err": 0.026079927324081226,
    "info_fit": "------------------------------------------------------------------\n| FCN = -3.172e+05              |     Ncalls=106 (106 total)     |\n| EDM = 6.79e-06 (Goal: 0.001)  |            up = 0.5            |\n------------------------------------------------------------------\n|  Valid Min.   | Valid Param.  | Above EDM | Reached call limit |\n------------------------------------------------------------------\n|     True      |     True      |   False   |       False        |\n------------------------------------------------------------------\n| Hesse failed  |   Has cov.    | Accurate  | Pos. def. | Forced |\n------------------------------------------------------------------\n|     False     |     True      |   True    |   True    | False  |\n------------------------------------------------------------------",
    "info_params": "name            value    minuit_hesse    at limit\n----------  ---------  --------------  ----------\nn_sig;289       50800     +/- 2.8e+02       False\u001b[0m\nn_bkg;289        6773     +/- 1.9e+02       False\u001b[0m\nfrac;289       0.4622     +/-   0.026       False\u001b[0m\nmu;289           5279     +/-   0.078       False\u001b[0m\nsigmaL;289      11.08     +/-    0.23       False\u001b[0m\nsigmaR;289      18.94     +/-    0.31       False\u001b[0m\nlambda;289  -0.002135     +/- 0.00021       False\u001b[0m",
    "lambda;289": -0.002135199424971812,
    "lambda;289_err": 0.00020648833539128214,
    "mu;289": 5278.822320765215,
    "mu;289_err": 0.07755363529223792,
    "n_bkg;289": 6772.97089837159,
    "n_bkg;289_err": 189.17291577915285,
    "n_sig;289": 50799.016156059195,
    "n_sig;289_err": 278.51622655945744,
    "r_params": {
        "alphaL": 2.220031409449987,
        "alphaL_Kpipi": 0.23984147888569726,
        "alphaR": -1.888700308009643,
        "alphaR_Kpipi": -3.45169511727099,
        "fraction_Kpipi": 0.8861855867303668,
        "muL_Kpipi": 5214.656416664541,
        "muR_Kpipi": 5183.074248990296,
        "nL": 0.3810953745065271,
        "nL_Kpipi": 4.413073505098077,
        "nR": 6.738121932373074,
        "nR_Kpipi": 1.3686501931786665e-08,
        "r_bkgK": 0.034754054837981975,
        "sigmaL_Kpipi": 19.133710600596434,
        "sigmaR_Kpipi": 39.32384704379869
    },
    "sigmaL;289": 11.084354265852642,
    "sigmaL;289_err": 0.2292605743864509,
    "sigmaR;289": 18.935904810895764,
    "sigmaR;289_err": 0.31229392256394767
}