{
    "fit_ok": true,
    "frac;1264": 0.49127025352095505,
    "frac;1264_err": 0.0183474338261962,
    "info_fit": "------------------------------------------------------------------\n| FCN = -3.172e+05              |     Ncalls=105 (105 total)     |\n| EDM = 1.43e-05 (Goal: 0.001)  |            up = 0.5            |\n------------------------------------------------------------------\n|  Valid Min.   | Valid Param.  | Above EDM | Reached call limit |\n------------------------------------------------------------------\n|     True      |     True      |   False   |       False        |\n------------------------------------------------------------------\n| Hesse failed  |   Has cov.    | Accurate  | Pos. def. | Forced |\n------------------------------------------------------------------\n|     False     |     True      |   True    |   True    | False  |\n------------------------------------------------------------------",
    "info_params": "name             value    minuit_hesse    at limit\n-----------  ---------  --------------  ----------\nn_sig;1264       51840     +/- 2.8e+02       False\u001b[0m\nn_bkg;1264        5696     +/- 1.8e+02       False\u001b[0m\nfrac;1264       0.4913     +/-   0.018       False\u001b[0m\nmu;1264           5279     +/-    0.08       False\u001b[0m\nsigmaL;1264      11.71     +/-    0.19       False\u001b[0m\nsigmaR;1264      17.96     +/-    0.24       False\u001b[0m\nlambda;1264  -0.001034     +/- 0.00025       False\u001b[0m",
    "lambda;1264": -0.0010337599318064467,
    "lambda;1264_err": 0.0002481266472644508,
    "mu;1264": 5278.854477277821,
    "mu;1264_err": 0.07979421575002417,
    "n_bkg;1264": 5695.581989076963,
    "n_bkg;1264_err": 179.13012114502618,
    "n_sig;1264": 51838.92069252076,
    "n_sig;1264_err": 275.91488261953623,
    "r_params": {
        "alphaL": 1.9178768929479586,
        "alphaL_Kpipi": 0.23984147888569726,
        "alphaR": -1.507663117635072,
        "alphaR_Kpipi": -3.45169511727099,
        "fraction_Kpipi": 0.8861855867303668,
        "muL_Kpipi": 5214.656416664541,
        "muR_Kpipi": 5183.074248990296,
        "nL": 0.5347839965654542,
        "nL_Kpipi": 4.413073505098077,
        "nR": 7.257839525064991,
        "nR_Kpipi": 1.3686501931786665e-08,
        "r_bkgK": 0.034754054837981975,
        "sigmaL_Kpipi": 19.133710600596434,
        "sigmaR_Kpipi": 39.32384704379869
    },
    "sigmaL;1264": 11.712160767204562,
    "sigmaL;1264_err": 0.18986402390762255,
    "sigmaR;1264": 17.95977258279173,
    "sigmaR;1264_err": 0.23917287124562797
}