{
    "fit_ok": true,
    "frac;844": 0.5592149028058466,
    "frac;844_err": 0.02346817217068242,
    "info_fit": "------------------------------------------------------------------\n| FCN = -3.172e+05              |     Ncalls=105 (105 total)     |\n| EDM = 1.1e-05 (Goal: 0.001)   |            up = 0.5            |\n------------------------------------------------------------------\n|  Valid Min.   | Valid Param.  | Above EDM | Reached call limit |\n------------------------------------------------------------------\n|     True      |     True      |   False   |       False        |\n------------------------------------------------------------------\n| Hesse failed  |   Has cov.    | Accurate  | Pos. def. | Forced |\n------------------------------------------------------------------\n|     False     |     True      |   True    |   True    | False  |\n------------------------------------------------------------------",
    "info_params": "name            value    minuit_hesse    at limit\n----------  ---------  --------------  ----------\nn_sig;844       51370     +/- 2.7e+02       False\u001b[0m\nn_bkg;844        6186     +/- 1.8e+02       False\u001b[0m\nfrac;844       0.5592     +/-   0.023       False\u001b[0m\nmu;844           5279     +/-   0.078       False\u001b[0m\nsigmaL;844      11.93     +/-    0.19       False\u001b[0m\nsigmaR;844      19.63     +/-    0.36       False\u001b[0m\nlambda;844  -0.001752     +/- 0.00022       False\u001b[0m",
    "lambda;844": -0.0017522236863239393,
    "lambda;844_err": 0.00021595153595148947,
    "mu;844": 5278.790114709445,
    "mu;844_err": 0.0778601249879628,
    "n_bkg;844": 6185.692486855078,
    "n_bkg;844_err": 176.8463398987223,
    "n_sig;844": 51367.25360500483,
    "n_sig;844_err": 272.9653329269104,
    "r_params": {
        "alphaL": 2.192494612852512,
        "alphaL_Kpipi": 0.23984147888569726,
        "alphaR": -1.6521632090702556,
        "alphaR_Kpipi": -3.45169511727099,
        "fraction_Kpipi": 0.8861855867303668,
        "muL_Kpipi": 5214.656416664541,
        "muR_Kpipi": 5183.074248990296,
        "nL": 0.43064233588829265,
        "nL_Kpipi": 4.413073505098077,
        "nR": 5.126630367330368,
        "nR_Kpipi": 1.3686501931786665e-08,
        "r_bkgK": 0.034754054837981975,
        "sigmaL_Kpipi": 19.133710600596434,
        "sigmaR_Kpipi": 39.32384704379869
    },
    "sigmaL;844": 11.928299944078223,
    "sigmaL;844_err": 0.1922913448621708,
    "sigmaR;844": 19.62526581735903,
    "sigmaR;844_err": 0.3644588990637316
}