{
    "fit_ok": true,
    "frac;1148": 0.2586647523831322,
    "frac;1148_err": 0.016795343018266674,
    "info_fit": "------------------------------------------------------------------\n| FCN = -3.172e+05              |      Ncalls=88 (88 total)      |\n| EDM = 0.000507 (Goal: 0.001)  |            up = 0.5            |\n------------------------------------------------------------------\n|  Valid Min.   | Valid Param.  | Above EDM | Reached call limit |\n------------------------------------------------------------------\n|     True      |     True      |   False   |       False        |\n------------------------------------------------------------------\n| Hesse failed  |   Has cov.    | Accurate  | Pos. def. | Forced |\n------------------------------------------------------------------\n|     False     |     True      |   True    |   True    | False  |\n------------------------------------------------------------------",
    "info_params": "name              value    minuit_hesse    at limit\n-----------  ----------  --------------  ----------\nn_sig;1148        50660     +/- 2.5e+02       False\u001b[0m\nn_bkg;1148         5265     +/- 1.5e+02       False\u001b[0m\nfrac;1148        0.2587     +/-   0.017       False\u001b[0m\nmu;1148            5279     +/-   0.079       False\u001b[0m\nsigmaL;1148       9.419     +/-    0.28       False\u001b[0m\nsigmaR;1148       17.06     +/-    0.15       False\u001b[0m\nlambda;1148  -0.0002369     +/- 0.00024       False\u001b[0m",
    "lambda;1148": -0.00023688765232020292,
    "lambda;1148_err": 0.0002395135404162743,
    "mu;1148": 5278.823871655961,
    "mu;1148_err": 0.07902067088993982,
    "n_bkg;1148": 5264.658587475146,
    "n_bkg;1148_err": 152.9730716531369,
    "n_sig;1148": 50656.56446044034,
    "n_sig;1148_err": 254.39338107884168,
    "r_params": {
        "alphaL": 2.032652256499463,
        "alphaL_Kpipi": 0.2521210294915314,
        "alphaR": -1.7656247571047547,
        "alphaR_Kpipi": -3.53804414076301,
        "fraction_Kpipi": 0.8801125283089034,
        "muL_Kpipi": 5213.930458931909,
        "muR_Kpipi": 5178.99333925419,
        "nL": 0.4368034417751325,
        "nL_Kpipi": 4.264923817626797,
        "nR": 5.840596424652496,
        "nR_Kpipi": 0.00034778080523766936,
        "r_bkgK": 0.06733032130739265,
        "sigmaL_Kpipi": 18.70472463081729,
        "sigmaR_Kpipi": 40.076699965317836
    },
    "sigmaL;1148": 9.41874105014833,
    "sigmaL;1148_err": 0.28288605609903206,
    "sigmaR;1148": 17.064299978845185,
    "sigmaR;1148_err": 0.15186784201602557
}