{
    "fit_ok": true,
    "frac;1294": 0.4681009911023074,
    "frac;1294_err": 0.02284289148254871,
    "info_fit": "------------------------------------------------------------------\n| FCN = -3.172e+05              |     Ncalls=103 (103 total)     |\n| EDM = 1.96e-05 (Goal: 0.001)  |            up = 0.5            |\n------------------------------------------------------------------\n|  Valid Min.   | Valid Param.  | Above EDM | Reached call limit |\n------------------------------------------------------------------\n|     True      |     True      |   False   |       False        |\n------------------------------------------------------------------\n| Hesse failed  |   Has cov.    | Accurate  | Pos. def. | Forced |\n------------------------------------------------------------------\n|     False     |     True      |   True    |   True    | False  |\n------------------------------------------------------------------",
    "info_params": "name             value    minuit_hesse    at limit\n-----------  ---------  --------------  ----------\nn_sig;1294       51190     +/- 2.8e+02       False\u001b[0m\nn_bkg;1294        6365     +/- 1.9e+02       False\u001b[0m\nfrac;1294       0.4681     +/-   0.023       False\u001b[0m\nmu;1294           5279     +/-   0.078       False\u001b[0m\nsigmaL;1294      11.26     +/-    0.21       False\u001b[0m\nsigmaR;1294      18.55     +/-    0.27       False\u001b[0m\nlambda;1294  -0.001799     +/- 0.00022       False\u001b[0m",
    "lambda;1294": -0.0017988541939181896,
    "lambda;1294_err": 0.0002221999554226451,
    "mu;1294": 5278.860592204693,
    "mu;1294_err": 0.07824314264366214,
    "n_bkg;1294": 6364.747259726332,
    "n_bkg;1294_err": 186.2829971419381,
    "n_sig;1294": 51193.47790903757,
    "n_sig;1294_err": 278.0765551256576,
    "r_params": {
        "alphaL": 2.0550699689412206,
        "alphaL_Kpipi": 0.23984147888569726,
        "alphaR": -1.7591100100563146,
        "alphaR_Kpipi": -3.45169511727099,
        "fraction_Kpipi": 0.8861855867303668,
        "muL_Kpipi": 5214.656416664541,
        "muR_Kpipi": 5183.074248990296,
        "nL": 0.48337439048989306,
        "nL_Kpipi": 4.413073505098077,
        "nR": 5.697241192596537,
        "nR_Kpipi": 1.3686501931786665e-08,
        "r_bkgK": 0.034754054837981975,
        "sigmaL_Kpipi": 19.133710600596434,
        "sigmaR_Kpipi": 39.32384704379869
    },
    "sigmaL;1294": 11.260877754280289,
    "sigmaL;1294_err": 0.21149549242680746,
    "sigmaR;1294": 18.547832824369532,
    "sigmaR;1294_err": 0.270298529419947
}