{
    "fit_ok": true,
    "frac;985": 0.5343269788548681,
    "frac;985_err": 0.022755324322383096,
    "info_fit": "------------------------------------------------------------------\n| FCN = -3.172e+05              |     Ncalls=105 (105 total)     |\n| EDM = 6.59e-06 (Goal: 0.001)  |            up = 0.5            |\n------------------------------------------------------------------\n|  Valid Min.   | Valid Param.  | Above EDM | Reached call limit |\n------------------------------------------------------------------\n|     True      |     True      |   False   |       False        |\n------------------------------------------------------------------\n| Hesse failed  |   Has cov.    | Accurate  | Pos. def. | Forced |\n------------------------------------------------------------------\n|     False     |     True      |   True    |   True    | False  |\n------------------------------------------------------------------",
    "info_params": "name            value    minuit_hesse    at limit\n----------  ---------  --------------  ----------\nn_sig;985       51680     +/- 2.9e+02       False\u001b[0m\nn_bkg;985        6779     +/-   2e+02       False\u001b[0m\nfrac;985       0.5343     +/-   0.023       False\u001b[0m\nmu;985           5279     +/-   0.078       False\u001b[0m\nsigmaL;985      11.68     +/-     0.2       False\u001b[0m\nsigmaR;985      19.04     +/-    0.31       False\u001b[0m\nlambda;985  -0.002243     +/- 0.00022       False\u001b[0m",
    "lambda;985": -0.002243183869025514,
    "lambda;985_err": 0.0002160147425862032,
    "mu;985": 5278.881886382472,
    "mu;985_err": 0.07832892802043395,
    "n_bkg;985": 6778.562959360885,
    "n_bkg;985_err": 196.81221168292566,
    "n_sig;985": 51679.40175960994,
    "n_sig;985_err": 288.308025351515,
    "r_params": {
        "alphaL": 2.032652256499463,
        "alphaL_Kpipi": 0.23052051905321258,
        "alphaR": -1.7656247571047547,
        "alphaR_Kpipi": -2.8705432750486946,
        "fraction_Kpipi": 0.893255881604258,
        "muL_Kpipi": 5214.490358173548,
        "muR_Kpipi": 5185.876296034988,
        "nL": 0.4368034417751325,
        "nL_Kpipi": 4.564534107065106,
        "nR": 5.840596424652496,
        "nR_Kpipi": 0.00031584877867727633,
        "r_bkgK": 0.017036948562034894,
        "sigmaL_Kpipi": 19.636653166620214,
        "sigmaR_Kpipi": 38.523514483047364
    },
    "sigmaL;985": 11.682806351091848,
    "sigmaL;985_err": 0.20021430343249003,
    "sigmaR;985": 19.041540711055458,
    "sigmaR;985_err": 0.30957131646119174
}