{
    "fit_ok": true,
    "frac;521": 0.4143795151349338,
    "frac;521_err": 0.02149519865299664,
    "info_fit": "------------------------------------------------------------------\n| FCN = -3.172e+05              |     Ncalls=106 (106 total)     |\n| EDM = 1.57e-05 (Goal: 0.001)  |            up = 0.5            |\n------------------------------------------------------------------\n|  Valid Min.   | Valid Param.  | Above EDM | Reached call limit |\n------------------------------------------------------------------\n|     True      |     True      |   False   |       False        |\n------------------------------------------------------------------\n| Hesse failed  |   Has cov.    | Accurate  | Pos. def. | Forced |\n------------------------------------------------------------------\n|     False     |     True      |   True    |   True    | False  |\n------------------------------------------------------------------",
    "info_params": "name            value    minuit_hesse    at limit\n----------  ---------  --------------  ----------\nn_sig;521       51290     +/- 2.8e+02       False\u001b[0m\nn_bkg;521        6089     +/- 1.9e+02       False\u001b[0m\nfrac;521       0.4144     +/-   0.021       False\u001b[0m\nmu;521           5279     +/-   0.079       False\u001b[0m\nsigmaL;521      10.84     +/-    0.24       False\u001b[0m\nsigmaR;521      18.07     +/-    0.23       False\u001b[0m\nlambda;521  -0.001436     +/- 0.00024       False\u001b[0m",
    "lambda;521": -0.0014364220128940397,
    "lambda;521_err": 0.00024134693443427142,
    "mu;521": 5278.868276560191,
    "mu;521_err": 0.07869023121036182,
    "n_bkg;521": 6088.664159676199,
    "n_bkg;521_err": 189.35600027734043,
    "n_sig;521": 51293.997774668314,
    "n_sig;521_err": 279.97385463824327,
    "r_params": {
        "alphaL": 2.032652256499463,
        "alphaL_Kpipi": 0.2493806441795611,
        "alphaR": -1.7656247571047547,
        "alphaR_Kpipi": -3.5619553444863636,
        "fraction_Kpipi": 0.9074080053325401,
        "muL_Kpipi": 5213.701585432077,
        "muR_Kpipi": 5186.1131841765055,
        "nL": 0.4368034417751325,
        "nL_Kpipi": 4.607536074954958,
        "nR": 5.840596424652496,
        "nR_Kpipi": 0.00017502303299584142,
        "r_bkgK": 0.03808730558944622,
        "sigmaL_Kpipi": 19.11145385649926,
        "sigmaR_Kpipi": 38.59488723577864
    },
    "sigmaL;521": 10.844246775780862,
    "sigmaL;521_err": 0.23507089773514703,
    "sigmaR;521": 18.074099534332635,
    "sigmaR;521_err": 0.22880363552762065
}