{
    "fit_ok": true,
    "frac;424": 0.5836694946129943,
    "frac;424_err": 0.02290616067815255,
    "info_fit": "------------------------------------------------------------------\n| FCN = -3.172e+05              |     Ncalls=105 (105 total)     |\n| EDM = 4.65e-05 (Goal: 0.001)  |            up = 0.5            |\n------------------------------------------------------------------\n|  Valid Min.   | Valid Param.  | Above EDM | Reached call limit |\n------------------------------------------------------------------\n|     True      |     True      |   False   |       False        |\n------------------------------------------------------------------\n| Hesse failed  |   Has cov.    | Accurate  | Pos. def. | Forced |\n------------------------------------------------------------------\n|     False     |     True      |   True    |   True    | False  |\n------------------------------------------------------------------",
    "info_params": "name            value    minuit_hesse    at limit\n----------  ---------  --------------  ----------\nn_sig;424       51820     +/- 2.9e+02       False\u001b[0m\nn_bkg;424        7117     +/-   2e+02       False\u001b[0m\nfrac;424       0.5837     +/-   0.023       False\u001b[0m\nmu;424           5279     +/-   0.078       False\u001b[0m\nsigmaL;424      11.99     +/-    0.19       False\u001b[0m\nsigmaR;424      19.54     +/-    0.36       False\u001b[0m\nlambda;424  -0.002579     +/-  0.0002       False\u001b[0m",
    "lambda;424": -0.002578877606361024,
    "lambda;424_err": 0.0002028590273651035,
    "mu;424": 5278.877851078046,
    "mu;424_err": 0.07824366948502716,
    "n_bkg;424": 7116.5978163465215,
    "n_bkg;424_err": 197.22189536000332,
    "n_sig;424": 51818.413065422916,
    "n_sig;424_err": 290.070041244566,
    "r_params": {
        "alphaL": 2.032652256499463,
        "alphaL_Kpipi": 0.24360953384704342,
        "alphaR": -1.7656247571047547,
        "alphaR_Kpipi": -3.5809744144844387,
        "fraction_Kpipi": 0.8750452495080779,
        "muL_Kpipi": 5215.23249140648,
        "muR_Kpipi": 5184.265476246836,
        "nL": 0.4368034417751325,
        "nL_Kpipi": 4.146314552469835,
        "nR": 5.840596424652496,
        "nR_Kpipi": 0.0003749460334999038,
        "r_bkgK": 0.00778480768246818,
        "sigmaL_Kpipi": 18.628746493151993,
        "sigmaR_Kpipi": 38.74915445418396
    },
    "sigmaL;424": 11.99383387324779,
    "sigmaL;424_err": 0.18892312899481684,
    "sigmaR;424": 19.536143154447373,
    "sigmaR;424_err": 0.35649625069529883
}