{
    "fit_ok": true,
    "frac;183": 0.5047315371342505,
    "frac;183_err": 0.022231241418539424,
    "info_fit": "------------------------------------------------------------------\n| FCN = -3.172e+05              |     Ncalls=105 (105 total)     |\n| EDM = 6.09e-06 (Goal: 0.001)  |            up = 0.5            |\n------------------------------------------------------------------\n|  Valid Min.   | Valid Param.  | Above EDM | Reached call limit |\n------------------------------------------------------------------\n|     True      |     True      |   False   |       False        |\n------------------------------------------------------------------\n| Hesse failed  |   Has cov.    | Accurate  | Pos. def. | Forced |\n------------------------------------------------------------------\n|     False     |     True      |   True    |   True    | False  |\n------------------------------------------------------------------",
    "info_params": "name            value    minuit_hesse    at limit\n----------  ---------  --------------  ----------\nn_sig;183       51590     +/- 2.9e+02       False\u001b[0m\nn_bkg;183        6602     +/-   2e+02       False\u001b[0m\nfrac;183       0.5047     +/-   0.022       False\u001b[0m\nmu;183           5279     +/-   0.078       False\u001b[0m\nsigmaL;183      11.49     +/-     0.2       False\u001b[0m\nsigmaR;183      18.77     +/-    0.29       False\u001b[0m\nlambda;183  -0.002044     +/- 0.00022       False\u001b[0m",
    "lambda;183": -0.002043642868190379,
    "lambda;183_err": 0.00022190811285094253,
    "mu;183": 5278.881839336174,
    "mu;183_err": 0.07833629781827763,
    "n_bkg;183": 6601.641142516821,
    "n_bkg;183_err": 195.17875580677227,
    "n_sig;183": 51585.907286387664,
    "n_sig;183_err": 286.34608729949156,
    "r_params": {
        "alphaL": 2.032652256499463,
        "alphaL_Kpipi": 0.24041891285017136,
        "alphaR": -1.7656247571047547,
        "alphaR_Kpipi": -3.3518013701380482,
        "fraction_Kpipi": 0.8896967085163551,
        "muL_Kpipi": 5214.439715646494,
        "muR_Kpipi": 5183.206542658785,
        "nL": 0.4368034417751325,
        "nL_Kpipi": 4.373585582015519,
        "nR": 5.840596424652496,
        "nR_Kpipi": 9.174542953306772e-05,
        "r_bkgK": 0.022301204374899693,
        "sigmaL_Kpipi": 19.581415826467445,
        "sigmaR_Kpipi": 40.20783039534455
    },
    "sigmaL;183": 11.490695333021574,
    "sigmaL;183_err": 0.20161625825932816,
    "sigmaR;183": 18.771911566310514,
    "sigmaR;183_err": 0.28532287811083873
}