{
    "fit_ok": true,
    "frac;814": 0.33959119538583077,
    "frac;814_err": 0.01861804463085119,
    "info_fit": "------------------------------------------------------------------\n| FCN = -3.172e+05              |     Ncalls=106 (106 total)     |\n| EDM = 2.08e-05 (Goal: 0.001)  |            up = 0.5            |\n------------------------------------------------------------------\n|  Valid Min.   | Valid Param.  | Above EDM | Reached call limit |\n------------------------------------------------------------------\n|     True      |     True      |   False   |       False        |\n------------------------------------------------------------------\n| Hesse failed  |   Has cov.    | Accurate  | Pos. def. | Forced |\n------------------------------------------------------------------\n|     False     |     True      |   True    |   True    | False  |\n------------------------------------------------------------------",
    "info_params": "name            value    minuit_hesse    at limit\n----------  ---------  --------------  ----------\nn_sig;814       51480     +/- 2.9e+02       False\u001b[0m\nn_bkg;814        6070     +/-   2e+02       False\u001b[0m\nfrac;814       0.3396     +/-   0.019       False\u001b[0m\nmu;814           5279     +/-   0.079       False\u001b[0m\nsigmaL;814      10.11     +/-    0.26       False\u001b[0m\nsigmaR;814      17.58     +/-    0.19       False\u001b[0m\nlambda;814  -0.001204     +/- 0.00026       False\u001b[0m",
    "lambda;814": -0.001203575512187846,
    "lambda;814_err": 0.0002555610529285416,
    "mu;814": 5278.845775878744,
    "mu;814_err": 0.07874520634871296,
    "n_bkg;814": 6069.679164250663,
    "n_bkg;814_err": 197.33116371791286,
    "n_sig;814": 51476.14854366749,
    "n_sig;814_err": 285.8962184253554,
    "r_params": {
        "alphaL": 2.1541397172517955,
        "alphaL_Kpipi": 0.23984147888569726,
        "alphaR": -1.7600354180789208,
        "alphaR_Kpipi": -3.45169511727099,
        "fraction_Kpipi": 0.8861855867303668,
        "muL_Kpipi": 5214.656416664541,
        "muR_Kpipi": 5183.074248990296,
        "nL": 0.20498354330878324,
        "nL_Kpipi": 4.413073505098077,
        "nR": 11.418449878370843,
        "nR_Kpipi": 1.3686501931786665e-08,
        "r_bkgK": 0.034754054837981975,
        "sigmaL_Kpipi": 19.133710600596434,
        "sigmaR_Kpipi": 39.32384704379869
    },
    "sigmaL;814": 10.105148350828859,
    "sigmaL;814_err": 0.26343583760062667,
    "sigmaR;814": 17.57945886475477,
    "sigmaR;814_err": 0.18582065917380683
}