{
    "fit_ok": true,
    "frac;578": 0.40634815704884797,
    "frac;578_err": 0.017262835503011432,
    "info_fit": "------------------------------------------------------------------\n| FCN = -3.172e+05              |     Ncalls=100 (100 total)     |\n| EDM = 0.000176 (Goal: 0.001)  |            up = 0.5            |\n------------------------------------------------------------------\n|  Valid Min.   | Valid Param.  | Above EDM | Reached call limit |\n------------------------------------------------------------------\n|     True      |     True      |   False   |       False        |\n------------------------------------------------------------------\n| Hesse failed  |   Has cov.    | Accurate  | Pos. def. | Forced |\n------------------------------------------------------------------\n|     False     |     True      |   True    |   True    | False  |\n------------------------------------------------------------------",
    "info_params": "name            value    minuit_hesse    at limit\n----------  ---------  --------------  ----------\nn_sig;578       51820     +/- 2.8e+02       False\u001b[0m\nn_bkg;578        5719     +/- 1.9e+02       False\u001b[0m\nfrac;578       0.4063     +/-   0.017       False\u001b[0m\nmu;578           5279     +/-   0.079       False\u001b[0m\nsigmaL;578       10.9     +/-    0.22       False\u001b[0m\nsigmaR;578      17.62     +/-    0.19       False\u001b[0m\nlambda;578  -0.001016     +/- 0.00026       False\u001b[0m",
    "lambda;578": -0.001015700536511871,
    "lambda;578_err": 0.00025713458681180564,
    "mu;578": 5278.896997957339,
    "mu;578_err": 0.07940217423361581,
    "n_bkg;578": 5718.982235140743,
    "n_bkg;578_err": 185.1865089903776,
    "n_sig;578": 51816.3033160586,
    "n_sig;578_err": 279.4932282363439,
    "r_params": {
        "alphaL": 1.9242374308003425,
        "alphaL_Kpipi": 0.23984147888569726,
        "alphaR": -1.6699038643975779,
        "alphaR_Kpipi": -3.45169511727099,
        "fraction_Kpipi": 0.8861855867303668,
        "muL_Kpipi": 5214.656416664541,
        "muR_Kpipi": 5183.074248990296,
        "nL": 0.43567983259508997,
        "nL_Kpipi": 4.413073505098077,
        "nR": 5.8250267632743835,
        "nR_Kpipi": 1.3686501931786665e-08,
        "r_bkgK": 0.034754054837981975,
        "sigmaL_Kpipi": 19.133710600596434,
        "sigmaR_Kpipi": 39.32384704379869
    },
    "sigmaL;578": 10.901467870193375,
    "sigmaL;578_err": 0.2164585517969321,
    "sigmaR;578": 17.62118681600016,
    "sigmaR;578_err": 0.1911932191735077
}