{
    "fit_ok": true,
    "frac;563": 0.64883000275102,
    "frac;563_err": 0.017453786787905337,
    "info_fit": "------------------------------------------------------------------\n| FCN = -3.171e+05              |     Ncalls=103 (103 total)     |\n| EDM = 0.000442 (Goal: 0.001)  |            up = 0.5            |\n------------------------------------------------------------------\n|  Valid Min.   | Valid Param.  | Above EDM | Reached call limit |\n------------------------------------------------------------------\n|     True      |     True      |   False   |       False        |\n------------------------------------------------------------------\n| Hesse failed  |   Has cov.    | Accurate  | Pos. def. | Forced |\n------------------------------------------------------------------\n|     False     |     True      |   True    |   True    | False  |\n------------------------------------------------------------------",
    "info_params": "name            value    minuit_hesse    at limit\n----------  ---------  --------------  ----------\nn_sig;563       52110     +/- 2.7e+02       False\u001b[0m\nn_bkg;563        5420     +/- 1.6e+02       False\u001b[0m\nfrac;563       0.6488     +/-   0.017       False\u001b[0m\nmu;563           5279     +/-   0.078       False\u001b[0m\nsigmaL;563      12.68     +/-    0.15       False\u001b[0m\nsigmaR;563      20.06     +/-     0.4       False\u001b[0m\nlambda;563  -0.001334     +/- 0.00023       False\u001b[0m",
    "lambda;563": -0.0013344938049174582,
    "lambda;563_err": 0.00023126802425166667,
    "mu;563": 5278.853474430445,
    "mu;563_err": 0.07849847372434018,
    "n_bkg;563": 5420.419599793412,
    "n_bkg;563_err": 162.92191253802534,
    "n_sig;563": 52106.011335505544,
    "n_sig;563_err": 267.53997029119927,
    "r_params": {
        "alphaL": 2.0207414389148575,
        "alphaL_Kpipi": 0.23984147888569726,
        "alphaR": -1.5784976422032624,
        "alphaR_Kpipi": -3.45169511727099,
        "fraction_Kpipi": 0.8861855867303668,
        "muL_Kpipi": 5214.656416664541,
        "muR_Kpipi": 5183.074248990296,
        "nL": 0.6137336561803823,
        "nL_Kpipi": 4.413073505098077,
        "nR": 2.8201495393082374,
        "nR_Kpipi": 1.3686501931786665e-08,
        "r_bkgK": 0.034754054837981975,
        "sigmaL_Kpipi": 19.133710600596434,
        "sigmaR_Kpipi": 39.32384704379869
    },
    "sigmaL;563": 12.684669053358645,
    "sigmaL;563_err": 0.14945707649959944,
    "sigmaR;563": 20.061270504123698,
    "sigmaR;563_err": 0.40166662678717935
}