{
    "fit_ok": true,
    "frac;863": 0.4217878647003669,
    "frac;863_err": 0.021443355875997248,
    "info_fit": "------------------------------------------------------------------\n| FCN = -3.172e+05              |     Ncalls=105 (105 total)     |\n| EDM = 2.18e-05 (Goal: 0.001)  |            up = 0.5            |\n------------------------------------------------------------------\n|  Valid Min.   | Valid Param.  | Above EDM | Reached call limit |\n------------------------------------------------------------------\n|     True      |     True      |   False   |       False        |\n------------------------------------------------------------------\n| Hesse failed  |   Has cov.    | Accurate  | Pos. def. | Forced |\n------------------------------------------------------------------\n|     False     |     True      |   True    |   True    | False  |\n------------------------------------------------------------------",
    "info_params": "name            value    minuit_hesse    at limit\n----------  ---------  --------------  ----------\nn_sig;863       51320     +/- 2.8e+02       False\u001b[0m\nn_bkg;863        6137     +/- 1.9e+02       False\u001b[0m\nfrac;863       0.4218     +/-   0.021       False\u001b[0m\nmu;863           5279     +/-   0.079       False\u001b[0m\nsigmaL;863      10.91     +/-    0.23       False\u001b[0m\nsigmaR;863      18.12     +/-    0.23       False\u001b[0m\nlambda;863  -0.001502     +/- 0.00024       False\u001b[0m",
    "lambda;863": -0.0015015669651014113,
    "lambda;863_err": 0.00023892701924019502,
    "mu;863": 5278.869240011184,
    "mu;863_err": 0.07860803861976232,
    "n_bkg;863": 6136.909175396497,
    "n_bkg;863_err": 189.6610283747832,
    "n_sig;863": 51315.234129911274,
    "n_sig;863_err": 280.38319588304864,
    "r_params": {
        "alphaL": 2.032652256499463,
        "alphaL_Kpipi": 0.24548811274135623,
        "alphaR": -1.7656247571047547,
        "alphaR_Kpipi": -3.296034478637971,
        "fraction_Kpipi": 0.8850082603546964,
        "muL_Kpipi": 5214.498049366887,
        "muR_Kpipi": 5184.823371774212,
        "nL": 0.4368034417751325,
        "nL_Kpipi": 4.457961998883464,
        "nR": 5.840596424652496,
        "nR_Kpipi": 7.521385324801635e-05,
        "r_bkgK": 0.03672441966247047,
        "sigmaL_Kpipi": 18.54758515519744,
        "sigmaR_Kpipi": 40.047724454640786
    },
    "sigmaL;863": 10.90502250812871,
    "sigmaL;863_err": 0.22926992486402856,
    "sigmaR;863": 18.12081069043233,
    "sigmaR;863_err": 0.23174184990182392
}