{
    "fit_ok": true,
    "frac;159": 0.6136231071180934,
    "frac;159_err": 0.018269050585498384,
    "info_fit": "------------------------------------------------------------------\n| FCN = -3.172e+05              |     Ncalls=105 (105 total)     |\n| EDM = 2.86e-05 (Goal: 0.001)  |            up = 0.5            |\n------------------------------------------------------------------\n|  Valid Min.   | Valid Param.  | Above EDM | Reached call limit |\n------------------------------------------------------------------\n|     True      |     True      |   False   |       False        |\n------------------------------------------------------------------\n| Hesse failed  |   Has cov.    | Accurate  | Pos. def. | Forced |\n------------------------------------------------------------------\n|     False     |     True      |   True    |   True    | False  |\n------------------------------------------------------------------",
    "info_params": "name            value    minuit_hesse    at limit\n----------  ---------  --------------  ----------\nn_sig;159       52360     +/- 2.7e+02       False\u001b[0m\nn_bkg;159        5156     +/- 1.6e+02       False\u001b[0m\nfrac;159       0.6136     +/-   0.018       False\u001b[0m\nmu;159           5279     +/-   0.078       False\u001b[0m\nsigmaL;159      12.34     +/-    0.16       False\u001b[0m\nsigmaR;159      20.34     +/-    0.37       False\u001b[0m\nlambda;159  -0.001218     +/- 0.00025       False\u001b[0m",
    "lambda;159": -0.001218377975197707,
    "lambda;159_err": 0.0002522390270635928,
    "mu;159": 5278.848583097863,
    "mu;159_err": 0.07783381390074076,
    "n_bkg;159": 5155.671732782359,
    "n_bkg;159_err": 163.30156076478832,
    "n_sig;159": 52363.274695646476,
    "n_sig;159_err": 268.7007671458416,
    "r_params": {
        "alphaL": 2.109394865860894,
        "alphaL_Kpipi": 0.23984147888569726,
        "alphaR": -1.7440632010779542,
        "alphaR_Kpipi": -3.45169511727099,
        "fraction_Kpipi": 0.8861855867303668,
        "muL_Kpipi": 5214.656416664541,
        "muR_Kpipi": 5183.074248990296,
        "nL": 0.4779455165451773,
        "nL_Kpipi": 4.413073505098077,
        "nR": 2.103563543409213,
        "nR_Kpipi": 1.3686501931786665e-08,
        "r_bkgK": 0.034754054837981975,
        "sigmaL_Kpipi": 19.133710600596434,
        "sigmaR_Kpipi": 39.32384704379869
    },
    "sigmaL;159": 12.335244399512792,
    "sigmaL;159_err": 0.16017165546283368,
    "sigmaR;159": 20.338172772697103,
    "sigmaR;159_err": 0.37365772804005143
}