{
    "fit_ok": true,
    "frac;1034": 0.3790640227210036,
    "frac;1034_err": 0.020118429655032598,
    "info_fit": "------------------------------------------------------------------\n| FCN = -3.172e+05              |     Ncalls=104 (104 total)     |\n| EDM = 0.000454 (Goal: 0.001)  |            up = 0.5            |\n------------------------------------------------------------------\n|  Valid Min.   | Valid Param.  | Above EDM | Reached call limit |\n------------------------------------------------------------------\n|     True      |     True      |   False   |       False        |\n------------------------------------------------------------------\n| Hesse failed  |   Has cov.    | Accurate  | Pos. def. | Forced |\n------------------------------------------------------------------\n|     False     |     True      |   True    |   True    | False  |\n------------------------------------------------------------------",
    "info_params": "name             value    minuit_hesse    at limit\n-----------  ---------  --------------  ----------\nn_sig;1034       51150     +/- 2.8e+02       False\u001b[0m\nn_bkg;1034        5928     +/- 1.8e+02       False\u001b[0m\nfrac;1034       0.3791     +/-    0.02       False\u001b[0m\nmu;1034           5279     +/-   0.079       False\u001b[0m\nsigmaL;1034      10.56     +/-    0.23       False\u001b[0m\nsigmaR;1034      17.81     +/-    0.21       False\u001b[0m\nlambda;1034  -0.001228     +/- 0.00024       False\u001b[0m",
    "lambda;1034": -0.0012280588465267972,
    "lambda;1034_err": 0.00024298198281959244,
    "mu;1034": 5278.863993815658,
    "mu;1034_err": 0.07866495877599199,
    "n_bkg;1034": 5928.167007317856,
    "n_bkg;1034_err": 183.97289449385664,
    "n_sig;1034": 51149.99564288088,
    "n_sig;1034_err": 275.56725424497336,
    "r_params": {
        "alphaL": 2.032652256499463,
        "alphaL_Kpipi": 0.2633829368498855,
        "alphaR": -1.7656247571047547,
        "alphaR_Kpipi": -3.5853598370036814,
        "fraction_Kpipi": 0.9063644776496895,
        "muL_Kpipi": 5213.918223763704,
        "muR_Kpipi": 5182.721771043511,
        "nL": 0.4368034417751325,
        "nL_Kpipi": 4.453879107228017,
        "nR": 5.840596424652496,
        "nR_Kpipi": 0.00014110993450345294,
        "r_bkgK": 0.04412739966459333,
        "sigmaL_Kpipi": 19.171769940571977,
        "sigmaR_Kpipi": 37.50613574367271
    },
    "sigmaL;1034": 10.563942236029398,
    "sigmaL;1034_err": 0.22965382089669342,
    "sigmaR;1034": 17.81369579819165,
    "sigmaR;1034_err": 0.2084964603629996
}