{
    "fit_ok": true,
    "frac;878": 0.4767451576185876,
    "frac;878_err": 0.02576279929668151,
    "info_fit": "------------------------------------------------------------------\n| FCN = -3.172e+05              |     Ncalls=105 (105 total)     |\n| EDM = 5.04e-06 (Goal: 0.001)  |            up = 0.5            |\n------------------------------------------------------------------\n|  Valid Min.   | Valid Param.  | Above EDM | Reached call limit |\n------------------------------------------------------------------\n|     True      |     True      |   False   |       False        |\n------------------------------------------------------------------\n| Hesse failed  |   Has cov.    | Accurate  | Pos. def. | Forced |\n------------------------------------------------------------------\n|     False     |     True      |   True    |   True    | False  |\n------------------------------------------------------------------",
    "info_params": "name            value    minuit_hesse    at limit\n----------  ---------  --------------  ----------\nn_sig;878       50860     +/- 2.8e+02       False\u001b[0m\nn_bkg;878        6712     +/- 1.9e+02       False\u001b[0m\nfrac;878       0.4767     +/-   0.026       False\u001b[0m\nmu;878           5279     +/-   0.078       False\u001b[0m\nsigmaL;878      11.23     +/-    0.22       False\u001b[0m\nsigmaR;878         19     +/-    0.32       False\u001b[0m\nlambda;878  -0.002114     +/- 0.00021       False\u001b[0m",
    "lambda;878": -0.0021140056100524274,
    "lambda;878_err": 0.00020596805631356005,
    "mu;878": 5278.8159182803965,
    "mu;878_err": 0.07760116069166284,
    "n_bkg;878": 6711.810111855934,
    "n_bkg;878_err": 186.53813110328022,
    "n_sig;878": 50858.480294823356,
    "n_sig;878_err": 277.0820440770222,
    "r_params": {
        "alphaL": 2.2052009796473264,
        "alphaL_Kpipi": 0.23984147888569726,
        "alphaR": -1.825145792822672,
        "alphaR_Kpipi": -3.45169511727099,
        "fraction_Kpipi": 0.8861855867303668,
        "muL_Kpipi": 5214.656416664541,
        "muR_Kpipi": 5183.074248990296,
        "nL": 0.4041134833949991,
        "nL_Kpipi": 4.413073505098077,
        "nR": 6.6952345154976065,
        "nR_Kpipi": 1.3686501931786665e-08,
        "r_bkgK": 0.034754054837981975,
        "sigmaL_Kpipi": 19.133710600596434,
        "sigmaR_Kpipi": 39.32384704379869
    },
    "sigmaL;878": 11.227521226809067,
    "sigmaL;878_err": 0.2222775721214229,
    "sigmaR;878": 18.997319526817094,
    "sigmaR;878_err": 0.3167199858507308
}