{
    "fit_ok": true,
    "frac;179": 0.40546255884477717,
    "frac;179_err": 0.021063935002768795,
    "info_fit": "------------------------------------------------------------------\n| FCN = -3.172e+05              |     Ncalls=106 (106 total)     |\n| EDM = 6.31e-05 (Goal: 0.001)  |            up = 0.5            |\n------------------------------------------------------------------\n|  Valid Min.   | Valid Param.  | Above EDM | Reached call limit |\n------------------------------------------------------------------\n|     True      |     True      |   False   |       False        |\n------------------------------------------------------------------\n| Hesse failed  |   Has cov.    | Accurate  | Pos. def. | Forced |\n------------------------------------------------------------------\n|     False     |     True      |   True    |   True    | False  |\n------------------------------------------------------------------",
    "info_params": "name            value    minuit_hesse    at limit\n----------  ---------  --------------  ----------\nn_sig;179       51280     +/- 2.8e+02       False\u001b[0m\nn_bkg;179        6009     +/- 1.9e+02       False\u001b[0m\nfrac;179       0.4055     +/-   0.021       False\u001b[0m\nmu;179           5279     +/-   0.079       False\u001b[0m\nsigmaL;179      10.77     +/-    0.23       False\u001b[0m\nsigmaR;179      18.02     +/-    0.22       False\u001b[0m\nlambda;179  -0.001331     +/- 0.00024       False\u001b[0m",
    "lambda;179": -0.001331316369532612,
    "lambda;179_err": 0.00024320189015216315,
    "mu;179": 5278.86865343008,
    "mu;179_err": 0.07867890936942261,
    "n_bkg;179": 6008.791992843049,
    "n_bkg;179_err": 187.41792060066788,
    "n_sig;179": 51275.23152993399,
    "n_sig;179_err": 278.5057446612402,
    "r_params": {
        "alphaL": 2.032652256499463,
        "alphaL_Kpipi": 0.24893227286501993,
        "alphaR": -1.7656247571047547,
        "alphaR_Kpipi": -3.6958150480941456,
        "fraction_Kpipi": 0.8945314043169152,
        "muL_Kpipi": 5213.87058676163,
        "muR_Kpipi": 5181.799312285404,
        "nL": 0.4368034417751325,
        "nL_Kpipi": 4.5960983483964455,
        "nR": 5.840596424652496,
        "nR_Kpipi": 5.0561357711133005e-05,
        "r_bkgK": 0.04001982708854347,
        "sigmaL_Kpipi": 19.340154394775976,
        "sigmaR_Kpipi": 37.01635067130422
    },
    "sigmaL;179": 10.770180940790357,
    "sigmaL;179_err": 0.2340904586726242,
    "sigmaR;179": 18.018776470098068,
    "sigmaR;179_err": 0.2231609721751803
}