{
    "fit_ok": true,
    "frac;1076": 0.34154767177308837,
    "frac;1076_err": 0.01814249393789179,
    "info_fit": "------------------------------------------------------------------\n| FCN = -3.172e+05              |     Ncalls=105 (105 total)     |\n| EDM = 1.2e-05 (Goal: 0.001)   |            up = 0.5            |\n------------------------------------------------------------------\n|  Valid Min.   | Valid Param.  | Above EDM | Reached call limit |\n------------------------------------------------------------------\n|     True      |     True      |   False   |       False        |\n------------------------------------------------------------------\n| Hesse failed  |   Has cov.    | Accurate  | Pos. def. | Forced |\n------------------------------------------------------------------\n|     False     |     True      |   True    |   True    | False  |\n------------------------------------------------------------------",
    "info_params": "name             value    minuit_hesse    at limit\n-----------  ---------  --------------  ----------\nn_sig;1076       51350     +/- 2.8e+02       False\u001b[0m\nn_bkg;1076        6196     +/-   2e+02       False\u001b[0m\nfrac;1076       0.3415     +/-   0.018       False\u001b[0m\nmu;1076           5279     +/-   0.079       False\u001b[0m\nsigmaL;1076       10.1     +/-    0.24       False\u001b[0m\nsigmaR;1076      17.61     +/-    0.18       False\u001b[0m\nlambda;1076  -0.001367     +/- 0.00025       False\u001b[0m",
    "lambda;1076": -0.0013665486809846528,
    "lambda;1076_err": 0.0002456407690377632,
    "mu;1076": 5278.8839648746125,
    "mu;1076_err": 0.07855914024181583,
    "n_bkg;1076": 6196.082338804529,
    "n_bkg;1076_err": 195.6260512106531,
    "n_sig;1076": 51354.140046667395,
    "n_sig;1076_err": 284.4110310994012,
    "r_params": {
        "alphaL": 2.094382327924653,
        "alphaL_Kpipi": 0.23984147888569726,
        "alphaR": -1.8513686470860105,
        "alphaR_Kpipi": -3.45169511727099,
        "fraction_Kpipi": 0.8861855867303668,
        "muL_Kpipi": 5214.656416664541,
        "muR_Kpipi": 5183.074248990296,
        "nL": 0.26292042416253264,
        "nL_Kpipi": 4.413073505098077,
        "nR": 8.346140265828735,
        "nR_Kpipi": 1.3686501931786665e-08,
        "r_bkgK": 0.034754054837981975,
        "sigmaL_Kpipi": 19.133710600596434,
        "sigmaR_Kpipi": 39.32384704379869
    },
    "sigmaL;1076": 10.098050539606902,
    "sigmaL;1076_err": 0.24342062479779455,
    "sigmaR;1076": 17.60632641924366,
    "sigmaR;1076_err": 0.1834345212559477
}