{
    "fit_ok": true,
    "frac;844": 0.41948651958934835,
    "frac;844_err": 0.021770053152511546,
    "info_fit": "------------------------------------------------------------------\n| FCN = -3.172e+05              |     Ncalls=106 (106 total)     |\n| EDM = 2.45e-05 (Goal: 0.001)  |            up = 0.5            |\n------------------------------------------------------------------\n|  Valid Min.   | Valid Param.  | Above EDM | Reached call limit |\n------------------------------------------------------------------\n|     True      |     True      |   False   |       False        |\n------------------------------------------------------------------\n| Hesse failed  |   Has cov.    | Accurate  | Pos. def. | Forced |\n------------------------------------------------------------------\n|     False     |     True      |   True    |   True    | False  |\n------------------------------------------------------------------",
    "info_params": "name            value    minuit_hesse    at limit\n----------  ---------  --------------  ----------\nn_sig;844       51260     +/- 2.8e+02       False\u001b[0m\nn_bkg;844        6192     +/- 1.9e+02       False\u001b[0m\nfrac;844       0.4195     +/-   0.022       False\u001b[0m\nmu;844           5279     +/-   0.079       False\u001b[0m\nsigmaL;844       10.9     +/-    0.23       False\u001b[0m\nsigmaR;844      18.06     +/-    0.23       False\u001b[0m\nlambda;844  -0.001576     +/- 0.00024       False\u001b[0m",
    "lambda;844": -0.0015764236103842227,
    "lambda;844_err": 0.00023792924137329776,
    "mu;844": 5278.877258568587,
    "mu;844_err": 0.07861576546165298,
    "n_bkg;844": 6191.7808164252165,
    "n_bkg;844_err": 191.2148809317528,
    "n_sig;844": 51259.51360472654,
    "n_sig;844_err": 281.1634470735464,
    "r_params": {
        "alphaL": 2.032652256499463,
        "alphaL_Kpipi": 0.250683409601982,
        "alphaR": -1.7656247571047547,
        "alphaR_Kpipi": -3.0322159234936263,
        "fraction_Kpipi": 0.8923233277035341,
        "muL_Kpipi": 5215.607085218009,
        "muR_Kpipi": 5182.232651390528,
        "nL": 0.4368034417751325,
        "nL_Kpipi": 4.526445139512693,
        "nR": 5.840596424652496,
        "nR_Kpipi": 0.00014422147832252724,
        "r_bkgK": 0.03677315647214019,
        "sigmaL_Kpipi": 18.95987047779954,
        "sigmaR_Kpipi": 38.510773953594885
    },
    "sigmaL;844": 10.901178805262624,
    "sigmaL;844_err": 0.2323601063425198,
    "sigmaR;844": 18.05503010825465,
    "sigmaR;844_err": 0.23201588244822505
}