{
    "fit_ok": true,
    "frac;908": 0.38386648177886584,
    "frac;908_err": 0.010669229119644219,
    "info_fit": "------------------------------------------------------------------\n| FCN = -3.171e+05              |     Ncalls=101 (101 total)     |\n| EDM = 0.000301 (Goal: 0.001)  |            up = 0.5            |\n------------------------------------------------------------------\n|  Valid Min.   | Valid Param.  | Above EDM | Reached call limit |\n------------------------------------------------------------------\n|     True      |     True      |   False   |       False        |\n------------------------------------------------------------------\n| Hesse failed  |   Has cov.    | Accurate  | Pos. def. | Forced |\n------------------------------------------------------------------\n|     False     |     True      |   True    |   True    | False  |\n------------------------------------------------------------------",
    "info_params": "name             value    minuit_hesse    at limit\n----------  ----------  --------------  ----------\nn_sig;908        52620     +/- 2.4e+02       False\u001b[0m\nn_bkg;908         4884     +/-   1e+02       False\u001b[0m\nfrac;908        0.3839     +/-   0.011       False\u001b[0m\nmu;908            5279     +/-    0.08       False\u001b[0m\nsigmaL;908       11.33     +/-    0.24       False\u001b[0m\nsigmaR;908       16.58     +/-    0.13       False\u001b[0m\nlambda;908  -7.921e-10     +/- 4.1e-07       False\u001b[0m",
    "lambda;908": -7.920966382801709e-10,
    "lambda;908_err": 4.063797586950832e-07,
    "mu;908": 5278.7047015619,
    "mu;908_err": 0.08049191434474488,
    "n_bkg;908": 4883.521447183518,
    "n_bkg;908_err": 102.05880309292203,
    "n_sig;908": 52618.79648211874,
    "n_sig;908_err": 239.328879248316,
    "r_params": {
        "alphaL": 1.9028478277219238,
        "alphaL_Kpipi": 0.23984147888569726,
        "alphaR": -1.3733263904666253,
        "alphaR_Kpipi": -3.45169511727099,
        "fraction_Kpipi": 0.8861855867303668,
        "muL_Kpipi": 5214.656416664541,
        "muR_Kpipi": 5183.074248990296,
        "nL": 0.3080276384178703,
        "nL_Kpipi": 4.413073505098077,
        "nR": 7.686324955592195,
        "nR_Kpipi": 1.3686501931786665e-08,
        "r_bkgK": 0.034754054837981975,
        "sigmaL_Kpipi": 19.133710600596434,
        "sigmaR_Kpipi": 39.32384704379869
    },
    "sigmaL;908": 11.331357151854709,
    "sigmaL;908_err": 0.23641099095394952,
    "sigmaR;908": 16.58015435906887,
    "sigmaR;908_err": 0.12921384637279923
}