{
    "fit_ok": true,
    "frac;655": 0.5386942763487979,
    "frac;655_err": 0.0229393970377484,
    "info_fit": "------------------------------------------------------------------\n| FCN = -3.172e+05              |     Ncalls=103 (103 total)     |\n| EDM = 3.26e-05 (Goal: 0.001)  |            up = 0.5            |\n------------------------------------------------------------------\n|  Valid Min.   | Valid Param.  | Above EDM | Reached call limit |\n------------------------------------------------------------------\n|     True      |     True      |   False   |       False        |\n------------------------------------------------------------------\n| Hesse failed  |   Has cov.    | Accurate  | Pos. def. | Forced |\n------------------------------------------------------------------\n|     False     |     True      |   True    |   True    | False  |\n------------------------------------------------------------------",
    "info_params": "name            value    minuit_hesse    at limit\n----------  ---------  --------------  ----------\nn_sig;655       51680     +/- 2.9e+02       False\u001b[0m\nn_bkg;655        6845     +/-   2e+02       False\u001b[0m\nfrac;655       0.5387     +/-   0.023       False\u001b[0m\nmu;655           5279     +/-   0.078       False\u001b[0m\nsigmaL;655      11.71     +/-     0.2       False\u001b[0m\nsigmaR;655      19.07     +/-    0.31       False\u001b[0m\nlambda;655  -0.002305     +/- 0.00021       False\u001b[0m",
    "lambda;655": -0.0023053316415535957,
    "lambda;655_err": 0.00021388584462785093,
    "mu;655": 5278.881519840029,
    "mu;655_err": 0.07834169617713695,
    "n_bkg;655": 6844.865740972998,
    "n_bkg;655_err": 197.19649267453724,
    "n_sig;655": 51678.26649174749,
    "n_sig;655_err": 288.69445454417166,
    "r_params": {
        "alphaL": 2.032652256499463,
        "alphaL_Kpipi": 0.24494176283266209,
        "alphaR": -1.7656247571047547,
        "alphaR_Kpipi": -3.4575188405985213,
        "fraction_Kpipi": 0.8965079370631641,
        "muL_Kpipi": 5215.173945160006,
        "muR_Kpipi": 5183.024683994435,
        "nL": 0.4368034417751325,
        "nL_Kpipi": 4.47414594674357,
        "nR": 5.840596424652496,
        "nR_Kpipi": 0.0001354211854908145,
        "r_bkgK": 0.015775329197345193,
        "sigmaL_Kpipi": 19.158590318028793,
        "sigmaR_Kpipi": 38.83872550529914
    },
    "sigmaL;655": 11.713911199561625,
    "sigmaL;655_err": 0.2009047868080729,
    "sigmaR;655": 19.068052290652364,
    "sigmaR;655_err": 0.3134087518259545
}