{
    "fit_ok": true,
    "frac;806": 0.24571920018841645,
    "frac;806_err": 0.011175688172742294,
    "info_fit": "------------------------------------------------------------------\n| FCN = -3.172e+05              |     Ncalls=105 (105 total)     |\n| EDM = 5.91e-05 (Goal: 0.001)  |            up = 0.5            |\n------------------------------------------------------------------\n|  Valid Min.   | Valid Param.  | Above EDM | Reached call limit |\n------------------------------------------------------------------\n|     True      |     True      |   False   |       False        |\n------------------------------------------------------------------\n| Hesse failed  |   Has cov.    | Accurate  | Pos. def. | Forced |\n------------------------------------------------------------------\n|     False     |     True      |   True    |   True    | False  |\n------------------------------------------------------------------",
    "info_params": "name             value    minuit_hesse    at limit\n----------  ----------  --------------  ----------\nn_sig;806        51740     +/- 2.8e+02       False\u001b[0m\nn_bkg;806         5793     +/- 1.9e+02       False\u001b[0m\nfrac;806        0.2457     +/-   0.011       False\u001b[0m\nmu;806            5279     +/-   0.081       False\u001b[0m\nsigmaL;806       9.003     +/-    0.29       False\u001b[0m\nsigmaR;806       16.51     +/-    0.11       False\u001b[0m\nlambda;806  -0.0009671     +/- 0.00026       False\u001b[0m",
    "lambda;806": -0.0009671063540005048,
    "lambda;806_err": 0.0002577746427096538,
    "mu;806": 5279.043084433554,
    "mu;806_err": 0.08100488165100407,
    "n_bkg;806": 5793.430323755997,
    "n_bkg;806_err": 187.04229434532218,
    "n_sig;806": 51742.72775684328,
    "n_sig;806_err": 280.2939519721947,
    "r_params": {
        "alphaL": 1.729057977450836,
        "alphaL_Kpipi": 0.23984147888569726,
        "alphaR": -1.9255722459926952,
        "alphaR_Kpipi": -3.45169511727099,
        "fraction_Kpipi": 0.8861855867303668,
        "muL_Kpipi": 5214.656416664541,
        "muR_Kpipi": 5183.074248990296,
        "nL": 0.3429693402302876,
        "nL_Kpipi": 4.413073505098077,
        "nR": 4.360878499001062,
        "nR_Kpipi": 1.3686501931786665e-08,
        "r_bkgK": 0.034754054837981975,
        "sigmaL_Kpipi": 19.133710600596434,
        "sigmaR_Kpipi": 39.32384704379869
    },
    "sigmaL;806": 9.00324593852612,
    "sigmaL;806_err": 0.28978280407934365,
    "sigmaR;806": 16.51141018195362,
    "sigmaR;806_err": 0.11225235322452878
}