{
    "fit_ok": false,
    "frac;1170": 0.43920613858031127,
    "frac;1170_err": 0.021632644212015214,
    "info_fit": "------------------------------------------------------------------\n| FCN = -3.172e+05              |     Ncalls=106 (106 total)     |\n| EDM = 0.00124 (Goal: 0.001)   |            up = 0.5            |\n------------------------------------------------------------------\n|  Valid Min.   | Valid Param.  | Above EDM | Reached call limit |\n------------------------------------------------------------------\n|     True      |     True      |   False   |       False        |\n------------------------------------------------------------------\n| Hesse failed  |   Has cov.    | Accurate  | Pos. def. | Forced |\n------------------------------------------------------------------\n|     False     |     True      |   True    |   True    | False  |\n------------------------------------------------------------------",
    "info_params": "name             value    minuit_hesse    at limit\n-----------  ---------  --------------  ----------\nn_sig;1170       51350     +/- 2.8e+02       False\u001b[0m\nn_bkg;1170        6245     +/- 1.9e+02       False\u001b[0m\nfrac;1170       0.4392     +/-   0.022       False\u001b[0m\nmu;1170           5279     +/-   0.078       False\u001b[0m\nsigmaL;1170      11.04     +/-    0.22       False\u001b[0m\nsigmaR;1170      18.22     +/-    0.24       False\u001b[0m\nlambda;1170  -0.001641     +/- 0.00024       False\u001b[0m",
    "lambda;1170": -0.001640622197906283,
    "lambda;1170_err": 0.00023504048772721392,
    "mu;1170": 5278.879625695502,
    "mu;1170_err": 0.078495867875534,
    "n_bkg;1170": 6244.737902575966,
    "n_bkg;1170_err": 191.37731761981618,
    "n_sig;1170": 51351.43558814979,
    "n_sig;1170_err": 281.8668496773911,
    "r_params": {
        "alphaL": 2.032652256499463,
        "alphaL_Kpipi": 0.2311989131241396,
        "alphaR": -1.7656247571047547,
        "alphaR_Kpipi": -3.002718275248208,
        "fraction_Kpipi": 0.874244355785107,
        "muL_Kpipi": 5215.6792548019985,
        "muR_Kpipi": 5183.169909453409,
        "nL": 0.4368034417751325,
        "nL_Kpipi": 4.548226838928319,
        "nR": 5.840596424652496,
        "nR_Kpipi": 7.102819843524764e-05,
        "r_bkgK": 0.033903053098792026,
        "sigmaL_Kpipi": 19.158402057090246,
        "sigmaR_Kpipi": 37.94441246955606
    },
    "sigmaL;1170": 11.042741452915944,
    "sigmaL;1170_err": 0.22118778812002873,
    "sigmaR;1170": 18.219208820405242,
    "sigmaR;1170_err": 0.24123207815973563
}