{
    "fit_ok": true,
    "frac;1256": 0.4318084156580886,
    "frac;1256_err": 0.02115072153145416,
    "info_fit": "------------------------------------------------------------------\n| FCN = -3.172e+05              |     Ncalls=105 (105 total)     |\n| EDM = 3.98e-05 (Goal: 0.001)  |            up = 0.5            |\n------------------------------------------------------------------\n|  Valid Min.   | Valid Param.  | Above EDM | Reached call limit |\n------------------------------------------------------------------\n|     True      |     True      |   False   |       False        |\n------------------------------------------------------------------\n| Hesse failed  |   Has cov.    | Accurate  | Pos. def. | Forced |\n------------------------------------------------------------------\n|     False     |     True      |   True    |   True    | False  |\n------------------------------------------------------------------",
    "info_params": "name             value    minuit_hesse    at limit\n-----------  ---------  --------------  ----------\nn_sig;1256       51370     +/- 2.8e+02       False\u001b[0m\nn_bkg;1256        6148     +/- 1.9e+02       False\u001b[0m\nfrac;1256       0.4318     +/-   0.021       False\u001b[0m\nmu;1256           5279     +/-   0.079       False\u001b[0m\nsigmaL;1256      10.97     +/-    0.22       False\u001b[0m\nsigmaR;1256      18.22     +/-    0.24       False\u001b[0m\nlambda;1256  -0.001521     +/- 0.00024       False\u001b[0m",
    "lambda;1256": -0.0015210179971251597,
    "lambda;1256_err": 0.00023737563999391288,
    "mu;1256": 5278.867636849604,
    "mu;1256_err": 0.07852006522205753,
    "n_bkg;1256": 6147.9083784340655,
    "n_bkg;1256_err": 189.18803147435793,
    "n_sig;1256": 51374.580424567976,
    "n_sig;1256_err": 280.4416511509692,
    "r_params": {
        "alphaL": 2.032652256499463,
        "alphaL_Kpipi": 0.2637188822097572,
        "alphaR": -1.7656247571047547,
        "alphaR_Kpipi": -3.0982834051859505,
        "fraction_Kpipi": 0.8899744192818277,
        "muL_Kpipi": 5213.265355754654,
        "muR_Kpipi": 5181.5032750716755,
        "nL": 0.4368034417751325,
        "nL_Kpipi": 4.349606911568331,
        "nR": 5.840596424652496,
        "nR_Kpipi": 0.0002317875906873466,
        "r_bkgK": 0.035322623079333156,
        "sigmaL_Kpipi": 18.99972334873287,
        "sigmaR_Kpipi": 40.864513316923315
    },
    "sigmaL;1256": 10.974371497600973,
    "sigmaL;1256_err": 0.21975554566919978,
    "sigmaR;1256": 18.218664879003484,
    "sigmaR;1256_err": 0.23592218918525523
}