{
    "fit_ok": true,
    "frac;461": 0.4373652288518381,
    "frac;461_err": 0.02164799271855377,
    "info_fit": "------------------------------------------------------------------\n| FCN = -3.172e+05              |     Ncalls=138 (138 total)     |\n| EDM = 0.000228 (Goal: 0.001)  |            up = 0.5            |\n------------------------------------------------------------------\n|  Valid Min.   | Valid Param.  | Above EDM | Reached call limit |\n------------------------------------------------------------------\n|     True      |     True      |   False   |       False        |\n------------------------------------------------------------------\n| Hesse failed  |   Has cov.    | Accurate  | Pos. def. | Forced |\n------------------------------------------------------------------\n|     False     |     True      |   True    |   True    | False  |\n------------------------------------------------------------------",
    "info_params": "name            value    minuit_hesse    at limit\n----------  ---------  --------------  ----------\nn_sig;461       51340     +/- 2.8e+02       False\u001b[0m\nn_bkg;461        6287     +/- 1.9e+02       False\u001b[0m\nfrac;461       0.4374     +/-   0.022       False\u001b[0m\nmu;461           5279     +/-   0.079       False\u001b[0m\nsigmaL;461      11.03     +/-    0.22       False\u001b[0m\nsigmaR;461       18.2     +/-    0.24       False\u001b[0m\nlambda;461  -0.001688     +/- 0.00023       False\u001b[0m",
    "lambda;461": -0.0016884590963180124,
    "lambda;461_err": 0.00023290207620608916,
    "mu;461": 5278.874365032659,
    "mu;461_err": 0.07852304795549507,
    "n_bkg;461": 6287.26148830624,
    "n_bkg;461_err": 191.17711229064662,
    "n_sig;461": 51336.3451693614,
    "n_sig;461_err": 281.55906533141854,
    "r_params": {
        "alphaL": 2.032652256499463,
        "alphaL_Kpipi": 0.24856005315775798,
        "alphaR": -1.7656247571047547,
        "alphaR_Kpipi": -3.092120220505586,
        "fraction_Kpipi": 0.9011816977941466,
        "muL_Kpipi": 5215.363603774505,
        "muR_Kpipi": 5181.790662922505,
        "nL": 0.4368034417751325,
        "nL_Kpipi": 4.840411920375991,
        "nR": 5.840596424652496,
        "nR_Kpipi": 0.00010083616045320424,
        "r_bkgK": 0.033400423542448446,
        "sigmaL_Kpipi": 18.408759003331404,
        "sigmaR_Kpipi": 41.46307130292127
    },
    "sigmaL;461": 11.030732744987947,
    "sigmaL;461_err": 0.22172084581441495,
    "sigmaR;461": 18.201837904446805,
    "sigmaR;461_err": 0.23986455144451077
}