{
    "fit_ok": true,
    "frac;298": 0.47653014558821133,
    "frac;298_err": 0.021908052732130985,
    "info_fit": "------------------------------------------------------------------\n| FCN = -3.172e+05              |     Ncalls=106 (106 total)     |\n| EDM = 4.05e-05 (Goal: 0.001)  |            up = 0.5            |\n------------------------------------------------------------------\n|  Valid Min.   | Valid Param.  | Above EDM | Reached call limit |\n------------------------------------------------------------------\n|     True      |     True      |   False   |       False        |\n------------------------------------------------------------------\n| Hesse failed  |   Has cov.    | Accurate  | Pos. def. | Forced |\n------------------------------------------------------------------\n|     False     |     True      |   True    |   True    | False  |\n------------------------------------------------------------------",
    "info_params": "name           value    minuit_hesse    at limit\n----------  --------  --------------  ----------\nn_sig;298      51510     +/- 2.8e+02       False\u001b[0m\nn_bkg;298       6427     +/- 1.9e+02       False\u001b[0m\nfrac;298      0.4765     +/-   0.022       False\u001b[0m\nmu;298          5279     +/-   0.078       False\u001b[0m\nsigmaL;298      11.3     +/-    0.21       False\u001b[0m\nsigmaR;298     18.54     +/-    0.26       False\u001b[0m\nlambda;298  -0.00185     +/- 0.00023       False\u001b[0m",
    "lambda;298": -0.0018497445572767807,
    "lambda;298_err": 0.00022809056192612832,
    "mu;298": 5278.875910889256,
    "mu;298_err": 0.07839830369667708,
    "n_bkg;298": 6427.16102102343,
    "n_bkg;298_err": 193.3144157409439,
    "n_sig;298": 51508.99584195349,
    "n_sig;298_err": 284.35759882131197,
    "r_params": {
        "alphaL": 2.032652256499463,
        "alphaL_Kpipi": 0.24625027703869154,
        "alphaR": -1.7656247571047547,
        "alphaR_Kpipi": -3.2861017641659855,
        "fraction_Kpipi": 0.8733007226254152,
        "muL_Kpipi": 5214.848167329337,
        "muR_Kpipi": 5181.201297104717,
        "nL": 0.4368034417751325,
        "nL_Kpipi": 4.543946112149326,
        "nR": 5.840596424652496,
        "nR_Kpipi": 0.00017211629922096684,
        "r_bkgK": 0.027204130454256986,
        "sigmaL_Kpipi": 18.713816842423117,
        "sigmaR_Kpipi": 38.066188088673286
    },
    "sigmaL;298": 11.300783778201028,
    "sigmaL;298_err": 0.20895130300784853,
    "sigmaR;298": 18.543681888850045,
    "sigmaR;298_err": 0.26433591840316484
}