{
    "fit_ok": true,
    "frac;1101": 0.5123205602198055,
    "frac;1101_err": 0.022277565034639506,
    "info_fit": "------------------------------------------------------------------\n| FCN = -3.172e+05              |     Ncalls=101 (101 total)     |\n| EDM = 6.48e-05 (Goal: 0.001)  |            up = 0.5            |\n------------------------------------------------------------------\n|  Valid Min.   | Valid Param.  | Above EDM | Reached call limit |\n------------------------------------------------------------------\n|     True      |     True      |   False   |       False        |\n------------------------------------------------------------------\n| Hesse failed  |   Has cov.    | Accurate  | Pos. def. | Forced |\n------------------------------------------------------------------\n|     False     |     True      |   True    |   True    | False  |\n------------------------------------------------------------------",
    "info_params": "name             value    minuit_hesse    at limit\n-----------  ---------  --------------  ----------\nn_sig;1101       51620     +/- 2.9e+02       False\u001b[0m\nn_bkg;1101        6649     +/-   2e+02       False\u001b[0m\nfrac;1101       0.5123     +/-   0.022       False\u001b[0m\nmu;1101           5279     +/-   0.078       False\u001b[0m\nsigmaL;1101      11.54     +/-     0.2       False\u001b[0m\nsigmaR;1101      18.84     +/-    0.29       False\u001b[0m\nlambda;1101  -0.002098     +/- 0.00022       False\u001b[0m",
    "lambda;1101": -0.0020980134508228887,
    "lambda;1101_err": 0.00022000649454495817,
    "mu;1101": 5278.879573629367,
    "mu;1101_err": 0.0783150727117372,
    "n_bkg;1101": 6649.228139723989,
    "n_bkg;1101_err": 195.4365773849881,
    "n_sig;1101": 51617.79523630573,
    "n_sig;1101_err": 286.8007463422357,
    "r_params": {
        "alphaL": 2.032652256499463,
        "alphaL_Kpipi": 0.2340889599308251,
        "alphaR": -1.7656247571047547,
        "alphaR_Kpipi": -3.2242110358065403,
        "fraction_Kpipi": 0.9000365039605033,
        "muL_Kpipi": 5214.603128035904,
        "muR_Kpipi": 5182.926516425426,
        "nL": 0.4368034417751325,
        "nL_Kpipi": 4.29815513506678,
        "nR": 5.840596424652496,
        "nR_Kpipi": 0.00045685686950600117,
        "r_bkgK": 0.020762205244380477,
        "sigmaL_Kpipi": 19.111515783415502,
        "sigmaR_Kpipi": 38.83654578874071
    },
    "sigmaL;1101": 11.54032957485661,
    "sigmaL;1101_err": 0.19975013865620514,
    "sigmaR;1101": 18.844598705311782,
    "sigmaR;1101_err": 0.2909685770741308
}