{
    "fit_ok": true,
    "frac;1348": 0.4701476297154925,
    "frac;1348_err": 0.017374815375441874,
    "info_fit": "------------------------------------------------------------------\n| FCN = -3.172e+05              |     Ncalls=103 (103 total)     |\n| EDM = 5.91e-05 (Goal: 0.001)  |            up = 0.5            |\n------------------------------------------------------------------\n|  Valid Min.   | Valid Param.  | Above EDM | Reached call limit |\n------------------------------------------------------------------\n|     True      |     True      |   False   |       False        |\n------------------------------------------------------------------\n| Hesse failed  |   Has cov.    | Accurate  | Pos. def. | Forced |\n------------------------------------------------------------------\n|     False     |     True      |   True    |   True    | False  |\n------------------------------------------------------------------",
    "info_params": "name              value    minuit_hesse    at limit\n-----------  ----------  --------------  ----------\nn_sig;1348        52330     +/- 2.7e+02       False\u001b[0m\nn_bkg;1348         5191     +/- 1.7e+02       False\u001b[0m\nfrac;1348        0.4701     +/-   0.017       False\u001b[0m\nmu;1348            5279     +/-   0.078       False\u001b[0m\nsigmaL;1348       11.32     +/-    0.19       False\u001b[0m\nsigmaR;1348       18.53     +/-    0.23       False\u001b[0m\nlambda;1348  -0.0006181     +/- 0.00027       False\u001b[0m",
    "lambda;1348": -0.0006181388489338302,
    "lambda;1348_err": 0.0002711728306175139,
    "mu;1348": 5278.866651375849,
    "mu;1348_err": 0.07834287949190827,
    "n_bkg;1348": 5190.836397887774,
    "n_bkg;1348_err": 173.71249615492894,
    "n_sig;1348": 52327.12791635189,
    "n_sig;1348_err": 274.4066762315385,
    "r_params": {
        "alphaL": 2.0634086873084083,
        "alphaL_Kpipi": 0.23984147888569726,
        "alphaR": -1.759427550884137,
        "alphaR_Kpipi": -3.45169511727099,
        "fraction_Kpipi": 0.8861855867303668,
        "muL_Kpipi": 5214.656416664541,
        "muR_Kpipi": 5183.074248990296,
        "nL": 0.3574092020711978,
        "nL_Kpipi": 4.413073505098077,
        "nR": 3.250587527217824,
        "nR_Kpipi": 1.3686501931786665e-08,
        "r_bkgK": 0.034754054837981975,
        "sigmaL_Kpipi": 19.133710600596434,
        "sigmaR_Kpipi": 39.32384704379869
    },
    "sigmaL;1348": 11.320702889505277,
    "sigmaL;1348_err": 0.19057187436540837,
    "sigmaR;1348": 18.527337611744922,
    "sigmaR;1348_err": 0.23197464894981357
}