{
    "fit_ok": true,
    "frac;124": 0.42125230572193056,
    "frac;124_err": 0.01637356997591075,
    "info_fit": "------------------------------------------------------------------\n| FCN = -3.172e+05              |     Ncalls=105 (105 total)     |\n| EDM = 9.62e-05 (Goal: 0.001)  |            up = 0.5            |\n------------------------------------------------------------------\n|  Valid Min.   | Valid Param.  | Above EDM | Reached call limit |\n------------------------------------------------------------------\n|     True      |     True      |   False   |       False        |\n------------------------------------------------------------------\n| Hesse failed  |   Has cov.    | Accurate  | Pos. def. | Forced |\n------------------------------------------------------------------\n|     False     |     True      |   True    |   True    | False  |\n------------------------------------------------------------------",
    "info_params": "name             value    minuit_hesse    at limit\n----------  ----------  --------------  ----------\nn_sig;124        52250     +/- 2.7e+02       False\u001b[0m\nn_bkg;124         5266     +/- 1.7e+02       False\u001b[0m\nfrac;124        0.4213     +/-   0.016       False\u001b[0m\nmu;124            5279     +/-   0.079       False\u001b[0m\nsigmaL;124       10.98     +/-    0.21       False\u001b[0m\nsigmaR;124       17.96     +/-     0.2       False\u001b[0m\nlambda;124  -0.0004943     +/- 0.00027       False\u001b[0m",
    "lambda;124": -0.0004943102530990118,
    "lambda;124_err": 0.0002703894631773829,
    "mu;124": 5278.853451945903,
    "mu;124_err": 0.07880168312921376,
    "n_bkg;124": 5266.312564026384,
    "n_bkg;124_err": 174.8308414623888,
    "n_sig;124": 52252.08491282646,
    "n_sig;124_err": 274.706400379891,
    "r_params": {
        "alphaL": 2.0483088597768497,
        "alphaL_Kpipi": 0.23984147888569726,
        "alphaR": -1.694231849654507,
        "alphaR_Kpipi": -3.45169511727099,
        "fraction_Kpipi": 0.8861855867303668,
        "muL_Kpipi": 5214.656416664541,
        "muR_Kpipi": 5183.074248990296,
        "nL": 0.3122589432138551,
        "nL_Kpipi": 4.413073505098077,
        "nR": 4.542874957897606,
        "nR_Kpipi": 1.3686501931786665e-08,
        "r_bkgK": 0.034754054837981975,
        "sigmaL_Kpipi": 19.133710600596434,
        "sigmaR_Kpipi": 39.32384704379869
    },
    "sigmaL;124": 10.98221114561662,
    "sigmaL;124_err": 0.20759403452112973,
    "sigmaR;124": 17.957478717092123,
    "sigmaR;124_err": 0.19658956248686876
}