{
    "fit_ok": true,
    "frac;517": 0.3066387579532493,
    "frac;517_err": 0.013178376037813957,
    "info_fit": "------------------------------------------------------------------\n| FCN = -3.172e+05              |     Ncalls=104 (104 total)     |\n| EDM = 5.01e-05 (Goal: 0.001)  |            up = 0.5            |\n------------------------------------------------------------------\n|  Valid Min.   | Valid Param.  | Above EDM | Reached call limit |\n------------------------------------------------------------------\n|     True      |     True      |   False   |       False        |\n------------------------------------------------------------------\n| Hesse failed  |   Has cov.    | Accurate  | Pos. def. | Forced |\n------------------------------------------------------------------\n|     False     |     True      |   True    |   True    | False  |\n------------------------------------------------------------------",
    "info_params": "name             value    minuit_hesse    at limit\n----------  ----------  --------------  ----------\nn_sig;517        52130     +/- 2.8e+02       False\u001b[0m\nn_bkg;517         5396     +/- 1.8e+02       False\u001b[0m\nfrac;517        0.3066     +/-   0.013       False\u001b[0m\nmu;517            5279     +/-    0.08       False\u001b[0m\nsigmaL;517       9.836     +/-    0.26       False\u001b[0m\nsigmaR;517       17.05     +/-    0.14       False\u001b[0m\nlambda;517  -0.0005275     +/- 0.00027       False\u001b[0m",
    "lambda;517": -0.0005275269462512444,
    "lambda;517_err": 0.000269553808011825,
    "mu;517": 5278.907790443044,
    "mu;517_err": 0.07954679229418739,
    "n_bkg;517": 5396.280597456105,
    "n_bkg;517_err": 178.2416723822626,
    "n_sig;517": 52127.04756777755,
    "n_sig;517_err": 276.2527925239694,
    "r_params": {
        "alphaL": 1.9694405166174664,
        "alphaL_Kpipi": 0.23984147888569726,
        "alphaR": -1.7904663403983918,
        "alphaR_Kpipi": -3.45169511727099,
        "fraction_Kpipi": 0.8861855867303668,
        "muL_Kpipi": 5214.656416664541,
        "muR_Kpipi": 5183.074248990296,
        "nL": 0.24653951986248832,
        "nL_Kpipi": 4.413073505098077,
        "nR": 4.704038404480963,
        "nR_Kpipi": 1.3686501931786665e-08,
        "r_bkgK": 0.034754054837981975,
        "sigmaL_Kpipi": 19.133710600596434,
        "sigmaR_Kpipi": 39.32384704379869
    },
    "sigmaL;517": 9.83596618190942,
    "sigmaL;517_err": 0.2585711088035195,
    "sigmaR;517": 17.049875540412767,
    "sigmaR;517_err": 0.13702219104215627
}