{
    "fit_ok": true,
    "frac;173": 0.4555800871232441,
    "frac;173_err": 0.027904653928353836,
    "info_fit": "------------------------------------------------------------------\n| FCN = -3.172e+05              |     Ncalls=106 (106 total)     |\n| EDM = 2.54e-06 (Goal: 0.001)  |            up = 0.5            |\n------------------------------------------------------------------\n|  Valid Min.   | Valid Param.  | Above EDM | Reached call limit |\n------------------------------------------------------------------\n|     True      |     True      |   False   |       False        |\n------------------------------------------------------------------\n| Hesse failed  |   Has cov.    | Accurate  | Pos. def. | Forced |\n------------------------------------------------------------------\n|     False     |     True      |   True    |   True    | False  |\n------------------------------------------------------------------",
    "info_params": "name            value    minuit_hesse    at limit\n----------  ---------  --------------  ----------\nn_sig;173       50260     +/- 2.7e+02       False\u001b[0m\nn_bkg;173        7331     +/- 1.8e+02       False\u001b[0m\nfrac;173       0.4556     +/-   0.028       False\u001b[0m\nmu;173           5279     +/-   0.078       False\u001b[0m\nsigmaL;173         11     +/-    0.25       False\u001b[0m\nsigmaR;173      18.82     +/-    0.31       False\u001b[0m\nlambda;173  -0.002594     +/- 0.00018       False\u001b[0m",
    "lambda;173": -0.002594002846958321,
    "lambda;173_err": 0.00018190532561818584,
    "mu;173": 5278.880513942622,
    "mu;173_err": 0.07769000243043339,
    "n_bkg;173": 7331.453500786247,
    "n_bkg;173_err": 184.32585068476953,
    "n_sig;173": 50258.751097413,
    "n_sig;173_err": 273.5115964526799,
    "r_params": {
        "alphaL": 2.083487237099329,
        "alphaL_Kpipi": 0.23984147888569726,
        "alphaR": -2.0224860131953184,
        "alphaR_Kpipi": -3.45169511727099,
        "fraction_Kpipi": 0.8861855867303668,
        "muL_Kpipi": 5214.656416664541,
        "muR_Kpipi": 5183.074248990296,
        "nL": 0.6000690433998924,
        "nL_Kpipi": 4.413073505098077,
        "nR": 8.890512343118186,
        "nR_Kpipi": 1.3686501931786665e-08,
        "r_bkgK": 0.034754054837981975,
        "sigmaL_Kpipi": 19.133710600596434,
        "sigmaR_Kpipi": 39.32384704379869
    },
    "sigmaL;173": 11.00261614569798,
    "sigmaL;173_err": 0.24530048043194486,
    "sigmaR;173": 18.824854099675374,
    "sigmaR;173_err": 0.3058148634569117
}