{
    "fit_ok": true,
    "frac;320": 0.2772536655448791,
    "frac;320_err": 0.01811470374005038,
    "info_fit": "------------------------------------------------------------------\n| FCN = -3.172e+05              |     Ncalls=103 (103 total)     |\n| EDM = 0.000174 (Goal: 0.001)  |            up = 0.5            |\n------------------------------------------------------------------\n|  Valid Min.   | Valid Param.  | Above EDM | Reached call limit |\n------------------------------------------------------------------\n|     True      |     True      |   False   |       False        |\n------------------------------------------------------------------\n| Hesse failed  |   Has cov.    | Accurate  | Pos. def. | Forced |\n------------------------------------------------------------------\n|     False     |     True      |   True    |   True    | False  |\n------------------------------------------------------------------",
    "info_params": "name             value    minuit_hesse    at limit\n----------  ----------  --------------  ----------\nn_sig;320        50670     +/- 2.6e+02       False\u001b[0m\nn_bkg;320         5467     +/- 1.7e+02       False\u001b[0m\nfrac;320        0.2773     +/-   0.018       False\u001b[0m\nmu;320            5279     +/-   0.079       False\u001b[0m\nsigmaL;320        9.64     +/-    0.28       False\u001b[0m\nsigmaR;320       17.11     +/-    0.16       False\u001b[0m\nlambda;320  -0.0005651     +/- 0.00025       False\u001b[0m",
    "lambda;320": -0.0005650654719533688,
    "lambda;320_err": 0.00024889701342602975,
    "mu;320": 5278.850629149878,
    "mu;320_err": 0.07898125917303388,
    "n_bkg;320": 5466.952743118979,
    "n_bkg;320_err": 167.58120880877723,
    "n_sig;320": 50670.26095768797,
    "n_sig;320_err": 262.5846131792115,
    "r_params": {
        "alphaL": 2.032652256499463,
        "alphaL_Kpipi": 0.242676109282997,
        "alphaR": -1.7656247571047547,
        "alphaR_Kpipi": -3.259008866931527,
        "fraction_Kpipi": 0.8878305868665853,
        "muL_Kpipi": 5215.113296879589,
        "muR_Kpipi": 5183.241626821471,
        "nL": 0.4368034417751325,
        "nL_Kpipi": 4.75537338957714,
        "nR": 5.840596424652496,
        "nR_Kpipi": 6.447311176792646e-05,
        "r_bkgK": 0.06307732239546969,
        "sigmaL_Kpipi": 19.172083191381258,
        "sigmaR_Kpipi": 40.58827009530643
    },
    "sigmaL;320": 9.639615006066943,
    "sigmaL;320_err": 0.2803193479796003,
    "sigmaR;320": 17.108648598137457,
    "sigmaR;320_err": 0.1645002181345704
}