{
    "fit_ok": true,
    "frac;315": 0.3527813420546079,
    "frac;315_err": 0.01576789415390541,
    "info_fit": "------------------------------------------------------------------\n| FCN = -3.172e+05              |     Ncalls=105 (105 total)     |\n| EDM = 9.38e-05 (Goal: 0.001)  |            up = 0.5            |\n------------------------------------------------------------------\n|  Valid Min.   | Valid Param.  | Above EDM | Reached call limit |\n------------------------------------------------------------------\n|     True      |     True      |   False   |       False        |\n------------------------------------------------------------------\n| Hesse failed  |   Has cov.    | Accurate  | Pos. def. | Forced |\n------------------------------------------------------------------\n|     False     |     True      |   True    |   True    | False  |\n------------------------------------------------------------------",
    "info_params": "name             value    minuit_hesse    at limit\n----------  ----------  --------------  ----------\nn_sig;315        51990     +/- 2.8e+02       False\u001b[0m\nn_bkg;315         5535     +/- 1.8e+02       False\u001b[0m\nfrac;315        0.3528     +/-   0.016       False\u001b[0m\nmu;315            5279     +/-   0.079       False\u001b[0m\nsigmaL;315       10.25     +/-    0.23       False\u001b[0m\nsigmaR;315       17.59     +/-    0.17       False\u001b[0m\nlambda;315  -0.0007682     +/- 0.00027       False\u001b[0m",
    "lambda;315": -0.0007681547826879076,
    "lambda;315_err": 0.00026813450947333657,
    "mu;315": 5278.892940686857,
    "mu;315_err": 0.07874801671677413,
    "n_bkg;315": 5534.975434096556,
    "n_bkg;315_err": 184.3660945915657,
    "n_sig;315": 51993.94111307847,
    "n_sig;315_err": 279.5665967381726,
    "r_params": {
        "alphaL": 2.0530466176978925,
        "alphaL_Kpipi": 0.23984147888569726,
        "alphaR": -1.8580132645866576,
        "alphaR_Kpipi": -3.45169511727099,
        "fraction_Kpipi": 0.8861855867303668,
        "muL_Kpipi": 5214.656416664541,
        "muR_Kpipi": 5183.074248990296,
        "nL": 0.2600809204292771,
        "nL_Kpipi": 4.413073505098077,
        "nR": 4.089186354127452,
        "nR_Kpipi": 1.3686501931786665e-08,
        "r_bkgK": 0.034754054837981975,
        "sigmaL_Kpipi": 19.133710600596434,
        "sigmaR_Kpipi": 39.32384704379869
    },
    "sigmaL;315": 10.250612091014963,
    "sigmaL;315_err": 0.23207491046215575,
    "sigmaR;315": 17.591181831516234,
    "sigmaR;315_err": 0.16942593264762296
}