{
    "fit_ok": true,
    "frac;1073": 0.3448043090726316,
    "frac;1073_err": 0.01969676225274735,
    "info_fit": "------------------------------------------------------------------\n| FCN = -3.172e+05              |     Ncalls=103 (103 total)     |\n| EDM = 1.37e-05 (Goal: 0.001)  |            up = 0.5            |\n------------------------------------------------------------------\n|  Valid Min.   | Valid Param.  | Above EDM | Reached call limit |\n------------------------------------------------------------------\n|     True      |     True      |   False   |       False        |\n------------------------------------------------------------------\n| Hesse failed  |   Has cov.    | Accurate  | Pos. def. | Forced |\n------------------------------------------------------------------\n|     False     |     True      |   True    |   True    | False  |\n------------------------------------------------------------------",
    "info_params": "name             value    minuit_hesse    at limit\n-----------  ---------  --------------  ----------\nn_sig;1073       50980     +/- 2.7e+02       False\u001b[0m\nn_bkg;1073        5797     +/- 1.8e+02       False\u001b[0m\nfrac;1073       0.3448     +/-    0.02       False\u001b[0m\nmu;1073           5279     +/-   0.079       False\u001b[0m\nsigmaL;1073      10.29     +/-    0.25       False\u001b[0m\nsigmaR;1073      17.56     +/-    0.19       False\u001b[0m\nlambda;1073  -0.001053     +/- 0.00025       False\u001b[0m",
    "lambda;1073": -0.0010529447307947581,
    "lambda;1073_err": 0.00024616241075501525,
    "mu;1073": 5278.859930121667,
    "mu;1073_err": 0.07880860853388622,
    "n_bkg;1073": 5796.809954296298,
    "n_bkg;1073_err": 180.4298213924047,
    "n_sig;1073": 50977.91130975085,
    "n_sig;1073_err": 272.25031591687394,
    "r_params": {
        "alphaL": 2.032652256499463,
        "alphaL_Kpipi": 0.2712064463398451,
        "alphaR": -1.7656247571047547,
        "alphaR_Kpipi": -3.3552864158974023,
        "fraction_Kpipi": 0.8724727616341994,
        "muL_Kpipi": 5214.354787647223,
        "muR_Kpipi": 5185.826139363208,
        "nL": 0.4368034417751325,
        "nL_Kpipi": 4.540647735112226,
        "nR": 5.840596424652496,
        "nR_Kpipi": 0.0003859380344922094,
        "r_bkgK": 0.0502281291968603,
        "sigmaL_Kpipi": 18.984394183991274,
        "sigmaR_Kpipi": 39.18240118952077
    },
    "sigmaL;1073": 10.287622467073248,
    "sigmaL;1073_err": 0.24534044935473445,
    "sigmaR;1073": 17.55714624811178,
    "sigmaR;1073_err": 0.19313810320356353
}