{
    "fit_ok": true,
    "frac;548": 0.5221751964406558,
    "frac;548_err": 0.02234740515003917,
    "info_fit": "------------------------------------------------------------------\n| FCN = -3.172e+05              |     Ncalls=106 (106 total)     |\n| EDM = 6.4e-06 (Goal: 0.001)   |            up = 0.5            |\n------------------------------------------------------------------\n|  Valid Min.   | Valid Param.  | Above EDM | Reached call limit |\n------------------------------------------------------------------\n|     True      |     True      |   False   |       False        |\n------------------------------------------------------------------\n| Hesse failed  |   Has cov.    | Accurate  | Pos. def. | Forced |\n------------------------------------------------------------------\n|     False     |     True      |   True    |   True    | False  |\n------------------------------------------------------------------",
    "info_params": "name            value    minuit_hesse    at limit\n----------  ---------  --------------  ----------\nn_sig;548       51670     +/- 2.9e+02       False\u001b[0m\nn_bkg;548        6672     +/-   2e+02       False\u001b[0m\nfrac;548       0.5222     +/-   0.022       False\u001b[0m\nmu;548           5279     +/-   0.078       False\u001b[0m\nsigmaL;548       11.6     +/-     0.2       False\u001b[0m\nsigmaR;548      18.95     +/-     0.3       False\u001b[0m\nlambda;548  -0.002123     +/- 0.00022       False\u001b[0m",
    "lambda;548": -0.0021227627163518392,
    "lambda;548_err": 0.0002192203556583498,
    "mu;548": 5278.877580908778,
    "mu;548_err": 0.07832059537413333,
    "n_bkg;548": 6672.4090361325225,
    "n_bkg;548_err": 195.6808316813845,
    "n_sig;548": 51668.50961877437,
    "n_sig;548_err": 287.2868739009936,
    "r_params": {
        "alphaL": 2.032652256499463,
        "alphaL_Kpipi": 0.2225406418958937,
        "alphaR": -1.7656247571047547,
        "alphaR_Kpipi": -3.2697515096720706,
        "fraction_Kpipi": 0.8811805362294851,
        "muL_Kpipi": 5214.601193977381,
        "muR_Kpipi": 5181.52846920183,
        "nL": 0.4368034417751325,
        "nL_Kpipi": 4.257485300056852,
        "nR": 5.840596424652496,
        "nR_Kpipi": 9.716523735094628e-05,
        "r_bkgK": 0.01930108437405354,
        "sigmaL_Kpipi": 18.625901105499956,
        "sigmaR_Kpipi": 39.78330139861065
    },
    "sigmaL;548": 11.600742251223508,
    "sigmaL;548_err": 0.19889104651744657,
    "sigmaR;548": 18.954391541619696,
    "sigmaR;548_err": 0.29881100093988255
}