{
    "fit_ok": true,
    "frac;682": 0.4593706494849311,
    "frac;682_err": 0.021534091457828582,
    "info_fit": "------------------------------------------------------------------\n| FCN = -3.172e+05              |     Ncalls=105 (105 total)     |\n| EDM = 1.64e-05 (Goal: 0.001)  |            up = 0.5            |\n------------------------------------------------------------------\n|  Valid Min.   | Valid Param.  | Above EDM | Reached call limit |\n------------------------------------------------------------------\n|     True      |     True      |   False   |       False        |\n------------------------------------------------------------------\n| Hesse failed  |   Has cov.    | Accurate  | Pos. def. | Forced |\n------------------------------------------------------------------\n|     False     |     True      |   True    |   True    | False  |\n------------------------------------------------------------------",
    "info_params": "name            value    minuit_hesse    at limit\n----------  ---------  --------------  ----------\nn_sig;682       51470     +/- 2.8e+02       False\u001b[0m\nn_bkg;682        6281     +/- 1.9e+02       False\u001b[0m\nfrac;682       0.4594     +/-   0.022       False\u001b[0m\nmu;682           5279     +/-   0.078       False\u001b[0m\nsigmaL;682      11.18     +/-    0.21       False\u001b[0m\nsigmaR;682      18.43     +/-    0.25       False\u001b[0m\nlambda;682  -0.001675     +/- 0.00023       False\u001b[0m",
    "lambda;682": -0.0016753138006520563,
    "lambda;682_err": 0.0002332444227705756,
    "mu;682": 5278.873987709078,
    "mu;682_err": 0.07844714359683047,
    "n_bkg;682": 6281.2023709922,
    "n_bkg;682_err": 191.57568912606018,
    "n_sig;682": 51473.324028110124,
    "n_sig;682_err": 282.7494701799293,
    "r_params": {
        "alphaL": 2.032652256499463,
        "alphaL_Kpipi": 0.23962799165660736,
        "alphaR": -1.7656247571047547,
        "alphaR_Kpipi": -3.3446723931052107,
        "fraction_Kpipi": 0.8689766870148725,
        "muL_Kpipi": 5214.504165557456,
        "muR_Kpipi": 5179.404588835394,
        "nL": 0.4368034417751325,
        "nL_Kpipi": 4.492746059076026,
        "nR": 5.840596424652496,
        "nR_Kpipi": 0.00031715252297299457,
        "r_bkgK": 0.03074556820852176,
        "sigmaL_Kpipi": 18.87520901986577,
        "sigmaR_Kpipi": 39.01607063797738
    },
    "sigmaL;682": 11.17649314348121,
    "sigmaL;682_err": 0.212129775157173,
    "sigmaR;682": 18.426226073750403,
    "sigmaR;682_err": 0.2530109209272947
}