{
    "fit_ok": true,
    "frac;10": 0.41714390058476275,
    "frac;10_err": 0.02157518044095264,
    "info_fit": "------------------------------------------------------------------\n| FCN = -3.172e+05              |     Ncalls=104 (104 total)     |\n| EDM = 2.87e-05 (Goal: 0.001)  |            up = 0.5            |\n------------------------------------------------------------------\n|  Valid Min.   | Valid Param.  | Above EDM | Reached call limit |\n------------------------------------------------------------------\n|     True      |     True      |   False   |       False        |\n------------------------------------------------------------------\n| Hesse failed  |   Has cov.    | Accurate  | Pos. def. | Forced |\n------------------------------------------------------------------\n|     False     |     True      |   True    |   True    | False  |\n------------------------------------------------------------------",
    "info_params": "name           value    minuit_hesse    at limit\n---------  ---------  --------------  ----------\nn_sig;10       51270     +/- 2.8e+02       False\u001b[0m\nn_bkg;10        6112     +/- 1.9e+02       False\u001b[0m\nfrac;10       0.4171     +/-   0.022       False\u001b[0m\nmu;10           5279     +/-   0.079       False\u001b[0m\nsigmaL;10      10.87     +/-    0.23       False\u001b[0m\nsigmaR;10      18.06     +/-    0.23       False\u001b[0m\nlambda;10  -0.001464     +/- 0.00024       False\u001b[0m",
    "lambda;10": -0.001463831954635883,
    "lambda;10_err": 0.00024079835941916437,
    "mu;10": 5278.883249374959,
    "mu;10_err": 0.07863866219461259,
    "n_bkg;10": 6112.329790223018,
    "n_bkg;10_err": 190.00203556592092,
    "n_sig;10": 51265.086763666994,
    "n_sig;10_err": 280.2564469286536,
    "r_params": {
        "alphaL": 2.032652256499463,
        "alphaL_Kpipi": 0.2375253440789733,
        "alphaR": -1.7656247571047547,
        "alphaR_Kpipi": -3.3638330874075595,
        "fraction_Kpipi": 0.8892684438584023,
        "muL_Kpipi": 5214.46688697232,
        "muR_Kpipi": 5187.00269098806,
        "nL": 0.4368034417751325,
        "nL_Kpipi": 4.783409133245966,
        "nR": 5.840596424652496,
        "nR_Kpipi": 3.9935537592692804e-05,
        "r_bkgK": 0.038212596834794076,
        "sigmaL_Kpipi": 20.283755965908956,
        "sigmaR_Kpipi": 38.25483873776972
    },
    "sigmaL;10": 10.873576259559266,
    "sigmaL;10_err": 0.23314094300074073,
    "sigmaR;10": 18.05660281145881,
    "sigmaR;10_err": 0.23050630207206446
}