{
    "fit_ok": true,
    "frac;1577": 0.47411280194158545,
    "frac;1577_err": 0.02873092417544224,
    "info_fit": "------------------------------------------------------------------\n| FCN = -3.172e+05              |     Ncalls=105 (105 total)     |\n| EDM = 4.67e-06 (Goal: 0.001)  |            up = 0.5            |\n------------------------------------------------------------------\n|  Valid Min.   | Valid Param.  | Above EDM | Reached call limit |\n------------------------------------------------------------------\n|     True      |     True      |   False   |       False        |\n------------------------------------------------------------------\n| Hesse failed  |   Has cov.    | Accurate  | Pos. def. | Forced |\n------------------------------------------------------------------\n|     False     |     True      |   True    |   True    | False  |\n------------------------------------------------------------------",
    "info_params": "name             value    minuit_hesse    at limit\n-----------  ---------  --------------  ----------\nn_sig;1577       50120     +/- 2.7e+02       False\u001b[0m\nn_bkg;1577        7476     +/- 1.8e+02       False\u001b[0m\nfrac;1577       0.4741     +/-   0.029       False\u001b[0m\nmu;1577           5279     +/-   0.078       False\u001b[0m\nsigmaL;1577      11.17     +/-    0.24       False\u001b[0m\nsigmaR;1577      18.96     +/-    0.32       False\u001b[0m\nlambda;1577  -0.002765     +/- 0.00017       False\u001b[0m",
    "lambda;1577": -0.002764534412055805,
    "lambda;1577_err": 0.00017162007086045676,
    "mu;1577": 5278.869549311202,
    "mu;1577_err": 0.07769287638743329,
    "n_bkg;1577": 7475.675023606344,
    "n_bkg;1577_err": 178.53187713312244,
    "n_sig;1577": 50119.918880582096,
    "n_sig;1577_err": 269.4073702926016,
    "r_params": {
        "alphaL": 2.0701293870817423,
        "alphaL_Kpipi": 0.23984147888569726,
        "alphaR": -1.9621122945372902,
        "alphaR_Kpipi": -3.45169511727099,
        "fraction_Kpipi": 0.8861855867303668,
        "muL_Kpipi": 5214.656416664541,
        "muR_Kpipi": 5183.074248990296,
        "nL": 0.6902949794239496,
        "nL_Kpipi": 4.413073505098077,
        "nR": 9.237541985500528,
        "nR_Kpipi": 1.3686501931786665e-08,
        "r_bkgK": 0.034754054837981975,
        "sigmaL_Kpipi": 19.133710600596434,
        "sigmaR_Kpipi": 39.32384704379869
    },
    "sigmaL;1577": 11.17013476990218,
    "sigmaL;1577_err": 0.24083983959759014,
    "sigmaR;1577": 18.957731345655198,
    "sigmaR;1577_err": 0.3236014005116898
}