{
    "fit_ok": true,
    "frac;980": 0.38809090238651184,
    "frac;980_err": 0.02042632029036907,
    "info_fit": "------------------------------------------------------------------\n| FCN = -3.172e+05              |     Ncalls=106 (106 total)     |\n| EDM = 0.000193 (Goal: 0.001)  |            up = 0.5            |\n------------------------------------------------------------------\n|  Valid Min.   | Valid Param.  | Above EDM | Reached call limit |\n------------------------------------------------------------------\n|     True      |     True      |   False   |       False        |\n------------------------------------------------------------------\n| Hesse failed  |   Has cov.    | Accurate  | Pos. def. | Forced |\n------------------------------------------------------------------\n|     False     |     True      |   True    |   True    | False  |\n------------------------------------------------------------------",
    "info_params": "name            value    minuit_hesse    at limit\n----------  ---------  --------------  ----------\nn_sig;980       51210     +/- 2.8e+02       False\u001b[0m\nn_bkg;980        5969     +/- 1.9e+02       False\u001b[0m\nfrac;980       0.3881     +/-    0.02       False\u001b[0m\nmu;980           5279     +/-   0.079       False\u001b[0m\nsigmaL;980      10.63     +/-    0.23       False\u001b[0m\nsigmaR;980      17.89     +/-    0.21       False\u001b[0m\nlambda;980  -0.001282     +/- 0.00024       False\u001b[0m",
    "lambda;980": -0.0012823642959603199,
    "lambda;980_err": 0.00024240731968607136,
    "mu;980": 5278.85705621972,
    "mu;980_err": 0.07867655183633294,
    "n_bkg;980": 5968.955905749701,
    "n_bkg;980_err": 185.23148991003663,
    "n_sig;980": 51210.603805238934,
    "n_sig;980_err": 276.74243825886543,
    "r_params": {
        "alphaL": 2.032652256499463,
        "alphaL_Kpipi": 0.22699740425551126,
        "alphaR": -1.7656247571047547,
        "alphaR_Kpipi": -3.80027124608381,
        "fraction_Kpipi": 0.9048025849888987,
        "muL_Kpipi": 5215.221577341551,
        "muR_Kpipi": 5186.1469624064175,
        "nL": 0.4368034417751325,
        "nL_Kpipi": 4.29495516293715,
        "nR": 5.840596424652496,
        "nR_Kpipi": 0.00029342710882754146,
        "r_bkgK": 0.042094310734661224,
        "sigmaL_Kpipi": 17.532305164293575,
        "sigmaR_Kpipi": 37.09091972810714
    },
    "sigmaL;980": 10.63413370160768,
    "sigmaL;980_err": 0.23101516819962797,
    "sigmaR;980": 17.894407915383233,
    "sigmaR;980_err": 0.21313767256538027
}