{
    "fit_ok": true,
    "frac;1545": 0.6400292825834853,
    "frac;1545_err": 0.01839530967500435,
    "info_fit": "------------------------------------------------------------------\n| FCN = -3.171e+05              |     Ncalls=103 (103 total)     |\n| EDM = 0.000144 (Goal: 0.001)  |            up = 0.5            |\n------------------------------------------------------------------\n|  Valid Min.   | Valid Param.  | Above EDM | Reached call limit |\n------------------------------------------------------------------\n|     True      |     True      |   False   |       False        |\n------------------------------------------------------------------\n| Hesse failed  |   Has cov.    | Accurate  | Pos. def. | Forced |\n------------------------------------------------------------------\n|     False     |     True      |   True    |   True    | False  |\n------------------------------------------------------------------",
    "info_params": "name             value    minuit_hesse    at limit\n-----------  ---------  --------------  ----------\nn_sig;1545       51880     +/- 2.7e+02       False\u001b[0m\nn_bkg;1545        5652     +/- 1.6e+02       False\u001b[0m\nfrac;1545         0.64     +/-   0.018       False\u001b[0m\nmu;1545           5279     +/-   0.079       False\u001b[0m\nsigmaL;1545      12.62     +/-    0.15       False\u001b[0m\nsigmaR;1545      19.92     +/-     0.4       False\u001b[0m\nlambda;1545  -0.001524     +/- 0.00022       False\u001b[0m",
    "lambda;1545": -0.0015243338541530982,
    "lambda;1545_err": 0.00022111225713990126,
    "mu;1545": 5278.852537520695,
    "mu;1545_err": 0.07852024581643939,
    "n_bkg;1545": 5652.148944511579,
    "n_bkg;1545_err": 163.37207647235013,
    "n_sig;1545": 51882.67195543003,
    "n_sig;1545_err": 266.95416284714673,
    "r_params": {
        "alphaL": 2.0154316880104637,
        "alphaL_Kpipi": 0.23984147888569726,
        "alphaR": -1.5834488411471732,
        "alphaR_Kpipi": -3.45169511727099,
        "fraction_Kpipi": 0.8861855867303668,
        "muL_Kpipi": 5214.656416664541,
        "muR_Kpipi": 5183.074248990296,
        "nL": 0.6384801806062486,
        "nL_Kpipi": 4.413073505098077,
        "nR": 3.070495329102853,
        "nR_Kpipi": 1.3686501931786665e-08,
        "r_bkgK": 0.034754054837981975,
        "sigmaL_Kpipi": 19.133710600596434,
        "sigmaR_Kpipi": 39.32384704379869
    },
    "sigmaL;1545": 12.618605702473198,
    "sigmaL;1545_err": 0.15390374757358305,
    "sigmaR;1545": 19.920909698874915,
    "sigmaR;1545_err": 0.39544917503037486
}