{
    "fit_ok": true,
    "frac;1319": 0.31734966045755414,
    "frac;1319_err": 0.019441057400534558,
    "info_fit": "------------------------------------------------------------------\n| FCN = -3.172e+05              |     Ncalls=103 (103 total)     |\n| EDM = 6.41e-05 (Goal: 0.001)  |            up = 0.5            |\n------------------------------------------------------------------\n|  Valid Min.   | Valid Param.  | Above EDM | Reached call limit |\n------------------------------------------------------------------\n|     True      |     True      |   False   |       False        |\n------------------------------------------------------------------\n| Hesse failed  |   Has cov.    | Accurate  | Pos. def. | Forced |\n------------------------------------------------------------------\n|     False     |     True      |   True    |   True    | False  |\n------------------------------------------------------------------",
    "info_params": "name              value    minuit_hesse    at limit\n-----------  ----------  --------------  ----------\nn_sig;1319        50810     +/- 2.7e+02       False\u001b[0m\nn_bkg;1319         5729     +/- 1.8e+02       False\u001b[0m\nfrac;1319        0.3173     +/-   0.019       False\u001b[0m\nmu;1319            5279     +/-   0.079       False\u001b[0m\nsigmaL;1319       10.06     +/-    0.26       False\u001b[0m\nsigmaR;1319       17.32     +/-    0.18       False\u001b[0m\nlambda;1319  -0.0009418     +/- 0.00025       False\u001b[0m",
    "lambda;1319": -0.0009417641897650347,
    "lambda;1319_err": 0.000247486968220809,
    "mu;1319": 5278.86977289921,
    "mu;1319_err": 0.07885316014257839,
    "n_bkg;1319": 5728.885304429472,
    "n_bkg;1319_err": 178.08063996831595,
    "n_sig;1319": 50806.85699401237,
    "n_sig;1319_err": 269.8134536813666,
    "r_params": {
        "alphaL": 2.032652256499463,
        "alphaL_Kpipi": 0.2484664152023102,
        "alphaR": -1.7656247571047547,
        "alphaR_Kpipi": -3.7821731250962016,
        "fraction_Kpipi": 0.8890851851894112,
        "muL_Kpipi": 5215.994530426722,
        "muR_Kpipi": 5182.929421803293,
        "nL": 0.4368034417751325,
        "nL_Kpipi": 4.41009319416173,
        "nR": 5.840596424652496,
        "nR_Kpipi": 0.00016357890396393764,
        "r_bkgK": 0.055092241633859715,
        "sigmaL_Kpipi": 19.299849931629282,
        "sigmaR_Kpipi": 40.651407768316595
    },
    "sigmaL;1319": 10.060583844119627,
    "sigmaL;1319_err": 0.2609625419842622,
    "sigmaR;1319": 17.321101649467966,
    "sigmaR;1319_err": 0.182245341601985
}