{
    "fit_ok": true,
    "frac;1116": 0.4141841831539807,
    "frac;1116_err": 0.021733000596140375,
    "info_fit": "------------------------------------------------------------------\n| FCN = -3.172e+05              |     Ncalls=103 (103 total)     |\n| EDM = 4.21e-05 (Goal: 0.001)  |            up = 0.5            |\n------------------------------------------------------------------\n|  Valid Min.   | Valid Param.  | Above EDM | Reached call limit |\n------------------------------------------------------------------\n|     True      |     True      |   False   |       False        |\n------------------------------------------------------------------\n| Hesse failed  |   Has cov.    | Accurate  | Pos. def. | Forced |\n------------------------------------------------------------------\n|     False     |     True      |   True    |   True    | False  |\n------------------------------------------------------------------",
    "info_params": "name             value    minuit_hesse    at limit\n-----------  ---------  --------------  ----------\nn_sig;1116       51250     +/- 2.8e+02       False\u001b[0m\nn_bkg;1116        6148     +/- 1.9e+02       False\u001b[0m\nfrac;1116       0.4142     +/-   0.022       False\u001b[0m\nmu;1116           5279     +/-   0.079       False\u001b[0m\nsigmaL;1116      10.85     +/-    0.24       False\u001b[0m\nsigmaR;1116      18.04     +/-    0.23       False\u001b[0m\nlambda;1116  -0.001511     +/- 0.00024       False\u001b[0m",
    "lambda;1116": -0.001510711605623341,
    "lambda;1116_err": 0.00023971134847320123,
    "mu;1116": 5278.874452219363,
    "mu;1116_err": 0.07868864527370059,
    "n_bkg;1116": 6147.786980888009,
    "n_bkg;1116_err": 190.53398516546625,
    "n_sig;1116": 51251.17410235747,
    "n_sig;1116_err": 280.5941436569938,
    "r_params": {
        "alphaL": 2.032652256499463,
        "alphaL_Kpipi": 0.2705752948434997,
        "alphaR": -1.7656247571047547,
        "alphaR_Kpipi": -3.584260880778598,
        "fraction_Kpipi": 0.8899126844759072,
        "muL_Kpipi": 5214.071457023601,
        "muR_Kpipi": 5185.211337616461,
        "nL": 0.4368034417751325,
        "nL_Kpipi": 4.317026997693421,
        "nR": 5.840596424652496,
        "nR_Kpipi": 0.0004301145798685816,
        "r_bkgK": 0.037806307549405144,
        "sigmaL_Kpipi": 19.393897507538654,
        "sigmaR_Kpipi": 40.45761716300121
    },
    "sigmaL;1116": 10.851529662176143,
    "sigmaL;1116_err": 0.23649900854092956,
    "sigmaR;1116": 18.03776127288682,
    "sigmaR;1116_err": 0.22943427189308555
}