{
    "fit_ok": true,
    "frac;1222": 0.22525066836605526,
    "frac;1222_err": 0.015837493968358977,
    "info_fit": "------------------------------------------------------------------\n| FCN = -3.171e+05              |     Ncalls=106 (106 total)     |\n| EDM = 0.000926 (Goal: 0.001)  |            up = 0.5            |\n------------------------------------------------------------------\n|  Valid Min.   | Valid Param.  | Above EDM | Reached call limit |\n------------------------------------------------------------------\n|     True      |     True      |   False   |       False        |\n------------------------------------------------------------------\n| Hesse failed  |   Has cov.    | Accurate  | Pos. def. | Forced |\n------------------------------------------------------------------\n|     False     |     True      |   True    |   True    | False  |\n------------------------------------------------------------------",
    "info_params": "name              value    minuit_hesse    at limit\n-----------  ----------  --------------  ----------\nn_sig;1222        50410     +/- 2.5e+02       False\u001b[0m\nn_bkg;1222         5236     +/- 1.5e+02       False\u001b[0m\nfrac;1222        0.2253     +/-   0.016       False\u001b[0m\nmu;1222            5279     +/-   0.079       False\u001b[0m\nsigmaL;1222       9.056     +/-    0.29       False\u001b[0m\nsigmaR;1222       16.79     +/-    0.14       False\u001b[0m\nlambda;1222  -0.0001891     +/- 0.00023       False\u001b[0m",
    "lambda;1222": -0.00018912030811996106,
    "lambda;1222_err": 0.00023325581357325128,
    "mu;1222": 5278.823340650658,
    "mu;1222_err": 0.07907799283586871,
    "n_bkg;1222": 5236.149546849279,
    "n_bkg;1222_err": 147.8226569743884,
    "n_sig;1222": 50414.79159773166,
    "n_sig;1222_err": 250.2966476170636,
    "r_params": {
        "alphaL": 2.032652256499463,
        "alphaL_Kpipi": 0.2442135328925686,
        "alphaR": -1.7656247571047547,
        "alphaR_Kpipi": -3.2568468613436736,
        "fraction_Kpipi": 0.8990131561273322,
        "muL_Kpipi": 5215.310223333165,
        "muR_Kpipi": 5183.3253041900525,
        "nL": 0.4368034417751325,
        "nL_Kpipi": 4.388897361014071,
        "nR": 5.840596424652496,
        "nR_Kpipi": 5.7349555894814734e-05,
        "r_bkgK": 0.07298105158930485,
        "sigmaL_Kpipi": 18.478150179159,
        "sigmaR_Kpipi": 39.32354073560811
    },
    "sigmaL;1222": 9.055958293208914,
    "sigmaL;1222_err": 0.2941005636541844,
    "sigmaR;1222": 16.793351916731346,
    "sigmaR;1222_err": 0.14112454474919606
}