{
    "fit_ok": true,
    "frac;1089": 0.26145793901055536,
    "frac;1089_err": 0.016209888912071375,
    "info_fit": "------------------------------------------------------------------\n| FCN = -3.172e+05              |     Ncalls=118 (118 total)     |\n| EDM = 0.000517 (Goal: 0.001)  |            up = 0.5            |\n------------------------------------------------------------------\n|  Valid Min.   | Valid Param.  | Above EDM | Reached call limit |\n------------------------------------------------------------------\n|     True      |     True      |   False   |       False        |\n------------------------------------------------------------------\n| Hesse failed  |   Has cov.    | Accurate  | Pos. def. | Forced |\n------------------------------------------------------------------\n|     False     |     True      |   True    |   True    | False  |\n------------------------------------------------------------------",
    "info_params": "name              value    minuit_hesse    at limit\n-----------  ----------  --------------  ----------\nn_sig;1089        50690     +/- 2.5e+02       False\u001b[0m\nn_bkg;1089         5228     +/- 1.5e+02       False\u001b[0m\nfrac;1089        0.2615     +/-   0.016       False\u001b[0m\nmu;1089            5279     +/-   0.079       False\u001b[0m\nsigmaL;1089       9.445     +/-    0.27       False\u001b[0m\nsigmaR;1089       17.09     +/-    0.15       False\u001b[0m\nlambda;1089  -0.0001823     +/- 0.00023       False\u001b[0m",
    "lambda;1089": -0.00018228415558517452,
    "lambda;1089_err": 0.00023276145475034787,
    "mu;1089": 5278.825048340977,
    "mu;1089_err": 0.07898530393793922,
    "n_bkg;1089": 5227.621690494763,
    "n_bkg;1089_err": 147.58862759332803,
    "n_sig;1089": 50685.46101957071,
    "n_sig;1089_err": 251.49214690853526,
    "r_params": {
        "alphaL": 2.032652256499463,
        "alphaL_Kpipi": 0.21598042220568053,
        "alphaR": -1.7656247571047547,
        "alphaR_Kpipi": -3.3074105785081853,
        "fraction_Kpipi": 0.8660969949921841,
        "muL_Kpipi": 5214.457206285852,
        "muR_Kpipi": 5181.4694510678,
        "nL": 0.4368034417751325,
        "nL_Kpipi": 4.64915751289004,
        "nR": 5.840596424652496,
        "nR_Kpipi": 3.326594069224191e-05,
        "r_bkgK": 0.0674289784158953,
        "sigmaL_Kpipi": 18.282696123239205,
        "sigmaR_Kpipi": 42.97192023246355
    },
    "sigmaL;1089": 9.444604454271555,
    "sigmaL;1089_err": 0.27369396320283035,
    "sigmaR;1089": 17.093570349530108,
    "sigmaR;1089_err": 0.14914756445123556
}