{
    "fit_ok": true,
    "frac;1040": 0.4587571204967219,
    "frac;1040_err": 0.01818941197450068,
    "info_fit": "------------------------------------------------------------------\n| FCN = -3.172e+05              |     Ncalls=106 (106 total)     |\n| EDM = 0.000702 (Goal: 0.001)  |            up = 0.5            |\n------------------------------------------------------------------\n|  Valid Min.   | Valid Param.  | Above EDM | Reached call limit |\n------------------------------------------------------------------\n|     True      |     True      |   False   |       False        |\n------------------------------------------------------------------\n| Hesse failed  |   Has cov.    | Accurate  | Pos. def. | Forced |\n------------------------------------------------------------------\n|     False     |     True      |   True    |   True    | False  |\n------------------------------------------------------------------",
    "info_params": "name              value    minuit_hesse    at limit\n-----------  ----------  --------------  ----------\nn_sig;1040        52000     +/- 2.8e+02       False\u001b[0m\nn_bkg;1040         5526     +/- 1.8e+02       False\u001b[0m\nfrac;1040        0.4588     +/-   0.018       False\u001b[0m\nmu;1040            5279     +/-   0.079       False\u001b[0m\nsigmaL;1040       11.31     +/-     0.2       False\u001b[0m\nsigmaR;1040       18.12     +/-    0.22       False\u001b[0m\nlambda;1040  -0.0009425     +/- 0.00026       False\u001b[0m",
    "lambda;1040": -0.0009425003320307629,
    "lambda;1040_err": 0.0002604037486357241,
    "mu;1040": 5278.89227263517,
    "mu;1040_err": 0.0791307569679444,
    "n_bkg;1040": 5526.410793281315,
    "n_bkg;1040_err": 180.4700581325382,
    "n_sig;1040": 52003.111423722774,
    "n_sig;1040_err": 277.3274421918445,
    "r_params": {
        "alphaL": 1.9582327204214296,
        "alphaL_Kpipi": 0.23984147888569726,
        "alphaR": -1.6990343152173992,
        "alphaR_Kpipi": -3.45169511727099,
        "fraction_Kpipi": 0.8861855867303668,
        "muL_Kpipi": 5214.656416664541,
        "muR_Kpipi": 5183.074248990296,
        "nL": 0.4608825864947492,
        "nL_Kpipi": 4.413073505098077,
        "nR": 4.152928346431736,
        "nR_Kpipi": 1.3686501931786665e-08,
        "r_bkgK": 0.034754054837981975,
        "sigmaL_Kpipi": 19.133710600596434,
        "sigmaR_Kpipi": 39.32384704379869
    },
    "sigmaL;1040": 11.313273308102751,
    "sigmaL;1040_err": 0.20451070845018507,
    "sigmaR;1040": 18.120561223480728,
    "sigmaR;1040_err": 0.22408557680131205
}