{
    "fit_ok": true,
    "frac;1290": 0.3788160874096208,
    "frac;1290_err": 0.020040173349159834,
    "info_fit": "------------------------------------------------------------------\n| FCN = -3.172e+05              |     Ncalls=106 (106 total)     |\n| EDM = 8.24e-06 (Goal: 0.001)  |            up = 0.5            |\n------------------------------------------------------------------\n|  Valid Min.   | Valid Param.  | Above EDM | Reached call limit |\n------------------------------------------------------------------\n|     True      |     True      |   False   |       False        |\n------------------------------------------------------------------\n| Hesse failed  |   Has cov.    | Accurate  | Pos. def. | Forced |\n------------------------------------------------------------------\n|     False     |     True      |   True    |   True    | False  |\n------------------------------------------------------------------",
    "info_params": "name             value    minuit_hesse    at limit\n-----------  ---------  --------------  ----------\nn_sig;1290       51150     +/- 2.8e+02       False\u001b[0m\nn_bkg;1290        5891     +/- 1.8e+02       False\u001b[0m\nfrac;1290       0.3788     +/-    0.02       False\u001b[0m\nmu;1290           5279     +/-   0.079       False\u001b[0m\nsigmaL;1290      10.57     +/-    0.23       False\u001b[0m\nsigmaR;1290       17.8     +/-    0.21       False\u001b[0m\nlambda;1290  -0.001182     +/- 0.00024       False\u001b[0m",
    "lambda;1290": -0.0011816308535380904,
    "lambda;1290_err": 0.0002442518657275881,
    "mu;1290": 5278.872335106091,
    "mu;1290_err": 0.07863573962705965,
    "n_bkg;1290": 5891.353076056279,
    "n_bkg;1290_err": 183.4527278436557,
    "n_sig;1290": 51148.04725954735,
    "n_sig;1290_err": 275.16566527073877,
    "r_params": {
        "alphaL": 2.032652256499463,
        "alphaL_Kpipi": 0.2222774220244646,
        "alphaR": -1.7656247571047547,
        "alphaR_Kpipi": -3.072553419846943,
        "fraction_Kpipi": 0.9216867051308836,
        "muL_Kpipi": 5214.73663801332,
        "muR_Kpipi": 5181.826039047205,
        "nL": 0.4368034417751325,
        "nL_Kpipi": 4.041463533802236,
        "nR": 5.840596424652496,
        "nR_Kpipi": 0.00022371602432831537,
        "r_bkgK": 0.04489634138465069,
        "sigmaL_Kpipi": 19.58154484116907,
        "sigmaR_Kpipi": 39.13583890697373
    },
    "sigmaL;1290": 10.56525349228602,
    "sigmaL;1290_err": 0.22926579601229236,
    "sigmaR;1290": 17.801175970044554,
    "sigmaR;1290_err": 0.20804875041283105
}