{
    "fit_ok": true,
    "frac;187": 0.6700307435976429,
    "frac;187_err": 0.012785989448599456,
    "info_fit": "------------------------------------------------------------------\n| FCN = -3.171e+05              |     Ncalls=111 (111 total)     |\n| EDM = 0.000485 (Goal: 0.001)  |            up = 0.5            |\n------------------------------------------------------------------\n|  Valid Min.   | Valid Param.  | Above EDM | Reached call limit |\n------------------------------------------------------------------\n|     True      |     True      |   False   |       False        |\n------------------------------------------------------------------\n| Hesse failed  |   Has cov.    | Accurate  | Pos. def. | Forced |\n------------------------------------------------------------------\n|     False     |     True      |   True    |   True    | False  |\n------------------------------------------------------------------",
    "info_params": "name             value    minuit_hesse    at limit\n----------  ----------  --------------  ----------\nn_sig;187        53550     +/- 2.5e+02       False\u001b[0m\nn_bkg;187         3926     +/- 1.2e+02       False\u001b[0m\nfrac;187          0.67     +/-   0.013       False\u001b[0m\nmu;187            5279     +/-   0.078       False\u001b[0m\nsigmaL;187       12.83     +/-    0.13       False\u001b[0m\nsigmaR;187       20.96     +/-    0.36       False\u001b[0m\nlambda;187  -5.387e-05     +/- 0.00023       False\u001b[0m",
    "lambda;187": -5.387026117699423e-05,
    "lambda;187_err": 0.00022750451620503497,
    "mu;187": 5278.866818246241,
    "mu;187_err": 0.07805008616044282,
    "n_bkg;187": 3926.077246137823,
    "n_bkg;187_err": 124.95761981542512,
    "n_sig;187": 53548.9751259322,
    "n_sig;187_err": 253.1433601715686,
    "r_params": {
        "alphaL": 2.0656879812827484,
        "alphaL_Kpipi": 0.23984147888569726,
        "alphaR": -1.6176057096249017,
        "alphaR_Kpipi": -3.45169511727099,
        "fraction_Kpipi": 0.8861855867303668,
        "muL_Kpipi": 5214.656416664541,
        "muR_Kpipi": 5183.074248990296,
        "nL": 0.46882838892488443,
        "nL_Kpipi": 4.413073505098077,
        "nR": 1.673340777683702,
        "nR_Kpipi": 1.3686501931786665e-08,
        "r_bkgK": 0.034754054837981975,
        "sigmaL_Kpipi": 19.133710600596434,
        "sigmaR_Kpipi": 39.32384704379869
    },
    "sigmaL;187": 12.833721145077885,
    "sigmaL;187_err": 0.13425827026226925,
    "sigmaR;187": 20.96431022102481,
    "sigmaR;187_err": 0.3624187463005284
}