{
    "fit_ok": true,
    "frac;517": 0.3464331434453591,
    "frac;517_err": 0.019452936523422875,
    "info_fit": "------------------------------------------------------------------\n| FCN = -3.172e+05              |     Ncalls=103 (103 total)     |\n| EDM = 6.1e-05 (Goal: 0.001)   |            up = 0.5            |\n------------------------------------------------------------------\n|  Valid Min.   | Valid Param.  | Above EDM | Reached call limit |\n------------------------------------------------------------------\n|     True      |     True      |   False   |       False        |\n------------------------------------------------------------------\n| Hesse failed  |   Has cov.    | Accurate  | Pos. def. | Forced |\n------------------------------------------------------------------\n|     False     |     True      |   True    |   True    | False  |\n------------------------------------------------------------------",
    "info_params": "name             value    minuit_hesse    at limit\n----------  ----------  --------------  ----------\nn_sig;517        51020     +/- 2.7e+02       False\u001b[0m\nn_bkg;517         5732     +/- 1.8e+02       False\u001b[0m\nfrac;517        0.3464     +/-   0.019       False\u001b[0m\nmu;517            5279     +/-   0.079       False\u001b[0m\nsigmaL;517       10.29     +/-    0.24       False\u001b[0m\nsigmaR;517       17.59     +/-    0.19       False\u001b[0m\nlambda;517  -0.0009575     +/- 0.00025       False\u001b[0m",
    "lambda;517": -0.0009574548284511791,
    "lambda;517_err": 0.00024776396005480873,
    "mu;517": 5278.860038178395,
    "mu;517_err": 0.07880479925389292,
    "n_bkg;517": 5731.817003794707,
    "n_bkg;517_err": 178.72461015229166,
    "n_sig;517": 51017.47212510203,
    "n_sig;517_err": 271.3220664893251,
    "r_params": {
        "alphaL": 2.032652256499463,
        "alphaL_Kpipi": 0.25386487427885945,
        "alphaR": -1.7656247571047547,
        "alphaR_Kpipi": -3.3705344230544765,
        "fraction_Kpipi": 0.8918842541735547,
        "muL_Kpipi": 5213.964467944905,
        "muR_Kpipi": 5180.640586761351,
        "nL": 0.4368034417751325,
        "nL_Kpipi": 4.4044956701953,
        "nR": 5.840596424652496,
        "nR_Kpipi": 2.619899110283176e-05,
        "r_bkgK": 0.05068542485212932,
        "sigmaL_Kpipi": 19.296804358924334,
        "sigmaR_Kpipi": 42.764946256216994
    },
    "sigmaL;517": 10.29315158498369,
    "sigmaL;517_err": 0.24267283895622893,
    "sigmaR;517": 17.592134669954262,
    "sigmaR;517_err": 0.19285280847937208
}