{
    "fit_ok": true,
    "frac;551": 0.34890718333661325,
    "frac;551_err": 0.016806629263633042,
    "info_fit": "------------------------------------------------------------------\n| FCN = -3.172e+05              |     Ncalls=104 (104 total)     |\n| EDM = 8.65e-06 (Goal: 0.001)  |            up = 0.5            |\n------------------------------------------------------------------\n|  Valid Min.   | Valid Param.  | Above EDM | Reached call limit |\n------------------------------------------------------------------\n|     True      |     True      |   False   |       False        |\n------------------------------------------------------------------\n| Hesse failed  |   Has cov.    | Accurate  | Pos. def. | Forced |\n------------------------------------------------------------------\n|     False     |     True      |   True    |   True    | False  |\n------------------------------------------------------------------",
    "info_params": "name            value    minuit_hesse    at limit\n----------  ---------  --------------  ----------\nn_sig;551       51220     +/- 2.8e+02       False\u001b[0m\nn_bkg;551        6335     +/- 1.9e+02       False\u001b[0m\nfrac;551       0.3489     +/-   0.017       False\u001b[0m\nmu;551           5279     +/-    0.08       False\u001b[0m\nsigmaL;551      10.32     +/-    0.24       False\u001b[0m\nsigmaR;551      17.09     +/-    0.16       False\u001b[0m\nlambda;551  -0.001634     +/- 0.00023       False\u001b[0m",
    "lambda;551": -0.0016340644217613387,
    "lambda;551_err": 0.00023105036202028957,
    "mu;551": 5278.992969585586,
    "mu;551_err": 0.0804972766277548,
    "n_bkg;551": 6335.431721711749,
    "n_bkg;551_err": 189.88244932021826,
    "n_sig;551": 51220.244935011026,
    "n_sig;551_err": 280.3352066739421,
    "r_params": {
        "alphaL": 1.7435859588068257,
        "alphaL_Kpipi": 0.23984147888569726,
        "alphaR": -1.711171529487306,
        "alphaR_Kpipi": -3.45169511727099,
        "fraction_Kpipi": 0.8861855867303668,
        "muL_Kpipi": 5214.656416664541,
        "muR_Kpipi": 5183.074248990296,
        "nL": 0.5867276448856253,
        "nL_Kpipi": 4.413073505098077,
        "nR": 8.231752905219746,
        "nR_Kpipi": 1.3686501931786665e-08,
        "r_bkgK": 0.034754054837981975,
        "sigmaL_Kpipi": 19.133710600596434,
        "sigmaR_Kpipi": 39.32384704379869
    },
    "sigmaL;551": 10.317975420956616,
    "sigmaL;551_err": 0.24217229030019802,
    "sigmaR;551": 17.091353394229635,
    "sigmaR;551_err": 0.16113996874874287
}