{
    "fit_ok": true,
    "frac;1416": 0.36207709570589236,
    "frac;1416_err": 0.018430407947394884,
    "info_fit": "------------------------------------------------------------------\n| FCN = -3.172e+05              |     Ncalls=103 (103 total)     |\n| EDM = 0.000384 (Goal: 0.001)  |            up = 0.5            |\n------------------------------------------------------------------\n|  Valid Min.   | Valid Param.  | Above EDM | Reached call limit |\n------------------------------------------------------------------\n|     True      |     True      |   False   |       False        |\n------------------------------------------------------------------\n| Hesse failed  |   Has cov.    | Accurate  | Pos. def. | Forced |\n------------------------------------------------------------------\n|     False     |     True      |   True    |   True    | False  |\n------------------------------------------------------------------",
    "info_params": "name             value    minuit_hesse    at limit\n-----------  ---------  --------------  ----------\nn_sig;1416       51410     +/- 2.8e+02       False\u001b[0m\nn_bkg;1416        6144     +/- 1.9e+02       False\u001b[0m\nfrac;1416       0.3621     +/-   0.018       False\u001b[0m\nmu;1416           5279     +/-   0.079       False\u001b[0m\nsigmaL;1416      10.36     +/-    0.24       False\u001b[0m\nsigmaR;1416      17.59     +/-    0.19       False\u001b[0m\nlambda;1416  -0.001369     +/- 0.00025       False\u001b[0m",
    "lambda;1416": -0.0013694589074711438,
    "lambda;1416_err": 0.0002465179457420037,
    "mu;1416": 5278.895730080759,
    "mu;1416_err": 0.07895984421842467,
    "n_bkg;1416": 6143.978758838615,
    "n_bkg;1416_err": 194.42645764877318,
    "n_sig;1416": 51405.3509158465,
    "n_sig;1416_err": 283.85136576251824,
    "r_params": {
        "alphaL": 2.005219217176319,
        "alphaL_Kpipi": 0.23984147888569726,
        "alphaR": -1.7699669508690317,
        "alphaR_Kpipi": -3.45169511727099,
        "fraction_Kpipi": 0.8861855867303668,
        "muL_Kpipi": 5214.656416664541,
        "muR_Kpipi": 5183.074248990296,
        "nL": 0.3530062630148424,
        "nL_Kpipi": 4.413073505098077,
        "nR": 8.103572080418605,
        "nR_Kpipi": 1.3686501931786665e-08,
        "r_bkgK": 0.034754054837981975,
        "sigmaL_Kpipi": 19.133710600596434,
        "sigmaR_Kpipi": 39.32384704379869
    },
    "sigmaL;1416": 10.362114545216125,
    "sigmaL;1416_err": 0.23846879457057932,
    "sigmaR;1416": 17.587708135159936,
    "sigmaR;1416_err": 0.1867037808764361
}