{
    "fit_ok": true,
    "frac;456": 0.548961580371341,
    "frac;456_err": 0.02286558572231134,
    "info_fit": "------------------------------------------------------------------\n| FCN = -3.172e+05              |     Ncalls=101 (101 total)     |\n| EDM = 0.000148 (Goal: 0.001)  |            up = 0.5            |\n------------------------------------------------------------------\n|  Valid Min.   | Valid Param.  | Above EDM | Reached call limit |\n------------------------------------------------------------------\n|     True      |     True      |   False   |       False        |\n------------------------------------------------------------------\n| Hesse failed  |   Has cov.    | Accurate  | Pos. def. | Forced |\n------------------------------------------------------------------\n|     False     |     True      |   True    |   True    | False  |\n------------------------------------------------------------------",
    "info_params": "name            value    minuit_hesse    at limit\n----------  ---------  --------------  ----------\nn_sig;456       51720     +/- 2.9e+02       False\u001b[0m\nn_bkg;456        6873     +/-   2e+02       False\u001b[0m\nfrac;456        0.549     +/-   0.023       False\u001b[0m\nmu;456           5279     +/-   0.078       False\u001b[0m\nsigmaL;456      11.78     +/-     0.2       False\u001b[0m\nsigmaR;456      19.19     +/-    0.32       False\u001b[0m\nlambda;456  -0.002335     +/- 0.00021       False\u001b[0m",
    "lambda;456": -0.002335171597977609,
    "lambda;456_err": 0.00021252526645864096,
    "mu;456": 5278.880188919294,
    "mu;456_err": 0.0783139650112467,
    "n_bkg;456": 6873.358119139251,
    "n_bkg;456_err": 197.22732257461846,
    "n_sig;456": 51724.91789011058,
    "n_sig;456_err": 289.02999468846883,
    "r_params": {
        "alphaL": 2.032652256499463,
        "alphaL_Kpipi": 0.24331069937903196,
        "alphaR": -1.7656247571047547,
        "alphaR_Kpipi": -3.43084453899573,
        "fraction_Kpipi": 0.8558717730019042,
        "muL_Kpipi": 5214.318555238366,
        "muR_Kpipi": 5185.360631866344,
        "nL": 0.4368034417751325,
        "nL_Kpipi": 4.565666932178803,
        "nR": 5.840596424652496,
        "nR_Kpipi": 0.0002303291522917698,
        "r_bkgK": 0.01429723161814379,
        "sigmaL_Kpipi": 19.19151637614683,
        "sigmaR_Kpipi": 40.42485859319018
    },
    "sigmaL;456": 11.775739176729815,
    "sigmaL;456_err": 0.19739910865752858,
    "sigmaR;456": 19.187936218540862,
    "sigmaR;456_err": 0.32291648586653804
}