{
    "fit_ok": true,
    "frac;994": 0.39069688472426195,
    "frac;994_err": 0.01912261620292493,
    "info_fit": "------------------------------------------------------------------\n| FCN = -3.172e+05              |     Ncalls=105 (105 total)     |\n| EDM = 3.12e-05 (Goal: 0.001)  |            up = 0.5            |\n------------------------------------------------------------------\n|  Valid Min.   | Valid Param.  | Above EDM | Reached call limit |\n------------------------------------------------------------------\n|     True      |     True      |   False   |       False        |\n------------------------------------------------------------------\n| Hesse failed  |   Has cov.    | Accurate  | Pos. def. | Forced |\n------------------------------------------------------------------\n|     False     |     True      |   True    |   True    | False  |\n------------------------------------------------------------------",
    "info_params": "name            value    minuit_hesse    at limit\n----------  ---------  --------------  ----------\nn_sig;994       51420     +/- 2.8e+02       False\u001b[0m\nn_bkg;994        6133     +/- 1.9e+02       False\u001b[0m\nfrac;994       0.3907     +/-   0.019       False\u001b[0m\nmu;994           5279     +/-   0.079       False\u001b[0m\nsigmaL;994      10.67     +/-    0.22       False\u001b[0m\nsigmaR;994      17.74     +/-     0.2       False\u001b[0m\nlambda;994  -0.001382     +/- 0.00024       False\u001b[0m",
    "lambda;994": -0.00138178659349103,
    "lambda;994_err": 0.0002436790976990931,
    "mu;994": 5278.87123958029,
    "mu;994_err": 0.07883236447871596,
    "n_bkg;994": 6132.966505107387,
    "n_bkg;994_err": 192.26080335781725,
    "n_sig;994": 51415.783643895316,
    "n_sig;994_err": 282.5218413617247,
    "r_params": {
        "alphaL": 2.014512744822545,
        "alphaL_Kpipi": 0.23984147888569726,
        "alphaR": -1.6844574221751385,
        "alphaR_Kpipi": -3.45169511727099,
        "fraction_Kpipi": 0.8861855867303668,
        "muL_Kpipi": 5214.656416664541,
        "muR_Kpipi": 5183.074248990296,
        "nL": 0.3787440948273689,
        "nL_Kpipi": 4.413073505098077,
        "nR": 9.798325866502546,
        "nR_Kpipi": 1.3686501931786665e-08,
        "r_bkgK": 0.034754054837981975,
        "sigmaL_Kpipi": 19.133710600596434,
        "sigmaR_Kpipi": 39.32384704379869
    },
    "sigmaL;994": 10.665224068140812,
    "sigmaL;994_err": 0.2238451961838486,
    "sigmaR;994": 17.739696732456267,
    "sigmaR;994_err": 0.20133979941977748
}