{
    "fit_ok": true,
    "frac;1140": 0.647290289809203,
    "frac;1140_err": 0.009564066155046479,
    "info_fit": "------------------------------------------------------------------\n| FCN = -3.171e+05              |     Ncalls=102 (102 total)     |\n| EDM = 4.6e-07 (Goal: 0.001)   |            up = 0.5            |\n------------------------------------------------------------------\n|  Valid Min.   | Valid Param.  | Above EDM | Reached call limit |\n------------------------------------------------------------------\n|     True      |     True      |   False   |       False        |\n------------------------------------------------------------------\n| Hesse failed  |   Has cov.    | Accurate  | Pos. def. | Forced |\n------------------------------------------------------------------\n|     False     |     True      |   True    |   True    | False  |\n------------------------------------------------------------------",
    "info_params": "name              value    minuit_hesse    at limit\n-----------  ----------  --------------  ----------\nn_sig;1140        55880     +/- 2.7e+02       False\u001b[0m\nn_bkg;1140         1508     +/- 1.4e+02       False\u001b[0m\nfrac;1140        0.6473     +/-  0.0096       False\u001b[0m\nmu;1140            5279     +/-    0.08       False\u001b[0m\nsigmaL;1140       13.16     +/-    0.14       False\u001b[0m\nsigmaR;1140       19.67     +/-    0.31       False\u001b[0m\nlambda;1140  -1.001e-10     +/- 4.3e-09       False\u001b[0m",
    "lambda;1140": -1.0010056672449252e-10,
    "lambda;1140_err": 4.334032479059501e-09,
    "mu;1140": 5278.84984114945,
    "mu;1140_err": 0.07953987236865039,
    "n_bkg;1140": 1507.912049011297,
    "n_bkg;1140_err": 136.24642154541115,
    "n_sig;1140": 55875.58394249214,
    "n_sig;1140_err": 267.3573360812153,
    "r_params": {
        "alphaL": 2.0409609517008245,
        "alphaL_Kpipi": 0.23984147888569726,
        "alphaR": -1.5326121685463348,
        "alphaR_Kpipi": -3.45169511727099,
        "fraction_Kpipi": 0.8861855867303668,
        "muL_Kpipi": 5214.656416664541,
        "muR_Kpipi": 5183.074248990296,
        "nL": 0.33345544026555746,
        "nL_Kpipi": 4.413073505098077,
        "nR": 1.0051452107188155,
        "nR_Kpipi": 1.3686501931786665e-08,
        "r_bkgK": 0.034754054837981975,
        "sigmaL_Kpipi": 19.133710600596434,
        "sigmaR_Kpipi": 39.32384704379869
    },
    "sigmaL;1140": 13.16230405639518,
    "sigmaL;1140_err": 0.14193366753261172,
    "sigmaR;1140": 19.67082228848598,
    "sigmaR;1140_err": 0.31201103175613926
}