{
    "fit_ok": true,
    "frac;1047": 0.3242346913645311,
    "frac;1047_err": 0.017665516515197727,
    "info_fit": "------------------------------------------------------------------\n| FCN = -3.172e+05              |     Ncalls=105 (105 total)     |\n| EDM = 1.25e-05 (Goal: 0.001)  |            up = 0.5            |\n------------------------------------------------------------------\n|  Valid Min.   | Valid Param.  | Above EDM | Reached call limit |\n------------------------------------------------------------------\n|     True      |     True      |   False   |       False        |\n------------------------------------------------------------------\n| Hesse failed  |   Has cov.    | Accurate  | Pos. def. | Forced |\n------------------------------------------------------------------\n|     False     |     True      |   True    |   True    | False  |\n------------------------------------------------------------------",
    "info_params": "name             value    minuit_hesse    at limit\n-----------  ---------  --------------  ----------\nn_sig;1047       51150     +/- 2.8e+02       False\u001b[0m\nn_bkg;1047        6409     +/-   2e+02       False\u001b[0m\nfrac;1047       0.3242     +/-   0.018       False\u001b[0m\nmu;1047           5279     +/-   0.079       False\u001b[0m\nsigmaL;1047      9.878     +/-    0.26       False\u001b[0m\nsigmaR;1047      17.38     +/-    0.17       False\u001b[0m\nlambda;1047  -0.001622     +/- 0.00023       False\u001b[0m",
    "lambda;1047": -0.0016219803556983825,
    "lambda;1047_err": 0.00023487584102672754,
    "mu;1047": 5278.96245052079,
    "mu;1047_err": 0.07916738237869396,
    "n_bkg;1047": 6409.221548195539,
    "n_bkg;1047_err": 195.6475955425779,
    "n_sig;1047": 51148.35944694107,
    "n_sig;1047_err": 283.7298148653968,
    "r_params": {
        "alphaL": 1.9408254058154022,
        "alphaL_Kpipi": 0.23984147888569726,
        "alphaR": -1.954042090017536,
        "alphaR_Kpipi": -3.45169511727099,
        "fraction_Kpipi": 0.8861855867303668,
        "muL_Kpipi": 5214.656416664541,
        "muR_Kpipi": 5183.074248990296,
        "nL": 0.38365381766090173,
        "nL_Kpipi": 4.413073505098077,
        "nR": 6.280271538380992,
        "nR_Kpipi": 1.3686501931786665e-08,
        "r_bkgK": 0.034754054837981975,
        "sigmaL_Kpipi": 19.133710600596434,
        "sigmaR_Kpipi": 39.32384704379869
    },
    "sigmaL;1047": 9.87821065335644,
    "sigmaL;1047_err": 0.2593459246706696,
    "sigmaR;1047": 17.382999065107718,
    "sigmaR;1047_err": 0.16746829209635244
}