{
    "fit_ok": true,
    "frac;1546": 0.45395894167710127,
    "frac;1546_err": 0.01970057900486373,
    "info_fit": "------------------------------------------------------------------\n| FCN = -3.172e+05              |     Ncalls=105 (105 total)     |\n| EDM = 1.42e-05 (Goal: 0.001)  |            up = 0.5            |\n------------------------------------------------------------------\n|  Valid Min.   | Valid Param.  | Above EDM | Reached call limit |\n------------------------------------------------------------------\n|     True      |     True      |   False   |       False        |\n------------------------------------------------------------------\n| Hesse failed  |   Has cov.    | Accurate  | Pos. def. | Forced |\n------------------------------------------------------------------\n|     False     |     True      |   True    |   True    | False  |\n------------------------------------------------------------------",
    "info_params": "name           value    minuit_hesse    at limit\n-----------  -------  --------------  ----------\nn_sig;1546     51510     +/- 2.8e+02       False\u001b[0m\nn_bkg;1546      6035     +/- 1.9e+02       False\u001b[0m\nfrac;1546      0.454     +/-    0.02       False\u001b[0m\nmu;1546         5279     +/-    0.08       False\u001b[0m\nsigmaL;1546    11.33     +/-    0.21       False\u001b[0m\nsigmaR;1546    17.89     +/-    0.23       False\u001b[0m\nlambda;1546  -0.0014     +/- 0.00024       False\u001b[0m",
    "lambda;1546": -0.0013997324624367702,
    "lambda;1546_err": 0.00023839040255068013,
    "mu;1546": 5278.881066679693,
    "mu;1546_err": 0.07953381353223254,
    "n_bkg;1546": 6035.475266300079,
    "n_bkg;1546_err": 185.17851464544702,
    "n_sig;1546": 51511.00357615673,
    "n_sig;1546_err": 278.4643755867187,
    "r_params": {
        "alphaL": 1.9164616679731035,
        "alphaL_Kpipi": 0.23984147888569726,
        "alphaR": -1.5924677554047426,
        "alphaR_Kpipi": -3.45169511727099,
        "fraction_Kpipi": 0.8861855867303668,
        "muL_Kpipi": 5214.656416664541,
        "muR_Kpipi": 5183.074248990296,
        "nL": 0.5391597253329631,
        "nL_Kpipi": 4.413073505098077,
        "nR": 7.637990291528891,
        "nR_Kpipi": 1.3686501931786665e-08,
        "r_bkgK": 0.034754054837981975,
        "sigmaL_Kpipi": 19.133710600596434,
        "sigmaR_Kpipi": 39.32384704379869
    },
    "sigmaL;1546": 11.328724662439424,
    "sigmaL;1546_err": 0.2089654925055629,
    "sigmaR;1546": 17.88529536918456,
    "sigmaR;1546_err": 0.2260006546802069
}