{
    "fit_ok": true,
    "frac;131": 0.615225235731983,
    "frac;131_err": 0.022946409403306247,
    "info_fit": "------------------------------------------------------------------\n| FCN = -3.172e+05              |     Ncalls=103 (103 total)     |\n| EDM = 2.03e-05 (Goal: 0.001)  |            up = 0.5            |\n------------------------------------------------------------------\n|  Valid Min.   | Valid Param.  | Above EDM | Reached call limit |\n------------------------------------------------------------------\n|     True      |     True      |   False   |       False        |\n------------------------------------------------------------------\n| Hesse failed  |   Has cov.    | Accurate  | Pos. def. | Forced |\n------------------------------------------------------------------\n|     False     |     True      |   True    |   True    | False  |\n------------------------------------------------------------------",
    "info_params": "name            value    minuit_hesse    at limit\n----------  ---------  --------------  ----------\nn_sig;131       51910     +/- 2.9e+02       False\u001b[0m\nn_bkg;131        7318     +/-   2e+02       False\u001b[0m\nfrac;131       0.6152     +/-   0.023       False\u001b[0m\nmu;131           5279     +/-   0.078       False\u001b[0m\nsigmaL;131      12.18     +/-    0.18       False\u001b[0m\nsigmaR;131      19.91     +/-     0.4       False\u001b[0m\nlambda;131  -0.002773     +/-  0.0002       False\u001b[0m",
    "lambda;131": -0.0027727022382098288,
    "lambda;131_err": 0.00019582342492821894,
    "mu;131": 5278.87671586206,
    "mu;131_err": 0.07820267042715928,
    "n_bkg;131": 7318.246204470699,
    "n_bkg;131_err": 197.94400299192964,
    "n_sig;131": 51908.97534260853,
    "n_sig;131_err": 291.5050072742039,
    "r_params": {
        "alphaL": 2.032652256499463,
        "alphaL_Kpipi": 0.2444931022284606,
        "alphaR": -1.7656247571047547,
        "alphaR_Kpipi": -3.1545073590467076,
        "fraction_Kpipi": 0.884508503368956,
        "muL_Kpipi": 5214.854626288565,
        "muR_Kpipi": 5183.339834787306,
        "nL": 0.4368034417751325,
        "nL_Kpipi": 4.640257421157291,
        "nR": 5.840596424652496,
        "nR_Kpipi": 0.00049147996466686,
        "r_bkgK": 0.0021656091477779693,
        "sigmaL_Kpipi": 20.092429725446102,
        "sigmaR_Kpipi": 41.29380740145514
    },
    "sigmaL;131": 12.180900406102747,
    "sigmaL;131_err": 0.1817149150615287,
    "sigmaR;131": 19.908134831403803,
    "sigmaR;131_err": 0.39809340563243967
}