{
    "fit_ok": true,
    "frac;202": 0.5182688479658892,
    "frac;202_err": 0.022124147949333636,
    "info_fit": "------------------------------------------------------------------\n| FCN = -3.172e+05              |     Ncalls=105 (105 total)     |\n| EDM = 3.82e-06 (Goal: 0.001)  |            up = 0.5            |\n------------------------------------------------------------------\n|  Valid Min.   | Valid Param.  | Above EDM | Reached call limit |\n------------------------------------------------------------------\n|     True      |     True      |   False   |       False        |\n------------------------------------------------------------------\n| Hesse failed  |   Has cov.    | Accurate  | Pos. def. | Forced |\n------------------------------------------------------------------\n|     False     |     True      |   True    |   True    | False  |\n------------------------------------------------------------------",
    "info_params": "name            value    minuit_hesse    at limit\n----------  ---------  --------------  ----------\nn_sig;202       51680     +/- 2.9e+02       False\u001b[0m\nn_bkg;202        6605     +/-   2e+02       False\u001b[0m\nfrac;202       0.5183     +/-   0.022       False\u001b[0m\nmu;202           5279     +/-   0.078       False\u001b[0m\nsigmaL;202      11.57     +/-     0.2       False\u001b[0m\nsigmaR;202      18.94     +/-     0.3       False\u001b[0m\nlambda;202  -0.002047     +/- 0.00022       False\u001b[0m",
    "lambda;202": -0.002046689019722686,
    "lambda;202_err": 0.00022138982038903763,
    "mu;202": 5278.876204530119,
    "mu;202_err": 0.0783056323511921,
    "n_bkg;202": 6605.001798013395,
    "n_bkg;202_err": 195.03814570739175,
    "n_sig;202": 51679.15280789504,
    "n_sig;202_err": 286.7925905628668,
    "r_params": {
        "alphaL": 2.032652256499463,
        "alphaL_Kpipi": 0.22763971226154883,
        "alphaR": -1.7656247571047547,
        "alphaR_Kpipi": -3.429215390552229,
        "fraction_Kpipi": 0.896496797066426,
        "muL_Kpipi": 5213.074828897312,
        "muR_Kpipi": 5180.492246575475,
        "nL": 0.4368034417751325,
        "nL_Kpipi": 4.187546542231479,
        "nR": 5.840596424652496,
        "nR_Kpipi": 5.442204777275984e-05,
        "r_bkgK": 0.020391868734682957,
        "sigmaL_Kpipi": 19.35740751788881,
        "sigmaR_Kpipi": 39.70046644909866
    },
    "sigmaL;202": 11.56977193977539,
    "sigmaL;202_err": 0.19813531915391924,
    "sigmaR;202": 18.944088559638026,
    "sigmaR;202_err": 0.2954636495670967
}