{
    "fit_ok": true,
    "frac;1033": 0.616614993498146,
    "frac;1033_err": 0.02292066103211009,
    "info_fit": "------------------------------------------------------------------\n| FCN = -3.172e+05              |     Ncalls=103 (103 total)     |\n| EDM = 1.28e-05 (Goal: 0.001)  |            up = 0.5            |\n------------------------------------------------------------------\n|  Valid Min.   | Valid Param.  | Above EDM | Reached call limit |\n------------------------------------------------------------------\n|     True      |     True      |   False   |       False        |\n------------------------------------------------------------------\n| Hesse failed  |   Has cov.    | Accurate  | Pos. def. | Forced |\n------------------------------------------------------------------\n|     False     |     True      |   True    |   True    | False  |\n------------------------------------------------------------------",
    "info_params": "name             value    minuit_hesse    at limit\n-----------  ---------  --------------  ----------\nn_sig;1033       51920     +/- 2.9e+02       False\u001b[0m\nn_bkg;1033        7320     +/-   2e+02       False\u001b[0m\nfrac;1033       0.6166     +/-   0.023       False\u001b[0m\nmu;1033           5279     +/-   0.078       False\u001b[0m\nsigmaL;1033      12.19     +/-    0.18       False\u001b[0m\nsigmaR;1033      19.93     +/-     0.4       False\u001b[0m\nlambda;1033  -0.002774     +/-  0.0002       False\u001b[0m",
    "lambda;1033": -0.0027737372900512314,
    "lambda;1033_err": 0.00019568822957609136,
    "mu;1033": 5278.875839376373,
    "mu;1033_err": 0.07819983395102434,
    "n_bkg;1033": 7319.551791582982,
    "n_bkg;1033_err": 197.89273722706918,
    "n_sig;1033": 51918.27607445937,
    "n_sig;1033_err": 291.5193456116487,
    "r_params": {
        "alphaL": 2.032652256499463,
        "alphaL_Kpipi": 0.22694554460746635,
        "alphaR": -1.7656247571047547,
        "alphaR_Kpipi": -3.475018833335107,
        "fraction_Kpipi": 0.8637402979831459,
        "muL_Kpipi": 5213.488450557016,
        "muR_Kpipi": 5186.595736002208,
        "nL": 0.4368034417751325,
        "nL_Kpipi": 4.819325366774473,
        "nR": 5.840596424652496,
        "nR_Kpipi": 0.00011161912755275951,
        "r_bkgK": 0.001958505998919481,
        "sigmaL_Kpipi": 19.29892485644399,
        "sigmaR_Kpipi": 40.68622179780835
    },
    "sigmaL;1033": 12.188145717616356,
    "sigmaL;1033_err": 0.18139844593498541,
    "sigmaR;1033": 19.932869396411114,
    "sigmaR;1033_err": 0.40000233809191843
}