{
    "fit_ok": true,
    "frac;1049": 0.40233227245446523,
    "frac;1049_err": 0.021201178540706116,
    "info_fit": "------------------------------------------------------------------\n| FCN = -3.172e+05              |     Ncalls=106 (106 total)     |\n| EDM = 6.47e-05 (Goal: 0.001)  |            up = 0.5            |\n------------------------------------------------------------------\n|  Valid Min.   | Valid Param.  | Above EDM | Reached call limit |\n------------------------------------------------------------------\n|     True      |     True      |   False   |       False        |\n------------------------------------------------------------------\n| Hesse failed  |   Has cov.    | Accurate  | Pos. def. | Forced |\n------------------------------------------------------------------\n|     False     |     True      |   True    |   True    | False  |\n------------------------------------------------------------------",
    "info_params": "name             value    minuit_hesse    at limit\n-----------  ---------  --------------  ----------\nn_sig;1049       51220     +/- 2.8e+02       False\u001b[0m\nn_bkg;1049        6020     +/- 1.9e+02       False\u001b[0m\nfrac;1049       0.4023     +/-   0.021       False\u001b[0m\nmu;1049           5279     +/-   0.079       False\u001b[0m\nsigmaL;1049      10.75     +/-    0.24       False\u001b[0m\nsigmaR;1049      17.96     +/-    0.22       False\u001b[0m\nlambda;1049  -0.001342     +/- 0.00024       False\u001b[0m",
    "lambda;1049": -0.0013421615529780745,
    "lambda;1049_err": 0.0002432965836848152,
    "mu;1049": 5278.881632734103,
    "mu;1049_err": 0.07867670488593448,
    "n_bkg;1049": 6019.938200590978,
    "n_bkg;1049_err": 187.90668243285032,
    "n_sig;1049": 51216.44457690094,
    "n_sig;1049_err": 278.506628960563,
    "r_params": {
        "alphaL": 2.032652256499463,
        "alphaL_Kpipi": 0.23741513819174379,
        "alphaR": -1.7656247571047547,
        "alphaR_Kpipi": -3.6040781844283596,
        "fraction_Kpipi": 0.8753903643945978,
        "muL_Kpipi": 5214.41997924678,
        "muR_Kpipi": 5185.0532456639885,
        "nL": 0.4368034417751325,
        "nL_Kpipi": 4.472739889363029,
        "nR": 5.840596424652496,
        "nR_Kpipi": 0.0001107108162959961,
        "r_bkgK": 0.04099705359492143,
        "sigmaL_Kpipi": 20.09219730298443,
        "sigmaR_Kpipi": 41.3378976550809
    },
    "sigmaL;1049": 10.752553285481248,
    "sigmaL;1049_err": 0.23680438692463185,
    "sigmaR;1049": 17.958563367276284,
    "sigmaR;1049_err": 0.22208355175910488
}