{
    "fit_ok": true,
    "frac;1162": 0.4588096238239969,
    "frac;1162_err": 0.021329378040416937,
    "info_fit": "------------------------------------------------------------------\n| FCN = -3.172e+05              |     Ncalls=105 (105 total)     |\n| EDM = 2.54e-05 (Goal: 0.001)  |            up = 0.5            |\n------------------------------------------------------------------\n|  Valid Min.   | Valid Param.  | Above EDM | Reached call limit |\n------------------------------------------------------------------\n|     True      |     True      |   False   |       False        |\n------------------------------------------------------------------\n| Hesse failed  |   Has cov.    | Accurate  | Pos. def. | Forced |\n------------------------------------------------------------------\n|     False     |     True      |   True    |   True    | False  |\n------------------------------------------------------------------",
    "info_params": "name             value    minuit_hesse    at limit\n-----------  ---------  --------------  ----------\nn_sig;1162       51460     +/- 2.8e+02       False\u001b[0m\nn_bkg;1162        6094     +/- 1.9e+02       False\u001b[0m\nfrac;1162       0.4588     +/-   0.021       False\u001b[0m\nmu;1162           5279     +/-   0.079       False\u001b[0m\nsigmaL;1162      11.24     +/-    0.21       False\u001b[0m\nsigmaR;1162      18.32     +/-    0.25       False\u001b[0m\nlambda;1162  -0.001472     +/- 0.00024       False\u001b[0m",
    "lambda;1162": -0.001472360553055621,
    "lambda;1162_err": 0.00023843157258863603,
    "mu;1162": 5278.85536200224,
    "mu;1162_err": 0.07862337811667637,
    "n_bkg;1162": 6093.502463360146,
    "n_bkg;1162_err": 188.17008619749691,
    "n_sig;1162": 51455.009728484125,
    "n_sig;1162_err": 280.14646664172665,
    "r_params": {
        "alphaL": 2.0383553558714524,
        "alphaL_Kpipi": 0.23984147888569726,
        "alphaR": -1.684506632869871,
        "alphaR_Kpipi": -3.45169511727099,
        "fraction_Kpipi": 0.8861855867303668,
        "muL_Kpipi": 5214.656416664541,
        "muR_Kpipi": 5183.074248990296,
        "nL": 0.4443833314090935,
        "nL_Kpipi": 4.413073505098077,
        "nR": 6.470364433135375,
        "nR_Kpipi": 1.3686501931786665e-08,
        "r_bkgK": 0.034754054837981975,
        "sigmaL_Kpipi": 19.133710600596434,
        "sigmaR_Kpipi": 39.32384704379869
    },
    "sigmaL;1162": 11.24418667198052,
    "sigmaL;1162_err": 0.20997130190623967,
    "sigmaR;1162": 18.318390281122884,
    "sigmaR;1162_err": 0.2515125714938553
}