{
    "fit_ok": true,
    "frac;410": 0.33679948328766857,
    "frac;410_err": 0.01922223413557212,
    "info_fit": "------------------------------------------------------------------\n| FCN = -3.172e+05              |     Ncalls=106 (106 total)     |\n| EDM = 0.000219 (Goal: 0.001)  |            up = 0.5            |\n------------------------------------------------------------------\n|  Valid Min.   | Valid Param.  | Above EDM | Reached call limit |\n------------------------------------------------------------------\n|     True      |     True      |   False   |       False        |\n------------------------------------------------------------------\n| Hesse failed  |   Has cov.    | Accurate  | Pos. def. | Forced |\n------------------------------------------------------------------\n|     False     |     True      |   True    |   True    | False  |\n------------------------------------------------------------------",
    "info_params": "name             value    minuit_hesse    at limit\n----------  ----------  --------------  ----------\nn_sig;410        51000     +/- 2.7e+02       False\u001b[0m\nn_bkg;410         5675     +/- 1.8e+02       False\u001b[0m\nfrac;410        0.3368     +/-   0.019       False\u001b[0m\nmu;410            5279     +/-   0.079       False\u001b[0m\nsigmaL;410       10.21     +/-    0.25       False\u001b[0m\nsigmaR;410       17.53     +/-    0.19       False\u001b[0m\nlambda;410  -0.0008811     +/- 0.00025       False\u001b[0m",
    "lambda;410": -0.0008810732310488845,
    "lambda;410_err": 0.00024859838542830255,
    "mu;410": 5278.854345818211,
    "mu;410_err": 0.0787999202212425,
    "n_bkg;410": 5674.550670253515,
    "n_bkg;410_err": 176.8436273986633,
    "n_sig;410": 50997.22348425269,
    "n_sig;410_err": 270.0081439074048,
    "r_params": {
        "alphaL": 2.032652256499463,
        "alphaL_Kpipi": 0.22350680942887263,
        "alphaR": -1.7656247571047547,
        "alphaR_Kpipi": -3.251730541093497,
        "fraction_Kpipi": 0.8790863663394677,
        "muL_Kpipi": 5215.900144874569,
        "muR_Kpipi": 5180.157332447602,
        "nL": 0.4368034417751325,
        "nL_Kpipi": 4.526946298592935,
        "nR": 5.840596424652496,
        "nR_Kpipi": 0.0002952589297638211,
        "r_bkgK": 0.05220993338770435,
        "sigmaL_Kpipi": 18.128432034975013,
        "sigmaR_Kpipi": 38.264697990515245
    },
    "sigmaL;410": 10.213533166297939,
    "sigmaL;410_err": 0.24675024189076725,
    "sigmaR;410": 17.527986589644165,
    "sigmaR;410_err": 0.18809162864753134
}