{
    "fit_ok": true,
    "frac;984": 0.3821740038349504,
    "frac;984_err": 0.020323999633440594,
    "info_fit": "------------------------------------------------------------------\n| FCN = -3.172e+05              |     Ncalls=105 (105 total)     |\n| EDM = 0.000327 (Goal: 0.001)  |            up = 0.5            |\n------------------------------------------------------------------\n|  Valid Min.   | Valid Param.  | Above EDM | Reached call limit |\n------------------------------------------------------------------\n|     True      |     True      |   False   |       False        |\n------------------------------------------------------------------\n| Hesse failed  |   Has cov.    | Accurate  | Pos. def. | Forced |\n------------------------------------------------------------------\n|     False     |     True      |   True    |   True    | False  |\n------------------------------------------------------------------",
    "info_params": "name            value    minuit_hesse    at limit\n----------  ---------  --------------  ----------\nn_sig;984       51140     +/- 2.8e+02       False\u001b[0m\nn_bkg;984        5956     +/- 1.8e+02       False\u001b[0m\nfrac;984       0.3822     +/-    0.02       False\u001b[0m\nmu;984           5279     +/-   0.079       False\u001b[0m\nsigmaL;984      10.59     +/-    0.23       False\u001b[0m\nsigmaR;984      17.82     +/-    0.21       False\u001b[0m\nlambda;984  -0.001265     +/- 0.00024       False\u001b[0m",
    "lambda;984": -0.0012647439463852744,
    "lambda;984_err": 0.0002426482876243446,
    "mu;984": 5278.872295242451,
    "mu;984_err": 0.0786570288274774,
    "n_bkg;984": 5956.079311333702,
    "n_bkg;984_err": 184.91790375870832,
    "n_sig;984": 51137.882337921095,
    "n_sig;984_err": 276.1352629941051,
    "r_params": {
        "alphaL": 2.032652256499463,
        "alphaL_Kpipi": 0.26718737931598435,
        "alphaR": -1.7656247571047547,
        "alphaR_Kpipi": -3.467694730519879,
        "fraction_Kpipi": 0.8726328223692613,
        "muL_Kpipi": 5214.47501907949,
        "muR_Kpipi": 5180.730720699904,
        "nL": 0.4368034417751325,
        "nL_Kpipi": 4.521213632793783,
        "nR": 5.840596424652496,
        "nR_Kpipi": 0.0001314392528127769,
        "r_bkgK": 0.04383427773184328,
        "sigmaL_Kpipi": 19.394470103087404,
        "sigmaR_Kpipi": 40.9260072688879
    },
    "sigmaL;984": 10.593337275459895,
    "sigmaL;984_err": 0.23073344674571478,
    "sigmaR;984": 17.815039830375465,
    "sigmaR;984_err": 0.21045856137921667
}