{
    "fit_ok": true,
    "frac;9": 0.5427280236916939,
    "frac;9_err": 0.02035001724849266,
    "info_fit": "------------------------------------------------------------------\n| FCN = -3.172e+05              |     Ncalls=106 (106 total)     |\n| EDM = 1.65e-05 (Goal: 0.001)  |            up = 0.5            |\n------------------------------------------------------------------\n|  Valid Min.   | Valid Param.  | Above EDM | Reached call limit |\n------------------------------------------------------------------\n|     True      |     True      |   False   |       False        |\n------------------------------------------------------------------\n| Hesse failed  |   Has cov.    | Accurate  | Pos. def. | Forced |\n------------------------------------------------------------------\n|     False     |     True      |   True    |   True    | False  |\n------------------------------------------------------------------",
    "info_params": "name          value    minuit_hesse    at limit\n--------  ---------  --------------  ----------\nn_sig;9       51800     +/- 2.7e+02       False\u001b[0m\nn_bkg;9        5737     +/- 1.8e+02       False\u001b[0m\nfrac;9       0.5427     +/-    0.02       False\u001b[0m\nmu;9           5279     +/-   0.078       False\u001b[0m\nsigmaL;9       11.9     +/-    0.18       False\u001b[0m\nsigmaR;9      19.06     +/-    0.31       False\u001b[0m\nlambda;9  -0.001221     +/- 0.00024       False\u001b[0m",
    "lambda;9": -0.00122147298407356,
    "lambda;9_err": 0.000240467573710141,
    "mu;9": 5278.820413483901,
    "mu;9_err": 0.07840819903421586,
    "n_bkg;9": 5736.912765390252,
    "n_bkg;9_err": 177.57732452914286,
    "n_sig;9": 51800.26522378455,
    "n_sig;9_err": 274.9116208949855,
    "r_params": {
        "alphaL": 2.0867901622436116,
        "alphaL_Kpipi": 0.23984147888569726,
        "alphaR": -1.5999447074120556,
        "alphaR_Kpipi": -3.45169511727099,
        "fraction_Kpipi": 0.8861855867303668,
        "muL_Kpipi": 5214.656416664541,
        "muR_Kpipi": 5183.074248990296,
        "nL": 0.45111231424279447,
        "nL_Kpipi": 4.413073505098077,
        "nR": 5.016609352849644,
        "nR_Kpipi": 1.3686501931786665e-08,
        "r_bkgK": 0.034754054837981975,
        "sigmaL_Kpipi": 19.133710600596434,
        "sigmaR_Kpipi": 39.32384704379869
    },
    "sigmaL;9": 11.904440274509046,
    "sigmaL;9_err": 0.17796984871637486,
    "sigmaR;9": 19.062459501660086,
    "sigmaR;9_err": 0.3100520536004467
}