{
    "fit_ok": true,
    "frac;837": 0.42895498436866975,
    "frac;837_err": 0.02078883766354337,
    "info_fit": "------------------------------------------------------------------\n| FCN = -3.172e+05              |     Ncalls=142 (142 total)     |\n| EDM = 0.00018 (Goal: 0.001)   |            up = 0.5            |\n------------------------------------------------------------------\n|  Valid Min.   | Valid Param.  | Above EDM | Reached call limit |\n------------------------------------------------------------------\n|     True      |     True      |   False   |       False        |\n------------------------------------------------------------------\n| Hesse failed  |   Has cov.    | Accurate  | Pos. def. | Forced |\n------------------------------------------------------------------\n|     False     |     True      |   True    |   True    | False  |\n------------------------------------------------------------------",
    "info_params": "name            value    minuit_hesse    at limit\n----------  ---------  --------------  ----------\nn_sig;837       51420     +/- 2.8e+02       False\u001b[0m\nn_bkg;837        6063     +/- 1.9e+02       False\u001b[0m\nfrac;837        0.429     +/-   0.021       False\u001b[0m\nmu;837           5279     +/-   0.079       False\u001b[0m\nsigmaL;837      10.94     +/-    0.22       False\u001b[0m\nsigmaR;837      18.24     +/-    0.23       False\u001b[0m\nlambda;837  -0.001407     +/- 0.00024       False\u001b[0m",
    "lambda;837": -0.0014072155684941023,
    "lambda;837_err": 0.00023963444093304874,
    "mu;837": 5278.857857225829,
    "mu;837_err": 0.07855195091696418,
    "n_bkg;837": 6062.730158366757,
    "n_bkg;837_err": 187.25350189729377,
    "n_sig;837": 51420.169454970586,
    "n_sig;837_err": 279.10752448877,
    "r_params": {
        "alphaL": 2.032652256499463,
        "alphaL_Kpipi": 0.24021491724546154,
        "alphaR": -1.7656247571047547,
        "alphaR_Kpipi": -3.307813254956095,
        "fraction_Kpipi": 0.88996947267822,
        "muL_Kpipi": 5213.79155257238,
        "muR_Kpipi": 5177.22909895042,
        "nL": 0.4368034417751325,
        "nL_Kpipi": 4.5471655436161456,
        "nR": 5.840596424652496,
        "nR_Kpipi": 0.00018723766259471183,
        "r_bkgK": 0.03605757998197973,
        "sigmaL_Kpipi": 17.940910440709683,
        "sigmaR_Kpipi": 37.563135874609635
    },
    "sigmaL;837": 10.944876105075448,
    "sigmaL;837_err": 0.21915433344046628,
    "sigmaR;837": 18.24191088364831,
    "sigmaR;837_err": 0.23306668503601682
}