{
    "fit_ok": true,
    "frac;189": 0.5017452546234407,
    "frac;189_err": 0.022097026333654936,
    "info_fit": "------------------------------------------------------------------\n| FCN = -3.172e+05              |     Ncalls=106 (106 total)     |\n| EDM = 8.97e-06 (Goal: 0.001)  |            up = 0.5            |\n------------------------------------------------------------------\n|  Valid Min.   | Valid Param.  | Above EDM | Reached call limit |\n------------------------------------------------------------------\n|     True      |     True      |   False   |       False        |\n------------------------------------------------------------------\n| Hesse failed  |   Has cov.    | Accurate  | Pos. def. | Forced |\n------------------------------------------------------------------\n|     False     |     True      |   True    |   True    | False  |\n------------------------------------------------------------------",
    "info_params": "name            value    minuit_hesse    at limit\n----------  ---------  --------------  ----------\nn_sig;189       51590     +/- 2.9e+02       False\u001b[0m\nn_bkg;189        6592     +/- 1.9e+02       False\u001b[0m\nfrac;189       0.5017     +/-   0.022       False\u001b[0m\nmu;189           5279     +/-   0.078       False\u001b[0m\nsigmaL;189      11.47     +/-     0.2       False\u001b[0m\nsigmaR;189      18.77     +/-    0.28       False\u001b[0m\nlambda;189  -0.002035     +/- 0.00022       False\u001b[0m",
    "lambda;189": -0.0020352349107403134,
    "lambda;189_err": 0.00022164171610496218,
    "mu;189": 5278.8743766803545,
    "mu;189_err": 0.07834499552814043,
    "n_bkg;189": 6591.630779541872,
    "n_bkg;189_err": 194.56863971029227,
    "n_sig;189": 51591.11167143966,
    "n_sig;189_err": 285.9603205147264,
    "r_params": {
        "alphaL": 2.032652256499463,
        "alphaL_Kpipi": 0.25671141148855203,
        "alphaR": -1.7656247571047547,
        "alphaR_Kpipi": -3.608891493500764,
        "fraction_Kpipi": 0.8720612355731178,
        "muL_Kpipi": 5213.84773156143,
        "muR_Kpipi": 5186.968951752965,
        "nL": 0.4368034417751325,
        "nL_Kpipi": 4.598904475983935,
        "nR": 5.840596424652496,
        "nR_Kpipi": 0.00013723612435326263,
        "r_bkgK": 0.02238298982237146,
        "sigmaL_Kpipi": 18.40461622559476,
        "sigmaR_Kpipi": 38.612015446173245
    },
    "sigmaL;189": 11.467779961507585,
    "sigmaL;189_err": 0.20119816811709385,
    "sigmaR;189": 18.765827139064612,
    "sigmaR;189_err": 0.2824976919933877
}