{
    "fit_ok": true,
    "frac;565": 0.43085992732051104,
    "frac;565_err": 0.021969201606904982,
    "info_fit": "------------------------------------------------------------------\n| FCN = -3.172e+05              |     Ncalls=105 (105 total)     |\n| EDM = 1.63e-05 (Goal: 0.001)  |            up = 0.5            |\n------------------------------------------------------------------\n|  Valid Min.   | Valid Param.  | Above EDM | Reached call limit |\n------------------------------------------------------------------\n|     True      |     True      |   False   |       False        |\n------------------------------------------------------------------\n| Hesse failed  |   Has cov.    | Accurate  | Pos. def. | Forced |\n------------------------------------------------------------------\n|     False     |     True      |   True    |   True    | False  |\n------------------------------------------------------------------",
    "info_params": "name            value    minuit_hesse    at limit\n----------  ---------  --------------  ----------\nn_sig;565       51250     +/- 2.8e+02       False\u001b[0m\nn_bkg;565        6349     +/- 1.9e+02       False\u001b[0m\nfrac;565       0.4309     +/-   0.022       False\u001b[0m\nmu;565           5279     +/-   0.079       False\u001b[0m\nsigmaL;565         11     +/-    0.23       False\u001b[0m\nsigmaR;565       18.1     +/-    0.24       False\u001b[0m\nlambda;565  -0.001757     +/- 0.00023       False\u001b[0m",
    "lambda;565": -0.0017567899906390655,
    "lambda;565_err": 0.0002316872604704911,
    "mu;565": 5278.881422441177,
    "mu;565_err": 0.07851012627249812,
    "n_bkg;565": 6348.7724796404555,
    "n_bkg;565_err": 192.63972953904405,
    "n_sig;565": 51253.68497139972,
    "n_sig;565_err": 282.3499761017219,
    "r_params": {
        "alphaL": 2.032652256499463,
        "alphaL_Kpipi": 0.2614881811054993,
        "alphaR": -1.7656247571047547,
        "alphaR_Kpipi": -3.356311557397981,
        "fraction_Kpipi": 0.8997006975474094,
        "muL_Kpipi": 5216.649006450207,
        "muR_Kpipi": 5180.9979104814865,
        "nL": 0.4368034417751325,
        "nL_Kpipi": 4.212246241768114,
        "nR": 5.840596424652496,
        "nR_Kpipi": 8.859771777586948e-05,
        "r_bkgK": 0.03384453025298948,
        "sigmaL_Kpipi": 18.593245093041507,
        "sigmaR_Kpipi": 40.25998421580821
    },
    "sigmaL;565": 10.999408296566738,
    "sigmaL;565_err": 0.22577568496112163,
    "sigmaR;565": 18.09607418905808,
    "sigmaR;565_err": 0.23769821720391152
}