{
    "fit_ok": true,
    "frac;394": 0.6019602960475879,
    "frac;394_err": 0.02282035005979093,
    "info_fit": "------------------------------------------------------------------\n| FCN = -3.172e+05              |     Ncalls=105 (105 total)     |\n| EDM = 1.3e-05 (Goal: 0.001)   |            up = 0.5            |\n------------------------------------------------------------------\n|  Valid Min.   | Valid Param.  | Above EDM | Reached call limit |\n------------------------------------------------------------------\n|     True      |     True      |   False   |       False        |\n------------------------------------------------------------------\n| Hesse failed  |   Has cov.    | Accurate  | Pos. def. | Forced |\n------------------------------------------------------------------\n|     False     |     True      |   True    |   True    | False  |\n------------------------------------------------------------------",
    "info_params": "name            value    minuit_hesse    at limit\n----------  ---------  --------------  ----------\nn_sig;394       51870     +/- 2.9e+02       False\u001b[0m\nn_bkg;394        7230     +/-   2e+02       False\u001b[0m\nfrac;394        0.602     +/-   0.023       False\u001b[0m\nmu;394           5279     +/-   0.078       False\u001b[0m\nsigmaL;394       12.1     +/-    0.18       False\u001b[0m\nsigmaR;394      19.75     +/-    0.38       False\u001b[0m\nlambda;394  -0.002689     +/-  0.0002       False\u001b[0m",
    "lambda;394": -0.0026887658493597727,
    "lambda;394_err": 0.00019836558966832975,
    "mu;394": 5278.876847214904,
    "mu;394_err": 0.07820199966066795,
    "n_bkg;394": 7230.076175408531,
    "n_bkg;394_err": 197.15581122216335,
    "n_sig;394": 51873.78195818502,
    "n_sig;394_err": 290.59364765734585,
    "r_params": {
        "alphaL": 2.032652256499463,
        "alphaL_Kpipi": 0.23223523911838356,
        "alphaR": -1.7656247571047547,
        "alphaR_Kpipi": -3.6098669451190264,
        "fraction_Kpipi": 0.906101054098967,
        "muL_Kpipi": 5215.302584730272,
        "muR_Kpipi": 5181.143437040033,
        "nL": 0.4368034417751325,
        "nL_Kpipi": 4.489721217374945,
        "nR": 5.840596424652496,
        "nR_Kpipi": 0.0001336684132473866,
        "r_bkgK": 0.0045362242486512855,
        "sigmaL_Kpipi": 18.69988447810655,
        "sigmaR_Kpipi": 38.41549930148943
    },
    "sigmaL;394": 12.103025516989373,
    "sigmaL;394_err": 0.1835937313923065,
    "sigmaR;394": 19.74816671300578,
    "sigmaR;394_err": 0.37810678993960367
}