{
    "fit_ok": true,
    "frac;348": 0.43069608584270297,
    "frac;348_err": 0.021447894852152535,
    "info_fit": "------------------------------------------------------------------\n| FCN = -3.172e+05              |     Ncalls=104 (104 total)     |\n| EDM = 0.000198 (Goal: 0.001)  |            up = 0.5            |\n------------------------------------------------------------------\n|  Valid Min.   | Valid Param.  | Above EDM | Reached call limit |\n------------------------------------------------------------------\n|     True      |     True      |   False   |       False        |\n------------------------------------------------------------------\n| Hesse failed  |   Has cov.    | Accurate  | Pos. def. | Forced |\n------------------------------------------------------------------\n|     False     |     True      |   True    |   True    | False  |\n------------------------------------------------------------------",
    "info_params": "name            value    minuit_hesse    at limit\n----------  ---------  --------------  ----------\nn_sig;348       51290     +/- 2.8e+02       False\u001b[0m\nn_bkg;348        6200     +/- 1.9e+02       False\u001b[0m\nfrac;348       0.4307     +/-   0.021       False\u001b[0m\nmu;348           5279     +/-   0.078       False\u001b[0m\nsigmaL;348      10.98     +/-    0.22       False\u001b[0m\nsigmaR;348      18.14     +/-    0.24       False\u001b[0m\nlambda;348  -0.001568     +/- 0.00024       False\u001b[0m",
    "lambda;348": -0.0015677239217024852,
    "lambda;348_err": 0.00023642891376799574,
    "mu;348": 5278.891224332691,
    "mu;348_err": 0.07848838027626431,
    "n_bkg;348": 6199.518299227925,
    "n_bkg;348_err": 190.4488592898654,
    "n_sig;348": 51288.93503253629,
    "n_sig;348_err": 280.8637649815904,
    "r_params": {
        "alphaL": 2.032652256499463,
        "alphaL_Kpipi": 0.2293299545856741,
        "alphaR": -1.7656247571047547,
        "alphaR_Kpipi": -3.6988712722023362,
        "fraction_Kpipi": 0.8786076535534273,
        "muL_Kpipi": 5215.1445652676875,
        "muR_Kpipi": 5188.455832336051,
        "nL": 0.4368034417751325,
        "nL_Kpipi": 4.005847175565771,
        "nR": 5.840596424652496,
        "nR_Kpipi": 0.0002690869020652627,
        "r_bkgK": 0.03602927484674378,
        "sigmaL_Kpipi": 20.549921364378413,
        "sigmaR_Kpipi": 40.91420959916211
    },
    "sigmaL;348": 10.980633831401196,
    "sigmaL;348_err": 0.2218568733070672,
    "sigmaR;348": 18.135344695011582,
    "sigmaR;348_err": 0.23643024919385736
}