{
    "fit_ok": true,
    "frac;1136": 0.38688264298751235,
    "frac;1136_err": 0.02080256950322655,
    "info_fit": "------------------------------------------------------------------\n| FCN = -3.172e+05              |     Ncalls=104 (104 total)     |\n| EDM = 1.1e-05 (Goal: 0.001)   |            up = 0.5            |\n------------------------------------------------------------------\n|  Valid Min.   | Valid Param.  | Above EDM | Reached call limit |\n------------------------------------------------------------------\n|     True      |     True      |   False   |       False        |\n------------------------------------------------------------------\n| Hesse failed  |   Has cov.    | Accurate  | Pos. def. | Forced |\n------------------------------------------------------------------\n|     False     |     True      |   True    |   True    | False  |\n------------------------------------------------------------------",
    "info_params": "name             value    minuit_hesse    at limit\n-----------  ---------  --------------  ----------\nn_sig;1136       50870     +/- 2.8e+02       False\u001b[0m\nn_bkg;1136        6698     +/- 1.9e+02       False\u001b[0m\nfrac;1136       0.3869     +/-   0.021       False\u001b[0m\nmu;1136           5279     +/-   0.079       False\u001b[0m\nsigmaL;1136      10.54     +/-    0.24       False\u001b[0m\nsigmaR;1136      17.74     +/-     0.2       False\u001b[0m\nlambda;1136  -0.002056     +/- 0.00021       False\u001b[0m",
    "lambda;1136": -0.002056497080789324,
    "lambda;1136_err": 0.00021285768377962632,
    "mu;1136": 5278.970680714256,
    "mu;1136_err": 0.07911215702245407,
    "n_bkg;1136": 6697.7354498211025,
    "n_bkg;1136_err": 189.24095110214986,
    "n_sig;1136": 50871.17121992818,
    "n_sig;1136_err": 278.74409766934264,
    "r_params": {
        "alphaL": 1.8617060226213915,
        "alphaL_Kpipi": 0.23984147888569726,
        "alphaR": -1.8960722052986787,
        "alphaR_Kpipi": -3.45169511727099,
        "fraction_Kpipi": 0.8861855867303668,
        "muL_Kpipi": 5214.656416664541,
        "muR_Kpipi": 5183.074248990296,
        "nL": 0.6090232034002349,
        "nL_Kpipi": 4.413073505098077,
        "nR": 5.596674306194895,
        "nR_Kpipi": 1.3686501931786665e-08,
        "r_bkgK": 0.034754054837981975,
        "sigmaL_Kpipi": 19.133710600596434,
        "sigmaR_Kpipi": 39.32384704379869
    },
    "sigmaL;1136": 10.53787834787668,
    "sigmaL;1136_err": 0.23934670541366784,
    "sigmaR;1136": 17.740378358807025,
    "sigmaR;1136_err": 0.20126955043545477
}