{
    "fit_ok": true,
    "frac;125": 0.33413084812069005,
    "frac;125_err": 0.016910001102559403,
    "info_fit": "------------------------------------------------------------------\n| FCN = -3.172e+05              |     Ncalls=106 (106 total)     |\n| EDM = 3.42e-05 (Goal: 0.001)  |            up = 0.5            |\n------------------------------------------------------------------\n|  Valid Min.   | Valid Param.  | Above EDM | Reached call limit |\n------------------------------------------------------------------\n|     True      |     True      |   False   |       False        |\n------------------------------------------------------------------\n| Hesse failed  |   Has cov.    | Accurate  | Pos. def. | Forced |\n------------------------------------------------------------------\n|     False     |     True      |   True    |   True    | False  |\n------------------------------------------------------------------",
    "info_params": "name            value    minuit_hesse    at limit\n----------  ---------  --------------  ----------\nn_sig;125       51410     +/- 2.8e+02       False\u001b[0m\nn_bkg;125        6139     +/- 1.9e+02       False\u001b[0m\nfrac;125       0.3341     +/-   0.017       False\u001b[0m\nmu;125           5279     +/-   0.079       False\u001b[0m\nsigmaL;125      10.05     +/-    0.25       False\u001b[0m\nsigmaR;125      17.36     +/-    0.17       False\u001b[0m\nlambda;125  -0.001371     +/- 0.00025       False\u001b[0m",
    "lambda;125": -0.0013708392675188807,
    "lambda;125_err": 0.00024582057501601104,
    "mu;125": 5278.938706391715,
    "mu;125_err": 0.0792394361666685,
    "n_bkg;125": 6138.876278955361,
    "n_bkg;125_err": 193.50192656163856,
    "n_sig;125": 51409.589987321,
    "n_sig;125_err": 283.25021736623506,
    "r_params": {
        "alphaL": 1.9438947524259786,
        "alphaL_Kpipi": 0.23984147888569726,
        "alphaR": -1.845358558993275,
        "alphaR_Kpipi": -3.45169511727099,
        "fraction_Kpipi": 0.8861855867303668,
        "muL_Kpipi": 5214.656416664541,
        "muR_Kpipi": 5183.074248990296,
        "nL": 0.3669921693198806,
        "nL_Kpipi": 4.413073505098077,
        "nR": 6.294413870170446,
        "nR_Kpipi": 1.3686501931786665e-08,
        "r_bkgK": 0.034754054837981975,
        "sigmaL_Kpipi": 19.133710600596434,
        "sigmaR_Kpipi": 39.32384704379869
    },
    "sigmaL;125": 10.0489367667218,
    "sigmaL;125_err": 0.24751981300400036,
    "sigmaR;125": 17.356552590175287,
    "sigmaR;125_err": 0.16624657783482716
}