{
    "fit_ok": true,
    "frac;273": 0.4121967699997233,
    "frac;273_err": 0.021821840262990097,
    "info_fit": "------------------------------------------------------------------\n| FCN = -3.172e+05              |     Ncalls=104 (104 total)     |\n| EDM = 3.75e-05 (Goal: 0.001)  |            up = 0.5            |\n------------------------------------------------------------------\n|  Valid Min.   | Valid Param.  | Above EDM | Reached call limit |\n------------------------------------------------------------------\n|     True      |     True      |   False   |       False        |\n------------------------------------------------------------------\n| Hesse failed  |   Has cov.    | Accurate  | Pos. def. | Forced |\n------------------------------------------------------------------\n|     False     |     True      |   True    |   True    | False  |\n------------------------------------------------------------------",
    "info_params": "name            value    minuit_hesse    at limit\n----------  ---------  --------------  ----------\nn_sig;273       51230     +/- 2.8e+02       False\u001b[0m\nn_bkg;273        6141     +/- 1.9e+02       False\u001b[0m\nfrac;273       0.4122     +/-   0.022       False\u001b[0m\nmu;273           5279     +/-   0.079       False\u001b[0m\nsigmaL;273      10.84     +/-    0.24       False\u001b[0m\nsigmaR;273         18     +/-    0.23       False\u001b[0m\nlambda;273  -0.001519     +/- 0.00024       False\u001b[0m",
    "lambda;273": -0.0015194358102141314,
    "lambda;273_err": 0.00024028458284010824,
    "mu;273": 5278.879146779828,
    "mu;273_err": 0.07868344348441617,
    "n_bkg;273": 6141.192549252127,
    "n_bkg;273_err": 190.8783119429291,
    "n_sig;273": 51229.05139615403,
    "n_sig;273_err": 280.6763368518314,
    "r_params": {
        "alphaL": 2.032652256499463,
        "alphaL_Kpipi": 0.25849345314108624,
        "alphaR": -1.7656247571047547,
        "alphaR_Kpipi": -2.9666511534299107,
        "fraction_Kpipi": 0.8750633017805195,
        "muL_Kpipi": 5215.054733311424,
        "muR_Kpipi": 5185.157186535909,
        "nL": 0.4368034417751325,
        "nL_Kpipi": 4.217141122449338,
        "nR": 5.840596424652496,
        "nR_Kpipi": 0.000161599958519669,
        "r_bkgK": 0.03837569121839575,
        "sigmaL_Kpipi": 19.377973599604804,
        "sigmaR_Kpipi": 39.646769781300485
    },
    "sigmaL;273": 10.841560682175292,
    "sigmaL;273_err": 0.2384519626739829,
    "sigmaR;273": 18.004595679079276,
    "sigmaR;273_err": 0.2286573872529162
}