{
    "fit_ok": true,
    "frac;287": 0.49653972108896427,
    "frac;287_err": 0.02196077760049796,
    "info_fit": "------------------------------------------------------------------\n| FCN = -3.172e+05              |     Ncalls=105 (105 total)     |\n| EDM = 8.81e-06 (Goal: 0.001)  |            up = 0.5            |\n------------------------------------------------------------------\n|  Valid Min.   | Valid Param.  | Above EDM | Reached call limit |\n------------------------------------------------------------------\n|     True      |     True      |   False   |       False        |\n------------------------------------------------------------------\n| Hesse failed  |   Has cov.    | Accurate  | Pos. def. | Forced |\n------------------------------------------------------------------\n|     False     |     True      |   True    |   True    | False  |\n------------------------------------------------------------------",
    "info_params": "name            value    minuit_hesse    at limit\n----------  ---------  --------------  ----------\nn_sig;287       51570     +/- 2.9e+02       False\u001b[0m\nn_bkg;287        6541     +/- 1.9e+02       False\u001b[0m\nfrac;287       0.4965     +/-   0.022       False\u001b[0m\nmu;287           5279     +/-   0.078       False\u001b[0m\nsigmaL;287      11.44     +/-     0.2       False\u001b[0m\nsigmaR;287      18.71     +/-    0.28       False\u001b[0m\nlambda;287  -0.001974     +/- 0.00022       False\u001b[0m",
    "lambda;287": -0.0019736506733945697,
    "lambda;287_err": 0.0002235689033309412,
    "mu;287": 5278.881365664601,
    "mu;287_err": 0.07830749171652493,
    "n_bkg;287": 6540.862703341773,
    "n_bkg;287_err": 194.26519536694016,
    "n_sig;287": 51565.522500828876,
    "n_sig;287_err": 285.5186596658025,
    "r_params": {
        "alphaL": 2.032652256499463,
        "alphaL_Kpipi": 0.23930960899801518,
        "alphaR": -1.7656247571047547,
        "alphaR_Kpipi": -3.594998219529747,
        "fraction_Kpipi": 0.8941269716449373,
        "muL_Kpipi": 5214.310080718244,
        "muR_Kpipi": 5182.933817313774,
        "nL": 0.4368034417751325,
        "nL_Kpipi": 4.665016095706169,
        "nR": 5.840596424652496,
        "nR_Kpipi": 3.709783020927375e-05,
        "r_bkgK": 0.023876184071292772,
        "sigmaL_Kpipi": 19.762409448393797,
        "sigmaR_Kpipi": 38.00531312222534
    },
    "sigmaL;287": 11.435828017430882,
    "sigmaL;287_err": 0.2006857308067514,
    "sigmaR;287": 18.70543014816267,
    "sigmaR;287_err": 0.2785604212582554
}