{
    "fit_ok": true,
    "frac;599": 0.5167087391929408,
    "frac;599_err": 0.024438509924140924,
    "info_fit": "------------------------------------------------------------------\n| FCN = -3.172e+05              |     Ncalls=105 (105 total)     |\n| EDM = 4.91e-06 (Goal: 0.001)  |            up = 0.5            |\n------------------------------------------------------------------\n|  Valid Min.   | Valid Param.  | Above EDM | Reached call limit |\n------------------------------------------------------------------\n|     True      |     True      |   False   |       False        |\n------------------------------------------------------------------\n| Hesse failed  |   Has cov.    | Accurate  | Pos. def. | Forced |\n------------------------------------------------------------------\n|     False     |     True      |   True    |   True    | False  |\n------------------------------------------------------------------",
    "info_params": "name            value    minuit_hesse    at limit\n----------  ---------  --------------  ----------\nn_sig;599       51020     +/- 2.7e+02       False\u001b[0m\nn_bkg;599        6543     +/- 1.8e+02       False\u001b[0m\nfrac;599       0.5167     +/-   0.024       False\u001b[0m\nmu;599           5279     +/-   0.078       False\u001b[0m\nsigmaL;599      11.61     +/-    0.21       False\u001b[0m\nsigmaR;599      19.06     +/-    0.32       False\u001b[0m\nlambda;599  -0.002141     +/-  0.0002       False\u001b[0m",
    "lambda;599": -0.00214114445788062,
    "lambda;599_err": 0.00020273679154568278,
    "mu;599": 5278.859685890881,
    "mu;599_err": 0.07802426463107395,
    "n_bkg;599": 6543.113269450328,
    "n_bkg;599_err": 176.129857283014,
    "n_sig;599": 51021.786702640624,
    "n_sig;599_err": 271.248408096548,
    "r_params": {
        "alphaL": 2.0529137575478216,
        "alphaL_Kpipi": 0.23984147888569726,
        "alphaR": -1.80447336801381,
        "alphaR_Kpipi": -3.45169511727099,
        "fraction_Kpipi": 0.8861855867303668,
        "muL_Kpipi": 5214.656416664541,
        "muR_Kpipi": 5183.074248990296,
        "nL": 0.5923349756101677,
        "nL_Kpipi": 4.413073505098077,
        "nR": 4.034158065602411,
        "nR_Kpipi": 1.3686501931786665e-08,
        "r_bkgK": 0.034754054837981975,
        "sigmaL_Kpipi": 19.133710600596434,
        "sigmaR_Kpipi": 39.32384704379869
    },
    "sigmaL;599": 11.61495189390939,
    "sigmaL;599_err": 0.2080959432519843,
    "sigmaR;599": 19.0633220895758,
    "sigmaR;599_err": 0.31525990164176915
}