{
    "fit_ok": true,
    "frac;796": 0.5054321611138395,
    "frac;796_err": 0.028977821601685105,
    "info_fit": "------------------------------------------------------------------\n| FCN = -3.172e+05              |     Ncalls=105 (105 total)     |\n| EDM = 6.53e-05 (Goal: 0.001)  |            up = 0.5            |\n------------------------------------------------------------------\n|  Valid Min.   | Valid Param.  | Above EDM | Reached call limit |\n------------------------------------------------------------------\n|     True      |     True      |   False   |       False        |\n------------------------------------------------------------------\n| Hesse failed  |   Has cov.    | Accurate  | Pos. def. | Forced |\n------------------------------------------------------------------\n|     False     |     True      |   True    |   True    | False  |\n------------------------------------------------------------------",
    "info_params": "name            value    minuit_hesse    at limit\n----------  ---------  --------------  ----------\nn_sig;796       50290     +/- 2.7e+02       False\u001b[0m\nn_bkg;796        7301     +/- 1.7e+02       False\u001b[0m\nfrac;796       0.5054     +/-   0.029       False\u001b[0m\nmu;796           5279     +/-   0.077       False\u001b[0m\nsigmaL;796      11.41     +/-    0.23       False\u001b[0m\nsigmaR;796      19.41     +/-    0.37       False\u001b[0m\nlambda;796  -0.002728     +/- 0.00017       False\u001b[0m",
    "lambda;796": -0.002727882147928462,
    "lambda;796_err": 0.00017265703538512628,
    "mu;796": 5278.822021408512,
    "mu;796_err": 0.07743915354686165,
    "n_bkg;796": 7301.448789627974,
    "n_bkg;796_err": 174.65897323438384,
    "n_sig;796": 50289.909157527414,
    "n_sig;796_err": 267.7021685577753,
    "r_params": {
        "alphaL": 2.1837157011827744,
        "alphaL_Kpipi": 0.23984147888569726,
        "alphaR": -1.9546593485357697,
        "alphaR_Kpipi": -3.45169511727099,
        "fraction_Kpipi": 0.8861855867303668,
        "muL_Kpipi": 5214.656416664541,
        "muR_Kpipi": 5183.074248990296,
        "nL": 0.5885246185746977,
        "nL_Kpipi": 4.413073505098077,
        "nR": 5.169101556852141,
        "nR_Kpipi": 1.3686501931786665e-08,
        "r_bkgK": 0.034754054837981975,
        "sigmaL_Kpipi": 19.133710600596434,
        "sigmaR_Kpipi": 39.32384704379869
    },
    "sigmaL;796": 11.407375923901213,
    "sigmaL;796_err": 0.231321908318129,
    "sigmaR;796": 19.41222725349803,
    "sigmaR;796_err": 0.36763287731202915
}