{
    "fit_ok": true,
    "frac;1052": 0.5177013875846632,
    "frac;1052_err": 0.015028225905437124,
    "info_fit": "------------------------------------------------------------------\n| FCN = -3.172e+05              |     Ncalls=102 (102 total)     |\n| EDM = 0.000275 (Goal: 0.001)  |            up = 0.5            |\n------------------------------------------------------------------\n|  Valid Min.   | Valid Param.  | Above EDM | Reached call limit |\n------------------------------------------------------------------\n|     True      |     True      |   False   |       False        |\n------------------------------------------------------------------\n| Hesse failed  |   Has cov.    | Accurate  | Pos. def. | Forced |\n------------------------------------------------------------------\n|     False     |     True      |   True    |   True    | False  |\n------------------------------------------------------------------",
    "info_params": "name              value    minuit_hesse    at limit\n-----------  ----------  --------------  ----------\nn_sig;1052        52760     +/- 2.7e+02       False\u001b[0m\nn_bkg;1052         4742     +/- 1.5e+02       False\u001b[0m\nfrac;1052        0.5177     +/-   0.015       False\u001b[0m\nmu;1052            5279     +/-   0.079       False\u001b[0m\nsigmaL;1052       11.83     +/-    0.18       False\u001b[0m\nsigmaR;1052       18.51     +/-    0.24       False\u001b[0m\nlambda;1052  -0.0002359     +/- 0.00027       False\u001b[0m",
    "lambda;1052": -0.0002359321652546098,
    "lambda;1052_err": 0.00026721230193611333,
    "mu;1052": 5278.903945564696,
    "mu;1052_err": 0.07903205216308166,
    "n_bkg;1052": 4741.779617885658,
    "n_bkg;1052_err": 154.6110619766441,
    "n_sig;1052": 52763.22773705544,
    "n_sig;1052_err": 265.1571206815799,
    "r_params": {
        "alphaL": 1.939444190963957,
        "alphaL_Kpipi": 0.23984147888569726,
        "alphaR": -1.6726801834649918,
        "alphaR_Kpipi": -3.45169511727099,
        "fraction_Kpipi": 0.8861855867303668,
        "muL_Kpipi": 5214.656416664541,
        "muR_Kpipi": 5183.074248990296,
        "nL": 0.4809519450793094,
        "nL_Kpipi": 4.413073505098077,
        "nR": 2.795389094805564,
        "nR_Kpipi": 1.3686501931786665e-08,
        "r_bkgK": 0.034754054837981975,
        "sigmaL_Kpipi": 19.133710600596434,
        "sigmaR_Kpipi": 39.32384704379869
    },
    "sigmaL;1052": 11.832837258498294,
    "sigmaL;1052_err": 0.17537872232603047,
    "sigmaR;1052": 18.51049487015714,
    "sigmaR;1052_err": 0.23563268167148885
}