{
    "fit_ok": true,
    "frac;1008": 0.288315939852263,
    "frac;1008_err": 0.014373198272931036,
    "info_fit": "------------------------------------------------------------------\n| FCN = -3.172e+05              |     Ncalls=102 (102 total)     |\n| EDM = 3.44e-05 (Goal: 0.001)  |            up = 0.5            |\n------------------------------------------------------------------\n|  Valid Min.   | Valid Param.  | Above EDM | Reached call limit |\n------------------------------------------------------------------\n|     True      |     True      |   False   |       False        |\n------------------------------------------------------------------\n| Hesse failed  |   Has cov.    | Accurate  | Pos. def. | Forced |\n------------------------------------------------------------------\n|     False     |     True      |   True    |   True    | False  |\n------------------------------------------------------------------",
    "info_params": "name             value    minuit_hesse    at limit\n-----------  ---------  --------------  ----------\nn_sig;1008       51560     +/- 2.8e+02       False\u001b[0m\nn_bkg;1008        5984     +/- 1.9e+02       False\u001b[0m\nfrac;1008       0.2883     +/-   0.014       False\u001b[0m\nmu;1008           5279     +/-    0.08       False\u001b[0m\nsigmaL;1008      9.609     +/-    0.27       False\u001b[0m\nsigmaR;1008      16.93     +/-    0.14       False\u001b[0m\nlambda;1008  -0.001101     +/- 0.00025       False\u001b[0m",
    "lambda;1008": -0.0011006402942130011,
    "lambda;1008_err": 0.0002537615029495872,
    "mu;1008": 5278.913725963881,
    "mu;1008_err": 0.07969426268770166,
    "n_bkg;1008": 5983.735050947649,
    "n_bkg;1008_err": 191.37862623027357,
    "n_sig;1008": 51559.00431897171,
    "n_sig;1008_err": 282.37307745668085,
    "r_params": {
        "alphaL": 1.9529702285522754,
        "alphaL_Kpipi": 0.23984147888569726,
        "alphaR": -1.749321630149495,
        "alphaR_Kpipi": -3.45169511727099,
        "fraction_Kpipi": 0.8861855867303668,
        "muL_Kpipi": 5214.656416664541,
        "muR_Kpipi": 5183.074248990296,
        "nL": 0.27097186502762727,
        "nL_Kpipi": 4.413073505098077,
        "nR": 9.62360741760996,
        "nR_Kpipi": 1.3686501931786665e-08,
        "r_bkgK": 0.034754054837981975,
        "sigmaL_Kpipi": 19.133710600596434,
        "sigmaR_Kpipi": 39.32384704379869
    },
    "sigmaL;1008": 9.608965376309557,
    "sigmaL;1008_err": 0.2710393162043541,
    "sigmaR;1008": 16.933005052356854,
    "sigmaR;1008_err": 0.13930122887445529
}