{
    "fit_ok": true,
    "frac;651": 0.36946889201174815,
    "frac;651_err": 0.0198682501499495,
    "info_fit": "------------------------------------------------------------------\n| FCN = -3.172e+05              |     Ncalls=106 (106 total)     |\n| EDM = 2.4e-05 (Goal: 0.001)   |            up = 0.5            |\n------------------------------------------------------------------\n|  Valid Min.   | Valid Param.  | Above EDM | Reached call limit |\n------------------------------------------------------------------\n|     True      |     True      |   False   |       False        |\n------------------------------------------------------------------\n| Hesse failed  |   Has cov.    | Accurate  | Pos. def. | Forced |\n------------------------------------------------------------------\n|     False     |     True      |   True    |   True    | False  |\n------------------------------------------------------------------",
    "info_params": "name            value    minuit_hesse    at limit\n----------  ---------  --------------  ----------\nn_sig;651       51100     +/- 2.7e+02       False\u001b[0m\nn_bkg;651        5844     +/- 1.8e+02       False\u001b[0m\nfrac;651       0.3695     +/-    0.02       False\u001b[0m\nmu;651           5279     +/-   0.079       False\u001b[0m\nsigmaL;651      10.49     +/-    0.23       False\u001b[0m\nsigmaR;651      17.73     +/-     0.2       False\u001b[0m\nlambda;651  -0.001113     +/- 0.00025       False\u001b[0m",
    "lambda;651": -0.0011131032171868144,
    "lambda;651_err": 0.0002454352126460742,
    "mu;651": 5278.873696925271,
    "mu;651_err": 0.07867460398019187,
    "n_bkg;651": 5843.861048399647,
    "n_bkg;651_err": 182.16490096560983,
    "n_sig;651": 51103.61087072928,
    "n_sig;651_err": 274.0503853085449,
    "r_params": {
        "alphaL": 2.032652256499463,
        "alphaL_Kpipi": 0.22584767191226915,
        "alphaR": -1.7656247571047547,
        "alphaR_Kpipi": -3.2771406673094217,
        "fraction_Kpipi": 0.8807797263464905,
        "muL_Kpipi": 5215.533080296991,
        "muR_Kpipi": 5181.588614208713,
        "nL": 0.4368034417751325,
        "nL_Kpipi": 4.058571317608885,
        "nR": 5.840596424652496,
        "nR_Kpipi": 1.2948072856668429e-05,
        "r_bkgK": 0.046735019924894865,
        "sigmaL_Kpipi": 19.407120648977155,
        "sigmaR_Kpipi": 37.827016191314144
    },
    "sigmaL;651": 10.492690214949283,
    "sigmaL;651_err": 0.23240078448363083,
    "sigmaR;651": 17.728114424801067,
    "sigmaR;651_err": 0.20344817546876492
}