{
    "fit_ok": true,
    "frac;387": 0.5337733753233309,
    "frac;387_err": 0.022834692349342434,
    "info_fit": "------------------------------------------------------------------\n| FCN = -3.172e+05              |     Ncalls=105 (105 total)     |\n| EDM = 4.07e-06 (Goal: 0.001)  |            up = 0.5            |\n------------------------------------------------------------------\n|  Valid Min.   | Valid Param.  | Above EDM | Reached call limit |\n------------------------------------------------------------------\n|     True      |     True      |   False   |       False        |\n------------------------------------------------------------------\n| Hesse failed  |   Has cov.    | Accurate  | Pos. def. | Forced |\n------------------------------------------------------------------\n|     False     |     True      |   True    |   True    | False  |\n------------------------------------------------------------------",
    "info_params": "name            value    minuit_hesse    at limit\n----------  ---------  --------------  ----------\nn_sig;387       51660     +/- 2.9e+02       False\u001b[0m\nn_bkg;387        6805     +/-   2e+02       False\u001b[0m\nfrac;387       0.5338     +/-   0.023       False\u001b[0m\nmu;387           5279     +/-   0.078       False\u001b[0m\nsigmaL;387      11.68     +/-     0.2       False\u001b[0m\nsigmaR;387      19.02     +/-    0.31       False\u001b[0m\nlambda;387  -0.002261     +/- 0.00022       False\u001b[0m",
    "lambda;387": -0.0022607681980870292,
    "lambda;387_err": 0.00021531714539892115,
    "mu;387": 5278.884384474616,
    "mu;387_err": 0.07832861762706439,
    "n_bkg;387": 6804.969640795635,
    "n_bkg;387_err": 197.03830101438805,
    "n_sig;387": 51659.91230219493,
    "n_sig;387_err": 288.4056180790998,
    "r_params": {
        "alphaL": 2.032652256499463,
        "alphaL_Kpipi": 0.2291979381788849,
        "alphaR": -1.7656247571047547,
        "alphaR_Kpipi": -3.803586470752646,
        "fraction_Kpipi": 0.9020601197197975,
        "muL_Kpipi": 5215.23225925328,
        "muR_Kpipi": 5185.969352611012,
        "nL": 0.4368034417751325,
        "nL_Kpipi": 4.862866033621385,
        "nR": 5.840596424652496,
        "nR_Kpipi": 0.00031156027211326866,
        "r_bkgK": 0.016909939384455452,
        "sigmaL_Kpipi": 19.765637795610623,
        "sigmaR_Kpipi": 38.63226197830776
    },
    "sigmaL;387": 11.68231953823896,
    "sigmaL;387_err": 0.20064661472713993,
    "sigmaR;387": 19.01775937786963,
    "sigmaR;387_err": 0.3093170974976136
}