{
    "fit_ok": true,
    "frac;684": 0.45494663611400715,
    "frac;684_err": 0.021443473340987434,
    "info_fit": "------------------------------------------------------------------\n| FCN = -3.172e+05              |     Ncalls=105 (105 total)     |\n| EDM = 1.74e-05 (Goal: 0.001)  |            up = 0.5            |\n------------------------------------------------------------------\n|  Valid Min.   | Valid Param.  | Above EDM | Reached call limit |\n------------------------------------------------------------------\n|     True      |     True      |   False   |       False        |\n------------------------------------------------------------------\n| Hesse failed  |   Has cov.    | Accurate  | Pos. def. | Forced |\n------------------------------------------------------------------\n|     False     |     True      |   True    |   True    | False  |\n------------------------------------------------------------------",
    "info_params": "name            value    minuit_hesse    at limit\n----------  ---------  --------------  ----------\nn_sig;684       51470     +/- 2.8e+02       False\u001b[0m\nn_bkg;684        6255     +/- 1.9e+02       False\u001b[0m\nfrac;684       0.4549     +/-   0.021       False\u001b[0m\nmu;684           5279     +/-   0.078       False\u001b[0m\nsigmaL;684      11.14     +/-    0.21       False\u001b[0m\nsigmaR;684       18.4     +/-    0.25       False\u001b[0m\nlambda;684  -0.001645     +/- 0.00023       False\u001b[0m",
    "lambda;684": -0.001645363824502366,
    "lambda;684_err": 0.00023398986587058962,
    "mu;684": 5278.8694704173195,
    "mu;684_err": 0.07845948134312786,
    "n_bkg;684": 6255.243220418441,
    "n_bkg;684_err": 191.0867136025465,
    "n_sig;684": 51469.78448475941,
    "n_sig;684_err": 282.37103283524067,
    "r_params": {
        "alphaL": 2.032652256499463,
        "alphaL_Kpipi": 0.22869248342067333,
        "alphaR": -1.7656247571047547,
        "alphaR_Kpipi": -3.273947214198267,
        "fraction_Kpipi": 0.8979689714583161,
        "muL_Kpipi": 5214.466431363366,
        "muR_Kpipi": 5178.378308330711,
        "nL": 0.4368034417751325,
        "nL_Kpipi": 4.734318895083545,
        "nR": 5.840596424652496,
        "nR_Kpipi": 0.0001722705731055494,
        "r_bkgK": 0.031318997188578085,
        "sigmaL_Kpipi": 18.42097410536489,
        "sigmaR_Kpipi": 39.09403304281792
    },
    "sigmaL;684": 11.144013408969359,
    "sigmaL;684_err": 0.21310522089528997,
    "sigmaR;684": 18.400691345717487,
    "sigmaR;684_err": 0.2500316677008411
}