{
    "fit_ok": true,
    "frac;265": 0.4245643546740095,
    "frac;265_err": 0.021451313324392176,
    "info_fit": "------------------------------------------------------------------\n| FCN = -3.172e+05              |     Ncalls=106 (106 total)     |\n| EDM = 2.05e-05 (Goal: 0.001)  |            up = 0.5            |\n------------------------------------------------------------------\n|  Valid Min.   | Valid Param.  | Above EDM | Reached call limit |\n------------------------------------------------------------------\n|     True      |     True      |   False   |       False        |\n------------------------------------------------------------------\n| Hesse failed  |   Has cov.    | Accurate  | Pos. def. | Forced |\n------------------------------------------------------------------\n|     False     |     True      |   True    |   True    | False  |\n------------------------------------------------------------------",
    "info_params": "name           value    minuit_hesse    at limit\n----------  --------  --------------  ----------\nn_sig;265      51310     +/- 2.8e+02       False\u001b[0m\nn_bkg;265       6158     +/- 1.9e+02       False\u001b[0m\nfrac;265      0.4246     +/-   0.021       False\u001b[0m\nmu;265          5279     +/-   0.079       False\u001b[0m\nsigmaL;265     10.93     +/-    0.23       False\u001b[0m\nsigmaR;265     18.12     +/-    0.23       False\u001b[0m\nlambda;265  -0.00152     +/- 0.00024       False\u001b[0m",
    "lambda;265": -0.0015196607341939616,
    "lambda;265_err": 0.0002381422240129273,
    "mu;265": 5278.875208500878,
    "mu;265_err": 0.0785691952550475,
    "n_bkg;265": 6158.144853399961,
    "n_bkg;265_err": 189.91614911870553,
    "n_sig;265": 51312.04340809402,
    "n_sig;265_err": 280.56467115536066,
    "r_params": {
        "alphaL": 2.032652256499463,
        "alphaL_Kpipi": 0.23567781983824743,
        "alphaR": -1.7656247571047547,
        "alphaR_Kpipi": -3.7140102477224266,
        "fraction_Kpipi": 0.9048003056759272,
        "muL_Kpipi": 5214.827039110184,
        "muR_Kpipi": 5182.43693687165,
        "nL": 0.4368034417751325,
        "nL_Kpipi": 4.815175071603863,
        "nR": 5.840596424652496,
        "nR_Kpipi": 1.1447905236316419e-05,
        "r_bkgK": 0.03637389852505108,
        "sigmaL_Kpipi": 19.18252421813867,
        "sigmaR_Kpipi": 39.36125089610189
    },
    "sigmaL;265": 10.930508831857093,
    "sigmaL;265_err": 0.22708137513581145,
    "sigmaR;265": 18.12413674327572,
    "sigmaR;265_err": 0.23311447745243027
}