{
    "fit_ok": true,
    "frac;333": 0.35898612325775486,
    "frac;333_err": 0.019539101843226273,
    "info_fit": "------------------------------------------------------------------\n| FCN = -3.172e+05              |     Ncalls=105 (105 total)     |\n| EDM = 5.2e-05 (Goal: 0.001)   |            up = 0.5            |\n------------------------------------------------------------------\n|  Valid Min.   | Valid Param.  | Above EDM | Reached call limit |\n------------------------------------------------------------------\n|     True      |     True      |   False   |       False        |\n------------------------------------------------------------------\n| Hesse failed  |   Has cov.    | Accurate  | Pos. def. | Forced |\n------------------------------------------------------------------\n|     False     |     True      |   True    |   True    | False  |\n------------------------------------------------------------------",
    "info_params": "name            value    minuit_hesse    at limit\n----------  ---------  --------------  ----------\nn_sig;333       51080     +/- 2.7e+02       False\u001b[0m\nn_bkg;333        5739     +/- 1.8e+02       False\u001b[0m\nfrac;333        0.359     +/-    0.02       False\u001b[0m\nmu;333           5279     +/-   0.079       False\u001b[0m\nsigmaL;333       10.4     +/-    0.24       False\u001b[0m\nsigmaR;333      17.69     +/-     0.2       False\u001b[0m\nlambda;333  -0.000959     +/- 0.00025       False\u001b[0m",
    "lambda;333": -0.0009590316377076358,
    "lambda;333_err": 0.00024791844926174545,
    "mu;333": 5278.868777240142,
    "mu;333_err": 0.0787450091068034,
    "n_bkg;333": 5739.018558217533,
    "n_bkg;333_err": 179.1662944061894,
    "n_sig;333": 51082.31070741895,
    "n_sig;333_err": 271.9380954196324,
    "r_params": {
        "alphaL": 2.032652256499463,
        "alphaL_Kpipi": 0.22351101194673492,
        "alphaR": -1.7656247571047547,
        "alphaR_Kpipi": -3.7219876574482957,
        "fraction_Kpipi": 0.8864190417296992,
        "muL_Kpipi": 5214.001398929239,
        "muR_Kpipi": 5186.085289753203,
        "nL": 0.4368034417751325,
        "nL_Kpipi": 3.9063643056599684,
        "nR": 5.840596424652496,
        "nR_Kpipi": 0.0004517648318448869,
        "r_bkgK": 0.04921577695099567,
        "sigmaL_Kpipi": 19.840534487540637,
        "sigmaR_Kpipi": 40.5604283501827
    },
    "sigmaL;333": 10.39557333793611,
    "sigmaL;333_err": 0.23726625774701152,
    "sigmaR;333": 17.68543864896228,
    "sigmaR;333_err": 0.19786797298565845
}