{
    "fit_ok": true,
    "frac;952": 0.5347824014582399,
    "frac;952_err": 0.023283301255941687,
    "info_fit": "------------------------------------------------------------------\n| FCN = -3.172e+05              |     Ncalls=105 (105 total)     |\n| EDM = 5.73e-05 (Goal: 0.001)  |            up = 0.5            |\n------------------------------------------------------------------\n|  Valid Min.   | Valid Param.  | Above EDM | Reached call limit |\n------------------------------------------------------------------\n|     True      |     True      |   False   |       False        |\n------------------------------------------------------------------\n| Hesse failed  |   Has cov.    | Accurate  | Pos. def. | Forced |\n------------------------------------------------------------------\n|     False     |     True      |   True    |   True    | False  |\n------------------------------------------------------------------",
    "info_params": "name            value    minuit_hesse    at limit\n----------  ---------  --------------  ----------\nn_sig;952       51490     +/- 2.8e+02       False\u001b[0m\nn_bkg;952        6060     +/- 1.8e+02       False\u001b[0m\nfrac;952       0.5348     +/-   0.023       False\u001b[0m\nmu;952           5279     +/-   0.078       False\u001b[0m\nsigmaL;952       11.7     +/-    0.19       False\u001b[0m\nsigmaR;952      19.59     +/-    0.36       False\u001b[0m\nlambda;952  -0.001532     +/- 0.00023       False\u001b[0m",
    "lambda;952": -0.001531803050814115,
    "lambda;952_err": 0.00022844481824563806,
    "mu;952": 5278.761335857222,
    "mu;952_err": 0.07759822813878395,
    "n_bkg;952": 6060.077209875164,
    "n_bkg;952_err": 182.34076929594025,
    "n_sig;952": 51489.21179450892,
    "n_sig;952_err": 276.74203703932045,
    "r_params": {
        "alphaL": 2.2975151622129752,
        "alphaL_Kpipi": 0.23984147888569726,
        "alphaR": -1.6563765689084355,
        "alphaR_Kpipi": -3.45169511727099,
        "fraction_Kpipi": 0.8861855867303668,
        "muL_Kpipi": 5214.656416664541,
        "muR_Kpipi": 5183.074248990296,
        "nL": 0.29479733401299557,
        "nL_Kpipi": 4.413073505098077,
        "nR": 5.995524446761741,
        "nR_Kpipi": 1.3686501931786665e-08,
        "r_bkgK": 0.034754054837981975,
        "sigmaL_Kpipi": 19.133710600596434,
        "sigmaR_Kpipi": 39.32384704379869
    },
    "sigmaL;952": 11.704561919532921,
    "sigmaL;952_err": 0.1933635606635317,
    "sigmaR;952": 19.588141192862288,
    "sigmaR;952_err": 0.35512159404504
}