{
    "fit_ok": true,
    "frac;615": 0.27051898771306726,
    "frac;615_err": 0.012965016577653242,
    "info_fit": "------------------------------------------------------------------\n| FCN = -3.172e+05              |     Ncalls=103 (103 total)     |\n| EDM = 4.85e-05 (Goal: 0.001)  |            up = 0.5            |\n------------------------------------------------------------------\n|  Valid Min.   | Valid Param.  | Above EDM | Reached call limit |\n------------------------------------------------------------------\n|     True      |     True      |   False   |       False        |\n------------------------------------------------------------------\n| Hesse failed  |   Has cov.    | Accurate  | Pos. def. | Forced |\n------------------------------------------------------------------\n|     False     |     True      |   True    |   True    | False  |\n------------------------------------------------------------------",
    "info_params": "name             value    minuit_hesse    at limit\n----------  ----------  --------------  ----------\nn_sig;615        51930     +/- 2.8e+02       False\u001b[0m\nn_bkg;615         5596     +/- 1.8e+02       False\u001b[0m\nfrac;615        0.2705     +/-   0.013       False\u001b[0m\nmu;615            5279     +/-    0.08       False\u001b[0m\nsigmaL;615       9.383     +/-    0.29       False\u001b[0m\nsigmaR;615       16.87     +/-    0.13       False\u001b[0m\nlambda;615  -0.0006831     +/- 0.00027       False\u001b[0m",
    "lambda;615": -0.0006831193830162396,
    "lambda;615_err": 0.00026630766555122315,
    "mu;615": 5278.8994341591115,
    "mu;615_err": 0.07973628599009813,
    "n_bkg;615": 5596.433402175631,
    "n_bkg;615_err": 183.91197144930493,
    "n_sig;615": 51933.41156851712,
    "n_sig;615_err": 278.9987360737366,
    "r_params": {
        "alphaL": 2.021169631103564,
        "alphaL_Kpipi": 0.23984147888569726,
        "alphaR": -1.8326215014347964,
        "alphaR_Kpipi": -3.45169511727099,
        "fraction_Kpipi": 0.8861855867303668,
        "muL_Kpipi": 5214.656416664541,
        "muR_Kpipi": 5183.074248990296,
        "nL": 0.17835542039664098,
        "nL_Kpipi": 4.413073505098077,
        "nR": 5.413319482374936,
        "nR_Kpipi": 1.3686501931786665e-08,
        "r_bkgK": 0.034754054837981975,
        "sigmaL_Kpipi": 19.133710600596434,
        "sigmaR_Kpipi": 39.32384704379869
    },
    "sigmaL;615": 9.383343701344367,
    "sigmaL;615_err": 0.292679527703614,
    "sigmaR;615": 16.874813634058455,
    "sigmaR;615_err": 0.12903165844820932
}