{
    "fit_ok": true,
    "frac;70": 0.3710693881953229,
    "frac;70_err": 0.01056642034597159,
    "info_fit": "------------------------------------------------------------------\n| FCN = -3.172e+05              |     Ncalls=103 (103 total)     |\n| EDM = 7.99e-06 (Goal: 0.001)  |            up = 0.5            |\n------------------------------------------------------------------\n|  Valid Min.   | Valid Param.  | Above EDM | Reached call limit |\n------------------------------------------------------------------\n|     True      |     True      |   False   |       False        |\n------------------------------------------------------------------\n| Hesse failed  |   Has cov.    | Accurate  | Pos. def. | Forced |\n------------------------------------------------------------------\n|     False     |     True      |   True    |   True    | False  |\n------------------------------------------------------------------",
    "info_params": "name            value    minuit_hesse    at limit\n---------  ----------  --------------  ----------\nn_sig;70        52730     +/- 2.4e+02       False\u001b[0m\nn_bkg;70         4767     +/-   1e+02       False\u001b[0m\nfrac;70        0.3711     +/-   0.011       False\u001b[0m\nmu;70            5279     +/-    0.08       False\u001b[0m\nsigmaL;70       10.93     +/-    0.23       False\u001b[0m\nsigmaR;70       16.94     +/-    0.13       False\u001b[0m\nlambda;70  -2.816e-10     +/- 2.3e-07       False\u001b[0m",
    "lambda;70": -2.816252370196892e-10,
    "lambda;70_err": 2.3059372296975254e-07,
    "mu;70": 5278.824007697312,
    "mu;70_err": 0.07960000343419936,
    "n_bkg;70": 4766.890910860987,
    "n_bkg;70_err": 102.4908634667489,
    "n_sig;70": 52733.62391841015,
    "n_sig;70_err": 239.97879844808304,
    "r_params": {
        "alphaL": 1.90472791660207,
        "alphaL_Kpipi": 0.23984147888569726,
        "alphaR": -1.5674207037154393,
        "alphaR_Kpipi": -3.45169511727099,
        "fraction_Kpipi": 0.8861855867303668,
        "muL_Kpipi": 5214.656416664541,
        "muR_Kpipi": 5183.074248990296,
        "nL": 0.31204198988460646,
        "nL_Kpipi": 4.413073505098077,
        "nR": 4.316571173904478,
        "nR_Kpipi": 1.3686501931786665e-08,
        "r_bkgK": 0.034754054837981975,
        "sigmaL_Kpipi": 19.133710600596434,
        "sigmaR_Kpipi": 39.32384704379869
    },
    "sigmaL;70": 10.930312860715993,
    "sigmaL;70_err": 0.2320704159258687,
    "sigmaR;70": 16.937241443605892,
    "sigmaR;70_err": 0.1260669393913594
}