{
    "fit_ok": true,
    "frac;356": 0.19044457152681948,
    "frac;356_err": 0.013451593528917415,
    "info_fit": "------------------------------------------------------------------\n| FCN = -3.171e+05              |      Ncalls=92 (92 total)      |\n| EDM = 0.000299 (Goal: 0.001)  |            up = 0.5            |\n------------------------------------------------------------------\n|  Valid Min.   | Valid Param.  | Above EDM | Reached call limit |\n------------------------------------------------------------------\n|     True      |     True      |   False   |       False        |\n------------------------------------------------------------------\n| Hesse failed  |   Has cov.    | Accurate  | Pos. def. | Forced |\n------------------------------------------------------------------\n|     False     |     True      |   True    |   True    | False  |\n------------------------------------------------------------------",
    "info_params": "name             value    minuit_hesse    at limit\n----------  ----------  --------------  ----------\nn_sig;356        50140     +/- 2.3e+02       False\u001b[0m\nn_bkg;356         5142     +/-   1e+02       False\u001b[0m\nfrac;356        0.1904     +/-   0.013       False\u001b[0m\nmu;356            5279     +/-   0.079       False\u001b[0m\nsigmaL;356       8.648     +/-    0.31       False\u001b[0m\nsigmaR;356       16.53     +/-    0.12       False\u001b[0m\nlambda;356  -1.483e-05     +/- 0.00013       False\u001b[0m",
    "lambda;356": -1.4826769898557135e-05,
    "lambda;356_err": 0.00012550956550837124,
    "mu;356": 5278.825342779532,
    "mu;356_err": 0.0788191417592121,
    "n_bkg;356": 5142.202120839282,
    "n_bkg;356_err": 102.62444614641169,
    "n_sig;356": 50137.99813327817,
    "n_sig;356_err": 228.35320822165937,
    "r_params": {
        "alphaL": 2.032652256499463,
        "alphaL_Kpipi": 0.24761941785100416,
        "alphaR": -1.7656247571047547,
        "alphaR_Kpipi": -3.3073234917276535,
        "fraction_Kpipi": 0.8921446326364673,
        "muL_Kpipi": 5215.717420969868,
        "muR_Kpipi": 5184.79204536339,
        "nL": 0.4368034417751325,
        "nL_Kpipi": 4.184804381598346,
        "nR": 5.840596424652496,
        "nR_Kpipi": 9.289386706996848e-05,
        "r_bkgK": 0.08071694836140653,
        "sigmaL_Kpipi": 18.929778954818776,
        "sigmaR_Kpipi": 43.03528756906076
    },
    "sigmaL;356": 8.648166613060727,
    "sigmaL;356_err": 0.30756297377718234,
    "sigmaR;356": 16.526029007533687,
    "sigmaR;356_err": 0.11516209312312915
}