{
    "fit_ok": true,
    "frac;1275": 0.47363559744334216,
    "frac;1275_err": 0.01217931488280832,
    "info_fit": "------------------------------------------------------------------\n| FCN = -3.171e+05              |     Ncalls=100 (100 total)     |\n| EDM = 2.05e-05 (Goal: 0.001)  |            up = 0.5            |\n------------------------------------------------------------------\n|  Valid Min.   | Valid Param.  | Above EDM | Reached call limit |\n------------------------------------------------------------------\n|     True      |     True      |   False   |       False        |\n------------------------------------------------------------------\n| Hesse failed  |   Has cov.    | Accurate  | Pos. def. | Forced |\n------------------------------------------------------------------\n|     False     |     True      |   True    |   True    | False  |\n------------------------------------------------------------------",
    "info_params": "name             value    minuit_hesse    at limit\n-----------  ---------  --------------  ----------\nn_sig;1275       53140     +/- 2.4e+02       False\u001b[0m\nn_bkg;1275        4340     +/-   1e+02       False\u001b[0m\nfrac;1275       0.4736     +/-   0.012       False\u001b[0m\nmu;1275           5279     +/-   0.079       False\u001b[0m\nsigmaL;1275      11.76     +/-    0.19       False\u001b[0m\nsigmaR;1275      17.84     +/-    0.17       False\u001b[0m\nlambda;1275  -1.03e-10     +/- 2.1e-08       False\u001b[0m",
    "lambda;1275": -1.0298953356802087e-10,
    "lambda;1275_err": 2.100929756972881e-08,
    "mu;1275": 5278.783012787567,
    "mu;1275_err": 0.07908686231021225,
    "n_bkg;1275": 4340.187363394067,
    "n_bkg;1275_err": 101.80850442813156,
    "n_sig;1275": 53144.828327297764,
    "n_sig;1275_err": 241.42302208149758,
    "r_params": {
        "alphaL": 2.0442307463476546,
        "alphaL_Kpipi": 0.23984147888569726,
        "alphaR": -1.5635580810722305,
        "alphaR_Kpipi": -3.45169511727099,
        "fraction_Kpipi": 0.8861855867303668,
        "muL_Kpipi": 5214.656416664541,
        "muR_Kpipi": 5183.074248990296,
        "nL": 0.28934445795207486,
        "nL_Kpipi": 4.413073505098077,
        "nR": 2.931995392704078,
        "nR_Kpipi": 1.3686501931786665e-08,
        "r_bkgK": 0.034754054837981975,
        "sigmaL_Kpipi": 19.133710600596434,
        "sigmaR_Kpipi": 39.32384704379869
    },
    "sigmaL;1275": 11.755895910287757,
    "sigmaL;1275_err": 0.18782184772456342,
    "sigmaR;1275": 17.84001076758696,
    "sigmaR;1275_err": 0.17182193037327567
}