{
    "fit_ok": true,
    "frac;1432": 0.3998222366251236,
    "frac;1432_err": 0.01626160408536557,
    "info_fit": "------------------------------------------------------------------\n| FCN = -3.172e+05              |     Ncalls=104 (104 total)     |\n| EDM = 5.19e-05 (Goal: 0.001)  |            up = 0.5            |\n------------------------------------------------------------------\n|  Valid Min.   | Valid Param.  | Above EDM | Reached call limit |\n------------------------------------------------------------------\n|     True      |     True      |   False   |       False        |\n------------------------------------------------------------------\n| Hesse failed  |   Has cov.    | Accurate  | Pos. def. | Forced |\n------------------------------------------------------------------\n|     False     |     True      |   True    |   True    | False  |\n------------------------------------------------------------------",
    "info_params": "name              value    minuit_hesse    at limit\n-----------  ----------  --------------  ----------\nn_sig;1432        52020     +/- 2.8e+02       False\u001b[0m\nn_bkg;1432         5507     +/- 1.8e+02       False\u001b[0m\nfrac;1432        0.3998     +/-   0.016       False\u001b[0m\nmu;1432            5279     +/-   0.079       False\u001b[0m\nsigmaL;1432       10.84     +/-    0.21       False\u001b[0m\nsigmaR;1432       17.62     +/-    0.18       False\u001b[0m\nlambda;1432  -0.0007286     +/- 0.00027       False\u001b[0m",
    "lambda;1432": -0.0007286394512833749,
    "lambda;1432_err": 0.0002654125439061056,
    "mu;1432": 5278.87189839147,
    "mu;1432_err": 0.0792003091791165,
    "n_bkg;1432": 5506.929014727576,
    "n_bkg;1432_err": 181.45344258912024,
    "n_sig;1432": 52020.6521784308,
    "n_sig;1432_err": 277.8908215306481,
    "r_params": {
        "alphaL": 1.9731617709104672,
        "alphaL_Kpipi": 0.23984147888569726,
        "alphaR": -1.6528881731084468,
        "alphaR_Kpipi": -3.45169511727099,
        "fraction_Kpipi": 0.8861855867303668,
        "muL_Kpipi": 5214.656416664541,
        "muR_Kpipi": 5183.074248990296,
        "nL": 0.3630474520099542,
        "nL_Kpipi": 4.413073505098077,
        "nR": 5.865020157795309,
        "nR_Kpipi": 1.3686501931786665e-08,
        "r_bkgK": 0.034754054837981975,
        "sigmaL_Kpipi": 19.133710600596434,
        "sigmaR_Kpipi": 39.32384704379869
    },
    "sigmaL;1432": 10.843857263546223,
    "sigmaL;1432_err": 0.21192568501195813,
    "sigmaR;1432": 17.6170768528156,
    "sigmaR;1432_err": 0.1849761399651628
}