{
    "fit_ok": true,
    "frac;985": 0.41537937688693655,
    "frac;985_err": 0.024684457416718007,
    "info_fit": "------------------------------------------------------------------\n| FCN = -3.172e+05              |     Ncalls=105 (105 total)     |\n| EDM = 1.18e-05 (Goal: 0.001)  |            up = 0.5            |\n------------------------------------------------------------------\n|  Valid Min.   | Valid Param.  | Above EDM | Reached call limit |\n------------------------------------------------------------------\n|     True      |     True      |   False   |       False        |\n------------------------------------------------------------------\n| Hesse failed  |   Has cov.    | Accurate  | Pos. def. | Forced |\n------------------------------------------------------------------\n|     False     |     True      |   True    |   True    | False  |\n------------------------------------------------------------------",
    "info_params": "name            value    minuit_hesse    at limit\n----------  ---------  --------------  ----------\nn_sig;985       50390     +/- 2.8e+02       False\u001b[0m\nn_bkg;985        7197     +/- 1.9e+02       False\u001b[0m\nfrac;985       0.4154     +/-   0.025       False\u001b[0m\nmu;985           5279     +/-   0.078       False\u001b[0m\nsigmaL;985      10.71     +/-    0.24       False\u001b[0m\nsigmaR;985      18.24     +/-    0.25       False\u001b[0m\nlambda;985  -0.002451     +/- 0.00019       False\u001b[0m",
    "lambda;985": -0.0024509675672270415,
    "lambda;985_err": 0.00019046185360762784,
    "mu;985": 5278.933254174882,
    "mu;985_err": 0.07828958665710525,
    "n_bkg;985": 7196.892080750078,
    "n_bkg;985_err": 187.0409026507322,
    "n_sig;985": 50388.59970133207,
    "n_sig;985_err": 275.6587384895796,
    "r_params": {
        "alphaL": 1.960034864412415,
        "alphaL_Kpipi": 0.23984147888569726,
        "alphaR": -1.9737500714260863,
        "alphaR_Kpipi": -3.45169511727099,
        "fraction_Kpipi": 0.8861855867303668,
        "muL_Kpipi": 5214.656416664541,
        "muR_Kpipi": 5183.074248990296,
        "nL": 0.6366337072918209,
        "nL_Kpipi": 4.413073505098077,
        "nR": 9.293756652607872,
        "nR_Kpipi": 1.3686501931786665e-08,
        "r_bkgK": 0.034754054837981975,
        "sigmaL_Kpipi": 19.133710600596434,
        "sigmaR_Kpipi": 39.32384704379869
    },
    "sigmaL;985": 10.709591615732702,
    "sigmaL;985_err": 0.24151507292408433,
    "sigmaR;985": 18.242735201037846,
    "sigmaR;985_err": 0.2469458407155886
}