{
    "fit_ok": true,
    "frac;686": 0.29486776903323986,
    "frac;686_err": 0.009057426529332493,
    "info_fit": "------------------------------------------------------------------\n| FCN = -3.172e+05              |     Ncalls=103 (103 total)     |\n| EDM = 1.53e-05 (Goal: 0.001)  |            up = 0.5            |\n------------------------------------------------------------------\n|  Valid Min.   | Valid Param.  | Above EDM | Reached call limit |\n------------------------------------------------------------------\n|     True      |     True      |   False   |       False        |\n------------------------------------------------------------------\n| Hesse failed  |   Has cov.    | Accurate  | Pos. def. | Forced |\n------------------------------------------------------------------\n|     False     |     True      |   True    |   True    | False  |\n------------------------------------------------------------------",
    "info_params": "name             value    minuit_hesse    at limit\n----------  ----------  --------------  ----------\nn_sig;686        52670     +/- 2.4e+02       False\u001b[0m\nn_bkg;686         4836     +/-   1e+02       False\u001b[0m\nfrac;686        0.2949     +/-  0.0091       False\u001b[0m\nmu;686            5279     +/-    0.08       False\u001b[0m\nsigmaL;686       10.14     +/-    0.29       False\u001b[0m\nsigmaR;686       16.42     +/-     0.1       False\u001b[0m\nlambda;686  -5.143e-10     +/- 3.6e-07       False\u001b[0m",
    "lambda;686": -5.142939407676295e-10,
    "lambda;686_err": 3.5784298545922676e-07,
    "mu;686": 5278.840103334418,
    "mu;686_err": 0.08027088824916302,
    "n_bkg;686": 4836.270043578028,
    "n_bkg;686_err": 102.50857023092766,
    "n_sig;686": 52665.861684269104,
    "n_sig;686_err": 239.69546185338413,
    "r_params": {
        "alphaL": 1.8430663420057254,
        "alphaL_Kpipi": 0.23984147888569726,
        "alphaR": -1.5943079521267436,
        "alphaR_Kpipi": -3.45169511727099,
        "fraction_Kpipi": 0.8861855867303668,
        "muL_Kpipi": 5214.656416664541,
        "muR_Kpipi": 5183.074248990296,
        "nL": 0.26081003635832156,
        "nL_Kpipi": 4.413073505098077,
        "nR": 4.611679617777483,
        "nR_Kpipi": 1.3686501931786665e-08,
        "r_bkgK": 0.034754054837981975,
        "sigmaL_Kpipi": 19.133710600596434,
        "sigmaR_Kpipi": 39.32384704379869
    },
    "sigmaL;686": 10.136050711773327,
    "sigmaL;686_err": 0.28840571946119714,
    "sigmaR;686": 16.423919914746584,
    "sigmaR;686_err": 0.10219221365164761
}