{
    "fit_ok": true,
    "frac;1152": 0.4533997057908309,
    "frac;1152_err": 0.02168272513716944,
    "info_fit": "------------------------------------------------------------------\n| FCN = -3.172e+05              |     Ncalls=105 (105 total)     |\n| EDM = 1.22e-05 (Goal: 0.001)  |            up = 0.5            |\n------------------------------------------------------------------\n|  Valid Min.   | Valid Param.  | Above EDM | Reached call limit |\n------------------------------------------------------------------\n|     True      |     True      |   False   |       False        |\n------------------------------------------------------------------\n| Hesse failed  |   Has cov.    | Accurate  | Pos. def. | Forced |\n------------------------------------------------------------------\n|     False     |     True      |   True    |   True    | False  |\n------------------------------------------------------------------",
    "info_params": "name             value    minuit_hesse    at limit\n-----------  ---------  --------------  ----------\nn_sig;1152       51410     +/- 2.8e+02       False\u001b[0m\nn_bkg;1152        6309     +/- 1.9e+02       False\u001b[0m\nfrac;1152       0.4534     +/-   0.022       False\u001b[0m\nmu;1152           5279     +/-   0.078       False\u001b[0m\nsigmaL;1152      11.14     +/-    0.21       False\u001b[0m\nsigmaR;1152      18.34     +/-    0.25       False\u001b[0m\nlambda;1152  -0.001714     +/- 0.00023       False\u001b[0m",
    "lambda;1152": -0.0017143254321919238,
    "lambda;1152_err": 0.00023247289794142044,
    "mu;1152": 5278.878436178194,
    "mu;1152_err": 0.0784514224063242,
    "n_bkg;1152": 6309.254559991167,
    "n_bkg;1152_err": 192.05644051218243,
    "n_sig;1152": 51412.38249573951,
    "n_sig;1152_err": 282.77669672459376,
    "r_params": {
        "alphaL": 2.032652256499463,
        "alphaL_Kpipi": 0.2434352881711051,
        "alphaR": -1.7656247571047547,
        "alphaR_Kpipi": -3.1084694087819185,
        "fraction_Kpipi": 0.8746141241514407,
        "muL_Kpipi": 5215.340423341782,
        "muR_Kpipi": 5178.452244652679,
        "nL": 0.4368034417751325,
        "nL_Kpipi": 4.330608492520941,
        "nR": 5.840596424652496,
        "nR_Kpipi": 0.00037263453215283026,
        "r_bkgK": 0.031423348438371995,
        "sigmaL_Kpipi": 18.91537006980923,
        "sigmaR_Kpipi": 41.38560599027363
    },
    "sigmaL;1152": 11.143520159858756,
    "sigmaL;1152_err": 0.21494965886546366,
    "sigmaR;1152": 18.340080842826637,
    "sigmaR;1152_err": 0.24967416551944205
}