{
    "fit_ok": true,
    "frac;572": 0.3752131973395656,
    "frac;572_err": 0.020283465461232934,
    "info_fit": "------------------------------------------------------------------\n| FCN = -3.172e+05              |     Ncalls=107 (107 total)     |\n| EDM = 1.54e-06 (Goal: 0.001)  |            up = 0.5            |\n------------------------------------------------------------------\n|  Valid Min.   | Valid Param.  | Above EDM | Reached call limit |\n------------------------------------------------------------------\n|     True      |     True      |   False   |       False        |\n------------------------------------------------------------------\n| Hesse failed  |   Has cov.    | Accurate  | Pos. def. | Forced |\n------------------------------------------------------------------\n|     False     |     True      |   True    |   True    | False  |\n------------------------------------------------------------------",
    "info_params": "name            value    minuit_hesse    at limit\n----------  ---------  --------------  ----------\nn_sig;572       51090     +/- 2.8e+02       False\u001b[0m\nn_bkg;572        5966     +/- 1.8e+02       False\u001b[0m\nfrac;572       0.3752     +/-    0.02       False\u001b[0m\nmu;572           5279     +/-   0.079       False\u001b[0m\nsigmaL;572      10.55     +/-    0.23       False\u001b[0m\nsigmaR;572      17.74     +/-    0.21       False\u001b[0m\nlambda;572  -0.001279     +/- 0.00024       False\u001b[0m",
    "lambda;572": -0.001278640521543084,
    "lambda;572_err": 0.00024201079233271953,
    "mu;572": 5278.874229713194,
    "mu;572_err": 0.07866071947704142,
    "n_bkg;572": 5966.340544099939,
    "n_bkg;572_err": 184.91165547352384,
    "n_sig;572": 51087.17123997304,
    "n_sig;572_err": 275.86516327774075,
    "r_params": {
        "alphaL": 2.032652256499463,
        "alphaL_Kpipi": 0.24766694366047692,
        "alphaR": -1.7656247571047547,
        "alphaR_Kpipi": -3.3551608447924695,
        "fraction_Kpipi": 0.8814696403083161,
        "muL_Kpipi": 5215.651626877248,
        "muR_Kpipi": 5184.298336883332,
        "nL": 0.4368034417751325,
        "nL_Kpipi": 3.9900881592639803,
        "nR": 5.840596424652496,
        "nR_Kpipi": 0.00012396192068665716,
        "r_bkgK": 0.04467312382699119,
        "sigmaL_Kpipi": 19.100671357269512,
        "sigmaR_Kpipi": 38.03198315554033
    },
    "sigmaL;572": 10.547763012858331,
    "sigmaL;572_err": 0.23211598578858209,
    "sigmaR;572": 17.739658157736486,
    "sigmaR;572_err": 0.20734730835675017
}