{
    "fit_ok": true,
    "frac;1265": 0.29349398534891313,
    "frac;1265_err": 0.01903784250108748,
    "info_fit": "------------------------------------------------------------------\n| FCN = -3.172e+05              |     Ncalls=105 (105 total)     |\n| EDM = 0.000194 (Goal: 0.001)  |            up = 0.5            |\n------------------------------------------------------------------\n|  Valid Min.   | Valid Param.  | Above EDM | Reached call limit |\n------------------------------------------------------------------\n|     True      |     True      |   False   |       False        |\n------------------------------------------------------------------\n| Hesse failed  |   Has cov.    | Accurate  | Pos. def. | Forced |\n------------------------------------------------------------------\n|     False     |     True      |   True    |   True    | False  |\n------------------------------------------------------------------",
    "info_params": "name              value    minuit_hesse    at limit\n-----------  ----------  --------------  ----------\nn_sig;1265        50740     +/- 2.7e+02       False\u001b[0m\nn_bkg;1265         5548     +/- 1.7e+02       False\u001b[0m\nfrac;1265        0.2935     +/-   0.019       False\u001b[0m\nmu;1265            5279     +/-   0.079       False\u001b[0m\nsigmaL;1265       9.816     +/-    0.28       False\u001b[0m\nsigmaR;1265        17.2     +/-    0.17       False\u001b[0m\nlambda;1265  -0.0006933     +/- 0.00025       False\u001b[0m",
    "lambda;1265": -0.0006932842842032189,
    "lambda;1265_err": 0.00025086733799725323,
    "mu;1265": 5278.858417045314,
    "mu;1265_err": 0.07897172716808608,
    "n_bkg;1265": 5547.724003242179,
    "n_bkg;1265_err": 172.37476787154228,
    "n_sig;1265": 50737.92238204253,
    "n_sig;1265_err": 265.7995159517848,
    "r_params": {
        "alphaL": 2.032652256499463,
        "alphaL_Kpipi": 0.22925724809014553,
        "alphaR": -1.7656247571047547,
        "alphaR_Kpipi": -3.0745305985444853,
        "fraction_Kpipi": 0.9058985937472722,
        "muL_Kpipi": 5215.399793439124,
        "muR_Kpipi": 5185.669657127919,
        "nL": 0.4368034417751325,
        "nL_Kpipi": 4.424543743057903,
        "nR": 5.840596424652496,
        "nR_Kpipi": 8.466891740056897e-05,
        "r_bkgK": 0.06007884534582379,
        "sigmaL_Kpipi": 19.252987462758217,
        "sigmaR_Kpipi": 40.61948326435342
    },
    "sigmaL;1265": 9.815646711199754,
    "sigmaL;1265_err": 0.2840820270479337,
    "sigmaR;1265": 17.199402461941077,
    "sigmaR;1265_err": 0.17233692781247564
}