{
    "fit_ok": true,
    "frac;1507": 0.47960192152172004,
    "frac;1507_err": 0.019619232805887166,
    "info_fit": "------------------------------------------------------------------\n| FCN = -3.172e+05              |     Ncalls=106 (106 total)     |\n| EDM = 9.48e-06 (Goal: 0.001)  |            up = 0.5            |\n------------------------------------------------------------------\n|  Valid Min.   | Valid Param.  | Above EDM | Reached call limit |\n------------------------------------------------------------------\n|     True      |     True      |   False   |       False        |\n------------------------------------------------------------------\n| Hesse failed  |   Has cov.    | Accurate  | Pos. def. | Forced |\n------------------------------------------------------------------\n|     False     |     True      |   True    |   True    | False  |\n------------------------------------------------------------------",
    "info_params": "name             value    minuit_hesse    at limit\n-----------  ---------  --------------  ----------\nn_sig;1507       51960     +/- 2.8e+02       False\u001b[0m\nn_bkg;1507        5574     +/- 1.8e+02       False\u001b[0m\nfrac;1507       0.4796     +/-    0.02       False\u001b[0m\nmu;1507           5279     +/-   0.078       False\u001b[0m\nsigmaL;1507      11.34     +/-     0.2       False\u001b[0m\nsigmaR;1507      18.69     +/-    0.25       False\u001b[0m\nlambda;1507  -0.001349     +/- 0.00025       False\u001b[0m",
    "lambda;1507": -0.001348512999641699,
    "lambda;1507_err": 0.0002539913139927589,
    "mu;1507": 5278.915903333798,
    "mu;1507_err": 0.07830501868136559,
    "n_bkg;1507": 5574.210374116227,
    "n_bkg;1507_err": 177.597626670319,
    "n_sig;1507": 51957.01230937532,
    "n_sig;1507_err": 275.47166782759774,
    "r_params": {
        "alphaL": 1.9986741754580857,
        "alphaL_Kpipi": 0.23984147888569726,
        "alphaR": -1.9123530753347404,
        "alphaR_Kpipi": -3.45169511727099,
        "fraction_Kpipi": 0.8861855867303668,
        "muL_Kpipi": 5214.656416664541,
        "muR_Kpipi": 5183.074248990296,
        "nL": 0.48419158005230506,
        "nL_Kpipi": 4.413073505098077,
        "nR": 2.344609733148278,
        "nR_Kpipi": 1.3686501931786665e-08,
        "r_bkgK": 0.034754054837981975,
        "sigmaL_Kpipi": 19.133710600596434,
        "sigmaR_Kpipi": 39.32384704379869
    },
    "sigmaL;1507": 11.338289440080967,
    "sigmaL;1507_err": 0.19683157271044424,
    "sigmaR;1507": 18.694055792763386,
    "sigmaR;1507_err": 0.2535166157216311
}