{
    "fit_ok": true,
    "frac;886": 0.4520243796596113,
    "frac;886_err": 0.021661905335319098,
    "info_fit": "------------------------------------------------------------------\n| FCN = -3.172e+05              |     Ncalls=106 (106 total)     |\n| EDM = 1.25e-05 (Goal: 0.001)  |            up = 0.5            |\n------------------------------------------------------------------\n|  Valid Min.   | Valid Param.  | Above EDM | Reached call limit |\n------------------------------------------------------------------\n|     True      |     True      |   False   |       False        |\n------------------------------------------------------------------\n| Hesse failed  |   Has cov.    | Accurate  | Pos. def. | Forced |\n------------------------------------------------------------------\n|     False     |     True      |   True    |   True    | False  |\n------------------------------------------------------------------",
    "info_params": "name            value    minuit_hesse    at limit\n----------  ---------  --------------  ----------\nn_sig;886       51420     +/- 2.8e+02       False\u001b[0m\nn_bkg;886        6321     +/- 1.9e+02       False\u001b[0m\nfrac;886        0.452     +/-   0.022       False\u001b[0m\nmu;886           5279     +/-   0.078       False\u001b[0m\nsigmaL;886      11.13     +/-    0.22       False\u001b[0m\nsigmaR;886      18.34     +/-    0.25       False\u001b[0m\nlambda;886  -0.001721     +/- 0.00023       False\u001b[0m",
    "lambda;886": -0.0017210273558604522,
    "lambda;886_err": 0.00023182461149704852,
    "mu;886": 5278.873462209631,
    "mu;886_err": 0.07846506177336443,
    "n_bkg;886": 6320.879985030737,
    "n_bkg;886_err": 191.88510415292254,
    "n_sig;886": 51415.14792869491,
    "n_sig;886_err": 282.7046120585452,
    "r_params": {
        "alphaL": 2.032652256499463,
        "alphaL_Kpipi": 0.2391829893407381,
        "alphaR": -1.7656247571047547,
        "alphaR_Kpipi": -3.5269532170143694,
        "fraction_Kpipi": 0.9499057506138472,
        "muL_Kpipi": 5214.116862528585,
        "muR_Kpipi": 5182.525658659597,
        "nL": 0.4368034417751325,
        "nL_Kpipi": 4.964001326249537,
        "nR": 5.840596424652496,
        "nR_Kpipi": 0.0005968726956327876,
        "r_bkgK": 0.031140269083584755,
        "sigmaL_Kpipi": 19.17913598575541,
        "sigmaR_Kpipi": 37.67002382087959
    },
    "sigmaL;886": 11.131982782858422,
    "sigmaL;886_err": 0.21524462699869873,
    "sigmaR;886": 18.338475356123414,
    "sigmaR;886_err": 0.24875832686844487
}