{
    "fit_ok": true,
    "frac;1252": 0.4117824011504007,
    "frac;1252_err": 0.021762058829563398,
    "info_fit": "------------------------------------------------------------------\n| FCN = -3.172e+05              |     Ncalls=105 (105 total)     |\n| EDM = 2.21e-05 (Goal: 0.001)  |            up = 0.5            |\n------------------------------------------------------------------\n|  Valid Min.   | Valid Param.  | Above EDM | Reached call limit |\n------------------------------------------------------------------\n|     True      |     True      |   False   |       False        |\n------------------------------------------------------------------\n| Hesse failed  |   Has cov.    | Accurate  | Pos. def. | Forced |\n------------------------------------------------------------------\n|     False     |     True      |   True    |   True    | False  |\n------------------------------------------------------------------",
    "info_params": "name             value    minuit_hesse    at limit\n-----------  ---------  --------------  ----------\nn_sig;1252       51080     +/- 2.8e+02       False\u001b[0m\nn_bkg;1252        6481     +/- 1.9e+02       False\u001b[0m\nfrac;1252       0.4118     +/-   0.022       False\u001b[0m\nmu;1252           5279     +/-   0.079       False\u001b[0m\nsigmaL;1252      10.78     +/-    0.23       False\u001b[0m\nsigmaR;1252      18.04     +/-    0.23       False\u001b[0m\nlambda;1252  -0.001803     +/- 0.00023       False\u001b[0m",
    "lambda;1252": -0.0018028867723343528,
    "lambda;1252_err": 0.00022544101437822837,
    "mu;1252": 5278.892013125792,
    "mu;1252_err": 0.07855484021079032,
    "n_bkg;1252": 6480.641545011427,
    "n_bkg;1252_err": 192.36495346466123,
    "n_sig;1252": 51080.86400480284,
    "n_sig;1252_err": 281.4658570772227,
    "r_params": {
        "alphaL": 2.008810322763013,
        "alphaL_Kpipi": 0.23984147888569726,
        "alphaR": -1.785249325490448,
        "alphaR_Kpipi": -3.45169511727099,
        "fraction_Kpipi": 0.8861855867303668,
        "muL_Kpipi": 5214.656416664541,
        "muR_Kpipi": 5183.074248990296,
        "nL": 0.46278634947175845,
        "nL_Kpipi": 4.413073505098077,
        "nR": 7.751967436824124,
        "nR_Kpipi": 1.3686501931786665e-08,
        "r_bkgK": 0.034754054837981975,
        "sigmaL_Kpipi": 19.133710600596434,
        "sigmaR_Kpipi": 39.32384704379869
    },
    "sigmaL;1252": 10.780527393488786,
    "sigmaL;1252_err": 0.2299320182498452,
    "sigmaR;1252": 18.04014188828599,
    "sigmaR;1252_err": 0.22785513057215315
}