{
    "fit_ok": true,
    "frac;180": 0.5134135707412872,
    "frac;180_err": 0.022393937915008225,
    "info_fit": "------------------------------------------------------------------\n| FCN = -3.172e+05              |     Ncalls=105 (105 total)     |\n| EDM = 5.86e-06 (Goal: 0.001)  |            up = 0.5            |\n------------------------------------------------------------------\n|  Valid Min.   | Valid Param.  | Above EDM | Reached call limit |\n------------------------------------------------------------------\n|     True      |     True      |   False   |       False        |\n------------------------------------------------------------------\n| Hesse failed  |   Has cov.    | Accurate  | Pos. def. | Forced |\n------------------------------------------------------------------\n|     False     |     True      |   True    |   True    | False  |\n------------------------------------------------------------------",
    "info_params": "name            value    minuit_hesse    at limit\n----------  ---------  --------------  ----------\nn_sig;180       51600     +/- 2.9e+02       False\u001b[0m\nn_bkg;180        6691     +/-   2e+02       False\u001b[0m\nfrac;180       0.5134     +/-   0.022       False\u001b[0m\nmu;180           5279     +/-   0.078       False\u001b[0m\nsigmaL;180      11.55     +/-     0.2       False\u001b[0m\nsigmaR;180      18.83     +/-    0.29       False\u001b[0m\nlambda;180  -0.002141     +/- 0.00022       False\u001b[0m",
    "lambda;180": -0.0021408103470389045,
    "lambda;180_err": 0.00021856074458794278,
    "mu;180": 5278.882326928624,
    "mu;180_err": 0.07830819854976497,
    "n_bkg;180": 6691.165612205174,
    "n_bkg;180_err": 195.693266576865,
    "n_sig;180": 51596.133691393996,
    "n_sig;180_err": 286.92721093900155,
    "r_params": {
        "alphaL": 2.032652256499463,
        "alphaL_Kpipi": 0.24157196149654306,
        "alphaR": -1.7656247571047547,
        "alphaR_Kpipi": -3.595655582145626,
        "fraction_Kpipi": 0.8871484681597333,
        "muL_Kpipi": 5215.129211105531,
        "muR_Kpipi": 5183.856755126324,
        "nL": 0.4368034417751325,
        "nL_Kpipi": 4.250629329100921,
        "nR": 5.840596424652496,
        "nR_Kpipi": 0.0001730535729050089,
        "r_bkgK": 0.020366994582435592,
        "sigmaL_Kpipi": 19.086042029341602,
        "sigmaR_Kpipi": 42.415205575051445
    },
    "sigmaL;180": 11.550846980396768,
    "sigmaL;180_err": 0.20015895792392382,
    "sigmaR;180": 18.832324905680615,
    "sigmaR;180_err": 0.2917699408452016
}