{
    "fit_ok": true,
    "frac;1226": 0.5010140574439768,
    "frac;1226_err": 0.022165083158897262,
    "info_fit": "------------------------------------------------------------------\n| FCN = -3.172e+05              |     Ncalls=105 (105 total)     |\n| EDM = 1.07e-05 (Goal: 0.001)  |            up = 0.5            |\n------------------------------------------------------------------\n|  Valid Min.   | Valid Param.  | Above EDM | Reached call limit |\n------------------------------------------------------------------\n|     True      |     True      |   False   |       False        |\n------------------------------------------------------------------\n| Hesse failed  |   Has cov.    | Accurate  | Pos. def. | Forced |\n------------------------------------------------------------------\n|     False     |     True      |   True    |   True    | False  |\n------------------------------------------------------------------",
    "info_params": "name             value    minuit_hesse    at limit\n-----------  ---------  --------------  ----------\nn_sig;1226       51570     +/- 2.9e+02       False\u001b[0m\nn_bkg;1226        6601     +/- 1.9e+02       False\u001b[0m\nfrac;1226        0.501     +/-   0.022       False\u001b[0m\nmu;1226           5279     +/-   0.078       False\u001b[0m\nsigmaL;1226      11.47     +/-     0.2       False\u001b[0m\nsigmaR;1226      18.73     +/-    0.28       False\u001b[0m\nlambda;1226  -0.002041     +/- 0.00022       False\u001b[0m",
    "lambda;1226": -0.002040907646740156,
    "lambda;1226_err": 0.0002216452844408095,
    "mu;1226": 5278.880982675831,
    "mu;1226_err": 0.07832421571136433,
    "n_bkg;1226": 6600.6965144580945,
    "n_bkg;1226_err": 194.87587913370618,
    "n_sig;1226": 51565.88949862547,
    "n_sig;1226_err": 286.03788850621135,
    "r_params": {
        "alphaL": 2.032652256499463,
        "alphaL_Kpipi": 0.23113760116169837,
        "alphaR": -1.7656247571047547,
        "alphaR_Kpipi": -3.751218268442095,
        "fraction_Kpipi": 0.8812574502286775,
        "muL_Kpipi": 5215.169408955664,
        "muR_Kpipi": 5186.281811079738,
        "nL": 0.4368034417751325,
        "nL_Kpipi": 4.573065255655459,
        "nR": 5.840596424652496,
        "nR_Kpipi": 4.9522674322845044e-05,
        "r_bkgK": 0.022710136270071544,
        "sigmaL_Kpipi": 18.896236121003753,
        "sigmaR_Kpipi": 40.17586579403803
    },
    "sigmaL;1226": 11.468413348699485,
    "sigmaL;1226_err": 0.2015443089067725,
    "sigmaR;1226": 18.731106048988906,
    "sigmaR;1226_err": 0.2820580587747486
}