{
    "fit_ok": true,
    "frac;95": 0.42435150477802097,
    "frac;95_err": 0.011002807775383571,
    "info_fit": "------------------------------------------------------------------\n| FCN = -3.171e+05              |     Ncalls=102 (102 total)     |\n| EDM = 0.0002 (Goal: 0.001)    |            up = 0.5            |\n------------------------------------------------------------------\n|  Valid Min.   | Valid Param.  | Above EDM | Reached call limit |\n------------------------------------------------------------------\n|     True      |     True      |   False   |       False        |\n------------------------------------------------------------------\n| Hesse failed  |   Has cov.    | Accurate  | Pos. def. | Forced |\n------------------------------------------------------------------\n|     False     |     True      |   True    |   True    | False  |\n------------------------------------------------------------------",
    "info_params": "name           value    minuit_hesse    at limit\n---------  ---------  --------------  ----------\nn_sig;95       53730     +/- 2.4e+02       False\u001b[0m\nn_bkg;95        3731     +/-   1e+02       False\u001b[0m\nfrac;95       0.4244     +/-   0.011       False\u001b[0m\nmu;95           5279     +/-   0.079       False\u001b[0m\nsigmaL;95      11.28     +/-    0.21       False\u001b[0m\nsigmaR;95      17.73     +/-    0.15       False\u001b[0m\nlambda;95  -3.77e-10     +/-   2e-07       False\u001b[0m",
    "lambda;95": -3.7702956035001733e-10,
    "lambda;95_err": 1.9864501644867179e-07,
    "mu;95": 5278.873059299186,
    "mu;95_err": 0.07912195773407983,
    "n_bkg;95": 3731.120699376675,
    "n_bkg;95_err": 101.83634879101037,
    "n_sig;95": 53732.96686603993,
    "n_sig;95_err": 243.87885937099563,
    "r_params": {
        "alphaL": 1.9887798302066908,
        "alphaL_Kpipi": 0.23984147888569726,
        "alphaR": -1.7622341192649207,
        "alphaR_Kpipi": -3.45169511727099,
        "fraction_Kpipi": 0.8861855867303668,
        "muL_Kpipi": 5214.656416664541,
        "muR_Kpipi": 5183.074248990296,
        "nL": 0.28434611302302093,
        "nL_Kpipi": 4.413073505098077,
        "nR": 1.7658501779735154,
        "nR_Kpipi": 1.3686501931786665e-08,
        "r_bkgK": 0.034754054837981975,
        "sigmaL_Kpipi": 19.133710600596434,
        "sigmaR_Kpipi": 39.32384704379869
    },
    "sigmaL;95": 11.275319611845099,
    "sigmaL;95_err": 0.208657609976677,
    "sigmaR;95": 17.727866096593278,
    "sigmaR;95_err": 0.14805105467180038
}