{
    "fit_ok": true,
    "frac;1464": 0.5542688984848585,
    "frac;1464_err": 0.026231354002252592,
    "info_fit": "------------------------------------------------------------------\n| FCN = -3.172e+05              |     Ncalls=105 (105 total)     |\n| EDM = 1.13e-05 (Goal: 0.001)  |            up = 0.5            |\n------------------------------------------------------------------\n|  Valid Min.   | Valid Param.  | Above EDM | Reached call limit |\n------------------------------------------------------------------\n|     True      |     True      |   False   |       False        |\n------------------------------------------------------------------\n| Hesse failed  |   Has cov.    | Accurate  | Pos. def. | Forced |\n------------------------------------------------------------------\n|     False     |     True      |   True    |   True    | False  |\n------------------------------------------------------------------",
    "info_params": "name             value    minuit_hesse    at limit\n-----------  ---------  --------------  ----------\nn_sig;1464       50730     +/- 2.7e+02       False\u001b[0m\nn_bkg;1464        6849     +/- 1.7e+02       False\u001b[0m\nfrac;1464       0.5543     +/-   0.026       False\u001b[0m\nmu;1464           5279     +/-   0.078       False\u001b[0m\nsigmaL;1464      11.85     +/-    0.21       False\u001b[0m\nsigmaR;1464      19.68     +/-    0.38       False\u001b[0m\nlambda;1464  -0.002447     +/- 0.00018       False\u001b[0m",
    "lambda;1464": -0.0024472546033401515,
    "lambda;1464_err": 0.00018287311949040995,
    "mu;1464": 5278.804673146769,
    "mu;1464_err": 0.07763418938795084,
    "n_bkg;1464": 6848.500822463107,
    "n_bkg;1464_err": 170.10221546195143,
    "n_sig;1464": 50727.153234520636,
    "n_sig;1464_err": 266.58570948120257,
    "r_params": {
        "alphaL": 2.167706045158784,
        "alphaL_Kpipi": 0.23984147888569726,
        "alphaR": -1.7591115337159222,
        "alphaR_Kpipi": -3.45169511727099,
        "fraction_Kpipi": 0.8861855867303668,
        "muL_Kpipi": 5214.656416664541,
        "muR_Kpipi": 5183.074248990296,
        "nL": 0.5745846158318723,
        "nL_Kpipi": 4.413073505098077,
        "nR": 4.716701802796448,
        "nR_Kpipi": 1.3686501931786665e-08,
        "r_bkgK": 0.034754054837981975,
        "sigmaL_Kpipi": 19.133710600596434,
        "sigmaR_Kpipi": 39.32384704379869
    },
    "sigmaL;1464": 11.852053069400764,
    "sigmaL;1464_err": 0.2058245679959584,
    "sigmaR;1464": 19.679401245366,
    "sigmaR;1464_err": 0.3804479450306792
}