{
    "fit_ok": true,
    "frac;44": 0.4938716503950098,
    "frac;44_err": 0.022078488452197113,
    "info_fit": "------------------------------------------------------------------\n| FCN = -3.172e+05              |     Ncalls=105 (105 total)     |\n| EDM = 7.22e-06 (Goal: 0.001)  |            up = 0.5            |\n------------------------------------------------------------------\n|  Valid Min.   | Valid Param.  | Above EDM | Reached call limit |\n------------------------------------------------------------------\n|     True      |     True      |   False   |       False        |\n------------------------------------------------------------------\n| Hesse failed  |   Has cov.    | Accurate  | Pos. def. | Forced |\n------------------------------------------------------------------\n|     False     |     True      |   True    |   True    | False  |\n------------------------------------------------------------------",
    "info_params": "name           value    minuit_hesse    at limit\n---------  ---------  --------------  ----------\nn_sig;44       51540     +/- 2.9e+02       False\u001b[0m\nn_bkg;44        6570     +/- 1.9e+02       False\u001b[0m\nfrac;44       0.4939     +/-   0.022       False\u001b[0m\nmu;44           5279     +/-   0.078       False\u001b[0m\nsigmaL;44      11.42     +/-     0.2       False\u001b[0m\nsigmaR;44      18.67     +/-    0.28       False\u001b[0m\nlambda;44  -0.002013     +/- 0.00022       False\u001b[0m",
    "lambda;44": -0.002012964489481864,
    "lambda;44_err": 0.00022255788998843719,
    "mu;44": 5278.879286834633,
    "mu;44_err": 0.07833653896080922,
    "n_bkg;44": 6569.546513827427,
    "n_bkg;44_err": 194.47290487352151,
    "n_sig;44": 51539.74752076064,
    "n_sig;44_err": 285.56812481172113,
    "r_params": {
        "alphaL": 2.032652256499463,
        "alphaL_Kpipi": 0.240382950707243,
        "alphaR": -1.7656247571047547,
        "alphaR_Kpipi": -3.177908975927581,
        "fraction_Kpipi": 0.8791095948697,
        "muL_Kpipi": 5214.953868887246,
        "muR_Kpipi": 5188.066761611995,
        "nL": 0.4368034417751325,
        "nL_Kpipi": 4.118609593809091,
        "nR": 5.840596424652496,
        "nR_Kpipi": 0.00026326862128067295,
        "r_bkgK": 0.023832001177111435,
        "sigmaL_Kpipi": 18.662342788496073,
        "sigmaR_Kpipi": 40.63719446700391
    },
    "sigmaL;44": 11.421904410522352,
    "sigmaL;44_err": 0.2024544039876889,
    "sigmaR;44": 18.668515195111524,
    "sigmaR;44_err": 0.27663903925195826
}