{
    "fit_ok": true,
    "frac;244": 0.3143874811057693,
    "frac;244_err": 0.019428915858150476,
    "info_fit": "------------------------------------------------------------------\n| FCN = -3.172e+05              |     Ncalls=101 (101 total)     |\n| EDM = 7.52e-05 (Goal: 0.001)  |            up = 0.5            |\n------------------------------------------------------------------\n|  Valid Min.   | Valid Param.  | Above EDM | Reached call limit |\n------------------------------------------------------------------\n|     True      |     True      |   False   |       False        |\n------------------------------------------------------------------\n| Hesse failed  |   Has cov.    | Accurate  | Pos. def. | Forced |\n------------------------------------------------------------------\n|     False     |     True      |   True    |   True    | False  |\n------------------------------------------------------------------",
    "info_params": "name             value    minuit_hesse    at limit\n----------  ----------  --------------  ----------\nn_sig;244        50810     +/- 2.7e+02       False\u001b[0m\nn_bkg;244         5712     +/- 1.8e+02       False\u001b[0m\nfrac;244        0.3144     +/-   0.019       False\u001b[0m\nmu;244            5279     +/-   0.079       False\u001b[0m\nsigmaL;244       10.03     +/-    0.26       False\u001b[0m\nsigmaR;244       17.32     +/-    0.18       False\u001b[0m\nlambda;244  -0.0009264     +/- 0.00025       False\u001b[0m",
    "lambda;244": -0.000926351646665477,
    "lambda;244_err": 0.0002479769419586266,
    "mu;244": 5278.85992632129,
    "mu;244_err": 0.07890994069105868,
    "n_bkg;244": 5712.258417105089,
    "n_bkg;244_err": 177.6909737759935,
    "n_sig;244": 50806.3452579725,
    "n_sig;244_err": 269.55013978970925,
    "r_params": {
        "alphaL": 2.032652256499463,
        "alphaL_Kpipi": 0.256713201532475,
        "alphaR": -1.7656247571047547,
        "alphaR_Kpipi": -3.457811316345227,
        "fraction_Kpipi": 0.8993808061213657,
        "muL_Kpipi": 5214.8242002939305,
        "muR_Kpipi": 5191.832182995378,
        "nL": 0.4368034417751325,
        "nL_Kpipi": 4.348899425359705,
        "nR": 5.840596424652496,
        "nR_Kpipi": 0.00028576503090452357,
        "r_bkgK": 0.05542237582472348,
        "sigmaL_Kpipi": 19.175017272787827,
        "sigmaR_Kpipi": 38.43987306045471
    },
    "sigmaL;244": 10.025974569614121,
    "sigmaL;244_err": 0.2644288691416765,
    "sigmaR;244": 17.32295112625569,
    "sigmaR;244_err": 0.18128759770546912
}