{
    "fit_ok": true,
    "frac;768": 0.4892141577138328,
    "frac;768_err": 0.026443684356339335,
    "info_fit": "------------------------------------------------------------------\n| FCN = -3.172e+05              |     Ncalls=105 (105 total)     |\n| EDM = 1.58e-06 (Goal: 0.001)  |            up = 0.5            |\n------------------------------------------------------------------\n|  Valid Min.   | Valid Param.  | Above EDM | Reached call limit |\n------------------------------------------------------------------\n|     True      |     True      |   False   |       False        |\n------------------------------------------------------------------\n| Hesse failed  |   Has cov.    | Accurate  | Pos. def. | Forced |\n------------------------------------------------------------------\n|     False     |     True      |   True    |   True    | False  |\n------------------------------------------------------------------",
    "info_params": "name            value    minuit_hesse    at limit\n----------  ---------  --------------  ----------\nn_sig;768       50480     +/- 2.7e+02       False\u001b[0m\nn_bkg;768        7100     +/- 1.8e+02       False\u001b[0m\nfrac;768       0.4892     +/-   0.026       False\u001b[0m\nmu;768           5279     +/-   0.078       False\u001b[0m\nsigmaL;768      11.38     +/-    0.22       False\u001b[0m\nsigmaR;768      18.83     +/-    0.31       False\u001b[0m\nlambda;768  -0.002513     +/- 0.00018       False\u001b[0m",
    "lambda;768": -0.002513175237225551,
    "lambda;768_err": 0.00018335420071591686,
    "mu;768": 5278.861133098071,
    "mu;768_err": 0.07801552961947981,
    "n_bkg;768": 7099.876748295423,
    "n_bkg;768_err": 177.78685785640465,
    "n_sig;768": 50483.57471181619,
    "n_sig;768_err": 270.2898289031709,
    "r_params": {
        "alphaL": 2.0369695497764013,
        "alphaL_Kpipi": 0.23984147888569726,
        "alphaR": -1.7923138647514967,
        "alphaR_Kpipi": -3.45169511727099,
        "fraction_Kpipi": 0.8861855867303668,
        "muL_Kpipi": 5214.656416664541,
        "muR_Kpipi": 5183.074248990296,
        "nL": 0.6677288620882844,
        "nL_Kpipi": 4.413073505098077,
        "nR": 7.447378063027435,
        "nR_Kpipi": 1.3686501931786665e-08,
        "r_bkgK": 0.034754054837981975,
        "sigmaL_Kpipi": 19.133710600596434,
        "sigmaR_Kpipi": 39.32384704379869
    },
    "sigmaL;768": 11.384335660753127,
    "sigmaL;768_err": 0.221816212646894,
    "sigmaR;768": 18.8267483292216,
    "sigmaR;768_err": 0.3079260338507312
}