{
    "fit_ok": true,
    "frac;802": 0.6613137068978661,
    "frac;802_err": 0.01767210764420204,
    "info_fit": "------------------------------------------------------------------\n| FCN = -3.171e+05              |     Ncalls=102 (102 total)     |\n| EDM = 0.000215 (Goal: 0.001)  |            up = 0.5            |\n------------------------------------------------------------------\n|  Valid Min.   | Valid Param.  | Above EDM | Reached call limit |\n------------------------------------------------------------------\n|     True      |     True      |   False   |       False        |\n------------------------------------------------------------------\n| Hesse failed  |   Has cov.    | Accurate  | Pos. def. | Forced |\n------------------------------------------------------------------\n|     False     |     True      |   True    |   True    | False  |\n------------------------------------------------------------------",
    "info_params": "name            value    minuit_hesse    at limit\n----------  ---------  --------------  ----------\nn_sig;802       51990     +/- 2.7e+02       False\u001b[0m\nn_bkg;802        5537     +/- 1.6e+02       False\u001b[0m\nfrac;802       0.6613     +/-   0.018       False\u001b[0m\nmu;802           5279     +/-   0.078       False\u001b[0m\nsigmaL;802      12.74     +/-    0.15       False\u001b[0m\nsigmaR;802      20.38     +/-    0.42       False\u001b[0m\nlambda;802  -0.001511     +/- 0.00022       False\u001b[0m",
    "lambda;802": -0.001511073970929283,
    "lambda;802_err": 0.00022240411380614611,
    "mu;802": 5278.844084692053,
    "mu;802_err": 0.0782938087404619,
    "n_bkg;802": 5536.581206242081,
    "n_bkg;802_err": 161.30088999796337,
    "n_sig;802": 51994.59735987881,
    "n_sig;802_err": 266.21252950712085,
    "r_params": {
        "alphaL": 2.0472553973755505,
        "alphaL_Kpipi": 0.23984147888569726,
        "alphaR": -1.5861584965598587,
        "alphaR_Kpipi": -3.45169511727099,
        "fraction_Kpipi": 0.8861855867303668,
        "muL_Kpipi": 5214.656416664541,
        "muR_Kpipi": 5183.074248990296,
        "nL": 0.6156200625410351,
        "nL_Kpipi": 4.413073505098077,
        "nR": 2.7433057893201336,
        "nR_Kpipi": 1.3686501931786665e-08,
        "r_bkgK": 0.034754054837981975,
        "sigmaL_Kpipi": 19.133710600596434,
        "sigmaR_Kpipi": 39.32384704379869
    },
    "sigmaL;802": 12.74330512093412,
    "sigmaL;802_err": 0.14920581998573937,
    "sigmaR;802": 20.379906445491738,
    "sigmaR;802_err": 0.4223959749403544
}