{
    "fit_ok": true,
    "frac;1529": 0.4230202726350142,
    "frac;1529_err": 0.02025686358583535,
    "info_fit": "------------------------------------------------------------------\n| FCN = -3.172e+05              |     Ncalls=102 (102 total)     |\n| EDM = 0.000135 (Goal: 0.001)  |            up = 0.5            |\n------------------------------------------------------------------\n|  Valid Min.   | Valid Param.  | Above EDM | Reached call limit |\n------------------------------------------------------------------\n|     True      |     True      |   False   |       False        |\n------------------------------------------------------------------\n| Hesse failed  |   Has cov.    | Accurate  | Pos. def. | Forced |\n------------------------------------------------------------------\n|     False     |     True      |   True    |   True    | False  |\n------------------------------------------------------------------",
    "info_params": "name             value    minuit_hesse    at limit\n-----------  ---------  --------------  ----------\nn_sig;1529       51590     +/- 2.8e+02       False\u001b[0m\nn_bkg;1529        5951     +/- 1.9e+02       False\u001b[0m\nfrac;1529        0.423     +/-    0.02       False\u001b[0m\nmu;1529           5279     +/-   0.079       False\u001b[0m\nsigmaL;1529      10.87     +/-    0.23       False\u001b[0m\nsigmaR;1529      18.17     +/-    0.22       False\u001b[0m\nlambda;1529  -0.001395     +/- 0.00025       False\u001b[0m",
    "lambda;1529": -0.0013954579791431027,
    "lambda;1529_err": 0.00024766027396635326,
    "mu;1529": 5278.900298610502,
    "mu;1529_err": 0.07853408569115594,
    "n_bkg;1529": 5950.580488552345,
    "n_bkg;1529_err": 188.67006930739933,
    "n_sig;1529": 51592.96103858382,
    "n_sig;1529_err": 280.92405508942164,
    "r_params": {
        "alphaL": 2.019486295829715,
        "alphaL_Kpipi": 0.23984147888569726,
        "alphaR": -1.8688021098021856,
        "alphaR_Kpipi": -3.45169511727099,
        "fraction_Kpipi": 0.8861855867303668,
        "muL_Kpipi": 5214.656416664541,
        "muR_Kpipi": 5183.074248990296,
        "nL": 0.41677292147714134,
        "nL_Kpipi": 4.413073505098077,
        "nR": 3.780390884208481,
        "nR_Kpipi": 1.3686501931786665e-08,
        "r_bkgK": 0.034754054837981975,
        "sigmaL_Kpipi": 19.133710600596434,
        "sigmaR_Kpipi": 39.32384704379869
    },
    "sigmaL;1529": 10.870866619016894,
    "sigmaL;1529_err": 0.22606903461637473,
    "sigmaR;1529": 18.172430387670133,
    "sigmaR;1529_err": 0.22397735126494062
}