{
    "fit_ok": true,
    "frac;23": 0.41653410929382906,
    "frac;23_err": 0.015316557915327397,
    "info_fit": "------------------------------------------------------------------\n| FCN = -3.172e+05              |     Ncalls=103 (103 total)     |\n| EDM = 7.9e-05 (Goal: 0.001)   |            up = 0.5            |\n------------------------------------------------------------------\n|  Valid Min.   | Valid Param.  | Above EDM | Reached call limit |\n------------------------------------------------------------------\n|     True      |     True      |   False   |       False        |\n------------------------------------------------------------------\n| Hesse failed  |   Has cov.    | Accurate  | Pos. def. | Forced |\n------------------------------------------------------------------\n|     False     |     True      |   True    |   True    | False  |\n------------------------------------------------------------------",
    "info_params": "name           value    minuit_hesse    at limit\n---------  ---------  --------------  ----------\nn_sig;23       52280     +/- 2.7e+02       False\u001b[0m\nn_bkg;23        5236     +/- 1.7e+02       False\u001b[0m\nfrac;23       0.4165     +/-   0.015       False\u001b[0m\nmu;23           5279     +/-   0.079       False\u001b[0m\nsigmaL;23      11.03     +/-    0.21       False\u001b[0m\nsigmaR;23      17.63     +/-    0.18       False\u001b[0m\nlambda;23  -0.000507     +/- 0.00027       False\u001b[0m",
    "lambda;23": -0.0005070452555386851,
    "lambda;23_err": 0.0002697293138155338,
    "mu;23": 5278.903130769496,
    "mu;23_err": 0.07949471920335521,
    "n_bkg;23": 5235.673092584367,
    "n_bkg;23_err": 173.32764920938857,
    "n_sig;23": 52282.573125103205,
    "n_sig;23_err": 273.9435276343167,
    "r_params": {
        "alphaL": 1.9117341314185723,
        "alphaL_Kpipi": 0.23984147888569726,
        "alphaR": -1.6729737656209742,
        "alphaR_Kpipi": -3.45169511727099,
        "fraction_Kpipi": 0.8861855867303668,
        "muL_Kpipi": 5214.656416664541,
        "muR_Kpipi": 5183.074248990296,
        "nL": 0.41605843725246455,
        "nL_Kpipi": 4.413073505098077,
        "nR": 4.3020948793017,
        "nR_Kpipi": 1.3686501931786665e-08,
        "r_bkgK": 0.034754054837981975,
        "sigmaL_Kpipi": 19.133710600596434,
        "sigmaR_Kpipi": 39.32384704379869
    },
    "sigmaL;23": 11.032619005371606,
    "sigmaL;23_err": 0.2101432623061857,
    "sigmaR;23": 17.629425025917254,
    "sigmaR;23_err": 0.18278739953186157
}