{
    "fit_ok": true,
    "frac;82": 0.321974016687148,
    "frac;82_err": 0.019342606816312186,
    "info_fit": "------------------------------------------------------------------\n| FCN = -3.172e+05              |     Ncalls=105 (105 total)     |\n| EDM = 5.09e-05 (Goal: 0.001)  |            up = 0.5            |\n------------------------------------------------------------------\n|  Valid Min.   | Valid Param.  | Above EDM | Reached call limit |\n------------------------------------------------------------------\n|     True      |     True      |   False   |       False        |\n------------------------------------------------------------------\n| Hesse failed  |   Has cov.    | Accurate  | Pos. def. | Forced |\n------------------------------------------------------------------\n|     False     |     True      |   True    |   True    | False  |\n------------------------------------------------------------------",
    "info_params": "name            value    minuit_hesse    at limit\n---------  ----------  --------------  ----------\nn_sig;82        50870     +/- 2.7e+02       False\u001b[0m\nn_bkg;82         5715     +/- 1.8e+02       False\u001b[0m\nfrac;82         0.322     +/-   0.019       False\u001b[0m\nmu;82            5279     +/-   0.079       False\u001b[0m\nsigmaL;82        10.1     +/-    0.26       False\u001b[0m\nsigmaR;82       17.38     +/-    0.18       False\u001b[0m\nlambda;82  -0.0009346     +/- 0.00025       False\u001b[0m",
    "lambda;82": -0.0009346079031493371,
    "lambda;82_err": 0.0002476309744467085,
    "mu;82": 5278.858915730158,
    "mu;82_err": 0.07883533618345617,
    "n_bkg;82": 5714.523455422676,
    "n_bkg;82_err": 177.74004068420874,
    "n_sig;82": 50868.62752615598,
    "n_sig;82_err": 269.920452116433,
    "r_params": {
        "alphaL": 2.032652256499463,
        "alphaL_Kpipi": 0.2530227455040939,
        "alphaR": -1.7656247571047547,
        "alphaR_Kpipi": -3.283589546978086,
        "fraction_Kpipi": 0.892230007867918,
        "muL_Kpipi": 5215.772489680686,
        "muR_Kpipi": 5179.489632072211,
        "nL": 0.4368034417751325,
        "nL_Kpipi": 4.754197294578585,
        "nR": 5.840596424652496,
        "nR_Kpipi": 0.0002514294912458718,
        "r_bkgK": 0.05409250674175189,
        "sigmaL_Kpipi": 18.709095277190404,
        "sigmaR_Kpipi": 38.73049073816808
    },
    "sigmaL;82": 10.095025503594993,
    "sigmaL;82_err": 0.2566727088234928,
    "sigmaR;82": 17.38161955558148,
    "sigmaR;82_err": 0.18346053500759005
}