{
    "fit_ok": true,
    "frac;1375": 0.6235096601711548,
    "frac;1375_err": 0.020248098077793143,
    "info_fit": "------------------------------------------------------------------\n| FCN = -3.171e+05              |     Ncalls=102 (102 total)     |\n| EDM = 0.000145 (Goal: 0.001)  |            up = 0.5            |\n------------------------------------------------------------------\n|  Valid Min.   | Valid Param.  | Above EDM | Reached call limit |\n------------------------------------------------------------------\n|     True      |     True      |   False   |       False        |\n------------------------------------------------------------------\n| Hesse failed  |   Has cov.    | Accurate  | Pos. def. | Forced |\n------------------------------------------------------------------\n|     False     |     True      |   True    |   True    | False  |\n------------------------------------------------------------------",
    "info_params": "name             value    minuit_hesse    at limit\n-----------  ---------  --------------  ----------\nn_sig;1375       51910     +/- 2.6e+02       False\u001b[0m\nn_bkg;1375        5625     +/- 1.5e+02       False\u001b[0m\nfrac;1375       0.6235     +/-    0.02       False\u001b[0m\nmu;1375           5279     +/-   0.077       False\u001b[0m\nsigmaL;1375      12.33     +/-    0.17       False\u001b[0m\nsigmaR;1375      20.79     +/-     0.4       False\u001b[0m\nlambda;1375  -0.002121     +/- 0.00022       False\u001b[0m",
    "lambda;1375": -0.00212110374829734,
    "lambda;1375_err": 0.00022428187811678093,
    "mu;1375": 5278.865793013062,
    "mu;1375_err": 0.0774794005413526,
    "n_bkg;1375": 5624.9347469656805,
    "n_bkg;1375_err": 154.94722588835782,
    "n_sig;1375": 51908.10452769064,
    "n_sig;1375_err": 262.3556494536473,
    "r_params": {
        "alphaL": 2.1038769115302487,
        "alphaL_Kpipi": 0.23984147888569726,
        "alphaR": -1.8920397560712212,
        "alphaR_Kpipi": -3.45169511727099,
        "fraction_Kpipi": 0.8861855867303668,
        "muL_Kpipi": 5214.656416664541,
        "muR_Kpipi": 5183.074248990296,
        "nL": 0.5832530852106274,
        "nL_Kpipi": 4.413073505098077,
        "nR": 1.5570564200985757,
        "nR_Kpipi": 1.3686501931786665e-08,
        "r_bkgK": 0.034754054837981975,
        "sigmaL_Kpipi": 19.133710600596434,
        "sigmaR_Kpipi": 39.32384704379869
    },
    "sigmaL;1375": 12.329535627898228,
    "sigmaL;1375_err": 0.1669995600325869,
    "sigmaR;1375": 20.792208234173454,
    "sigmaR;1375_err": 0.40350227913518577
}