{
    "fit_ok": true,
    "frac;916": 0.3164111033575653,
    "frac;916_err": 0.016365394751023714,
    "info_fit": "------------------------------------------------------------------\n| FCN = -3.172e+05              |     Ncalls=101 (101 total)     |\n| EDM = 7.11e-05 (Goal: 0.001)  |            up = 0.5            |\n------------------------------------------------------------------\n|  Valid Min.   | Valid Param.  | Above EDM | Reached call limit |\n------------------------------------------------------------------\n|     True      |     True      |   False   |       False        |\n------------------------------------------------------------------\n| Hesse failed  |   Has cov.    | Accurate  | Pos. def. | Forced |\n------------------------------------------------------------------\n|     False     |     True      |   True    |   True    | False  |\n------------------------------------------------------------------",
    "info_params": "name            value    minuit_hesse    at limit\n----------  ---------  --------------  ----------\nn_sig;916       51390     +/- 2.8e+02       False\u001b[0m\nn_bkg;916        6161     +/- 1.9e+02       False\u001b[0m\nfrac;916       0.3164     +/-   0.016       False\u001b[0m\nmu;916           5279     +/-    0.08       False\u001b[0m\nsigmaL;916      9.887     +/-    0.26       False\u001b[0m\nsigmaR;916      17.18     +/-    0.16       False\u001b[0m\nlambda;916  -0.001342     +/- 0.00025       False\u001b[0m",
    "lambda;916": -0.001342178340091607,
    "lambda;916_err": 0.00024700801701284085,
    "mu;916": 5278.932818805764,
    "mu;916_err": 0.07957695240701287,
    "n_bkg;916": 6161.254903569385,
    "n_bkg;916_err": 194.58844170392928,
    "n_sig;916": 51387.40343190115,
    "n_sig;916_err": 283.83625274272094,
    "r_params": {
        "alphaL": 1.9366426786448654,
        "alphaL_Kpipi": 0.23984147888569726,
        "alphaR": -1.7941023005905545,
        "alphaR_Kpipi": -3.45169511727099,
        "fraction_Kpipi": 0.8861855867303668,
        "muL_Kpipi": 5214.656416664541,
        "muR_Kpipi": 5183.074248990296,
        "nL": 0.3438253314175477,
        "nL_Kpipi": 4.413073505098077,
        "nR": 8.50506923721476,
        "nR_Kpipi": 1.3686501931786665e-08,
        "r_bkgK": 0.034754054837981975,
        "sigmaL_Kpipi": 19.133710600596434,
        "sigmaR_Kpipi": 39.32384704379869
    },
    "sigmaL;916": 9.886940260613404,
    "sigmaL;916_err": 0.26270504323909094,
    "sigmaR;916": 17.18107411045233,
    "sigmaR;916_err": 0.15680209027280614
}