{
    "fit_ok": true,
    "frac;1229": 0.5335284358731169,
    "frac;1229_err": 0.012983172178481382,
    "info_fit": "------------------------------------------------------------------\n| FCN = -3.172e+05              |     Ncalls=103 (103 total)     |\n| EDM = 5e-06 (Goal: 0.001)     |            up = 0.5            |\n------------------------------------------------------------------\n|  Valid Min.   | Valid Param.  | Above EDM | Reached call limit |\n------------------------------------------------------------------\n|     True      |     True      |   False   |       False        |\n------------------------------------------------------------------\n| Hesse failed  |   Has cov.    | Accurate  | Pos. def. | Forced |\n------------------------------------------------------------------\n|     False     |     True      |   True    |   True    | False  |\n------------------------------------------------------------------",
    "info_params": "name              value    minuit_hesse    at limit\n-----------  ----------  --------------  ----------\nn_sig;1229        53030     +/- 2.5e+02       False\u001b[0m\nn_bkg;1229         4464     +/- 1.2e+02       False\u001b[0m\nfrac;1229        0.5335     +/-   0.013       False\u001b[0m\nmu;1229            5279     +/-   0.079       False\u001b[0m\nsigmaL;1229       12.05     +/-    0.17       False\u001b[0m\nsigmaR;1229       18.35     +/-    0.22       False\u001b[0m\nlambda;1229  -1.091e-09     +/- 1.3e-06       False\u001b[0m",
    "lambda;1229": -1.0910721909285215e-09,
    "lambda;1229_err": 1.276793748480857e-06,
    "mu;1229": 5278.920215159725,
    "mu;1229_err": 0.07927312097592083,
    "n_bkg;1229": 4463.64145613996,
    "n_bkg;1229_err": 119.19375914533522,
    "n_sig;1229": 53029.06628530789,
    "n_sig;1229_err": 248.37237159307284,
    "r_params": {
        "alphaL": 1.8818663489296132,
        "alphaL_Kpipi": 0.23984147888569726,
        "alphaR": -1.6320945046764204,
        "alphaR_Kpipi": -3.45169511727099,
        "fraction_Kpipi": 0.8861855867303668,
        "muL_Kpipi": 5214.656416664541,
        "muR_Kpipi": 5183.074248990296,
        "nL": 0.5291795789881767,
        "nL_Kpipi": 4.413073505098077,
        "nR": 2.5732591914536957,
        "nR_Kpipi": 1.3686501931786665e-08,
        "r_bkgK": 0.034754054837981975,
        "sigmaL_Kpipi": 19.133710600596434,
        "sigmaR_Kpipi": 39.32384704379869
    },
    "sigmaL;1229": 12.05309812138838,
    "sigmaL;1229_err": 0.17227312869514882,
    "sigmaR;1229": 18.350509459952114,
    "sigmaR;1229_err": 0.21870278789581324
}