{
    "fit_ok": true,
    "frac;1005": 0.6455409051197037,
    "frac;1005_err": 0.005628074865035832,
    "info_fit": "------------------------------------------------------------------\n| FCN = -3.171e+05              |     Ncalls=106 (106 total)     |\n| EDM = 3.65e-05 (Goal: 0.001)  |            up = 0.5            |\n------------------------------------------------------------------\n|  Valid Min.   | Valid Param.  | Above EDM | Reached call limit |\n------------------------------------------------------------------\n|     True      |     True      |   False   |       False        |\n------------------------------------------------------------------\n| Hesse failed  |   Has cov.    | Accurate  | Pos. def. | Forced |\n------------------------------------------------------------------\n|     False     |     True      |   True    |   True    | False  |\n------------------------------------------------------------------",
    "info_params": "name            value    minuit_hesse    at limit\n-----------  --------  --------------  ----------\nn_sig;1005      56350     +/- 2.6e+02       False\u001b[0m\nn_bkg;1005       1026     +/- 1.1e+02       False\u001b[0m\nfrac;1005      0.6455     +/-  0.0056       False\u001b[0m\nmu;1005          5279     +/-   0.077       False\u001b[0m\nsigmaL;1005     12.69     +/-     0.1       False\u001b[0m\nsigmaR;1005     23.63     +/-    0.33       False\u001b[0m\nlambda;1005  -0.02604     +/-  0.0036       False\u001b[0m",
    "lambda;1005": -0.02604082711035763,
    "lambda;1005_err": 0.0035719396346766525,
    "mu;1005": 5278.893645630994,
    "mu;1005_err": 0.07739461887319701,
    "n_bkg;1005": 1025.5696432213117,
    "n_bkg;1005_err": 107.4643858724455,
    "n_sig;1005": 56351.4445311557,
    "n_sig;1005_err": 256.4434122322356,
    "r_params": {
        "alphaL": 2.1438388293613047,
        "alphaL_Kpipi": 0.23984147888569726,
        "alphaR": -1.7937685141633744,
        "alphaR_Kpipi": -3.45169511727099,
        "fraction_Kpipi": 0.8861855867303668,
        "muL_Kpipi": 5214.656416664541,
        "muR_Kpipi": 5183.074248990296,
        "nL": 0.4616452572661099,
        "nL_Kpipi": 4.413073505098077,
        "nR": 0.4787678949387697,
        "nR_Kpipi": 1.3686501931786665e-08,
        "r_bkgK": 0.034754054837981975,
        "sigmaL_Kpipi": 19.133710600596434,
        "sigmaR_Kpipi": 39.32384704379869
    },
    "sigmaL;1005": 12.688626396115524,
    "sigmaL;1005_err": 0.10203815470808687,
    "sigmaR;1005": 23.625218021605427,
    "sigmaR;1005_err": 0.3306672258149473
}