{
    "fit_ok": true,
    "frac;751": 0.4300805593641637,
    "frac;751_err": 0.024036099724351587,
    "info_fit": "------------------------------------------------------------------\n| FCN = -3.172e+05              |     Ncalls=106 (106 total)     |\n| EDM = 2.98e-05 (Goal: 0.001)  |            up = 0.5            |\n------------------------------------------------------------------\n|  Valid Min.   | Valid Param.  | Above EDM | Reached call limit |\n------------------------------------------------------------------\n|     True      |     True      |   False   |       False        |\n------------------------------------------------------------------\n| Hesse failed  |   Has cov.    | Accurate  | Pos. def. | Forced |\n------------------------------------------------------------------\n|     False     |     True      |   True    |   True    | False  |\n------------------------------------------------------------------",
    "info_params": "name            value    minuit_hesse    at limit\n----------  ---------  --------------  ----------\nn_sig;751       50760     +/- 2.8e+02       False\u001b[0m\nn_bkg;751        6810     +/- 1.9e+02       False\u001b[0m\nfrac;751       0.4301     +/-   0.024       False\u001b[0m\nmu;751           5279     +/-   0.078       False\u001b[0m\nsigmaL;751      10.92     +/-    0.24       False\u001b[0m\nsigmaR;751      18.22     +/-    0.25       False\u001b[0m\nlambda;751  -0.002151     +/- 0.00021       False\u001b[0m",
    "lambda;751": -0.002151177866642956,
    "lambda;751_err": 0.00020772379667392642,
    "mu;751": 5278.897390668165,
    "mu;751_err": 0.07845986051932972,
    "n_bkg;751": 6809.900189152064,
    "n_bkg;751_err": 189.6154774803681,
    "n_sig;751": 50763.012421561856,
    "n_sig;751_err": 278.6203508317921,
    "r_params": {
        "alphaL": 1.991609113311574,
        "alphaL_Kpipi": 0.23984147888569726,
        "alphaR": -1.8100601400422895,
        "alphaR_Kpipi": -3.45169511727099,
        "fraction_Kpipi": 0.8861855867303668,
        "muL_Kpipi": 5214.656416664541,
        "muR_Kpipi": 5183.074248990296,
        "nL": 0.5590898123027379,
        "nL_Kpipi": 4.413073505098077,
        "nR": 8.315326280793041,
        "nR_Kpipi": 1.3686501931786665e-08,
        "r_bkgK": 0.034754054837981975,
        "sigmaL_Kpipi": 19.133710600596434,
        "sigmaR_Kpipi": 39.32384704379869
    },
    "sigmaL;751": 10.916949896030882,
    "sigmaL;751_err": 0.2367451111512323,
    "sigmaR;751": 18.22467754372873,
    "sigmaR;751_err": 0.24947618385119902
}