{
    "fit_ok": true,
    "frac;48": 0.4416084912220943,
    "frac;48_err": 0.021029796373302927,
    "info_fit": "------------------------------------------------------------------\n| FCN = -3.172e+05              |     Ncalls=105 (105 total)     |\n| EDM = 2.85e-05 (Goal: 0.001)  |            up = 0.5            |\n------------------------------------------------------------------\n|  Valid Min.   | Valid Param.  | Above EDM | Reached call limit |\n------------------------------------------------------------------\n|     True      |     True      |   False   |       False        |\n------------------------------------------------------------------\n| Hesse failed  |   Has cov.    | Accurate  | Pos. def. | Forced |\n------------------------------------------------------------------\n|     False     |     True      |   True    |   True    | False  |\n------------------------------------------------------------------",
    "info_params": "name           value    minuit_hesse    at limit\n---------  ---------  --------------  ----------\nn_sig;48       51470     +/- 2.8e+02       False\u001b[0m\nn_bkg;48        6092     +/- 1.9e+02       False\u001b[0m\nfrac;48       0.4416     +/-   0.021       False\u001b[0m\nmu;48           5279     +/-   0.079       False\u001b[0m\nsigmaL;48      11.03     +/-    0.22       False\u001b[0m\nsigmaR;48      18.34     +/-    0.24       False\u001b[0m\nlambda;48  -0.001442     +/- 0.00024       False\u001b[0m",
    "lambda;48": -0.0014421946682181969,
    "lambda;48_err": 0.0002394450319712975,
    "mu;48": 5278.86563852311,
    "mu;48_err": 0.07853591398932586,
    "n_bkg;48": 6092.164301818726,
    "n_bkg;48_err": 188.5452189445085,
    "n_sig;48": 51465.90146562284,
    "n_sig;48_err": 280.41613618648773,
    "r_params": {
        "alphaL": 2.032652256499463,
        "alphaL_Kpipi": 0.22063827329340904,
        "alphaR": -1.7656247571047547,
        "alphaR_Kpipi": -3.422810807812883,
        "fraction_Kpipi": 0.8786923089539285,
        "muL_Kpipi": 5213.0608366314345,
        "muR_Kpipi": 5185.365480918291,
        "nL": 0.4368034417751325,
        "nL_Kpipi": 5.109532615914412,
        "nR": 5.840596424652496,
        "nR_Kpipi": 9.473268772788858e-05,
        "r_bkgK": 0.034551953167421004,
        "sigmaL_Kpipi": 18.8633922824316,
        "sigmaR_Kpipi": 37.53818864854848
    },
    "sigmaL;48": 11.033891948903438,
    "sigmaL;48_err": 0.2166689075491538,
    "sigmaR;48": 18.34334711402507,
    "sigmaR;48_err": 0.2413837119178016
}