{
    "fit_ok": true,
    "frac;404": 0.5228333886089918,
    "frac;404_err": 0.022522871573151287,
    "info_fit": "------------------------------------------------------------------\n| FCN = -3.172e+05              |     Ncalls=105 (105 total)     |\n| EDM = 4e-06 (Goal: 0.001)     |            up = 0.5            |\n------------------------------------------------------------------\n|  Valid Min.   | Valid Param.  | Above EDM | Reached call limit |\n------------------------------------------------------------------\n|     True      |     True      |   False   |       False        |\n------------------------------------------------------------------\n| Hesse failed  |   Has cov.    | Accurate  | Pos. def. | Forced |\n------------------------------------------------------------------\n|     False     |     True      |   True    |   True    | False  |\n------------------------------------------------------------------",
    "info_params": "name           value    minuit_hesse    at limit\n----------  --------  --------------  ----------\nn_sig;404      51640     +/- 2.9e+02       False\u001b[0m\nn_bkg;404       6737     +/-   2e+02       False\u001b[0m\nfrac;404      0.5228     +/-   0.023       False\u001b[0m\nmu;404          5279     +/-   0.078       False\u001b[0m\nsigmaL;404     11.61     +/-     0.2       False\u001b[0m\nsigmaR;404     18.93     +/-     0.3       False\u001b[0m\nlambda;404  -0.00219     +/- 0.00022       False\u001b[0m",
    "lambda;404": -0.002189965140733399,
    "lambda;404_err": 0.00021706829185237463,
    "mu;404": 5278.881323304531,
    "mu;404_err": 0.07830370928489618,
    "n_bkg;404": 6736.635941669054,
    "n_bkg;404_err": 196.12028915616506,
    "n_sig;404": 51635.691394244765,
    "n_sig;404_err": 287.52240899331457,
    "r_params": {
        "alphaL": 2.032652256499463,
        "alphaL_Kpipi": 0.24467493351489228,
        "alphaR": -1.7656247571047547,
        "alphaR_Kpipi": -3.6166895242759245,
        "fraction_Kpipi": 0.9009897829684863,
        "muL_Kpipi": 5214.816665553968,
        "muR_Kpipi": 5184.030195287903,
        "nL": 0.4368034417751325,
        "nL_Kpipi": 4.221411642859914,
        "nR": 5.840596424652496,
        "nR_Kpipi": 0.00044082257953742635,
        "r_bkgK": 0.018706256709553226,
        "sigmaL_Kpipi": 19.371823152534887,
        "sigmaR_Kpipi": 36.555955133034836
    },
    "sigmaL;404": 11.610925127009708,
    "sigmaL;404_err": 0.199434475523945,
    "sigmaR;404": 18.925538810344943,
    "sigmaR;404_err": 0.2995002703979695
}