{
    "fit_ok": true,
    "frac;1113": 0.6209716514427035,
    "frac;1113_err": 0.022907305322594926,
    "info_fit": "------------------------------------------------------------------\n| FCN = -3.172e+05              |     Ncalls=103 (103 total)     |\n| EDM = 1.87e-05 (Goal: 0.001)  |            up = 0.5            |\n------------------------------------------------------------------\n|  Valid Min.   | Valid Param.  | Above EDM | Reached call limit |\n------------------------------------------------------------------\n|     True      |     True      |   False   |       False        |\n------------------------------------------------------------------\n| Hesse failed  |   Has cov.    | Accurate  | Pos. def. | Forced |\n------------------------------------------------------------------\n|     False     |     True      |   True    |   True    | False  |\n------------------------------------------------------------------",
    "info_params": "name             value    minuit_hesse    at limit\n-----------  ---------  --------------  ----------\nn_sig;1113       51930     +/- 2.9e+02       False\u001b[0m\nn_bkg;1113        7351     +/-   2e+02       False\u001b[0m\nfrac;1113        0.621     +/-   0.023       False\u001b[0m\nmu;1113           5279     +/-   0.078       False\u001b[0m\nsigmaL;1113      12.21     +/-    0.18       False\u001b[0m\nsigmaR;1113      19.99     +/-    0.41       False\u001b[0m\nlambda;1113  -0.002803     +/- 0.00019       False\u001b[0m",
    "lambda;1113": -0.0028027305059880325,
    "lambda;1113_err": 0.00019444881506182847,
    "mu;1113": 5278.875604815665,
    "mu;1113_err": 0.07819522230303456,
    "n_bkg;1113": 7350.617043751885,
    "n_bkg;1113_err": 197.69259415511416,
    "n_sig;1113": 51929.8976821287,
    "n_sig;1113_err": 291.52447829224104,
    "r_params": {
        "alphaL": 2.032652256499463,
        "alphaL_Kpipi": 0.20195432889138523,
        "alphaR": -1.7656247571047547,
        "alphaR_Kpipi": -3.519910747493986,
        "fraction_Kpipi": 0.9008761580726472,
        "muL_Kpipi": 5214.7548584080005,
        "muR_Kpipi": 5177.40592336924,
        "nL": 0.4368034417751325,
        "nL_Kpipi": 3.9754951906407237,
        "nR": 5.840596424652496,
        "nR_Kpipi": 0.00021530188585830443,
        "r_bkgK": 0.0011369947598080035,
        "sigmaL_Kpipi": 19.031885761890862,
        "sigmaR_Kpipi": 38.83328799729596
    },
    "sigmaL;1113": 12.213640274161335,
    "sigmaL;1113_err": 0.18094620708752737,
    "sigmaR;1113": 19.98673670909999,
    "sigmaR;1113_err": 0.40510471975411905
}