{
    "fit_ok": true,
    "frac;686": 0.4163359908400956,
    "frac;686_err": 0.020816043505535363,
    "info_fit": "------------------------------------------------------------------\n| FCN = -3.172e+05              |     Ncalls=140 (140 total)     |\n| EDM = 0.000257 (Goal: 0.001)  |            up = 0.5            |\n------------------------------------------------------------------\n|  Valid Min.   | Valid Param.  | Above EDM | Reached call limit |\n------------------------------------------------------------------\n|     True      |     True      |   False   |       False        |\n------------------------------------------------------------------\n| Hesse failed  |   Has cov.    | Accurate  | Pos. def. | Forced |\n------------------------------------------------------------------\n|     False     |     True      |   True    |   True    | False  |\n------------------------------------------------------------------",
    "info_params": "name            value    minuit_hesse    at limit\n----------  ---------  --------------  ----------\nn_sig;686       51370     +/- 2.8e+02       False\u001b[0m\nn_bkg;686        5957     +/- 1.9e+02       False\u001b[0m\nfrac;686       0.4163     +/-   0.021       False\u001b[0m\nmu;686           5279     +/-   0.079       False\u001b[0m\nsigmaL;686      10.84     +/-    0.23       False\u001b[0m\nsigmaR;686      18.14     +/-    0.23       False\u001b[0m\nlambda;686  -0.001262     +/- 0.00024       False\u001b[0m",
    "lambda;686": -0.001261872723631846,
    "lambda;686_err": 0.0002443321577140915,
    "mu;686": 5278.867166482981,
    "mu;686_err": 0.07866432033033616,
    "n_bkg;686": 5956.596988175631,
    "n_bkg;686_err": 186.00916210256872,
    "n_sig;686": 51365.211010233405,
    "n_sig;686_err": 277.8282683837564,
    "r_params": {
        "alphaL": 2.032652256499463,
        "alphaL_Kpipi": 0.23511753913516845,
        "alphaR": -1.7656247571047547,
        "alphaR_Kpipi": -3.450417001688532,
        "fraction_Kpipi": 0.884879526320369,
        "muL_Kpipi": 5212.739758641789,
        "muR_Kpipi": 5180.378225003107,
        "nL": 0.4368034417751325,
        "nL_Kpipi": 4.467000402269279,
        "nR": 5.840596424652496,
        "nR_Kpipi": 0.00010166862317445594,
        "r_bkgK": 0.03925628681433031,
        "sigmaL_Kpipi": 19.604384873549787,
        "sigmaR_Kpipi": 40.968212706056015
    },
    "sigmaL;686": 10.843672503190863,
    "sigmaL;686_err": 0.22904232517472206,
    "sigmaR;686": 18.144954713831694,
    "sigmaR;686_err": 0.22696066258918893
}