{
    "fit_ok": true,
    "frac;59": 0.4750503594929622,
    "frac;59_err": 0.021808777524105247,
    "info_fit": "------------------------------------------------------------------\n| FCN = -3.172e+05              |     Ncalls=105 (105 total)     |\n| EDM = 8.68e-06 (Goal: 0.001)  |            up = 0.5            |\n------------------------------------------------------------------\n|  Valid Min.   | Valid Param.  | Above EDM | Reached call limit |\n------------------------------------------------------------------\n|     True      |     True      |   False   |       False        |\n------------------------------------------------------------------\n| Hesse failed  |   Has cov.    | Accurate  | Pos. def. | Forced |\n------------------------------------------------------------------\n|     False     |     True      |   True    |   True    | False  |\n------------------------------------------------------------------",
    "info_params": "name           value    minuit_hesse    at limit\n---------  ---------  --------------  ----------\nn_sig;59       51520     +/- 2.8e+02       False\u001b[0m\nn_bkg;59        6398     +/- 1.9e+02       False\u001b[0m\nfrac;59       0.4751     +/-   0.022       False\u001b[0m\nmu;59           5279     +/-   0.078       False\u001b[0m\nsigmaL;59      11.29     +/-    0.21       False\u001b[0m\nsigmaR;59      18.55     +/-    0.26       False\u001b[0m\nlambda;59  -0.001812     +/- 0.00023       False\u001b[0m",
    "lambda;59": -0.0018123469540572978,
    "lambda;59_err": 0.0002290215253961756,
    "mu;59": 5278.872285958109,
    "mu;59_err": 0.07840524638457855,
    "n_bkg;59": 6397.964722358899,
    "n_bkg;59_err": 192.8999888406798,
    "n_sig;59": 51521.54161066086,
    "n_sig;59_err": 284.09733797560637,
    "r_params": {
        "alphaL": 2.032652256499463,
        "alphaL_Kpipi": 0.24078720819681032,
        "alphaR": -1.7656247571047547,
        "alphaR_Kpipi": -3.5622379490590013,
        "fraction_Kpipi": 0.8680365812955725,
        "muL_Kpipi": 5214.932846934561,
        "muR_Kpipi": 5179.199459325461,
        "nL": 0.4368034417751325,
        "nL_Kpipi": 4.041499720906288,
        "nR": 5.840596424652496,
        "nR_Kpipi": 0.00030496473178784,
        "r_bkgK": 0.027512793387731257,
        "sigmaL_Kpipi": 18.11213598879207,
        "sigmaR_Kpipi": 39.40041659733366
    },
    "sigmaL;59": 11.288159701091402,
    "sigmaL;59_err": 0.20900943798602642,
    "sigmaR;59": 18.548778461593763,
    "sigmaR;59_err": 0.26317001837245907
}