{
    "fit_ok": true,
    "frac;641": 0.44871025395044206,
    "frac;641_err": 0.021726438941822118,
    "info_fit": "------------------------------------------------------------------\n| FCN = -3.172e+05              |     Ncalls=104 (104 total)     |\n| EDM = 1.37e-05 (Goal: 0.001)  |            up = 0.5            |\n------------------------------------------------------------------\n|  Valid Min.   | Valid Param.  | Above EDM | Reached call limit |\n------------------------------------------------------------------\n|     True      |     True      |   False   |       False        |\n------------------------------------------------------------------\n| Hesse failed  |   Has cov.    | Accurate  | Pos. def. | Forced |\n------------------------------------------------------------------\n|     False     |     True      |   True    |   True    | False  |\n------------------------------------------------------------------",
    "info_params": "name            value    minuit_hesse    at limit\n----------  ---------  --------------  ----------\nn_sig;641       51370     +/- 2.8e+02       False\u001b[0m\nn_bkg;641        6320     +/- 1.9e+02       False\u001b[0m\nfrac;641       0.4487     +/-   0.022       False\u001b[0m\nmu;641           5279     +/-   0.078       False\u001b[0m\nsigmaL;641      11.12     +/-    0.22       False\u001b[0m\nsigmaR;641      18.28     +/-    0.25       False\u001b[0m\nlambda;641  -0.001716     +/- 0.00023       False\u001b[0m",
    "lambda;641": -0.0017161348737267934,
    "lambda;641_err": 0.0002321655802393217,
    "mu;641": 5278.884541711315,
    "mu;641_err": 0.07843242041909847,
    "n_bkg;641": 6320.487150787704,
    "n_bkg;641_err": 192.0947967050196,
    "n_sig;641": 51367.64478710741,
    "n_sig;641_err": 282.5704801668781,
    "r_params": {
        "alphaL": 2.032652256499463,
        "alphaL_Kpipi": 0.24048100532013497,
        "alphaR": -1.7656247571047547,
        "alphaR_Kpipi": -3.676622742985818,
        "fraction_Kpipi": 0.8859988867903371,
        "muL_Kpipi": 5215.99091759701,
        "muR_Kpipi": 5180.653220784483,
        "nL": 0.4368034417751325,
        "nL_Kpipi": 4.841697795331452,
        "nR": 5.840596424652496,
        "nR_Kpipi": 1.6087239610862432e-05,
        "r_bkgK": 0.03210010741467983,
        "sigmaL_Kpipi": 19.54512210821335,
        "sigmaR_Kpipi": 36.96577852546645
    },
    "sigmaL;641": 11.115717430311832,
    "sigmaL;641_err": 0.21668798859876587,
    "sigmaR;641": 18.275068605278953,
    "sigmaR;641_err": 0.24685716824496098
}