{
    "fit_ok": true,
    "frac;1180": 0.377105498816487,
    "frac;1180_err": 0.01610598704410124,
    "info_fit": "------------------------------------------------------------------\n| FCN = -3.172e+05              |     Ncalls=106 (106 total)     |\n| EDM = 0.00016 (Goal: 0.001)   |            up = 0.5            |\n------------------------------------------------------------------\n|  Valid Min.   | Valid Param.  | Above EDM | Reached call limit |\n------------------------------------------------------------------\n|     True      |     True      |   False   |       False        |\n------------------------------------------------------------------\n| Hesse failed  |   Has cov.    | Accurate  | Pos. def. | Forced |\n------------------------------------------------------------------\n|     False     |     True      |   True    |   True    | False  |\n------------------------------------------------------------------",
    "info_params": "name              value    minuit_hesse    at limit\n-----------  ----------  --------------  ----------\nn_sig;1180        51950     +/- 2.8e+02       False\u001b[0m\nn_bkg;1180         5580     +/- 1.8e+02       False\u001b[0m\nfrac;1180        0.3771     +/-   0.016       False\u001b[0m\nmu;1180            5279     +/-   0.079       False\u001b[0m\nsigmaL;1180       10.61     +/-    0.22       False\u001b[0m\nsigmaR;1180       17.53     +/-    0.18       False\u001b[0m\nlambda;1180  -0.0007465     +/- 0.00027       False\u001b[0m",
    "lambda;1180": -0.0007464958464269977,
    "lambda;1180_err": 0.0002651675697663212,
    "mu;1180": 5278.853385506622,
    "mu;1180_err": 0.0790608498535982,
    "n_bkg;1180": 5579.551228814421,
    "n_bkg;1180_err": 183.67828919282613,
    "n_sig;1180": 51950.48398110441,
    "n_sig;1180_err": 278.98664299014564,
    "r_params": {
        "alphaL": 2.01972096231967,
        "alphaL_Kpipi": 0.23984147888569726,
        "alphaR": -1.6515130183325228,
        "alphaR_Kpipi": -3.45169511727099,
        "fraction_Kpipi": 0.8861855867303668,
        "muL_Kpipi": 5214.656416664541,
        "muR_Kpipi": 5183.074248990296,
        "nL": 0.30318800450953715,
        "nL_Kpipi": 4.413073505098077,
        "nR": 7.066361419821516,
        "nR_Kpipi": 1.3686501931786665e-08,
        "r_bkgK": 0.034754054837981975,
        "sigmaL_Kpipi": 19.133710600596434,
        "sigmaR_Kpipi": 39.32384704379869
    },
    "sigmaL;1180": 10.613700907241478,
    "sigmaL;1180_err": 0.21897696294668617,
    "sigmaR;1180": 17.526177785289903,
    "sigmaR;1180_err": 0.17721102988360884
}