{
    "fit_ok": true,
    "frac;943": 0.5710549162303873,
    "frac;943_err": 0.022788464656184775,
    "info_fit": "------------------------------------------------------------------\n| FCN = -3.172e+05              |     Ncalls=106 (106 total)     |\n| EDM = 2.91e-05 (Goal: 0.001)  |            up = 0.5            |\n------------------------------------------------------------------\n|  Valid Min.   | Valid Param.  | Above EDM | Reached call limit |\n------------------------------------------------------------------\n|     True      |     True      |   False   |       False        |\n------------------------------------------------------------------\n| Hesse failed  |   Has cov.    | Accurate  | Pos. def. | Forced |\n------------------------------------------------------------------\n|     False     |     True      |   True    |   True    | False  |\n------------------------------------------------------------------",
    "info_params": "name            value    minuit_hesse    at limit\n----------  ---------  --------------  ----------\nn_sig;943       51780     +/- 2.9e+02       False\u001b[0m\nn_bkg;943        7042     +/-   2e+02       False\u001b[0m\nfrac;943       0.5711     +/-   0.023       False\u001b[0m\nmu;943           5279     +/-   0.078       False\u001b[0m\nsigmaL;943      11.92     +/-    0.19       False\u001b[0m\nsigmaR;943       19.4     +/-    0.34       False\u001b[0m\nlambda;943  -0.002507     +/- 0.00021       False\u001b[0m",
    "lambda;943": -0.0025068034945342904,
    "lambda;943_err": 0.00020534259875708272,
    "mu;943": 5278.879398564054,
    "mu;943_err": 0.07821643601060316,
    "n_bkg;943": 7041.914198879387,
    "n_bkg;943_err": 196.8952520882828,
    "n_sig;943": 51777.29124605406,
    "n_sig;943_err": 289.4745826052231,
    "r_params": {
        "alphaL": 2.032652256499463,
        "alphaL_Kpipi": 0.25411624358073576,
        "alphaR": -1.7656247571047547,
        "alphaR_Kpipi": -3.2910922806450875,
        "fraction_Kpipi": 0.87221561785667,
        "muL_Kpipi": 5215.012884714579,
        "muR_Kpipi": 5185.844537919756,
        "nL": 0.4368034417751325,
        "nL_Kpipi": 3.9375951789479506,
        "nR": 5.840596424652496,
        "nR_Kpipi": 0.0004103164509479481,
        "r_bkgK": 0.010031957865975997,
        "sigmaL_Kpipi": 19.00743142792643,
        "sigmaR_Kpipi": 38.7998321850767
    },
    "sigmaL;943": 11.91710969092389,
    "sigmaL;943_err": 0.18992373948961835,
    "sigmaR;943": 19.396019582278825,
    "sigmaR;943_err": 0.34264305859969424
}