{
    "fit_ok": true,
    "frac;1171": 0.41463012731208637,
    "frac;1171_err": 0.021307444358118193,
    "info_fit": "------------------------------------------------------------------\n| FCN = -3.172e+05              |     Ncalls=106 (106 total)     |\n| EDM = 2.26e-05 (Goal: 0.001)  |            up = 0.5            |\n------------------------------------------------------------------\n|  Valid Min.   | Valid Param.  | Above EDM | Reached call limit |\n------------------------------------------------------------------\n|     True      |     True      |   False   |       False        |\n------------------------------------------------------------------\n| Hesse failed  |   Has cov.    | Accurate  | Pos. def. | Forced |\n------------------------------------------------------------------\n|     False     |     True      |   True    |   True    | False  |\n------------------------------------------------------------------",
    "info_params": "name             value    minuit_hesse    at limit\n-----------  ---------  --------------  ----------\nn_sig;1171       51320     +/- 2.8e+02       False\u001b[0m\nn_bkg;1171        6042     +/- 1.9e+02       False\u001b[0m\nfrac;1171       0.4146     +/-   0.021       False\u001b[0m\nmu;1171           5279     +/-   0.079       False\u001b[0m\nsigmaL;1171      10.84     +/-    0.23       False\u001b[0m\nsigmaR;1171       18.1     +/-    0.23       False\u001b[0m\nlambda;1171  -0.001382     +/- 0.00024       False\u001b[0m",
    "lambda;1171": -0.0013816257953997574,
    "lambda;1171_err": 0.00024260136359472023,
    "mu;1171": 5278.8651163033,
    "mu;1171_err": 0.0786786579247561,
    "n_bkg;1171": 6041.558722501116,
    "n_bkg;1171_err": 188.39538146914887,
    "n_sig;1171": 51323.41965481158,
    "n_sig;1171_err": 279.43878930420135,
    "r_params": {
        "alphaL": 2.032652256499463,
        "alphaL_Kpipi": 0.2524004464883902,
        "alphaR": -1.7656247571047547,
        "alphaR_Kpipi": -3.291631570309697,
        "fraction_Kpipi": 0.8806569918290803,
        "muL_Kpipi": 5213.833122339875,
        "muR_Kpipi": 5181.595117847264,
        "nL": 0.4368034417751325,
        "nL_Kpipi": 4.500903562761018,
        "nR": 5.840596424652496,
        "nR_Kpipi": 0.00010693953329789773,
        "r_bkgK": 0.03840999620846312,
        "sigmaL_Kpipi": 18.788178357531987,
        "sigmaR_Kpipi": 37.90837778913216
    },
    "sigmaL;1171": 10.840614908717562,
    "sigmaL;1171_err": 0.23387092286348324,
    "sigmaR;1171": 18.098958900781884,
    "sigmaR;1171_err": 0.22810879442277632
}