{
    "fit_ok": true,
    "frac;260": 0.4160218638954147,
    "frac;260_err": 0.019523878219835013,
    "info_fit": "------------------------------------------------------------------\n| FCN = -3.172e+05              |     Ncalls=105 (105 total)     |\n| EDM = 4.38e-05 (Goal: 0.001)  |            up = 0.5            |\n------------------------------------------------------------------\n|  Valid Min.   | Valid Param.  | Above EDM | Reached call limit |\n------------------------------------------------------------------\n|     True      |     True      |   False   |       False        |\n------------------------------------------------------------------\n| Hesse failed  |   Has cov.    | Accurate  | Pos. def. | Forced |\n------------------------------------------------------------------\n|     False     |     True      |   True    |   True    | False  |\n------------------------------------------------------------------",
    "info_params": "name            value    minuit_hesse    at limit\n----------  ---------  --------------  ----------\nn_sig;260       51510     +/- 2.8e+02       False\u001b[0m\nn_bkg;260        6036     +/- 1.9e+02       False\u001b[0m\nfrac;260        0.416     +/-    0.02       False\u001b[0m\nmu;260           5279     +/-   0.079       False\u001b[0m\nsigmaL;260      10.89     +/-    0.22       False\u001b[0m\nsigmaR;260      17.91     +/-    0.21       False\u001b[0m\nlambda;260  -0.001379     +/- 0.00024       False\u001b[0m",
    "lambda;260": -0.0013785534502929464,
    "lambda;260_err": 0.0002445475113472363,
    "mu;260": 5278.890228345138,
    "mu;260_err": 0.0789085431781818,
    "n_bkg;260": 6036.401474932468,
    "n_bkg;260_err": 189.77500064814694,
    "n_sig;260": 51509.88071795464,
    "n_sig;260_err": 281.31239281580054,
    "r_params": {
        "alphaL": 1.9821072840163854,
        "alphaL_Kpipi": 0.23984147888569726,
        "alphaR": -1.7303919203286973,
        "alphaR_Kpipi": -3.45169511727099,
        "fraction_Kpipi": 0.8861855867303668,
        "muL_Kpipi": 5214.656416664541,
        "muR_Kpipi": 5183.074248990296,
        "nL": 0.437110195550693,
        "nL_Kpipi": 4.413073505098077,
        "nR": 6.007909306122312,
        "nR_Kpipi": 1.3686501931786665e-08,
        "r_bkgK": 0.034754054837981975,
        "sigmaL_Kpipi": 19.133710600596434,
        "sigmaR_Kpipi": 39.32384704379869
    },
    "sigmaL;260": 10.888587874327122,
    "sigmaL;260_err": 0.21782032759887876,
    "sigmaR;260": 17.914167265071242,
    "sigmaR;260_err": 0.21403844242502795
}