{
    "fit_ok": true,
    "frac;331": 0.527370179780167,
    "frac;331_err": 0.02082660597516031,
    "info_fit": "------------------------------------------------------------------\n| FCN = -3.172e+05              |     Ncalls=101 (101 total)     |\n| EDM = 8.05e-05 (Goal: 0.001)  |            up = 0.5            |\n------------------------------------------------------------------\n|  Valid Min.   | Valid Param.  | Above EDM | Reached call limit |\n------------------------------------------------------------------\n|     True      |     True      |   False   |       False        |\n------------------------------------------------------------------\n| Hesse failed  |   Has cov.    | Accurate  | Pos. def. | Forced |\n------------------------------------------------------------------\n|     False     |     True      |   True    |   True    | False  |\n------------------------------------------------------------------",
    "info_params": "name            value    minuit_hesse    at limit\n----------  ---------  --------------  ----------\nn_sig;331       51750     +/- 2.7e+02       False\u001b[0m\nn_bkg;331        5790     +/- 1.8e+02       False\u001b[0m\nfrac;331       0.5274     +/-   0.021       False\u001b[0m\nmu;331           5279     +/-   0.078       False\u001b[0m\nsigmaL;331      11.74     +/-    0.18       False\u001b[0m\nsigmaR;331       19.1     +/-     0.3       False\u001b[0m\nlambda;331  -0.001345     +/- 0.00024       False\u001b[0m",
    "lambda;331": -0.0013452277882332747,
    "lambda;331_err": 0.00023882725486662585,
    "mu;331": 5278.838065317303,
    "mu;331_err": 0.07811219554298916,
    "n_bkg;331": 5789.94284043398,
    "n_bkg;331_err": 177.9217356679277,
    "n_sig;331": 51749.41932244784,
    "n_sig;331_err": 274.9549099375079,
    "r_params": {
        "alphaL": 2.094056895729935,
        "alphaL_Kpipi": 0.23984147888569726,
        "alphaR": -1.7033674416220816,
        "alphaR_Kpipi": -3.45169511727099,
        "fraction_Kpipi": 0.8861855867303668,
        "muL_Kpipi": 5214.656416664541,
        "muR_Kpipi": 5183.074248990296,
        "nL": 0.4460823769023221,
        "nL_Kpipi": 4.413073505098077,
        "nR": 3.9768623618932555,
        "nR_Kpipi": 1.3686501931786665e-08,
        "r_bkgK": 0.034754054837981975,
        "sigmaL_Kpipi": 19.133710600596434,
        "sigmaR_Kpipi": 39.32384704379869
    },
    "sigmaL;331": 11.739079205310038,
    "sigmaL;331_err": 0.18479513932599578,
    "sigmaR;331": 19.098481952788408,
    "sigmaR;331_err": 0.30284773390347275
}