{
    "fit_ok": true,
    "frac;141": 0.374870727706301,
    "frac;141_err": 0.016602143942677897,
    "info_fit": "------------------------------------------------------------------\n| FCN = -3.172e+05              |     Ncalls=106 (106 total)     |\n| EDM = 6.04e-05 (Goal: 0.001)  |            up = 0.5            |\n------------------------------------------------------------------\n|  Valid Min.   | Valid Param.  | Above EDM | Reached call limit |\n------------------------------------------------------------------\n|     True      |     True      |   False   |       False        |\n------------------------------------------------------------------\n| Hesse failed  |   Has cov.    | Accurate  | Pos. def. | Forced |\n------------------------------------------------------------------\n|     False     |     True      |   True    |   True    | False  |\n------------------------------------------------------------------",
    "info_params": "name            value    minuit_hesse    at limit\n----------  ---------  --------------  ----------\nn_sig;141       51810     +/- 2.8e+02       False\u001b[0m\nn_bkg;141        5730     +/- 1.9e+02       False\u001b[0m\nfrac;141       0.3749     +/-   0.017       False\u001b[0m\nmu;141           5279     +/-    0.08       False\u001b[0m\nsigmaL;141      10.59     +/-    0.24       False\u001b[0m\nsigmaR;141       17.4     +/-    0.17       False\u001b[0m\nlambda;141  -0.001008     +/- 0.00026       False\u001b[0m",
    "lambda;141": -0.0010083565230715186,
    "lambda;141_err": 0.000259692669683624,
    "mu;141": 5278.92371231286,
    "mu;141_err": 0.07977553036087837,
    "n_bkg;141": 5729.546950108618,
    "n_bkg;141_err": 186.69711577861273,
    "n_sig;141": 51805.851128195594,
    "n_sig;141_err": 280.37235986332325,
    "r_params": {
        "alphaL": 1.890408773779888,
        "alphaL_Kpipi": 0.23984147888569726,
        "alphaR": -1.713556692515902,
        "alphaR_Kpipi": -3.45169511727099,
        "fraction_Kpipi": 0.8861855867303668,
        "muL_Kpipi": 5214.656416664541,
        "muR_Kpipi": 5183.074248990296,
        "nL": 0.4254999604439078,
        "nL_Kpipi": 4.413073505098077,
        "nR": 5.522111610433521,
        "nR_Kpipi": 1.3686501931786665e-08,
        "r_bkgK": 0.034754054837981975,
        "sigmaL_Kpipi": 19.133710600596434,
        "sigmaR_Kpipi": 39.32384704379869
    },
    "sigmaL;141": 10.592173005168698,
    "sigmaL;141_err": 0.2407434370174537,
    "sigmaR;141": 17.396946326781283,
    "sigmaR;141_err": 0.17221075643600803
}