{
    "fit_ok": true,
    "frac;990": 0.22273297920100904,
    "frac;990_err": 0.011454475808486736,
    "info_fit": "------------------------------------------------------------------\n| FCN = -3.172e+05              |     Ncalls=103 (103 total)     |\n| EDM = 0.000111 (Goal: 0.001)  |            up = 0.5            |\n------------------------------------------------------------------\n|  Valid Min.   | Valid Param.  | Above EDM | Reached call limit |\n------------------------------------------------------------------\n|     True      |     True      |   False   |       False        |\n------------------------------------------------------------------\n| Hesse failed  |   Has cov.    | Accurate  | Pos. def. | Forced |\n------------------------------------------------------------------\n|     False     |     True      |   True    |   True    | False  |\n------------------------------------------------------------------",
    "info_params": "name            value    minuit_hesse    at limit\n----------  ---------  --------------  ----------\nn_sig;990       51380     +/- 2.8e+02       False\u001b[0m\nn_bkg;990        6173     +/- 1.9e+02       False\u001b[0m\nfrac;990       0.2227     +/-   0.011       False\u001b[0m\nmu;990           5279     +/-   0.081       False\u001b[0m\nsigmaL;990       8.71     +/-    0.31       False\u001b[0m\nsigmaR;990      16.49     +/-    0.11       False\u001b[0m\nlambda;990  -0.001244     +/- 0.00024       False\u001b[0m",
    "lambda;990": -0.0012441780533587604,
    "lambda;990_err": 0.000244580219612277,
    "mu;990": 5279.009245323252,
    "mu;990_err": 0.08080008465668706,
    "n_bkg;990": 6172.778657910155,
    "n_bkg;990_err": 191.53344047355878,
    "n_sig;990": 51375.05373903585,
    "n_sig;990_err": 281.8051286249556,
    "r_params": {
        "alphaL": 1.822122096697404,
        "alphaL_Kpipi": 0.23984147888569726,
        "alphaR": -1.9685044402713496,
        "alphaR_Kpipi": -3.45169511727099,
        "fraction_Kpipi": 0.8861855867303668,
        "muL_Kpipi": 5214.656416664541,
        "muR_Kpipi": 5183.074248990296,
        "nL": 0.26169637702513954,
        "nL_Kpipi": 4.413073505098077,
        "nR": 6.570715238090384,
        "nR_Kpipi": 1.3686501931786665e-08,
        "r_bkgK": 0.034754054837981975,
        "sigmaL_Kpipi": 19.133710600596434,
        "sigmaR_Kpipi": 39.32384704379869
    },
    "sigmaL;990": 8.709977153801349,
    "sigmaL;990_err": 0.3145275689374934,
    "sigmaR;990": 16.48623437050456,
    "sigmaR;990_err": 0.11073801866849965
}