{
    "fit_ok": true,
    "frac;1126": 0.4757041483071303,
    "frac;1126_err": 0.024511925312573346,
    "info_fit": "------------------------------------------------------------------\n| FCN = -3.172e+05              |     Ncalls=105 (105 total)     |\n| EDM = 2.03e-06 (Goal: 0.001)  |            up = 0.5            |\n------------------------------------------------------------------\n|  Valid Min.   | Valid Param.  | Above EDM | Reached call limit |\n------------------------------------------------------------------\n|     True      |     True      |   False   |       False        |\n------------------------------------------------------------------\n| Hesse failed  |   Has cov.    | Accurate  | Pos. def. | Forced |\n------------------------------------------------------------------\n|     False     |     True      |   True    |   True    | False  |\n------------------------------------------------------------------",
    "info_params": "name             value    minuit_hesse    at limit\n-----------  ---------  --------------  ----------\nn_sig;1126       50950     +/- 2.7e+02       False\u001b[0m\nn_bkg;1126        6617     +/- 1.8e+02       False\u001b[0m\nfrac;1126       0.4757     +/-   0.025       False\u001b[0m\nmu;1126           5279     +/-   0.078       False\u001b[0m\nsigmaL;1126      11.26     +/-    0.22       False\u001b[0m\nsigmaR;1126      18.77     +/-    0.29       False\u001b[0m\nlambda;1126  -0.002171     +/- 0.00021       False\u001b[0m",
    "lambda;1126": -0.002171380679209148,
    "lambda;1126_err": 0.00020668568571340282,
    "mu;1126": 5278.889271546879,
    "mu;1126_err": 0.07805952344189968,
    "n_bkg;1126": 6616.90529856395,
    "n_bkg;1126_err": 181.66942624260156,
    "n_sig;1126": 50950.018251912166,
    "n_sig;1126_err": 274.35037491654225,
    "r_params": {
        "alphaL": 2.0306944745742386,
        "alphaL_Kpipi": 0.23984147888569726,
        "alphaR": -1.9356779481416395,
        "alphaR_Kpipi": -3.45169511727099,
        "fraction_Kpipi": 0.8861855867303668,
        "muL_Kpipi": 5214.656416664541,
        "muR_Kpipi": 5183.074248990296,
        "nL": 0.5762862888952539,
        "nL_Kpipi": 4.413073505098077,
        "nR": 3.5396844444309394,
        "nR_Kpipi": 1.3686501931786665e-08,
        "r_bkgK": 0.034754054837981975,
        "sigmaL_Kpipi": 19.133710600596434,
        "sigmaR_Kpipi": 39.32384704379869
    },
    "sigmaL;1126": 11.255381685404002,
    "sigmaL;1126_err": 0.2185725451623439,
    "sigmaR;1126": 18.771643087816514,
    "sigmaR;1126_err": 0.2889336100100353
}