{
    "fit_ok": true,
    "frac;1586": 0.48880455326598354,
    "frac;1586_err": 0.02591153239656149,
    "info_fit": "------------------------------------------------------------------\n| FCN = -3.172e+05              |     Ncalls=105 (105 total)     |\n| EDM = 4.34e-06 (Goal: 0.001)  |            up = 0.5            |\n------------------------------------------------------------------\n|  Valid Min.   | Valid Param.  | Above EDM | Reached call limit |\n------------------------------------------------------------------\n|     True      |     True      |   False   |       False        |\n------------------------------------------------------------------\n| Hesse failed  |   Has cov.    | Accurate  | Pos. def. | Forced |\n------------------------------------------------------------------\n|     False     |     True      |   True    |   True    | False  |\n------------------------------------------------------------------",
    "info_params": "name             value    minuit_hesse    at limit\n-----------  ---------  --------------  ----------\nn_sig;1586       50580     +/- 2.7e+02       False\u001b[0m\nn_bkg;1586        6999     +/- 1.8e+02       False\u001b[0m\nfrac;1586       0.4888     +/-   0.026       False\u001b[0m\nmu;1586           5279     +/-   0.078       False\u001b[0m\nsigmaL;1586       11.4     +/-    0.22       False\u001b[0m\nsigmaR;1586      18.75     +/-     0.3       False\u001b[0m\nlambda;1586  -0.002422     +/- 0.00019       False\u001b[0m",
    "lambda;1586": -0.0024215527299717154,
    "lambda;1586_err": 0.000188316523759594,
    "mu;1586": 5278.863489914573,
    "mu;1586_err": 0.0781654089814832,
    "n_bkg;1586": 6999.066219186159,
    "n_bkg;1586_err": 179.1815270509612,
    "n_sig;1586": 50580.78920742535,
    "n_sig;1586_err": 271.49021755764005,
    "r_params": {
        "alphaL": 2.022783973341605,
        "alphaL_Kpipi": 0.23984147888569726,
        "alphaR": -1.7602410965375428,
        "alphaR_Kpipi": -3.45169511727099,
        "fraction_Kpipi": 0.8861855867303668,
        "muL_Kpipi": 5214.656416664541,
        "muR_Kpipi": 5183.074248990296,
        "nL": 0.6583754373434653,
        "nL_Kpipi": 4.413073505098077,
        "nR": 7.59790925565988,
        "nR_Kpipi": 1.3686501931786665e-08,
        "r_bkgK": 0.034754054837981975,
        "sigmaL_Kpipi": 19.133710600596434,
        "sigmaR_Kpipi": 39.32384704379869
    },
    "sigmaL;1586": 11.404334041235897,
    "sigmaL;1586_err": 0.21916694755582247,
    "sigmaR;1586": 18.74716818071802,
    "sigmaR;1586_err": 0.30193990114749064
}