{
    "fit_ok": true,
    "frac;880": 0.39597616067668695,
    "frac;880_err": 0.022240927427269994,
    "info_fit": "------------------------------------------------------------------\n| FCN = -3.172e+05              |     Ncalls=106 (106 total)     |\n| EDM = 2.98e-05 (Goal: 0.001)  |            up = 0.5            |\n------------------------------------------------------------------\n|  Valid Min.   | Valid Param.  | Above EDM | Reached call limit |\n------------------------------------------------------------------\n|     True      |     True      |   False   |       False        |\n------------------------------------------------------------------\n| Hesse failed  |   Has cov.    | Accurate  | Pos. def. | Forced |\n------------------------------------------------------------------\n|     False     |     True      |   True    |   True    | False  |\n------------------------------------------------------------------",
    "info_params": "name           value    minuit_hesse    at limit\n----------  --------  --------------  ----------\nn_sig;880      51100     +/- 2.8e+02       False\u001b[0m\nn_bkg;880       6455     +/-   2e+02       False\u001b[0m\nfrac;880       0.396     +/-   0.022       False\u001b[0m\nmu;880          5279     +/-   0.078       False\u001b[0m\nsigmaL;880     10.61     +/-    0.25       False\u001b[0m\nsigmaR;880     18.03     +/-    0.23       False\u001b[0m\nlambda;880  -0.00172     +/- 0.00023       False\u001b[0m",
    "lambda;880": -0.0017197090733343107,
    "lambda;880_err": 0.00023299201647484247,
    "mu;880": 5278.87803157522,
    "mu;880_err": 0.07844627094183604,
    "n_bkg;880": 6455.260289244962,
    "n_bkg;880_err": 197.1725551456103,
    "n_sig;880": 51104.81472778253,
    "n_sig;880_err": 284.6021403405374,
    "r_params": {
        "alphaL": 2.0697863099494183,
        "alphaL_Kpipi": 0.23984147888569726,
        "alphaR": -1.809387416240677,
        "alphaR_Kpipi": -3.45169511727099,
        "fraction_Kpipi": 0.8861855867303668,
        "muL_Kpipi": 5214.656416664541,
        "muR_Kpipi": 5183.074248990296,
        "nL": 0.3806256691592838,
        "nL_Kpipi": 4.413073505098077,
        "nR": 9.050403756048034,
        "nR_Kpipi": 1.3686501931786665e-08,
        "r_bkgK": 0.034754054837981975,
        "sigmaL_Kpipi": 19.133710600596434,
        "sigmaR_Kpipi": 39.32384704379869
    },
    "sigmaL;880": 10.608934741135924,
    "sigmaL;880_err": 0.24816787693921202,
    "sigmaR;880": 18.025824899809958,
    "sigmaR;880_err": 0.22699656117912578
}