{
    "fit_ok": true,
    "frac;672": 0.41396469269787667,
    "frac;672_err": 0.021444476936171197,
    "info_fit": "------------------------------------------------------------------\n| FCN = -3.172e+05              |     Ncalls=105 (105 total)     |\n| EDM = 3.49e-05 (Goal: 0.001)  |            up = 0.5            |\n------------------------------------------------------------------\n|  Valid Min.   | Valid Param.  | Above EDM | Reached call limit |\n------------------------------------------------------------------\n|     True      |     True      |   False   |       False        |\n------------------------------------------------------------------\n| Hesse failed  |   Has cov.    | Accurate  | Pos. def. | Forced |\n------------------------------------------------------------------\n|     False     |     True      |   True    |   True    | False  |\n------------------------------------------------------------------",
    "info_params": "name            value    minuit_hesse    at limit\n----------  ---------  --------------  ----------\nn_sig;672       51280     +/- 2.8e+02       False\u001b[0m\nn_bkg;672        6051     +/- 1.9e+02       False\u001b[0m\nfrac;672        0.414     +/-   0.021       False\u001b[0m\nmu;672           5279     +/-   0.079       False\u001b[0m\nsigmaL;672      10.84     +/-    0.24       False\u001b[0m\nsigmaR;672      18.05     +/-    0.23       False\u001b[0m\nlambda;672  -0.001381     +/- 0.00024       False\u001b[0m",
    "lambda;672": -0.0013807875715128315,
    "lambda;672_err": 0.00024296734723262717,
    "mu;672": 5278.882162030239,
    "mu;672_err": 0.07866736418684595,
    "n_bkg;672": 6051.045381157203,
    "n_bkg;672_err": 188.98763313084405,
    "n_sig;672": 51276.395447243616,
    "n_sig;672_err": 279.57136536708754,
    "r_params": {
        "alphaL": 2.032652256499463,
        "alphaL_Kpipi": 0.22800715384334613,
        "alphaR": -1.7656247571047547,
        "alphaR_Kpipi": -3.6339249518035888,
        "fraction_Kpipi": 0.8824231662495012,
        "muL_Kpipi": 5214.591707305384,
        "muR_Kpipi": 5183.551306461655,
        "nL": 0.4368034417751325,
        "nL_Kpipi": 4.314355211328233,
        "nR": 5.840596424652496,
        "nR_Kpipi": 9.714541237302894e-06,
        "r_bkgK": 0.039178892059046594,
        "sigmaL_Kpipi": 20.205041230809428,
        "sigmaR_Kpipi": 38.88390722538059
    },
    "sigmaL;672": 10.843395472550018,
    "sigmaL;672_err": 0.23512561185520203,
    "sigmaR;672": 18.05129829941969,
    "sigmaR;672_err": 0.22848399998802446
}