{
    "fit_ok": true,
    "frac;795": 0.3274375138238502,
    "frac;795_err": 0.018562088939597716,
    "info_fit": "------------------------------------------------------------------\n| FCN = -3.172e+05              |     Ncalls=105 (105 total)     |\n| EDM = 3.77e-05 (Goal: 0.001)  |            up = 0.5            |\n------------------------------------------------------------------\n|  Valid Min.   | Valid Param.  | Above EDM | Reached call limit |\n------------------------------------------------------------------\n|     True      |     True      |   False   |       False        |\n------------------------------------------------------------------\n| Hesse failed  |   Has cov.    | Accurate  | Pos. def. | Forced |\n------------------------------------------------------------------\n|     False     |     True      |   True    |   True    | False  |\n------------------------------------------------------------------",
    "info_params": "name             value    minuit_hesse    at limit\n----------  ----------  --------------  ----------\nn_sig;795        51020     +/- 2.7e+02       False\u001b[0m\nn_bkg;795         5518     +/- 1.7e+02       False\u001b[0m\nfrac;795        0.3274     +/-   0.019       False\u001b[0m\nmu;795            5279     +/-   0.079       False\u001b[0m\nsigmaL;795        10.1     +/-    0.25       False\u001b[0m\nsigmaR;795       17.54     +/-    0.18       False\u001b[0m\nlambda;795  -0.0006625     +/- 0.00025       False\u001b[0m",
    "lambda;795": -0.0006625195678291868,
    "lambda;795_err": 0.0002503292714136403,
    "mu;795": 5278.8370904953645,
    "mu;795_err": 0.07891391618699882,
    "n_bkg;795": 5517.811040641036,
    "n_bkg;795_err": 171.2153232889332,
    "n_sig;795": 51019.3385757874,
    "n_sig;795_err": 266.5674778541442,
    "r_params": {
        "alphaL": 2.032652256499463,
        "alphaL_Kpipi": 0.23211465901342904,
        "alphaR": -1.7656247571047547,
        "alphaR_Kpipi": -3.0739190786672292,
        "fraction_Kpipi": 0.8889311865202142,
        "muL_Kpipi": 5213.2737087577925,
        "muR_Kpipi": 5186.850418085574,
        "nL": 0.4368034417751325,
        "nL_Kpipi": 4.1647882788373645,
        "nR": 5.840596424652496,
        "nR_Kpipi": 0.0004090551716137713,
        "r_bkgK": 0.05482147474861347,
        "sigmaL_Kpipi": 18.310917733674312,
        "sigmaR_Kpipi": 39.08440109285601
    },
    "sigmaL;795": 10.102313670646856,
    "sigmaL;795_err": 0.24869138016327202,
    "sigmaR;795": 17.54094098001905,
    "sigmaR;795_err": 0.18197265951806008
}