{
    "fit_ok": true,
    "frac;555": 0.4158888456823248,
    "frac;555_err": 0.02232958609157728,
    "info_fit": "------------------------------------------------------------------\n| FCN = -3.172e+05              |     Ncalls=106 (106 total)     |\n| EDM = 1.45e-05 (Goal: 0.001)  |            up = 0.5            |\n------------------------------------------------------------------\n|  Valid Min.   | Valid Param.  | Above EDM | Reached call limit |\n------------------------------------------------------------------\n|     True      |     True      |   False   |       False        |\n------------------------------------------------------------------\n| Hesse failed  |   Has cov.    | Accurate  | Pos. def. | Forced |\n------------------------------------------------------------------\n|     False     |     True      |   True    |   True    | False  |\n------------------------------------------------------------------",
    "info_params": "name            value    minuit_hesse    at limit\n----------  ---------  --------------  ----------\nn_sig;555       51140     +/- 2.8e+02       False\u001b[0m\nn_bkg;555        6416     +/- 1.9e+02       False\u001b[0m\nfrac;555       0.4159     +/-   0.022       False\u001b[0m\nmu;555           5279     +/-   0.078       False\u001b[0m\nsigmaL;555      10.79     +/-    0.23       False\u001b[0m\nsigmaR;555      18.21     +/-    0.24       False\u001b[0m\nlambda;555  -0.001714     +/- 0.00023       False\u001b[0m",
    "lambda;555": -0.0017139459134659363,
    "lambda;555_err": 0.0002305494738442292,
    "mu;555": 5278.863406419793,
    "mu;555_err": 0.07822801237695322,
    "n_bkg;555": 6416.096143077477,
    "n_bkg;555_err": 194.296804874071,
    "n_sig;555": 51143.1327749529,
    "n_sig;555_err": 282.9184248295786,
    "r_params": {
        "alphaL": 2.092486730461595,
        "alphaL_Kpipi": 0.23984147888569726,
        "alphaR": -1.798463137680482,
        "alphaR_Kpipi": -3.45169511727099,
        "fraction_Kpipi": 0.8861855867303668,
        "muL_Kpipi": 5214.656416664541,
        "muR_Kpipi": 5183.074248990296,
        "nL": 0.3829413429701833,
        "nL_Kpipi": 4.413073505098077,
        "nR": 8.034673260471447,
        "nR_Kpipi": 1.3686501931786665e-08,
        "r_bkgK": 0.034754054837981975,
        "sigmaL_Kpipi": 19.133710600596434,
        "sigmaR_Kpipi": 39.32384704379869
    },
    "sigmaL;555": 10.78872652894842,
    "sigmaL;555_err": 0.23086912451199534,
    "sigmaR;555": 18.210050031692976,
    "sigmaR;555_err": 0.240736903233584
}