{
    "fit_ok": true,
    "frac;101": 0.46548186276235665,
    "frac;101_err": 0.025081408056349744,
    "info_fit": "------------------------------------------------------------------\n| FCN = -3.172e+05              |     Ncalls=104 (104 total)     |\n| EDM = 0.000112 (Goal: 0.001)  |            up = 0.5            |\n------------------------------------------------------------------\n|  Valid Min.   | Valid Param.  | Above EDM | Reached call limit |\n------------------------------------------------------------------\n|     True      |     True      |   False   |       False        |\n------------------------------------------------------------------\n| Hesse failed  |   Has cov.    | Accurate  | Pos. def. | Forced |\n------------------------------------------------------------------\n|     False     |     True      |   True    |   True    | False  |\n------------------------------------------------------------------",
    "info_params": "name            value    minuit_hesse    at limit\n----------  ---------  --------------  ----------\nn_sig;101       50830     +/- 2.8e+02       False\u001b[0m\nn_bkg;101        6739     +/- 1.9e+02       False\u001b[0m\nfrac;101       0.4655     +/-   0.025       False\u001b[0m\nmu;101           5279     +/-   0.078       False\u001b[0m\nsigmaL;101      11.18     +/-    0.22       False\u001b[0m\nsigmaR;101      18.69     +/-    0.29       False\u001b[0m\nlambda;101  -0.002129     +/- 0.00021       False\u001b[0m",
    "lambda;101": -0.002129097993183768,
    "lambda;101_err": 0.00020609581511712904,
    "mu;101": 5278.849753810056,
    "mu;101_err": 0.07793966885711269,
    "n_bkg;101": 6739.316434582271,
    "n_bkg;101_err": 186.67671189258925,
    "n_sig;101": 50831.82379233125,
    "n_sig;101_err": 277.0444240955728,
    "r_params": {
        "alphaL": 2.09914250812488,
        "alphaL_Kpipi": 0.23984147888569726,
        "alphaR": -1.8009193909718606,
        "alphaR_Kpipi": -3.45169511727099,
        "fraction_Kpipi": 0.8861855867303668,
        "muL_Kpipi": 5214.656416664541,
        "muR_Kpipi": 5183.074248990296,
        "nL": 0.49278915896024367,
        "nL_Kpipi": 4.413073505098077,
        "nR": 7.172439575354594,
        "nR_Kpipi": 1.3686501931786665e-08,
        "r_bkgK": 0.034754054837981975,
        "sigmaL_Kpipi": 19.133710600596434,
        "sigmaR_Kpipi": 39.32384704379869
    },
    "sigmaL;101": 11.184410514094083,
    "sigmaL;101_err": 0.22417952979093478,
    "sigmaR;101": 18.689142820795738,
    "sigmaR;101_err": 0.28948765966880635
}