{
    "fit_ok": true,
    "frac;1273": 0.4712082293925944,
    "frac;1273_err": 0.024409630529750793,
    "info_fit": "------------------------------------------------------------------\n| FCN = -3.172e+05              |     Ncalls=105 (105 total)     |\n| EDM = 2.74e-06 (Goal: 0.001)  |            up = 0.5            |\n------------------------------------------------------------------\n|  Valid Min.   | Valid Param.  | Above EDM | Reached call limit |\n------------------------------------------------------------------\n|     True      |     True      |   False   |       False        |\n------------------------------------------------------------------\n| Hesse failed  |   Has cov.    | Accurate  | Pos. def. | Forced |\n------------------------------------------------------------------\n|     False     |     True      |   True    |   True    | False  |\n------------------------------------------------------------------",
    "info_params": "name             value    minuit_hesse    at limit\n-----------  ---------  --------------  ----------\nn_sig;1273       50960     +/- 2.7e+02       False\u001b[0m\nn_bkg;1273        6605     +/- 1.8e+02       False\u001b[0m\nfrac;1273       0.4712     +/-   0.024       False\u001b[0m\nmu;1273           5279     +/-   0.078       False\u001b[0m\nsigmaL;1273      11.21     +/-    0.22       False\u001b[0m\nsigmaR;1273      18.74     +/-    0.28       False\u001b[0m\nlambda;1273  -0.002163     +/- 0.00021       False\u001b[0m",
    "lambda;1273": -0.0021634824463214464,
    "lambda;1273_err": 0.00020787242257424527,
    "mu;1273": 5278.894914649051,
    "mu;1273_err": 0.07806074473127299,
    "n_bkg;1273": 6604.6657342219,
    "n_bkg;1273_err": 182.0387896121306,
    "n_sig;1273": 50961.70959092456,
    "n_sig;1273_err": 274.61751167607065,
    "r_params": {
        "alphaL": 2.0264550801801895,
        "alphaL_Kpipi": 0.23984147888569726,
        "alphaR": -1.9594752028901359,
        "alphaR_Kpipi": -3.45169511727099,
        "fraction_Kpipi": 0.8861855867303668,
        "muL_Kpipi": 5214.656416664541,
        "muR_Kpipi": 5183.074248990296,
        "nL": 0.5734249459379579,
        "nL_Kpipi": 4.413073505098077,
        "nR": 3.376221699952823,
        "nR_Kpipi": 1.3686501931786665e-08,
        "r_bkgK": 0.034754054837981975,
        "sigmaL_Kpipi": 19.133710600596434,
        "sigmaR_Kpipi": 39.32384704379869
    },
    "sigmaL;1273": 11.212302284047677,
    "sigmaL;1273_err": 0.22021163278692188,
    "sigmaR;1273": 18.74445120616619,
    "sigmaR;1273_err": 0.2848072145787425
}