{
    "fit_ok": true,
    "frac;1398": 0.41495045307243866,
    "frac;1398_err": 0.02406476501577605,
    "info_fit": "------------------------------------------------------------------\n| FCN = -3.172e+05              |     Ncalls=105 (105 total)     |\n| EDM = 3.49e-05 (Goal: 0.001)  |            up = 0.5            |\n------------------------------------------------------------------\n|  Valid Min.   | Valid Param.  | Above EDM | Reached call limit |\n------------------------------------------------------------------\n|     True      |     True      |   False   |       False        |\n------------------------------------------------------------------\n| Hesse failed  |   Has cov.    | Accurate  | Pos. def. | Forced |\n------------------------------------------------------------------\n|     False     |     True      |   True    |   True    | False  |\n------------------------------------------------------------------",
    "info_params": "name            value    minuit_hesse    at limit\n-----------  --------  --------------  ----------\nn_sig;1398      50840     +/- 2.8e+02       False\u001b[0m\nn_bkg;1398       6731     +/- 1.9e+02       False\u001b[0m\nfrac;1398       0.415     +/-   0.024       False\u001b[0m\nmu;1398          5279     +/-   0.078       False\u001b[0m\nsigmaL;1398     10.71     +/-    0.24       False\u001b[0m\nsigmaR;1398     18.37     +/-    0.26       False\u001b[0m\nlambda;1398  -0.00202     +/- 0.00022       False\u001b[0m",
    "lambda;1398": -0.002020462091684702,
    "lambda;1398_err": 0.00021592650310429422,
    "mu;1398": 5278.88167921431,
    "mu;1398_err": 0.07798821453478,
    "n_bkg;1398": 6730.547075884462,
    "n_bkg;1398_err": 194.37541800188427,
    "n_sig;1398": 50839.68244435857,
    "n_sig;1398_err": 281.91648120238546,
    "r_params": {
        "alphaL": 2.1040781621762776,
        "alphaL_Kpipi": 0.23984147888569726,
        "alphaR": -1.9648003726763288,
        "alphaR_Kpipi": -3.45169511727099,
        "fraction_Kpipi": 0.8861855867303668,
        "muL_Kpipi": 5214.656416664541,
        "muR_Kpipi": 5183.074248990296,
        "nL": 0.4152490445007395,
        "nL_Kpipi": 4.413073505098077,
        "nR": 6.566156668273814,
        "nR_Kpipi": 1.3686501931786665e-08,
        "r_bkgK": 0.034754054837981975,
        "sigmaL_Kpipi": 19.133710600596434,
        "sigmaR_Kpipi": 39.32384704379869
    },
    "sigmaL;1398": 10.705327331583085,
    "sigmaL;1398_err": 0.24023424319393474,
    "sigmaR;1398": 18.37060755618856,
    "sigmaR;1398_err": 0.2561428664607161
}