{
    "fit_ok": true,
    "frac;60": 0.4549158757251607,
    "frac;60_err": 0.020966104682952763,
    "info_fit": "------------------------------------------------------------------\n| FCN = -3.172e+05              |     Ncalls=105 (105 total)     |\n| EDM = 2.14e-05 (Goal: 0.001)  |            up = 0.5            |\n------------------------------------------------------------------\n|  Valid Min.   | Valid Param.  | Above EDM | Reached call limit |\n------------------------------------------------------------------\n|     True      |     True      |   False   |       False        |\n------------------------------------------------------------------\n| Hesse failed  |   Has cov.    | Accurate  | Pos. def. | Forced |\n------------------------------------------------------------------\n|     False     |     True      |   True    |   True    | False  |\n------------------------------------------------------------------",
    "info_params": "name           value    minuit_hesse    at limit\n---------  ---------  --------------  ----------\nn_sig;60       51520     +/- 2.8e+02       False\u001b[0m\nn_bkg;60        6118     +/- 1.9e+02       False\u001b[0m\nfrac;60       0.4549     +/-   0.021       False\u001b[0m\nmu;60           5279     +/-   0.078       False\u001b[0m\nsigmaL;60      11.13     +/-    0.21       False\u001b[0m\nsigmaR;60      18.46     +/-    0.25       False\u001b[0m\nlambda;60  -0.001474     +/- 0.00024       False\u001b[0m",
    "lambda;60": -0.0014744812128231893,
    "lambda;60_err": 0.00023833506059123833,
    "mu;60": 5278.869838676695,
    "mu;60_err": 0.07846654679252588,
    "n_bkg;60": 6118.144905432007,
    "n_bkg;60_err": 188.9561112012058,
    "n_sig;60": 51523.05079457885,
    "n_sig;60_err": 281.0452390617041,
    "r_params": {
        "alphaL": 2.032652256499463,
        "alphaL_Kpipi": 0.23607080021464358,
        "alphaR": -1.7656247571047547,
        "alphaR_Kpipi": -3.3277751749498603,
        "fraction_Kpipi": 0.8673425534182967,
        "muL_Kpipi": 5211.57574816583,
        "muR_Kpipi": 5182.677380146262,
        "nL": 0.4368034417751325,
        "nL_Kpipi": 4.543294296863609,
        "nR": 5.840596424652496,
        "nR_Kpipi": 4.3487331282157365e-05,
        "r_bkgK": 0.03291225075613242,
        "sigmaL_Kpipi": 19.936248494676263,
        "sigmaR_Kpipi": 40.78767724900701
    },
    "sigmaL;60": 11.1250218882451,
    "sigmaL;60_err": 0.21013858335800908,
    "sigmaR;60": 18.46267335065665,
    "sigmaR;60_err": 0.24897087068787083
}