{
    "fit_ok": true,
    "frac;380": 0.6836449973263433,
    "frac;380_err": 0.01682107782435704,
    "info_fit": "------------------------------------------------------------------\n| FCN = -3.171e+05              |     Ncalls=101 (101 total)     |\n| EDM = 5.15e-05 (Goal: 0.001)  |            up = 0.5            |\n------------------------------------------------------------------\n|  Valid Min.   | Valid Param.  | Above EDM | Reached call limit |\n------------------------------------------------------------------\n|     True      |     True      |   False   |       False        |\n------------------------------------------------------------------\n| Hesse failed  |   Has cov.    | Accurate  | Pos. def. | Forced |\n------------------------------------------------------------------\n|     False     |     True      |   True    |   True    | False  |\n------------------------------------------------------------------",
    "info_params": "name            value    minuit_hesse    at limit\n----------  ---------  --------------  ----------\nn_sig;380       53740     +/- 2.7e+02       False\u001b[0m\nn_bkg;380        3731     +/- 1.6e+02       False\u001b[0m\nfrac;380       0.6836     +/-   0.017       False\u001b[0m\nmu;380           5279     +/-   0.077       False\u001b[0m\nsigmaL;380      12.84     +/-    0.14       False\u001b[0m\nsigmaR;380      22.51     +/-    0.49       False\u001b[0m\nlambda;380  -0.002792     +/- 0.00043       False\u001b[0m",
    "lambda;380": -0.002791875877977898,
    "lambda;380_err": 0.0004317068185986173,
    "mu;380": 5278.897566191232,
    "mu;380_err": 0.07739187300363949,
    "n_bkg;380": 3731.146820120182,
    "n_bkg;380_err": 160.97277937359698,
    "n_sig;380": 53737.86223019987,
    "n_sig;380_err": 272.55643697577705,
    "r_params": {
        "alphaL": 2.10445051400517,
        "alphaL_Kpipi": 0.23984147888569726,
        "alphaR": -1.8466964351151283,
        "alphaR_Kpipi": -3.45169511727099,
        "fraction_Kpipi": 0.8861855867303668,
        "muL_Kpipi": 5214.656416664541,
        "muR_Kpipi": 5183.074248990296,
        "nL": 0.5299807489384841,
        "nL_Kpipi": 4.413073505098077,
        "nR": 0.7384124037526307,
        "nR_Kpipi": 1.3686501931786665e-08,
        "r_bkgK": 0.034754054837981975,
        "sigmaL_Kpipi": 19.133710600596434,
        "sigmaR_Kpipi": 39.32384704379869
    },
    "sigmaL;380": 12.836613980228986,
    "sigmaL;380_err": 0.14274390337342094,
    "sigmaR;380": 22.505845337007614,
    "sigmaR;380_err": 0.4902130021659591
}