{
    "fit_ok": true,
    "frac;374": 0.4115968057683606,
    "frac;374_err": 0.021243757907162916,
    "info_fit": "------------------------------------------------------------------\n| FCN = -3.172e+05              |     Ncalls=101 (101 total)     |\n| EDM = 3.84e-06 (Goal: 0.001)  |            up = 0.5            |\n------------------------------------------------------------------\n|  Valid Min.   | Valid Param.  | Above EDM | Reached call limit |\n------------------------------------------------------------------\n|     True      |     True      |   False   |       False        |\n------------------------------------------------------------------\n| Hesse failed  |   Has cov.    | Accurate  | Pos. def. | Forced |\n------------------------------------------------------------------\n|     False     |     True      |   True    |   True    | False  |\n------------------------------------------------------------------",
    "info_params": "name            value    minuit_hesse    at limit\n----------  ---------  --------------  ----------\nn_sig;374       51020     +/- 2.8e+02       False\u001b[0m\nn_bkg;374        6548     +/- 1.9e+02       False\u001b[0m\nfrac;374       0.4116     +/-   0.021       False\u001b[0m\nmu;374           5279     +/-   0.079       False\u001b[0m\nsigmaL;374      10.78     +/-    0.23       False\u001b[0m\nsigmaR;374      17.94     +/-    0.22       False\u001b[0m\nlambda;374  -0.001992     +/- 0.00022       False\u001b[0m",
    "lambda;374": -0.0019915322879148906,
    "lambda;374_err": 0.00021642896862891529,
    "mu;374": 5278.956072972073,
    "mu;374_err": 0.07891628958949627,
    "n_bkg;374": 6547.97451372505,
    "n_bkg;374_err": 186.95497763318482,
    "n_sig;374": 51015.99889697228,
    "n_sig;374_err": 277.831427697477,
    "r_params": {
        "alphaL": 1.8843186922212958,
        "alphaL_Kpipi": 0.23984147888569726,
        "alphaR": -1.898013890998096,
        "alphaR_Kpipi": -3.45169511727099,
        "fraction_Kpipi": 0.8861855867303668,
        "muL_Kpipi": 5214.656416664541,
        "muR_Kpipi": 5183.074248990296,
        "nL": 0.6099969965000511,
        "nL_Kpipi": 4.413073505098077,
        "nR": 4.391335812066559,
        "nR_Kpipi": 1.3686501931786665e-08,
        "r_bkgK": 0.034754054837981975,
        "sigmaL_Kpipi": 19.133710600596434,
        "sigmaR_Kpipi": 39.32384704379869
    },
    "sigmaL;374": 10.780579534356189,
    "sigmaL;374_err": 0.23133371448587078,
    "sigmaR;374": 17.935158073603006,
    "sigmaR;374_err": 0.21517039271261126
}