{
    "fit_ok": true,
    "frac;483": 0.3414359996870382,
    "frac;483_err": 0.009923137474732138,
    "info_fit": "------------------------------------------------------------------\n| FCN = -3.172e+05              |     Ncalls=101 (101 total)     |\n| EDM = 1.46e-05 (Goal: 0.001)  |            up = 0.5            |\n------------------------------------------------------------------\n|  Valid Min.   | Valid Param.  | Above EDM | Reached call limit |\n------------------------------------------------------------------\n|     True      |     True      |   False   |       False        |\n------------------------------------------------------------------\n| Hesse failed  |   Has cov.    | Accurate  | Pos. def. | Forced |\n------------------------------------------------------------------\n|     False     |     True      |   True    |   True    | False  |\n------------------------------------------------------------------",
    "info_params": "name             value    minuit_hesse    at limit\n----------  ----------  --------------  ----------\nn_sig;483        53040     +/- 2.4e+02       False\u001b[0m\nn_bkg;483         4446     +/-   1e+02       False\u001b[0m\nfrac;483        0.3414     +/-  0.0099       False\u001b[0m\nmu;483            5279     +/-    0.08       False\u001b[0m\nsigmaL;483       10.67     +/-    0.26       False\u001b[0m\nsigmaR;483        16.8     +/-    0.12       False\u001b[0m\nlambda;483  -4.035e-10     +/- 2.2e-07       False\u001b[0m",
    "lambda;483": -4.034900469296332e-10,
    "lambda;483_err": 2.2143832639716842e-07,
    "mu;483": 5278.836597542616,
    "mu;483_err": 0.07988446259813757,
    "n_bkg;483": 4446.040456163999,
    "n_bkg;483_err": 101.23842242149692,
    "n_sig;483": 53042.96236902783,
    "n_sig;483_err": 240.7674104138943,
    "r_params": {
        "alphaL": 1.907160133983087,
        "alphaL_Kpipi": 0.23984147888569726,
        "alphaR": -1.6590890746272557,
        "alphaR_Kpipi": -3.45169511727099,
        "fraction_Kpipi": 0.8861855867303668,
        "muL_Kpipi": 5214.656416664541,
        "muR_Kpipi": 5183.074248990296,
        "nL": 0.265647560666052,
        "nL_Kpipi": 4.413073505098077,
        "nR": 2.95066829623277,
        "nR_Kpipi": 1.3686501931786665e-08,
        "r_bkgK": 0.034754054837981975,
        "sigmaL_Kpipi": 19.133710600596434,
        "sigmaR_Kpipi": 39.32384704379869
    },
    "sigmaL;483": 10.673050673113071,
    "sigmaL;483_err": 0.25784833959469233,
    "sigmaR;483": 16.799057986524545,
    "sigmaR;483_err": 0.11677722208291576
}