{
    "fit_ok": true,
    "frac;737": 0.7204491618289416,
    "frac;737_err": 0.016578874358947424,
    "info_fit": "------------------------------------------------------------------\n| FCN = -3.171e+05              |     Ncalls=101 (101 total)     |\n| EDM = 7.91e-05 (Goal: 0.001)  |            up = 0.5            |\n------------------------------------------------------------------\n|  Valid Min.   | Valid Param.  | Above EDM | Reached call limit |\n------------------------------------------------------------------\n|     True      |     True      |   False   |       False        |\n------------------------------------------------------------------\n| Hesse failed  |   Has cov.    | Accurate  | Pos. def. | Forced |\n------------------------------------------------------------------\n|     False     |     True      |   True    |   True    | False  |\n------------------------------------------------------------------",
    "info_params": "name            value    minuit_hesse    at limit\n----------  ---------  --------------  ----------\nn_sig;737       53470     +/- 2.8e+02       False\u001b[0m\nn_bkg;737        4008     +/- 1.7e+02       False\u001b[0m\nfrac;737       0.7204     +/-   0.017       False\u001b[0m\nmu;737           5279     +/-   0.078       False\u001b[0m\nsigmaL;737       13.1     +/-    0.14       False\u001b[0m\nsigmaR;737      23.47     +/-    0.58       False\u001b[0m\nlambda;737  -0.003119     +/- 0.00041       False\u001b[0m",
    "lambda;737": -0.0031185964075780837,
    "lambda;737_err": 0.00040539946796818864,
    "mu;737": 5278.872745270149,
    "mu;737_err": 0.0776243507614897,
    "n_bkg;737": 4008.2178726194984,
    "n_bkg;737_err": 169.01288683113006,
    "n_sig;737": 53468.78424258872,
    "n_sig;737_err": 276.06880559629013,
    "r_params": {
        "alphaL": 2.1343699642945517,
        "alphaL_Kpipi": 0.23984147888569726,
        "alphaR": -1.7777992326615457,
        "alphaR_Kpipi": -3.45169511727099,
        "fraction_Kpipi": 0.8861855867303668,
        "muL_Kpipi": 5214.656416664541,
        "muR_Kpipi": 5183.074248990296,
        "nL": 0.5585076921208438,
        "nL_Kpipi": 4.413073505098077,
        "nR": 0.7539993029480136,
        "nR_Kpipi": 1.3686501931786665e-08,
        "r_bkgK": 0.034754054837981975,
        "sigmaL_Kpipi": 19.133710600596434,
        "sigmaR_Kpipi": 39.32384704379869
    },
    "sigmaL;737": 13.102895632838417,
    "sigmaL;737_err": 0.1414131643334747,
    "sigmaR;737": 23.472297228603328,
    "sigmaR;737_err": 0.5784750595668638
}