{
    "fit_ok": true,
    "frac;1093": 0.6228209164404603,
    "frac;1093_err": 0.022905922642360053,
    "info_fit": "------------------------------------------------------------------\n| FCN = -3.172e+05              |     Ncalls=103 (103 total)     |\n| EDM = 2.56e-05 (Goal: 0.001)  |            up = 0.5            |\n------------------------------------------------------------------\n|  Valid Min.   | Valid Param.  | Above EDM | Reached call limit |\n------------------------------------------------------------------\n|     True      |     True      |   False   |       False        |\n------------------------------------------------------------------\n| Hesse failed  |   Has cov.    | Accurate  | Pos. def. | Forced |\n------------------------------------------------------------------\n|     False     |     True      |   True    |   True    | False  |\n------------------------------------------------------------------",
    "info_params": "name             value    minuit_hesse    at limit\n-----------  ---------  --------------  ----------\nn_sig;1093       51930     +/- 2.9e+02       False\u001b[0m\nn_bkg;1093        7367     +/-   2e+02       False\u001b[0m\nfrac;1093       0.6228     +/-   0.023       False\u001b[0m\nmu;1093           5279     +/-   0.078       False\u001b[0m\nsigmaL;1093      12.22     +/-    0.18       False\u001b[0m\nsigmaR;1093      20.01     +/-    0.41       False\u001b[0m\nlambda;1093  -0.002819     +/- 0.00019       False\u001b[0m",
    "lambda;1093": -0.0028185561322094377,
    "lambda;1093_err": 0.0001937748963306131,
    "mu;1093": 5278.875755224118,
    "mu;1093_err": 0.07820136573599808,
    "n_bkg;1093": 7367.432776387506,
    "n_bkg;1093_err": 197.55795159157606,
    "n_sig;1093": 51932.262941824265,
    "n_sig;1093_err": 291.48172217722174,
    "r_params": {
        "alphaL": 2.032652256499463,
        "alphaL_Kpipi": 0.23543155790079642,
        "alphaR": -1.7656247571047547,
        "alphaR_Kpipi": -3.2881017918803868,
        "fraction_Kpipi": 0.8958888020589111,
        "muL_Kpipi": 5213.862310269254,
        "muR_Kpipi": 5186.464343984894,
        "nL": 0.4368034417751325,
        "nL_Kpipi": 4.301638940217665,
        "nR": 5.840596424652496,
        "nR_Kpipi": 0.00014456674079950577,
        "r_bkgK": 0.0007684384335533145,
        "sigmaL_Kpipi": 20.536869690519154,
        "sigmaR_Kpipi": 42.385166232623725
    },
    "sigmaL;1093": 12.224700484587101,
    "sigmaL;1093_err": 0.18079745359146254,
    "sigmaR;1093": 20.00753974536148,
    "sigmaR;1093_err": 0.40713154593859463
}