{
    "fit_ok": true,
    "frac;37": 0.36754149274981157,
    "frac;37_err": 0.020192336811471822,
    "info_fit": "------------------------------------------------------------------\n| FCN = -3.172e+05              |     Ncalls=106 (106 total)     |\n| EDM = 9.19e-07 (Goal: 0.001)  |            up = 0.5            |\n------------------------------------------------------------------\n|  Valid Min.   | Valid Param.  | Above EDM | Reached call limit |\n------------------------------------------------------------------\n|     True      |     True      |   False   |       False        |\n------------------------------------------------------------------\n| Hesse failed  |   Has cov.    | Accurate  | Pos. def. | Forced |\n------------------------------------------------------------------\n|     False     |     True      |   True    |   True    | False  |\n------------------------------------------------------------------",
    "info_params": "name           value    minuit_hesse    at limit\n---------  ---------  --------------  ----------\nn_sig;37       51060     +/- 2.8e+02       False\u001b[0m\nn_bkg;37        5949     +/- 1.8e+02       False\u001b[0m\nfrac;37       0.3675     +/-    0.02       False\u001b[0m\nmu;37           5279     +/-   0.079       False\u001b[0m\nsigmaL;37      10.49     +/-    0.24       False\u001b[0m\nsigmaR;37      17.69     +/-     0.2       False\u001b[0m\nlambda;37  -0.001252     +/- 0.00024       False\u001b[0m",
    "lambda;37": -0.001252014475607674,
    "lambda;37_err": 0.00024226708043883187,
    "mu;37": 5278.865986195919,
    "mu;37_err": 0.0786970864273468,
    "n_bkg;37": 5948.593250885935,
    "n_bkg;37_err": 184.22585900277593,
    "n_sig;37": 51064.89301173479,
    "n_sig;37_err": 275.29253008500103,
    "r_params": {
        "alphaL": 2.032652256499463,
        "alphaL_Kpipi": 0.25394588854911404,
        "alphaR": -1.7656247571047547,
        "alphaR_Kpipi": -3.7008690310942214,
        "fraction_Kpipi": 0.888729423207057,
        "muL_Kpipi": 5215.953038484684,
        "muR_Kpipi": 5181.907692105822,
        "nL": 0.4368034417751325,
        "nL_Kpipi": 4.140781609627459,
        "nR": 5.840596424652496,
        "nR_Kpipi": 0.0005393406240369677,
        "r_bkgK": 0.045472200705055164,
        "sigmaL_Kpipi": 18.453548826782292,
        "sigmaR_Kpipi": 36.012646608742756
    },
    "sigmaL;37": 10.487304121071492,
    "sigmaL;37_err": 0.2354546702820074,
    "sigmaR;37": 17.691014614775753,
    "sigmaR;37_err": 0.2037200640034144
}