{
    "fit_ok": true,
    "frac;798": 0.2797125136065608,
    "frac;798_err": 0.008571404487626548,
    "info_fit": "------------------------------------------------------------------\n| FCN = -3.171e+05              |     Ncalls=102 (102 total)     |\n| EDM = 5.94e-05 (Goal: 0.001)  |            up = 0.5            |\n------------------------------------------------------------------\n|  Valid Min.   | Valid Param.  | Above EDM | Reached call limit |\n------------------------------------------------------------------\n|     True      |     True      |   False   |       False        |\n------------------------------------------------------------------\n| Hesse failed  |   Has cov.    | Accurate  | Pos. def. | Forced |\n------------------------------------------------------------------\n|     False     |     True      |   True    |   True    | False  |\n------------------------------------------------------------------",
    "info_params": "name             value    minuit_hesse    at limit\n----------  ----------  --------------  ----------\nn_sig;798        54020     +/- 2.4e+02       False\u001b[0m\nn_bkg;798         3425     +/-   1e+02       False\u001b[0m\nfrac;798        0.2797     +/-  0.0086       False\u001b[0m\nmu;798            5279     +/-    0.08       False\u001b[0m\nsigmaL;798       10.05     +/-    0.29       False\u001b[0m\nsigmaR;798       16.64     +/-   0.099       False\u001b[0m\nlambda;798  -1.003e-10     +/- 5.4e-09       False\u001b[0m",
    "lambda;798": -1.0028651520332943e-10,
    "lambda;798_err": 5.409692550519347e-09,
    "mu;798": 5278.801966035175,
    "mu;798_err": 0.0795108855537361,
    "n_bkg;798": 3425.0633001046003,
    "n_bkg;798_err": 99.87804455298742,
    "n_sig;798": 54024.823060034956,
    "n_sig;798_err": 244.26622002419475,
    "r_params": {
        "alphaL": 2.0377407589996923,
        "alphaL_Kpipi": 0.23984147888569726,
        "alphaR": -1.8110121797089822,
        "alphaR_Kpipi": -3.45169511727099,
        "fraction_Kpipi": 0.8861855867303668,
        "muL_Kpipi": 5214.656416664541,
        "muR_Kpipi": 5183.074248990296,
        "nL": 0.09557159428509077,
        "nL_Kpipi": 4.413073505098077,
        "nR": 1.6737332321982068,
        "nR_Kpipi": 1.3686501931786665e-08,
        "r_bkgK": 0.034754054837981975,
        "sigmaL_Kpipi": 19.133710600596434,
        "sigmaR_Kpipi": 39.32384704379869
    },
    "sigmaL;798": 10.048774597815061,
    "sigmaL;798_err": 0.28737394702072233,
    "sigmaR;798": 16.636063352548884,
    "sigmaR;798_err": 0.09864859003354319
}