{
    "fit_ok": true,
    "frac;1293": 0.4418583094850297,
    "frac;1293_err": 0.02109627783374795,
    "info_fit": "------------------------------------------------------------------\n| FCN = -3.172e+05              |     Ncalls=104 (104 total)     |\n| EDM = 1.94e-05 (Goal: 0.001)  |            up = 0.5            |\n------------------------------------------------------------------\n|  Valid Min.   | Valid Param.  | Above EDM | Reached call limit |\n------------------------------------------------------------------\n|     True      |     True      |   False   |       False        |\n------------------------------------------------------------------\n| Hesse failed  |   Has cov.    | Accurate  | Pos. def. | Forced |\n------------------------------------------------------------------\n|     False     |     True      |   True    |   True    | False  |\n------------------------------------------------------------------",
    "info_params": "name             value    minuit_hesse    at limit\n-----------  ---------  --------------  ----------\nn_sig;1293       51450     +/- 2.8e+02       False\u001b[0m\nn_bkg;1293        6108     +/- 1.9e+02       False\u001b[0m\nfrac;1293       0.4419     +/-   0.021       False\u001b[0m\nmu;1293           5279     +/-   0.079       False\u001b[0m\nsigmaL;1293      11.04     +/-    0.22       False\u001b[0m\nsigmaR;1293      18.33     +/-    0.24       False\u001b[0m\nlambda;1293  -0.001458     +/- 0.00024       False\u001b[0m",
    "lambda;1293": -0.0014580948776424102,
    "lambda;1293_err": 0.00023916198051559138,
    "mu;1293": 5278.870928763411,
    "mu;1293_err": 0.07852811992173907,
    "n_bkg;1293": 6107.6527450580425,
    "n_bkg;1293_err": 188.92427289837764,
    "n_sig;1293": 51446.2665444821,
    "n_sig;1293_err": 280.57270142906407,
    "r_params": {
        "alphaL": 2.032652256499463,
        "alphaL_Kpipi": 0.22912869858446297,
        "alphaR": -1.7656247571047547,
        "alphaR_Kpipi": -3.4726363824801267,
        "fraction_Kpipi": 0.8902329465219362,
        "muL_Kpipi": 5212.755589791685,
        "muR_Kpipi": 5181.668200904618,
        "nL": 0.4368034417751325,
        "nL_Kpipi": 4.413423580150075,
        "nR": 5.840596424652496,
        "nR_Kpipi": 8.096670965441929e-05,
        "r_bkgK": 0.0346513052418289,
        "sigmaL_Kpipi": 19.576956596660615,
        "sigmaR_Kpipi": 42.667329150007305
    },
    "sigmaL;1293": 11.03918566806137,
    "sigmaL;1293_err": 0.21678052757065136,
    "sigmaR;1293": 18.327748049643557,
    "sigmaR;1293_err": 0.2417669429830717
}