{
    "fit_ok": true,
    "frac;996": 0.4390116575989715,
    "frac;996_err": 0.02163514737980151,
    "info_fit": "------------------------------------------------------------------\n| FCN = -3.172e+05              |     Ncalls=102 (102 total)     |\n| EDM = 0.000245 (Goal: 0.001)  |            up = 0.5            |\n------------------------------------------------------------------\n|  Valid Min.   | Valid Param.  | Above EDM | Reached call limit |\n------------------------------------------------------------------\n|     True      |     True      |   False   |       False        |\n------------------------------------------------------------------\n| Hesse failed  |   Has cov.    | Accurate  | Pos. def. | Forced |\n------------------------------------------------------------------\n|     False     |     True      |   True    |   True    | False  |\n------------------------------------------------------------------",
    "info_params": "name            value    minuit_hesse    at limit\n----------  ---------  --------------  ----------\nn_sig;996       51360     +/- 2.8e+02       False\u001b[0m\nn_bkg;996        6249     +/- 1.9e+02       False\u001b[0m\nfrac;996        0.439     +/-   0.022       False\u001b[0m\nmu;996           5279     +/-   0.079       False\u001b[0m\nsigmaL;996      11.04     +/-    0.22       False\u001b[0m\nsigmaR;996      18.23     +/-    0.24       False\u001b[0m\nlambda;996  -0.001654     +/- 0.00023       False\u001b[0m",
    "lambda;996": -0.0016544465208304382,
    "lambda;996_err": 0.0002347169686138307,
    "mu;996": 5278.873471309209,
    "mu;996_err": 0.0785234382793972,
    "n_bkg;996": 6248.6492101369295,
    "n_bkg;996_err": 191.30217669735717,
    "n_sig;996": 51357.99324514049,
    "n_sig;996_err": 281.868630044055,
    "r_params": {
        "alphaL": 2.032652256499463,
        "alphaL_Kpipi": 0.2674015896332654,
        "alphaR": -1.7656247571047547,
        "alphaR_Kpipi": -2.864588133780444,
        "fraction_Kpipi": 0.8889241484333318,
        "muL_Kpipi": 5214.034559334132,
        "muR_Kpipi": 5182.322220456939,
        "nL": 0.4368034417751325,
        "nL_Kpipi": 4.3528657953704375,
        "nR": 5.840596424652496,
        "nR_Kpipi": 0.00017485740959081048,
        "r_bkgK": 0.03367822180337056,
        "sigmaL_Kpipi": 19.21714628474357,
        "sigmaR_Kpipi": 40.4767313037793
    },
    "sigmaL;996": 11.036706941718258,
    "sigmaL;996_err": 0.22142489240036559,
    "sigmaR;996": 18.23341686029676,
    "sigmaR;996_err": 0.24116095231459056
}