{
    "fit_ok": true,
    "frac;1206": 0.3291402940183709,
    "frac;1206_err": 0.01610655920967427,
    "info_fit": "------------------------------------------------------------------\n| FCN = -3.172e+05              |     Ncalls=102 (102 total)     |\n| EDM = 3.82e-05 (Goal: 0.001)  |            up = 0.5            |\n------------------------------------------------------------------\n|  Valid Min.   | Valid Param.  | Above EDM | Reached call limit |\n------------------------------------------------------------------\n|     True      |     True      |   False   |       False        |\n------------------------------------------------------------------\n| Hesse failed  |   Has cov.    | Accurate  | Pos. def. | Forced |\n------------------------------------------------------------------\n|     False     |     True      |   True    |   True    | False  |\n------------------------------------------------------------------",
    "info_params": "name             value    minuit_hesse    at limit\n-----------  ---------  --------------  ----------\nn_sig;1206       51350     +/- 2.8e+02       False\u001b[0m\nn_bkg;1206        6198     +/- 1.9e+02       False\u001b[0m\nfrac;1206       0.3291     +/-   0.016       False\u001b[0m\nmu;1206           5279     +/-    0.08       False\u001b[0m\nsigmaL;1206       9.99     +/-    0.24       False\u001b[0m\nsigmaR;1206       17.2     +/-    0.16       False\u001b[0m\nlambda;1206  -0.001499     +/- 0.00024       False\u001b[0m",
    "lambda;1206": -0.001499139555445117,
    "lambda;1206_err": 0.00023962784565620268,
    "mu;1206": 5279.00151001113,
    "mu;1206_err": 0.0797981222593308,
    "n_bkg;1206": 6198.333932876741,
    "n_bkg;1206_err": 191.56877302588825,
    "n_sig;1206": 51352.70009278199,
    "n_sig;1206_err": 281.8562040631542,
    "r_params": {
        "alphaL": 1.8144556026015364,
        "alphaL_Kpipi": 0.23984147888569726,
        "alphaR": -1.8828508052459252,
        "alphaR_Kpipi": -3.45169511727099,
        "fraction_Kpipi": 0.8861855867303668,
        "muL_Kpipi": 5214.656416664541,
        "muR_Kpipi": 5183.074248990296,
        "nL": 0.47838591452905604,
        "nL_Kpipi": 4.413073505098077,
        "nR": 5.035278684370201,
        "nR_Kpipi": 1.3686501931786665e-08,
        "r_bkgK": 0.034754054837981975,
        "sigmaL_Kpipi": 19.133710600596434,
        "sigmaR_Kpipi": 39.32384704379869
    },
    "sigmaL;1206": 9.990313198182502,
    "sigmaL;1206_err": 0.24319241613439713,
    "sigmaR;1206": 17.195630297902767,
    "sigmaR;1206_err": 0.15642979576815505
}