{
    "fit_ok": true,
    "frac;1315": 0.4340725286530991,
    "frac;1315_err": 0.025158393376679283,
    "info_fit": "------------------------------------------------------------------\n| FCN = -3.172e+05              |     Ncalls=104 (104 total)     |\n| EDM = 4.47e-05 (Goal: 0.001)  |            up = 0.5            |\n------------------------------------------------------------------\n|  Valid Min.   | Valid Param.  | Above EDM | Reached call limit |\n------------------------------------------------------------------\n|     True      |     True      |   False   |       False        |\n------------------------------------------------------------------\n| Hesse failed  |   Has cov.    | Accurate  | Pos. def. | Forced |\n------------------------------------------------------------------\n|     False     |     True      |   True    |   True    | False  |\n------------------------------------------------------------------",
    "info_params": "name             value    minuit_hesse    at limit\n-----------  ---------  --------------  ----------\nn_sig;1315       50680     +/- 2.8e+02       False\u001b[0m\nn_bkg;1315        6894     +/- 1.9e+02       False\u001b[0m\nfrac;1315       0.4341     +/-   0.025       False\u001b[0m\nmu;1315           5279     +/-   0.078       False\u001b[0m\nsigmaL;1315       10.9     +/-    0.24       False\u001b[0m\nsigmaR;1315      18.43     +/-    0.27       False\u001b[0m\nlambda;1315  -0.002214     +/-  0.0002       False\u001b[0m",
    "lambda;1315": -0.002214061697336997,
    "lambda;1315_err": 0.00020461630695364026,
    "mu;1315": 5278.8815263066235,
    "mu;1315_err": 0.07808040469473997,
    "n_bkg;1315": 6893.955141490782,
    "n_bkg;1315_err": 190.26391056875886,
    "n_sig;1315": 50681.59603966471,
    "n_sig;1315_err": 278.7545578987414,
    "r_params": {
        "alphaL": 2.0576204443473936,
        "alphaL_Kpipi": 0.23984147888569726,
        "alphaR": -1.8838627610823548,
        "alphaR_Kpipi": -3.45169511727099,
        "fraction_Kpipi": 0.8861855867303668,
        "muL_Kpipi": 5214.656416664541,
        "muR_Kpipi": 5183.074248990296,
        "nL": 0.5127581027379847,
        "nL_Kpipi": 4.413073505098077,
        "nR": 7.90723106259386,
        "nR_Kpipi": 1.3686501931786665e-08,
        "r_bkgK": 0.034754054837981975,
        "sigmaL_Kpipi": 19.133710600596434,
        "sigmaR_Kpipi": 39.32384704379869
    },
    "sigmaL;1315": 10.901490675990201,
    "sigmaL;1315_err": 0.2399386174193275,
    "sigmaR;1315": 18.43304693753148,
    "sigmaR;1315_err": 0.266944749879647
}