{
    "fit_ok": true,
    "frac;833": 0.3499281376313468,
    "frac;833_err": 0.01916825498230929,
    "info_fit": "------------------------------------------------------------------\n| FCN = -3.172e+05              |     Ncalls=105 (105 total)     |\n| EDM = 0.000144 (Goal: 0.001)  |            up = 0.5            |\n------------------------------------------------------------------\n|  Valid Min.   | Valid Param.  | Above EDM | Reached call limit |\n------------------------------------------------------------------\n|     True      |     True      |   False   |       False        |\n------------------------------------------------------------------\n| Hesse failed  |   Has cov.    | Accurate  | Pos. def. | Forced |\n------------------------------------------------------------------\n|     False     |     True      |   True    |   True    | False  |\n------------------------------------------------------------------",
    "info_params": "name             value    minuit_hesse    at limit\n----------  ----------  --------------  ----------\nn_sig;833        51070     +/- 2.7e+02       False\u001b[0m\nn_bkg;833         5659     +/- 1.8e+02       False\u001b[0m\nfrac;833        0.3499     +/-   0.019       False\u001b[0m\nmu;833            5279     +/-   0.079       False\u001b[0m\nsigmaL;833       10.31     +/-    0.24       False\u001b[0m\nsigmaR;833       17.65     +/-    0.19       False\u001b[0m\nlambda;833  -0.0008514     +/- 0.00025       False\u001b[0m",
    "lambda;833": -0.0008514186498025794,
    "lambda;833_err": 0.00024905554832454455,
    "mu;833": 5278.860266836776,
    "mu;833_err": 0.0787660902268127,
    "n_bkg;833": 5658.742269374785,
    "n_bkg;833_err": 176.51163076820592,
    "n_sig;833": 51074.815303561074,
    "n_sig;833_err": 270.1825200867007,
    "r_params": {
        "alphaL": 2.032652256499463,
        "alphaL_Kpipi": 0.209968549033287,
        "alphaR": -1.7656247571047547,
        "alphaR_Kpipi": -3.4038894941791566,
        "fraction_Kpipi": 0.8666580984101837,
        "muL_Kpipi": 5214.724456251811,
        "muR_Kpipi": 5184.890101453848,
        "nL": 0.4368034417751325,
        "nL_Kpipi": 4.178511902668381,
        "nR": 5.840596424652496,
        "nR_Kpipi": 0.00013527312757759125,
        "r_bkgK": 0.05092521179214612,
        "sigmaL_Kpipi": 18.880970418611753,
        "sigmaR_Kpipi": 39.773482229711924
    },
    "sigmaL;833": 10.314192820944594,
    "sigmaL;833_err": 0.23896509411764774,
    "sigmaR;833": 17.645195861451782,
    "sigmaR;833_err": 0.1928330361209972
}