{
    "fit_ok": true,
    "frac;558": 0.35914544167060974,
    "frac;558_err": 0.018643264394031637,
    "info_fit": "------------------------------------------------------------------\n| FCN = -3.172e+05              |     Ncalls=103 (103 total)     |\n| EDM = 0.000508 (Goal: 0.001)  |            up = 0.5            |\n------------------------------------------------------------------\n|  Valid Min.   | Valid Param.  | Above EDM | Reached call limit |\n------------------------------------------------------------------\n|     True      |     True      |   False   |       False        |\n------------------------------------------------------------------\n| Hesse failed  |   Has cov.    | Accurate  | Pos. def. | Forced |\n------------------------------------------------------------------\n|     False     |     True      |   True    |   True    | False  |\n------------------------------------------------------------------",
    "info_params": "name            value    minuit_hesse    at limit\n----------  ---------  --------------  ----------\nn_sig;558       51370     +/- 2.8e+02       False\u001b[0m\nn_bkg;558        6184     +/- 1.9e+02       False\u001b[0m\nfrac;558       0.3591     +/-   0.019       False\u001b[0m\nmu;558           5279     +/-   0.079       False\u001b[0m\nsigmaL;558      10.27     +/-    0.24       False\u001b[0m\nsigmaR;558      17.69     +/-    0.19       False\u001b[0m\nlambda;558  -0.001433     +/- 0.00024       False\u001b[0m",
    "lambda;558": -0.0014333859266001114,
    "lambda;558_err": 0.0002441578974201085,
    "mu;558": 5278.910815720744,
    "mu;558_err": 0.07869004872810875,
    "n_bkg;558": 6183.86366250945,
    "n_bkg;558_err": 194.54978483760104,
    "n_sig;558": 51367.549877811565,
    "n_sig;558_err": 283.811052664308,
    "r_params": {
        "alphaL": 2.02424146896866,
        "alphaL_Kpipi": 0.23984147888569726,
        "alphaR": -1.8862198721562564,
        "alphaR_Kpipi": -3.45169511727099,
        "fraction_Kpipi": 0.8861855867303668,
        "muL_Kpipi": 5214.656416664541,
        "muR_Kpipi": 5183.074248990296,
        "nL": 0.3434187008179591,
        "nL_Kpipi": 4.413073505098077,
        "nR": 5.825015067409133,
        "nR_Kpipi": 1.3686501931786665e-08,
        "r_bkgK": 0.034754054837981975,
        "sigmaL_Kpipi": 19.133710600596434,
        "sigmaR_Kpipi": 39.32384704379869
    },
    "sigmaL;558": 10.272335965603862,
    "sigmaL;558_err": 0.2395261411532522,
    "sigmaR;558": 17.685467086288522,
    "sigmaR;558_err": 0.18908129666358497
}