{
    "fit_ok": true,
    "frac;858": 0.3694299108486827,
    "frac;858_err": 0.01564173896100516,
    "info_fit": "------------------------------------------------------------------\n| FCN = -3.172e+05              |     Ncalls=161 (161 total)     |\n| EDM = 0.000146 (Goal: 0.001)  |            up = 0.5            |\n------------------------------------------------------------------\n|  Valid Min.   | Valid Param.  | Above EDM | Reached call limit |\n------------------------------------------------------------------\n|     True      |     True      |   False   |       False        |\n------------------------------------------------------------------\n| Hesse failed  |   Has cov.    | Accurate  | Pos. def. | Forced |\n------------------------------------------------------------------\n|     False     |     True      |   True    |   True    | False  |\n------------------------------------------------------------------",
    "info_params": "name             value    minuit_hesse    at limit\n----------  ----------  --------------  ----------\nn_sig;858        52000     +/- 2.8e+02       False\u001b[0m\nn_bkg;858         5523     +/- 1.8e+02       False\u001b[0m\nfrac;858        0.3694     +/-   0.016       False\u001b[0m\nmu;858            5279     +/-   0.079       False\u001b[0m\nsigmaL;858       10.52     +/-    0.22       False\u001b[0m\nsigmaR;858       17.52     +/-    0.17       False\u001b[0m\nlambda;858  -0.0006757     +/- 0.00027       False\u001b[0m",
    "lambda;858": -0.0006757005089634144,
    "lambda;858_err": 0.0002661460690298686,
    "mu;858": 5278.851662046186,
    "mu;858_err": 0.0789344207072251,
    "n_bkg;858": 5522.700367726224,
    "n_bkg;858_err": 181.81156857352514,
    "n_sig;858": 52004.01143449776,
    "n_sig;858_err": 277.7483355647571,
    "r_params": {
        "alphaL": 2.040498987712371,
        "alphaL_Kpipi": 0.23984147888569726,
        "alphaR": -1.673977890815068,
        "alphaR_Kpipi": -3.45169511727099,
        "fraction_Kpipi": 0.8861855867303668,
        "muL_Kpipi": 5214.656416664541,
        "muR_Kpipi": 5183.074248990296,
        "nL": 0.275838368248437,
        "nL_Kpipi": 4.413073505098077,
        "nR": 6.5391887824090045,
        "nR_Kpipi": 1.3686501931786665e-08,
        "r_bkgK": 0.034754054837981975,
        "sigmaL_Kpipi": 19.133710600596434,
        "sigmaR_Kpipi": 39.32384704379869
    },
    "sigmaL;858": 10.521930737408006,
    "sigmaL;858_err": 0.21976585144835759,
    "sigmaR;858": 17.519280705835733,
    "sigmaR;858_err": 0.1725319860265504
}