{
    "fit_ok": true,
    "frac;321": 0.5579611149126027,
    "frac;321_err": 0.0249960357621114,
    "info_fit": "------------------------------------------------------------------\n| FCN = -3.172e+05              |     Ncalls=105 (105 total)     |\n| EDM = 1.95e-05 (Goal: 0.001)  |            up = 0.5            |\n------------------------------------------------------------------\n|  Valid Min.   | Valid Param.  | Above EDM | Reached call limit |\n------------------------------------------------------------------\n|     True      |     True      |   False   |       False        |\n------------------------------------------------------------------\n| Hesse failed  |   Has cov.    | Accurate  | Pos. def. | Forced |\n------------------------------------------------------------------\n|     False     |     True      |   True    |   True    | False  |\n------------------------------------------------------------------",
    "info_params": "name            value    minuit_hesse    at limit\n----------  ---------  --------------  ----------\nn_sig;321       51030     +/- 2.7e+02       False\u001b[0m\nn_bkg;321        6530     +/- 1.8e+02       False\u001b[0m\nfrac;321        0.558     +/-   0.025       False\u001b[0m\nmu;321           5279     +/-   0.078       False\u001b[0m\nsigmaL;321      11.91     +/-     0.2       False\u001b[0m\nsigmaR;321      19.61     +/-    0.37       False\u001b[0m\nlambda;321  -0.002087     +/-  0.0002       False\u001b[0m",
    "lambda;321": -0.0020867158830127908,
    "lambda;321_err": 0.00019949260577003093,
    "mu;321": 5278.7892046137185,
    "mu;321_err": 0.0778315580827014,
    "n_bkg;321": 6530.125518777346,
    "n_bkg;321_err": 175.3586020650909,
    "n_sig;321": 51034.92869195319,
    "n_sig;321_err": 270.8651711594401,
    "r_params": {
        "alphaL": 2.185964822732319,
        "alphaL_Kpipi": 0.23984147888569726,
        "alphaR": -1.6558957971323076,
        "alphaR_Kpipi": -3.45169511727099,
        "fraction_Kpipi": 0.8861855867303668,
        "muL_Kpipi": 5214.656416664541,
        "muR_Kpipi": 5183.074248990296,
        "nL": 0.48703512249968073,
        "nL_Kpipi": 4.413073505098077,
        "nR": 5.933971382577065,
        "nR_Kpipi": 1.3686501931786665e-08,
        "r_bkgK": 0.034754054837981975,
        "sigmaL_Kpipi": 19.133710600596434,
        "sigmaR_Kpipi": 39.32384704379869
    },
    "sigmaL;321": 11.912378864071794,
    "sigmaL;321_err": 0.1991479298008972,
    "sigmaR;321": 19.60898594709883,
    "sigmaR;321_err": 0.37486207011161843
}