{
    "fit_ok": true,
    "frac;826": 0.3372545697069971,
    "frac;826_err": 0.019468434818708226,
    "info_fit": "------------------------------------------------------------------\n| FCN = -3.172e+05              |     Ncalls=106 (106 total)     |\n| EDM = 0.000149 (Goal: 0.001)  |            up = 0.5            |\n------------------------------------------------------------------\n|  Valid Min.   | Valid Param.  | Above EDM | Reached call limit |\n------------------------------------------------------------------\n|     True      |     True      |   False   |       False        |\n------------------------------------------------------------------\n| Hesse failed  |   Has cov.    | Accurate  | Pos. def. | Forced |\n------------------------------------------------------------------\n|     False     |     True      |   True    |   True    | False  |\n------------------------------------------------------------------",
    "info_params": "name             value    minuit_hesse    at limit\n----------  ----------  --------------  ----------\nn_sig;826        50940     +/- 2.7e+02       False\u001b[0m\nn_bkg;826         5727     +/- 1.8e+02       False\u001b[0m\nfrac;826        0.3373     +/-   0.019       False\u001b[0m\nmu;826            5279     +/-   0.079       False\u001b[0m\nsigmaL;826       10.22     +/-    0.25       False\u001b[0m\nsigmaR;826        17.5     +/-    0.19       False\u001b[0m\nlambda;826  -0.0009572     +/- 0.00025       False\u001b[0m",
    "lambda;826": -0.0009572031912500473,
    "lambda;826_err": 0.00024780866105378416,
    "mu;826": 5278.867800545704,
    "mu;826_err": 0.07880433984001647,
    "n_bkg;826": 5727.136571144738,
    "n_bkg;826_err": 178.5988222831228,
    "n_sig;826": 50940.25794605387,
    "n_sig;826_err": 270.83447028715597,
    "r_params": {
        "alphaL": 2.032652256499463,
        "alphaL_Kpipi": 0.2548006417339949,
        "alphaR": -1.7656247571047547,
        "alphaR_Kpipi": -3.108813324635784,
        "fraction_Kpipi": 0.9033158769657601,
        "muL_Kpipi": 5214.116906374025,
        "muR_Kpipi": 5185.203234181528,
        "nL": 0.4368034417751325,
        "nL_Kpipi": 3.899176381434264,
        "nR": 5.840596424652496,
        "nR_Kpipi": 3.0814255471726287e-05,
        "r_bkgK": 0.052356326016659904,
        "sigmaL_Kpipi": 20.004811703179183,
        "sigmaR_Kpipi": 40.57173468878492
    },
    "sigmaL;826": 10.223121415103407,
    "sigmaL;826_err": 0.2479897564455341,
    "sigmaR;826": 17.49762220856653,
    "sigmaR;826_err": 0.189479667059475
}