{
    "fit_ok": true,
    "frac;327": 0.36687800144778965,
    "frac;327_err": 0.019890909667135675,
    "info_fit": "------------------------------------------------------------------\n| FCN = -3.172e+05              |     Ncalls=106 (106 total)     |\n| EDM = 8.62e-06 (Goal: 0.001)  |            up = 0.5            |\n------------------------------------------------------------------\n|  Valid Min.   | Valid Param.  | Above EDM | Reached call limit |\n------------------------------------------------------------------\n|     True      |     True      |   False   |       False        |\n------------------------------------------------------------------\n| Hesse failed  |   Has cov.    | Accurate  | Pos. def. | Forced |\n------------------------------------------------------------------\n|     False     |     True      |   True    |   True    | False  |\n------------------------------------------------------------------",
    "info_params": "name            value    minuit_hesse    at limit\n----------  ---------  --------------  ----------\nn_sig;327       51090     +/- 2.7e+02       False\u001b[0m\nn_bkg;327        5873     +/- 1.8e+02       False\u001b[0m\nfrac;327       0.3669     +/-    0.02       False\u001b[0m\nmu;327           5279     +/-   0.079       False\u001b[0m\nsigmaL;327      10.47     +/-    0.23       False\u001b[0m\nsigmaR;327      17.72     +/-     0.2       False\u001b[0m\nlambda;327  -0.001156     +/- 0.00024       False\u001b[0m",
    "lambda;327": -0.0011556317311455927,
    "lambda;327_err": 0.0002442253981116764,
    "mu;327": 5278.862616821664,
    "mu;327_err": 0.07870927672064337,
    "n_bkg;327": 5872.938455657051,
    "n_bkg;327_err": 182.50330179109193,
    "n_sig;327": 51094.56324390613,
    "n_sig;327_err": 274.2659783052935,
    "r_params": {
        "alphaL": 2.032652256499463,
        "alphaL_Kpipi": 0.25691553088235153,
        "alphaR": -1.7656247571047547,
        "alphaR_Kpipi": -3.370451673895728,
        "fraction_Kpipi": 0.8942756038873326,
        "muL_Kpipi": 5214.413903460943,
        "muR_Kpipi": 5181.698830360283,
        "nL": 0.4368034417751325,
        "nL_Kpipi": 4.8641714312189315,
        "nR": 5.840596424652496,
        "nR_Kpipi": 9.735773823046524e-05,
        "r_bkgK": 0.046342917271948524,
        "sigmaL_Kpipi": 18.957823368240952,
        "sigmaR_Kpipi": 38.96838382894011
    },
    "sigmaL;327": 10.469247661962953,
    "sigmaL;327_err": 0.23337078635317568,
    "sigmaR;327": 17.721635207415964,
    "sigmaR;327_err": 0.2025585228003342
}