{
    "fit_ok": true,
    "frac;533": 0.46233000390914525,
    "frac;533_err": 0.024974680959925208,
    "info_fit": "------------------------------------------------------------------\n| FCN = -3.172e+05              |     Ncalls=106 (106 total)     |\n| EDM = 7.93e-06 (Goal: 0.001)  |            up = 0.5            |\n------------------------------------------------------------------\n|  Valid Min.   | Valid Param.  | Above EDM | Reached call limit |\n------------------------------------------------------------------\n|     True      |     True      |   False   |       False        |\n------------------------------------------------------------------\n| Hesse failed  |   Has cov.    | Accurate  | Pos. def. | Forced |\n------------------------------------------------------------------\n|     False     |     True      |   True    |   True    | False  |\n------------------------------------------------------------------",
    "info_params": "name            value    minuit_hesse    at limit\n----------  ---------  --------------  ----------\nn_sig;533       50990     +/- 2.8e+02       False\u001b[0m\nn_bkg;533        6571     +/- 1.9e+02       False\u001b[0m\nfrac;533       0.4623     +/-   0.025       False\u001b[0m\nmu;533           5279     +/-   0.078       False\u001b[0m\nsigmaL;533      11.11     +/-    0.22       False\u001b[0m\nsigmaR;533      18.88     +/-     0.3       False\u001b[0m\nlambda;533  -0.001944     +/- 0.00022       False\u001b[0m",
    "lambda;533": -0.0019444742145376531,
    "lambda;533_err": 0.0002160126575989673,
    "mu;533": 5278.816574411417,
    "mu;533_err": 0.07761594619309899,
    "n_bkg;533": 6571.050132974148,
    "n_bkg;533_err": 189.90764274237375,
    "n_sig;533": 50994.22122072506,
    "n_sig;533_err": 279.6711731081262,
    "r_params": {
        "alphaL": 2.2213536885938887,
        "alphaL_Kpipi": 0.23984147888569726,
        "alphaR": -1.8361556324234285,
        "alphaR_Kpipi": -3.45169511727099,
        "fraction_Kpipi": 0.8861855867303668,
        "muL_Kpipi": 5214.656416664541,
        "muR_Kpipi": 5183.074248990296,
        "nL": 0.3515273124199837,
        "nL_Kpipi": 4.413073505098077,
        "nR": 6.667074795441773,
        "nR_Kpipi": 1.3686501931786665e-08,
        "r_bkgK": 0.034754054837981975,
        "sigmaL_Kpipi": 19.133710600596434,
        "sigmaR_Kpipi": 39.32384704379869
    },
    "sigmaL;533": 11.10660869598836,
    "sigmaL;533_err": 0.22298520270142674,
    "sigmaR;533": 18.88206735807096,
    "sigmaR;533_err": 0.3025268383045588
}