{
    "fit_ok": true,
    "frac;869": 0.3648134360664775,
    "frac;869_err": 0.01946200409546003,
    "info_fit": "------------------------------------------------------------------\n| FCN = -3.172e+05              |     Ncalls=103 (103 total)     |\n| EDM = 3.15e-05 (Goal: 0.001)  |            up = 0.5            |\n------------------------------------------------------------------\n|  Valid Min.   | Valid Param.  | Above EDM | Reached call limit |\n------------------------------------------------------------------\n|     True      |     True      |   False   |       False        |\n------------------------------------------------------------------\n| Hesse failed  |   Has cov.    | Accurate  | Pos. def. | Forced |\n------------------------------------------------------------------\n|     False     |     True      |   True    |   True    | False  |\n------------------------------------------------------------------",
    "info_params": "name             value    minuit_hesse    at limit\n----------  ----------  --------------  ----------\nn_sig;869        51120     +/- 2.7e+02       False\u001b[0m\nn_bkg;869         5757     +/- 1.8e+02       False\u001b[0m\nfrac;869        0.3648     +/-   0.019       False\u001b[0m\nmu;869            5279     +/-   0.079       False\u001b[0m\nsigmaL;869       10.44     +/-    0.23       False\u001b[0m\nsigmaR;869       17.75     +/-     0.2       False\u001b[0m\nlambda;869  -0.0009935     +/- 0.00025       False\u001b[0m",
    "lambda;869": -0.0009935408395712053,
    "lambda;869_err": 0.0002471032290377011,
    "mu;869": 5278.8623535864845,
    "mu;869_err": 0.07873074684348534,
    "n_bkg;869": 5757.258325064916,
    "n_bkg;869_err": 179.56836390469414,
    "n_sig;869": 51124.63055714289,
    "n_sig;869_err": 272.44398147278577,
    "r_params": {
        "alphaL": 2.032652256499463,
        "alphaL_Kpipi": 0.24943645897682418,
        "alphaR": -1.7656247571047547,
        "alphaR_Kpipi": -3.422531581493509,
        "fraction_Kpipi": 0.8752570476352581,
        "muL_Kpipi": 5213.240564369754,
        "muR_Kpipi": 5183.265504078314,
        "nL": 0.4368034417751325,
        "nL_Kpipi": 4.3147063117436035,
        "nR": 5.840596424652496,
        "nR_Kpipi": 9.802212351375907e-05,
        "r_bkgK": 0.04798861435302461,
        "sigmaL_Kpipi": 19.542763819664195,
        "sigmaR_Kpipi": 41.15585506375113
    },
    "sigmaL;869": 10.437934469137943,
    "sigmaL;869_err": 0.23140883618114858,
    "sigmaR;869": 17.746947375893566,
    "sigmaR;869_err": 0.2002333529214214
}