{
    "fit_ok": true,
    "frac;113": 0.4839429895792022,
    "frac;113_err": 0.021860132972821817,
    "info_fit": "------------------------------------------------------------------\n| FCN = -3.172e+05              |     Ncalls=103 (103 total)     |\n| EDM = 3.48e-05 (Goal: 0.001)  |            up = 0.5            |\n------------------------------------------------------------------\n|  Valid Min.   | Valid Param.  | Above EDM | Reached call limit |\n------------------------------------------------------------------\n|     True      |     True      |   False   |       False        |\n------------------------------------------------------------------\n| Hesse failed  |   Has cov.    | Accurate  | Pos. def. | Forced |\n------------------------------------------------------------------\n|     False     |     True      |   True    |   True    | False  |\n------------------------------------------------------------------",
    "info_params": "name            value    minuit_hesse    at limit\n----------  ---------  --------------  ----------\nn_sig;113       51540     +/- 2.8e+02       False\u001b[0m\nn_bkg;113        6457     +/- 1.9e+02       False\u001b[0m\nfrac;113       0.4839     +/-   0.022       False\u001b[0m\nmu;113           5279     +/-   0.078       False\u001b[0m\nsigmaL;113      11.35     +/-     0.2       False\u001b[0m\nsigmaR;113      18.61     +/-    0.27       False\u001b[0m\nlambda;113  -0.001879     +/- 0.00023       False\u001b[0m",
    "lambda;113": -0.0018789080933200586,
    "lambda;113_err": 0.0002268486127666101,
    "mu;113": 5278.878347645419,
    "mu;113_err": 0.07836108085543655,
    "n_bkg;113": 6457.116865446905,
    "n_bkg;113_err": 193.59782653817805,
    "n_sig;113": 51535.295166086085,
    "n_sig;113_err": 284.7461489171283,
    "r_params": {
        "alphaL": 2.032652256499463,
        "alphaL_Kpipi": 0.24204235709764046,
        "alphaR": -1.7656247571047547,
        "alphaR_Kpipi": -3.6510163753058698,
        "fraction_Kpipi": 0.8897125457147732,
        "muL_Kpipi": 5214.072008026732,
        "muR_Kpipi": 5184.841000384991,
        "nL": 0.4368034417751325,
        "nL_Kpipi": 4.148087615725714,
        "nR": 5.840596424652496,
        "nR_Kpipi": 0.00016293064644092186,
        "r_bkgK": 0.026103301554706755,
        "sigmaL_Kpipi": 19.490570243215018,
        "sigmaR_Kpipi": 36.827293497011944
    },
    "sigmaL;113": 11.349490518745778,
    "sigmaL;113_err": 0.20468238580900155,
    "sigmaR;113": 18.609688671408776,
    "sigmaR;113_err": 0.2697529743497847
}