{
    "fit_ok": true,
    "frac;56": 0.43880029412737837,
    "frac;56_err": 0.021404763319611882,
    "info_fit": "------------------------------------------------------------------\n| FCN = -3.172e+05              |     Ncalls=104 (104 total)     |\n| EDM = 9.22e-05 (Goal: 0.001)  |            up = 0.5            |\n------------------------------------------------------------------\n|  Valid Min.   | Valid Param.  | Above EDM | Reached call limit |\n------------------------------------------------------------------\n|     True      |     True      |   False   |       False        |\n------------------------------------------------------------------\n| Hesse failed  |   Has cov.    | Accurate  | Pos. def. | Forced |\n------------------------------------------------------------------\n|     False     |     True      |   True    |   True    | False  |\n------------------------------------------------------------------",
    "info_params": "name           value    minuit_hesse    at limit\n---------  ---------  --------------  ----------\nn_sig;56       51370     +/- 2.8e+02       False\u001b[0m\nn_bkg;56        6165     +/- 1.9e+02       False\u001b[0m\nfrac;56       0.4388     +/-   0.021       False\u001b[0m\nmu;56           5279     +/-   0.078       False\u001b[0m\nsigmaL;56      11.04     +/-    0.22       False\u001b[0m\nsigmaR;56      18.23     +/-    0.24       False\u001b[0m\nlambda;56  -0.001527     +/- 0.00024       False\u001b[0m",
    "lambda;56": -0.0015271437696712242,
    "lambda;56_err": 0.00023785189069007266,
    "mu;56": 5278.88457078879,
    "mu;56_err": 0.07849626151242514,
    "n_bkg;56": 6165.405082342825,
    "n_bkg;56_err": 190.208632519243,
    "n_sig;56": 51372.91662709955,
    "n_sig;56_err": 281.0841357047506,
    "r_params": {
        "alphaL": 2.032652256499463,
        "alphaL_Kpipi": 0.2027457616640544,
        "alphaR": -1.7656247571047547,
        "alphaR_Kpipi": -3.2798820287930566,
        "fraction_Kpipi": 0.8863391743202091,
        "muL_Kpipi": 5215.915591856419,
        "muR_Kpipi": 5179.137291335563,
        "nL": 0.4368034417751325,
        "nL_Kpipi": 4.453458557207901,
        "nR": 5.840596424652496,
        "nR_Kpipi": 0.000123951939598648,
        "r_bkgK": 0.03501067137211895,
        "sigmaL_Kpipi": 19.723234005927566,
        "sigmaR_Kpipi": 38.86769311661212
    },
    "sigmaL;56": 11.036161811858808,
    "sigmaL;56_err": 0.22024926479189286,
    "sigmaR;56": 18.23258272011042,
    "sigmaR;56_err": 0.2405038043030856
}