{
    "fit_ok": true,
    "frac;81": 0.5046406793907778,
    "frac;81_err": 0.02206836633165316,
    "info_fit": "------------------------------------------------------------------\n| FCN = -3.172e+05              |     Ncalls=106 (106 total)     |\n| EDM = 9.83e-06 (Goal: 0.001)  |            up = 0.5            |\n------------------------------------------------------------------\n|  Valid Min.   | Valid Param.  | Above EDM | Reached call limit |\n------------------------------------------------------------------\n|     True      |     True      |   False   |       False        |\n------------------------------------------------------------------\n| Hesse failed  |   Has cov.    | Accurate  | Pos. def. | Forced |\n------------------------------------------------------------------\n|     False     |     True      |   True    |   True    | False  |\n------------------------------------------------------------------",
    "info_params": "name           value    minuit_hesse    at limit\n---------  ---------  --------------  ----------\nn_sig;81       51610     +/- 2.9e+02       False\u001b[0m\nn_bkg;81        6556     +/- 1.9e+02       False\u001b[0m\nfrac;81       0.5046     +/-   0.022       False\u001b[0m\nmu;81           5279     +/-   0.078       False\u001b[0m\nsigmaL;81      11.48     +/-     0.2       False\u001b[0m\nsigmaR;81       18.8     +/-    0.28       False\u001b[0m\nlambda;81  -0.001996     +/- 0.00022       False\u001b[0m",
    "lambda;81": -0.0019958812396462383,
    "lambda;81_err": 0.0002232544037819006,
    "mu;81": 5278.8778037203365,
    "mu;81_err": 0.07834278689269641,
    "n_bkg;81": 6555.706947894456,
    "n_bkg;81_err": 194.64627644658094,
    "n_sig;81": 51614.84636460861,
    "n_sig;81_err": 286.06721794709523,
    "r_params": {
        "alphaL": 2.032652256499463,
        "alphaL_Kpipi": 0.23559690652908405,
        "alphaR": -1.7656247571047547,
        "alphaR_Kpipi": -3.1724004931742185,
        "fraction_Kpipi": 0.8885850910181043,
        "muL_Kpipi": 5213.506399530035,
        "muR_Kpipi": 5184.558504061064,
        "nL": 0.4368034417751325,
        "nL_Kpipi": 4.357491854578026,
        "nR": 5.840596424652496,
        "nR_Kpipi": 1.2136109604286452e-05,
        "r_bkgK": 0.022613647943904136,
        "sigmaL_Kpipi": 19.391352799871417,
        "sigmaR_Kpipi": 39.77062703043627
    },
    "sigmaL;81": 11.484254308675848,
    "sigmaL;81_err": 0.20078248132662732,
    "sigmaR;81": 18.801384046716016,
    "sigmaR;81_err": 0.2849264152610294
}