{
    "fit_ok": true,
    "frac;238": 0.2951218287051594,
    "frac;238_err": 0.018878933265401292,
    "info_fit": "------------------------------------------------------------------\n| FCN = -3.172e+05              |     Ncalls=103 (103 total)     |\n| EDM = 0.000254 (Goal: 0.001)  |            up = 0.5            |\n------------------------------------------------------------------\n|  Valid Min.   | Valid Param.  | Above EDM | Reached call limit |\n------------------------------------------------------------------\n|     True      |     True      |   False   |       False        |\n------------------------------------------------------------------\n| Hesse failed  |   Has cov.    | Accurate  | Pos. def. | Forced |\n------------------------------------------------------------------\n|     False     |     True      |   True    |   True    | False  |\n------------------------------------------------------------------",
    "info_params": "name             value    minuit_hesse    at limit\n----------  ----------  --------------  ----------\nn_sig;238        50760     +/- 2.6e+02       False\u001b[0m\nn_bkg;238         5513     +/- 1.7e+02       False\u001b[0m\nfrac;238        0.2951     +/-   0.019       False\u001b[0m\nmu;238            5279     +/-   0.079       False\u001b[0m\nsigmaL;238       9.824     +/-    0.28       False\u001b[0m\nsigmaR;238       17.23     +/-    0.17       False\u001b[0m\nlambda;238  -0.0006275     +/- 0.00025       False\u001b[0m",
    "lambda;238": -0.0006274577787877128,
    "lambda;238_err": 0.00025077821041243574,
    "mu;238": 5278.85857415432,
    "mu;238_err": 0.07897614194978853,
    "n_bkg;238": 5513.406252222224,
    "n_bkg;238_err": 170.6628532385219,
    "n_sig;238": 50764.18525894514,
    "n_sig;238_err": 264.8927710175578,
    "r_params": {
        "alphaL": 2.032652256499463,
        "alphaL_Kpipi": 0.22663956938559573,
        "alphaR": -1.7656247571047547,
        "alphaR_Kpipi": -3.475106802256642,
        "fraction_Kpipi": 0.8957798578753948,
        "muL_Kpipi": 5215.050641304728,
        "muR_Kpipi": 5186.221644641537,
        "nL": 0.4368034417751325,
        "nL_Kpipi": 3.848451545083716,
        "nR": 5.840596424652496,
        "nR_Kpipi": 7.211219586152091e-05,
        "r_bkgK": 0.060202782795543155,
        "sigmaL_Kpipi": 19.543163602073392,
        "sigmaR_Kpipi": 38.830093103301714
    },
    "sigmaL;238": 9.824017867751959,
    "sigmaL;238_err": 0.28199113613321625,
    "sigmaR;238": 17.226793224917866,
    "sigmaR;238_err": 0.17203446247803705
}