{
    "fit_ok": true,
    "frac;1253": 0.3860253467952893,
    "frac;1253_err": 0.02070290432287908,
    "info_fit": "------------------------------------------------------------------\n| FCN = -3.172e+05              |     Ncalls=106 (106 total)     |\n| EDM = 0.000217 (Goal: 0.001)  |            up = 0.5            |\n------------------------------------------------------------------\n|  Valid Min.   | Valid Param.  | Above EDM | Reached call limit |\n------------------------------------------------------------------\n|     True      |     True      |   False   |       False        |\n------------------------------------------------------------------\n| Hesse failed  |   Has cov.    | Accurate  | Pos. def. | Forced |\n------------------------------------------------------------------\n|     False     |     True      |   True    |   True    | False  |\n------------------------------------------------------------------",
    "info_params": "name             value    minuit_hesse    at limit\n-----------  ---------  --------------  ----------\nn_sig;1253       51130     +/- 2.8e+02       False\u001b[0m\nn_bkg;1253        6026     +/- 1.9e+02       False\u001b[0m\nfrac;1253        0.386     +/-   0.021       False\u001b[0m\nmu;1253           5279     +/-   0.079       False\u001b[0m\nsigmaL;1253      10.63     +/-    0.23       False\u001b[0m\nsigmaR;1253      17.82     +/-    0.21       False\u001b[0m\nlambda;1253  -0.001362     +/- 0.00024       False\u001b[0m",
    "lambda;1253": -0.0013616383509145874,
    "lambda;1253_err": 0.00024110393647548952,
    "mu;1253": 5278.874407282259,
    "mu;1253_err": 0.07864480814092234,
    "n_bkg;1253": 6026.297635351933,
    "n_bkg;1253_err": 186.74380313077359,
    "n_sig;1253": 51131.86009929117,
    "n_sig;1253_err": 277.3506691084312,
    "r_params": {
        "alphaL": 2.032652256499463,
        "alphaL_Kpipi": 0.25053542262061335,
        "alphaR": -1.7656247571047547,
        "alphaR_Kpipi": -3.1971464348230794,
        "fraction_Kpipi": 0.8989661778747945,
        "muL_Kpipi": 5215.379430920144,
        "muR_Kpipi": 5182.865753743448,
        "nL": 0.4368034417751325,
        "nL_Kpipi": 4.381312749316325,
        "nR": 5.840596424652496,
        "nR_Kpipi": 0.0001410903892156841,
        "r_bkgK": 0.04258301361675498,
        "sigmaL_Kpipi": 19.09273623477007,
        "sigmaR_Kpipi": 38.84257168625332
    },
    "sigmaL;1253": 10.633370733479016,
    "sigmaL;1253_err": 0.2332181373355172,
    "sigmaR;1253": 17.817353907812596,
    "sigmaR;1253_err": 0.21319901891301604
}