{
    "fit_ok": false,
    "frac;285": 0.4312641638822415,
    "frac;285_err": 0.021175784858725455,
    "info_fit": "------------------------------------------------------------------\n| FCN = -3.172e+05              |     Ncalls=105 (105 total)     |\n| EDM = 0.00101 (Goal: 0.001)   |            up = 0.5            |\n------------------------------------------------------------------\n|  Valid Min.   | Valid Param.  | Above EDM | Reached call limit |\n------------------------------------------------------------------\n|     True      |     True      |   False   |       False        |\n------------------------------------------------------------------\n| Hesse failed  |   Has cov.    | Accurate  | Pos. def. | Forced |\n------------------------------------------------------------------\n|     False     |     True      |   True    |   True    | False  |\n------------------------------------------------------------------",
    "info_params": "name           value    minuit_hesse    at limit\n----------  --------  --------------  ----------\nn_sig;285      51360     +/- 2.8e+02       False\u001b[0m\nn_bkg;285       6147     +/- 1.9e+02       False\u001b[0m\nfrac;285      0.4313     +/-   0.021       False\u001b[0m\nmu;285          5279     +/-   0.079       False\u001b[0m\nsigmaL;285     10.97     +/-    0.22       False\u001b[0m\nsigmaR;285      18.2     +/-    0.24       False\u001b[0m\nlambda;285  -0.00151     +/- 0.00024       False\u001b[0m",
    "lambda;285": -0.0015101316500860662,
    "lambda;285_err": 0.00023768004197091008,
    "mu;285": 5278.872835189613,
    "mu;285_err": 0.07850346768553622,
    "n_bkg;285": 6146.519209030298,
    "n_bkg;285_err": 189.2406808246891,
    "n_sig;285": 51361.67233969216,
    "n_sig;285_err": 280.40630248400197,
    "r_params": {
        "alphaL": 2.032652256499463,
        "alphaL_Kpipi": 0.23476106218127915,
        "alphaR": -1.7656247571047547,
        "alphaR_Kpipi": -3.366646233462982,
        "fraction_Kpipi": 0.8833007616051798,
        "muL_Kpipi": 5214.059094641794,
        "muR_Kpipi": 5189.998765184697,
        "nL": 0.4368034417751325,
        "nL_Kpipi": 4.3624894712081055,
        "nR": 5.840596424652496,
        "nR_Kpipi": 0.00024987050618632676,
        "r_bkgK": 0.035618464151073774,
        "sigmaL_Kpipi": 19.18978002892196,
        "sigmaR_Kpipi": 35.97655595632812
    },
    "sigmaL;285": 10.974205598784275,
    "sigmaL;285_err": 0.22007683006766252,
    "sigmaR;285": 18.199998405964458,
    "sigmaR;285_err": 0.23572512848017121
}