{
    "fit_ok": true,
    "frac;745": 0.49761438981530026,
    "frac;745_err": 0.022063461280587584,
    "info_fit": "------------------------------------------------------------------\n| FCN = -3.172e+05              |     Ncalls=106 (106 total)     |\n| EDM = 7.52e-06 (Goal: 0.001)  |            up = 0.5            |\n------------------------------------------------------------------\n|  Valid Min.   | Valid Param.  | Above EDM | Reached call limit |\n------------------------------------------------------------------\n|     True      |     True      |   False   |       False        |\n------------------------------------------------------------------\n| Hesse failed  |   Has cov.    | Accurate  | Pos. def. | Forced |\n------------------------------------------------------------------\n|     False     |     True      |   True    |   True    | False  |\n------------------------------------------------------------------",
    "info_params": "name            value    minuit_hesse    at limit\n----------  ---------  --------------  ----------\nn_sig;745       51550     +/- 2.9e+02       False\u001b[0m\nn_bkg;745        6581     +/- 1.9e+02       False\u001b[0m\nfrac;745       0.4976     +/-   0.022       False\u001b[0m\nmu;745           5279     +/-   0.078       False\u001b[0m\nsigmaL;745      11.45     +/-     0.2       False\u001b[0m\nsigmaR;745       18.7     +/-    0.28       False\u001b[0m\nlambda;745  -0.002021     +/- 0.00022       False\u001b[0m",
    "lambda;745": -0.00202054539917719,
    "lambda;745_err": 0.0002221193990436097,
    "mu;745": 5278.881899717436,
    "mu;745_err": 0.07830040187640581,
    "n_bkg;745": 6581.080602052089,
    "n_bkg;745_err": 194.56163318089617,
    "n_sig;745": 51552.89273932655,
    "n_sig;745_err": 285.71592522635336,
    "r_params": {
        "alphaL": 2.032652256499463,
        "alphaL_Kpipi": 0.26101516206436776,
        "alphaR": -1.7656247571047547,
        "alphaR_Kpipi": -3.4956353894515204,
        "fraction_Kpipi": 0.8866860302322104,
        "muL_Kpipi": 5214.517738917975,
        "muR_Kpipi": 5180.6029353953645,
        "nL": 0.4368034417751325,
        "nL_Kpipi": 4.514773041533155,
        "nR": 5.840596424652496,
        "nR_Kpipi": 7.361528874917593e-05,
        "r_bkgK": 0.023346386109659,
        "sigmaL_Kpipi": 19.6724702723934,
        "sigmaR_Kpipi": 38.72774282200416
    },
    "sigmaL;745": 11.446020333797971,
    "sigmaL;745_err": 0.2009430523111906,
    "sigmaR;745": 18.70000040093128,
    "sigmaR;745_err": 0.27937634552994184
}