{
    "fit_ok": true,
    "frac;808": 0.4809635875072501,
    "frac;808_err": 0.025767496684814845,
    "info_fit": "------------------------------------------------------------------\n| FCN = -3.172e+05              |     Ncalls=106 (106 total)     |\n| EDM = 8.32e-06 (Goal: 0.001)  |            up = 0.5            |\n------------------------------------------------------------------\n|  Valid Min.   | Valid Param.  | Above EDM | Reached call limit |\n------------------------------------------------------------------\n|     True      |     True      |   False   |       False        |\n------------------------------------------------------------------\n| Hesse failed  |   Has cov.    | Accurate  | Pos. def. | Forced |\n------------------------------------------------------------------\n|     False     |     True      |   True    |   True    | False  |\n------------------------------------------------------------------",
    "info_params": "name            value    minuit_hesse    at limit\n----------  ---------  --------------  ----------\nn_sig;808       50750     +/- 2.7e+02       False\u001b[0m\nn_bkg;808        6826     +/- 1.8e+02       False\u001b[0m\nfrac;808        0.481     +/-   0.026       False\u001b[0m\nmu;808           5279     +/-   0.078       False\u001b[0m\nsigmaL;808      11.32     +/-    0.22       False\u001b[0m\nsigmaR;808       18.8     +/-     0.3       False\u001b[0m\nlambda;808  -0.002243     +/-  0.0002       False\u001b[0m",
    "lambda;808": -0.00224343535005371,
    "lambda;808_err": 0.00019920451868992982,
    "mu;808": 5278.847121548614,
    "mu;808_err": 0.0779597990380242,
    "n_bkg;808": 6825.881337486515,
    "n_bkg;808_err": 183.6506196609877,
    "n_sig;808": 50748.185811507174,
    "n_sig;808_err": 274.8680836150913,
    "r_params": {
        "alphaL": 2.0878025660663906,
        "alphaL_Kpipi": 0.23984147888569726,
        "alphaR": -1.7824357613460995,
        "alphaR_Kpipi": -3.45169511727099,
        "fraction_Kpipi": 0.8861855867303668,
        "muL_Kpipi": 5214.656416664541,
        "muR_Kpipi": 5183.074248990296,
        "nL": 0.5421130821547683,
        "nL_Kpipi": 4.413073505098077,
        "nR": 7.093547005660424,
        "nR_Kpipi": 1.3686501931786665e-08,
        "r_bkgK": 0.034754054837981975,
        "sigmaL_Kpipi": 19.133710600596434,
        "sigmaR_Kpipi": 39.32384704379869
    },
    "sigmaL;808": 11.315345146021897,
    "sigmaL;808_err": 0.22322837560073872,
    "sigmaR;808": 18.801900416409673,
    "sigmaR;808_err": 0.3033164732985194
}