{
    "fit_ok": true,
    "frac;14": 0.40637055114248866,
    "frac;14_err": 0.02127505531076451,
    "info_fit": "------------------------------------------------------------------\n| FCN = -3.172e+05              |     Ncalls=106 (106 total)     |\n| EDM = 5.92e-05 (Goal: 0.001)  |            up = 0.5            |\n------------------------------------------------------------------\n|  Valid Min.   | Valid Param.  | Above EDM | Reached call limit |\n------------------------------------------------------------------\n|     True      |     True      |   False   |       False        |\n------------------------------------------------------------------\n| Hesse failed  |   Has cov.    | Accurate  | Pos. def. | Forced |\n------------------------------------------------------------------\n|     False     |     True      |   True    |   True    | False  |\n------------------------------------------------------------------",
    "info_params": "name           value    minuit_hesse    at limit\n---------  ---------  --------------  ----------\nn_sig;14       51260     +/- 2.8e+02       False\u001b[0m\nn_bkg;14        6054     +/- 1.9e+02       False\u001b[0m\nfrac;14       0.4064     +/-   0.021       False\u001b[0m\nmu;14           5279     +/-   0.079       False\u001b[0m\nsigmaL;14      10.78     +/-    0.24       False\u001b[0m\nsigmaR;14      18.01     +/-    0.22       False\u001b[0m\nlambda;14  -0.001395     +/- 0.00024       False\u001b[0m",
    "lambda;14": -0.0013954833036934206,
    "lambda;14_err": 0.00024204977761737694,
    "mu;14": 5278.870093649043,
    "mu;14_err": 0.07868366064769695,
    "n_bkg;14": 6053.943916059331,
    "n_bkg;14_err": 188.48503390007855,
    "n_sig;14": 51256.26126998904,
    "n_sig;14_err": 279.15375749714866,
    "r_params": {
        "alphaL": 2.032652256499463,
        "alphaL_Kpipi": 0.2383719131119925,
        "alphaR": -1.7656247571047547,
        "alphaR_Kpipi": -3.242379504203153,
        "fraction_Kpipi": 0.9100463868066861,
        "muL_Kpipi": 5214.138207025581,
        "muR_Kpipi": 5187.3428943234685,
        "nL": 0.4368034417751325,
        "nL_Kpipi": 4.67968328453809,
        "nR": 5.840596424652496,
        "nR_Kpipi": 0.00020703364527021337,
        "r_bkgK": 0.03952540347754653,
        "sigmaL_Kpipi": 19.1413240566408,
        "sigmaR_Kpipi": 38.45727193809169
    },
    "sigmaL;14": 10.783074013754232,
    "sigmaL;14_err": 0.23546116988713856,
    "sigmaR;14": 18.006361560497773,
    "sigmaR;14_err": 0.22422413041431835
}