{
    "fit_ok": false,
    "frac;513": 0.4500887360508986,
    "frac;513_err": 0.02406635191824817,
    "info_fit": "------------------------------------------------------------------\n| FCN = -3.172e+05              |     Ncalls=102 (102 total)     |\n| EDM = 0.00133 (Goal: 0.001)   |            up = 0.5            |\n------------------------------------------------------------------\n|  Valid Min.   | Valid Param.  | Above EDM | Reached call limit |\n------------------------------------------------------------------\n|     True      |     True      |   False   |       False        |\n------------------------------------------------------------------\n| Hesse failed  |   Has cov.    | Accurate  | Pos. def. | Forced |\n------------------------------------------------------------------\n|     False     |     True      |   True    |   True    | False  |\n------------------------------------------------------------------",
    "info_params": "name            value    minuit_hesse    at limit\n----------  ---------  --------------  ----------\nn_sig;513       50920     +/- 2.8e+02       False\u001b[0m\nn_bkg;513        6644     +/- 1.9e+02       False\u001b[0m\nfrac;513       0.4501     +/-   0.024       False\u001b[0m\nmu;513           5279     +/-   0.078       False\u001b[0m\nsigmaL;513      11.09     +/-    0.22       False\u001b[0m\nsigmaR;513      18.46     +/-    0.27       False\u001b[0m\nlambda;513  -0.001981     +/- 0.00021       False\u001b[0m",
    "lambda;513": -0.001980934863942893,
    "lambda;513_err": 0.00021430398197024248,
    "mu;513": 5278.852985457608,
    "mu;513_err": 0.07815767870731286,
    "n_bkg;513": 6643.541182034547,
    "n_bkg;513_err": 190.03789339923023,
    "n_sig;513": 50923.183939296854,
    "n_sig;513_err": 279.4699655715636,
    "r_params": {
        "alphaL": 2.0807834975056916,
        "alphaL_Kpipi": 0.23984147888569726,
        "alphaR": -1.7404836054697772,
        "alphaR_Kpipi": -3.45169511727099,
        "fraction_Kpipi": 0.8861855867303668,
        "muL_Kpipi": 5214.656416664541,
        "muR_Kpipi": 5183.074248990296,
        "nL": 0.4671735643948388,
        "nL_Kpipi": 4.413073505098077,
        "nR": 10.093598295131917,
        "nR_Kpipi": 1.3686501931786665e-08,
        "r_bkgK": 0.034754054837981975,
        "sigmaL_Kpipi": 19.133710600596434,
        "sigmaR_Kpipi": 39.32384704379869
    },
    "sigmaL;513": 11.087467928390279,
    "sigmaL;513_err": 0.22327830902351936,
    "sigmaR;513": 18.464355775769754,
    "sigmaR;513_err": 0.2701240444849575
}