{
    "fit_ok": true,
    "frac;189": 0.4659568263814541,
    "frac;189_err": 0.026785444966633338,
    "info_fit": "------------------------------------------------------------------\n| FCN = -3.172e+05              |     Ncalls=105 (105 total)     |\n| EDM = 7.68e-06 (Goal: 0.001)  |            up = 0.5            |\n------------------------------------------------------------------\n|  Valid Min.   | Valid Param.  | Above EDM | Reached call limit |\n------------------------------------------------------------------\n|     True      |     True      |   False   |       False        |\n------------------------------------------------------------------\n| Hesse failed  |   Has cov.    | Accurate  | Pos. def. | Forced |\n------------------------------------------------------------------\n|     False     |     True      |   True    |   True    | False  |\n------------------------------------------------------------------",
    "info_params": "name            value    minuit_hesse    at limit\n----------  ---------  --------------  ----------\nn_sig;189       50560     +/- 2.7e+02       False\u001b[0m\nn_bkg;189        7017     +/- 1.8e+02       False\u001b[0m\nfrac;189        0.466     +/-   0.027       False\u001b[0m\nmu;189           5279     +/-   0.078       False\u001b[0m\nsigmaL;189      11.14     +/-    0.23       False\u001b[0m\nsigmaR;189      18.82     +/-    0.31       False\u001b[0m\nlambda;189  -0.002387     +/- 0.00019       False\u001b[0m",
    "lambda;189": -0.002386853136203279,
    "lambda;189_err": 0.00019328910934003995,
    "mu;189": 5278.853916095875,
    "mu;189_err": 0.07778119873172855,
    "n_bkg;189": 7017.410321006864,
    "n_bkg;189_err": 184.91448454269434,
    "n_sig;189": 50562.7894735093,
    "n_sig;189_err": 274.991764380074,
    "r_params": {
        "alphaL": 2.1104921563193626,
        "alphaL_Kpipi": 0.23984147888569726,
        "alphaR": -1.8896469910418927,
        "alphaR_Kpipi": -3.45169511727099,
        "fraction_Kpipi": 0.8861855867303668,
        "muL_Kpipi": 5214.656416664541,
        "muR_Kpipi": 5183.074248990296,
        "nL": 0.5341454997170705,
        "nL_Kpipi": 4.413073505098077,
        "nR": 6.879302599497733,
        "nR_Kpipi": 1.3686501931786665e-08,
        "r_bkgK": 0.034754054837981975,
        "sigmaL_Kpipi": 19.133710600596434,
        "sigmaR_Kpipi": 39.32384704379869
    },
    "sigmaL;189": 11.142216172479525,
    "sigmaL;189_err": 0.23390720407571608,
    "sigmaR;189": 18.819870216781393,
    "sigmaR;189_err": 0.30594123085396024
}