{
    "fit_ok": true,
    "frac;720": 0.5003203345459675,
    "frac;720_err": 0.021876472556326222,
    "info_fit": "------------------------------------------------------------------\n| FCN = -3.172e+05              |     Ncalls=104 (104 total)     |\n| EDM = 1.53e-05 (Goal: 0.001)  |            up = 0.5            |\n------------------------------------------------------------------\n|  Valid Min.   | Valid Param.  | Above EDM | Reached call limit |\n------------------------------------------------------------------\n|     True      |     True      |   False   |       False        |\n------------------------------------------------------------------\n| Hesse failed  |   Has cov.    | Accurate  | Pos. def. | Forced |\n------------------------------------------------------------------\n|     False     |     True      |   True    |   True    | False  |\n------------------------------------------------------------------",
    "info_params": "name            value    minuit_hesse    at limit\n----------  ---------  --------------  ----------\nn_sig;720       51600     +/- 2.9e+02       False\u001b[0m\nn_bkg;720        6514     +/- 1.9e+02       False\u001b[0m\nfrac;720       0.5003     +/-   0.022       False\u001b[0m\nmu;720           5279     +/-   0.078       False\u001b[0m\nsigmaL;720      11.45     +/-     0.2       False\u001b[0m\nsigmaR;720      18.76     +/-    0.28       False\u001b[0m\nlambda;720  -0.001943     +/- 0.00022       False\u001b[0m",
    "lambda;720": -0.0019432912930936047,
    "lambda;720_err": 0.00022450557016625628,
    "mu;720": 5278.880895771602,
    "mu;720_err": 0.07830146715890865,
    "n_bkg;720": 6514.131101196018,
    "n_bkg;720_err": 194.10481699698593,
    "n_sig;720": 51599.87824434245,
    "n_sig;720_err": 285.5432502948738,
    "r_params": {
        "alphaL": 2.032652256499463,
        "alphaL_Kpipi": 0.2415889271538285,
        "alphaR": -1.7656247571047547,
        "alphaR_Kpipi": -3.52148606288799,
        "fraction_Kpipi": 0.8903585289022449,
        "muL_Kpipi": 5213.122393679462,
        "muR_Kpipi": 5182.260064304399,
        "nL": 0.4368034417751325,
        "nL_Kpipi": 4.18110591459701,
        "nR": 5.840596424652496,
        "nR_Kpipi": 0.00011180901806957153,
        "r_bkgK": 0.023711901490907218,
        "sigmaL_Kpipi": 20.327487699242436,
        "sigmaR_Kpipi": 39.41910833251532
    },
    "sigmaL;720": 11.45475279510105,
    "sigmaL;720_err": 0.1994507009148727,
    "sigmaR;720": 18.76277840840528,
    "sigmaR;720_err": 0.2814377347495886
}