{
    "fit_ok": true,
    "frac;690": 0.49664208553748174,
    "frac;690_err": 0.02196668967152308,
    "info_fit": "------------------------------------------------------------------\n| FCN = -3.172e+05              |     Ncalls=105 (105 total)     |\n| EDM = 8.72e-06 (Goal: 0.001)  |            up = 0.5            |\n------------------------------------------------------------------\n|  Valid Min.   | Valid Param.  | Above EDM | Reached call limit |\n------------------------------------------------------------------\n|     True      |     True      |   False   |       False        |\n------------------------------------------------------------------\n| Hesse failed  |   Has cov.    | Accurate  | Pos. def. | Forced |\n------------------------------------------------------------------\n|     False     |     True      |   True    |   True    | False  |\n------------------------------------------------------------------",
    "info_params": "name            value    minuit_hesse    at limit\n----------  ---------  --------------  ----------\nn_sig;690       51560     +/- 2.9e+02       False\u001b[0m\nn_bkg;690        6544     +/- 1.9e+02       False\u001b[0m\nfrac;690       0.4966     +/-   0.022       False\u001b[0m\nmu;690           5279     +/-   0.078       False\u001b[0m\nsigmaL;690      11.44     +/-     0.2       False\u001b[0m\nsigmaR;690      18.71     +/-    0.28       False\u001b[0m\nlambda;690  -0.001977     +/- 0.00022       False\u001b[0m",
    "lambda;690": -0.0019771213484266748,
    "lambda;690_err": 0.00022345162446562797,
    "mu;690": 5278.881292324565,
    "mu;690_err": 0.07830866080312975,
    "n_bkg;690": 6543.837260230004,
    "n_bkg;690_err": 194.27998401596096,
    "n_sig;690": 51563.65613522638,
    "n_sig;690_err": 285.5206982669875,
    "r_params": {
        "alphaL": 2.032652256499463,
        "alphaL_Kpipi": 0.2389836268245236,
        "alphaR": -1.7656247571047547,
        "alphaR_Kpipi": -3.6312806776908473,
        "fraction_Kpipi": 0.8659459688384241,
        "muL_Kpipi": 5214.698270342351,
        "muR_Kpipi": 5183.752108409953,
        "nL": 0.4368034417751325,
        "nL_Kpipi": 4.613994609973936,
        "nR": 5.840596424652496,
        "nR_Kpipi": 0.000134894564885457,
        "r_bkgK": 0.023855686707797787,
        "sigmaL_Kpipi": 19.335358435214165,
        "sigmaR_Kpipi": 39.75011202744988
    },
    "sigmaL;690": 11.436697772370273,
    "sigmaL;690_err": 0.20068837381442758,
    "sigmaR;690": 18.705403505025146,
    "sigmaR;690_err": 0.27862068805954193
}