{
    "fit_ok": true,
    "frac;419": 0.4324594809924182,
    "frac;419_err": 0.021523046317992015,
    "info_fit": "------------------------------------------------------------------\n| FCN = -3.172e+05              |     Ncalls=106 (106 total)     |\n| EDM = 2.84e-05 (Goal: 0.001)  |            up = 0.5            |\n------------------------------------------------------------------\n|  Valid Min.   | Valid Param.  | Above EDM | Reached call limit |\n------------------------------------------------------------------\n|     True      |     True      |   False   |       False        |\n------------------------------------------------------------------\n| Hesse failed  |   Has cov.    | Accurate  | Pos. def. | Forced |\n------------------------------------------------------------------\n|     False     |     True      |   True    |   True    | False  |\n------------------------------------------------------------------",
    "info_params": "name            value    minuit_hesse    at limit\n----------  ---------  --------------  ----------\nn_sig;419       51320     +/- 2.8e+02       False\u001b[0m\nn_bkg;419        6237     +/- 1.9e+02       False\u001b[0m\nfrac;419       0.4325     +/-   0.022       False\u001b[0m\nmu;419           5279     +/-   0.079       False\u001b[0m\nsigmaL;419      10.99     +/-    0.22       False\u001b[0m\nsigmaR;419      18.17     +/-    0.24       False\u001b[0m\nlambda;419  -0.001619     +/- 0.00023       False\u001b[0m",
    "lambda;419": -0.001618868579763122,
    "lambda;419_err": 0.000234896607507409,
    "mu;419": 5278.87579252525,
    "mu;419_err": 0.07850704581756403,
    "n_bkg;419": 6236.997799143659,
    "n_bkg;419_err": 190.743108122841,
    "n_sig;419": 51322.52831476792,
    "n_sig;419_err": 281.30887976294025,
    "r_params": {
        "alphaL": 2.032652256499463,
        "alphaL_Kpipi": 0.22681087385467621,
        "alphaR": -1.7656247571047547,
        "alphaR_Kpipi": -3.5827925433510925,
        "fraction_Kpipi": 0.8845611905329591,
        "muL_Kpipi": 5215.791066002944,
        "muR_Kpipi": 5186.126132949261,
        "nL": 0.4368034417751325,
        "nL_Kpipi": 4.729336794667692,
        "nR": 5.840596424652496,
        "nR_Kpipi": 9.48760306316109e-05,
        "r_bkgK": 0.034637649094227146,
        "sigmaL_Kpipi": 18.338514816297867,
        "sigmaR_Kpipi": 41.48754603160342
    },
    "sigmaL;419": 10.994693730995358,
    "sigmaL;419_err": 0.22239744942543954,
    "sigmaR;419": 18.167206232777808,
    "sigmaR;419_err": 0.23717818103440771
}