{
    "fit_ok": true,
    "frac;156": 0.46856019298698925,
    "frac;156_err": 0.022323913671420174,
    "info_fit": "------------------------------------------------------------------\n| FCN = -3.172e+05              |     Ncalls=106 (106 total)     |\n| EDM = 1.02e-05 (Goal: 0.001)  |            up = 0.5            |\n------------------------------------------------------------------\n|  Valid Min.   | Valid Param.  | Above EDM | Reached call limit |\n------------------------------------------------------------------\n|     True      |     True      |   False   |       False        |\n------------------------------------------------------------------\n| Hesse failed  |   Has cov.    | Accurate  | Pos. def. | Forced |\n------------------------------------------------------------------\n|     False     |     True      |   True    |   True    | False  |\n------------------------------------------------------------------",
    "info_params": "name            value    minuit_hesse    at limit\n----------  ---------  --------------  ----------\nn_sig;156       51390     +/- 2.8e+02       False\u001b[0m\nn_bkg;156        6533     +/- 1.9e+02       False\u001b[0m\nfrac;156       0.4686     +/-   0.022       False\u001b[0m\nmu;156           5279     +/-   0.078       False\u001b[0m\nsigmaL;156      11.27     +/-    0.21       False\u001b[0m\nsigmaR;156      18.39     +/-    0.26       False\u001b[0m\nlambda;156  -0.001968     +/- 0.00022       False\u001b[0m",
    "lambda;156": -0.0019682560297116097,
    "lambda;156_err": 0.00022491194444966092,
    "mu;156": 5278.885577634683,
    "mu;156_err": 0.07840759389703199,
    "n_bkg;156": 6532.954453216321,
    "n_bkg;156_err": 194.59464002269368,
    "n_sig;156": 51390.50172396217,
    "n_sig;156_err": 284.7421895613726,
    "r_params": {
        "alphaL": 2.032652256499463,
        "alphaL_Kpipi": 0.2597180925297238,
        "alphaR": -1.7656247571047547,
        "alphaR_Kpipi": -3.445218479294643,
        "fraction_Kpipi": 0.8633158232195667,
        "muL_Kpipi": 5217.254544738098,
        "muR_Kpipi": 5184.071409202805,
        "nL": 0.4368034417751325,
        "nL_Kpipi": 3.7721123257913685,
        "nR": 5.840596424652496,
        "nR_Kpipi": 0.00023606320661778577,
        "r_bkgK": 0.027520764528109955,
        "sigmaL_Kpipi": 18.472390590636124,
        "sigmaR_Kpipi": 39.55723263673614
    },
    "sigmaL;156": 11.266806719933573,
    "sigmaL;156_err": 0.2137228076886666,
    "sigmaR;156": 18.39095318973151,
    "sigmaR;156_err": 0.25992281445544074
}