{
    "fit_ok": true,
    "frac;1508": 0.4158381780928165,
    "frac;1508_err": 0.01973976068013754,
    "info_fit": "------------------------------------------------------------------\n| FCN = -3.172e+05              |     Ncalls=105 (105 total)     |\n| EDM = 2.15e-05 (Goal: 0.001)  |            up = 0.5            |\n------------------------------------------------------------------\n|  Valid Min.   | Valid Param.  | Above EDM | Reached call limit |\n------------------------------------------------------------------\n|     True      |     True      |   False   |       False        |\n------------------------------------------------------------------\n| Hesse failed  |   Has cov.    | Accurate  | Pos. def. | Forced |\n------------------------------------------------------------------\n|     False     |     True      |   True    |   True    | False  |\n------------------------------------------------------------------",
    "info_params": "name             value    minuit_hesse    at limit\n-----------  ---------  --------------  ----------\nn_sig;1508       51380     +/- 2.8e+02       False\u001b[0m\nn_bkg;1508        6168     +/- 1.9e+02       False\u001b[0m\nfrac;1508       0.4158     +/-    0.02       False\u001b[0m\nmu;1508           5279     +/-   0.079       False\u001b[0m\nsigmaL;1508      10.95     +/-    0.22       False\u001b[0m\nsigmaR;1508      17.76     +/-    0.21       False\u001b[0m\nlambda;1508  -0.001446     +/- 0.00024       False\u001b[0m",
    "lambda;1508": -0.0014456522503224628,
    "lambda;1508_err": 0.00023937443363145931,
    "mu;1508": 5278.8673305402535,
    "mu;1508_err": 0.07922002095821637,
    "n_bkg;1508": 6168.200669793703,
    "n_bkg;1508_err": 190.57757977600622,
    "n_sig;1508": 51381.982350002334,
    "n_sig;1508_err": 281.3572554338023,
    "r_params": {
        "alphaL": 1.9675046811319754,
        "alphaL_Kpipi": 0.23984147888569726,
        "alphaR": -1.6033955455440974,
        "alphaR_Kpipi": -3.45169511727099,
        "fraction_Kpipi": 0.8861855867303668,
        "muL_Kpipi": 5214.656416664541,
        "muR_Kpipi": 5183.074248990296,
        "nL": 0.4521841017409449,
        "nL_Kpipi": 4.413073505098077,
        "nR": 11.950036361279803,
        "nR_Kpipi": 1.3686501931786665e-08,
        "r_bkgK": 0.034754054837981975,
        "sigmaL_Kpipi": 19.133710600596434,
        "sigmaR_Kpipi": 39.32384704379869
    },
    "sigmaL;1508": 10.953676782054306,
    "sigmaL;1508_err": 0.2185647536216531,
    "sigmaR;1508": 17.759835237477684,
    "sigmaR;1508_err": 0.21150577875444923
}