{
    "fit_ok": true,
    "frac;366": 0.5579250886842988,
    "frac;366_err": 0.022816720744671316,
    "info_fit": "------------------------------------------------------------------\n| FCN = -3.172e+05              |     Ncalls=103 (103 total)     |\n| EDM = 5.88e-06 (Goal: 0.001)  |            up = 0.5            |\n------------------------------------------------------------------\n|  Valid Min.   | Valid Param.  | Above EDM | Reached call limit |\n------------------------------------------------------------------\n|     True      |     True      |   False   |       False        |\n------------------------------------------------------------------\n| Hesse failed  |   Has cov.    | Accurate  | Pos. def. | Forced |\n------------------------------------------------------------------\n|     False     |     True      |   True    |   True    | False  |\n------------------------------------------------------------------",
    "info_params": "name            value    minuit_hesse    at limit\n----------  ---------  --------------  ----------\nn_sig;366       51750     +/- 2.9e+02       False\u001b[0m\nn_bkg;366        6943     +/-   2e+02       False\u001b[0m\nfrac;366       0.5579     +/-   0.023       False\u001b[0m\nmu;366           5279     +/-   0.078       False\u001b[0m\nsigmaL;366      11.83     +/-    0.19       False\u001b[0m\nsigmaR;366      19.27     +/-    0.33       False\u001b[0m\nlambda;366  -0.002407     +/- 0.00021       False\u001b[0m",
    "lambda;366": -0.0024065428262047966,
    "lambda;366_err": 0.00020940544002440517,
    "mu;366": 5278.879434102984,
    "mu;366_err": 0.0782641591787884,
    "n_bkg;366": 6942.875829351837,
    "n_bkg;366_err": 196.975170226073,
    "n_sig;366": 51746.97121822943,
    "n_sig;366_err": 289.1370473134614,
    "r_params": {
        "alphaL": 2.032652256499463,
        "alphaL_Kpipi": 0.2388404761526167,
        "alphaR": -1.7656247571047547,
        "alphaR_Kpipi": -3.356169276738046,
        "fraction_Kpipi": 0.8921613075334729,
        "muL_Kpipi": 5214.2781644017605,
        "muR_Kpipi": 5189.419068661618,
        "nL": 0.4368034417751325,
        "nL_Kpipi": 4.420578270288445,
        "nR": 5.840596424652496,
        "nR_Kpipi": 0.0002572118473353424,
        "r_bkgK": 0.012538061580900442,
        "sigmaL_Kpipi": 19.2333227919317,
        "sigmaR_Kpipi": 38.468173993269545
    },
    "sigmaL;366": 11.834423725842367,
    "sigmaL;366_err": 0.1940210197815543,
    "sigmaR;366": 19.269647356422688,
    "sigmaR;366_err": 0.33026406024541083
}