{
    "fit_ok": true,
    "frac;879": 0.4178025727835718,
    "frac;879_err": 0.022521103074566798,
    "info_fit": "------------------------------------------------------------------\n| FCN = -3.172e+05              |     Ncalls=105 (105 total)     |\n| EDM = 2.63e-05 (Goal: 0.001)  |            up = 0.5            |\n------------------------------------------------------------------\n|  Valid Min.   | Valid Param.  | Above EDM | Reached call limit |\n------------------------------------------------------------------\n|     True      |     True      |   False   |       False        |\n------------------------------------------------------------------\n| Hesse failed  |   Has cov.    | Accurate  | Pos. def. | Forced |\n------------------------------------------------------------------\n|     False     |     True      |   True    |   True    | False  |\n------------------------------------------------------------------",
    "info_params": "name            value    minuit_hesse    at limit\n----------  ---------  --------------  ----------\nn_sig;879       51170     +/- 2.8e+02       False\u001b[0m\nn_bkg;879        6391     +/- 1.9e+02       False\u001b[0m\nfrac;879       0.4178     +/-   0.023       False\u001b[0m\nmu;879           5279     +/-   0.078       False\u001b[0m\nsigmaL;879      10.74     +/-    0.23       False\u001b[0m\nsigmaR;879      18.42     +/-    0.25       False\u001b[0m\nlambda;879  -0.001713     +/- 0.00023       False\u001b[0m",
    "lambda;879": -0.0017126282548239752,
    "lambda;879_err": 0.0002304406895540283,
    "mu;879": 5278.857439045775,
    "mu;879_err": 0.07787496818978905,
    "n_bkg;879": 6391.077288331972,
    "n_bkg;879_err": 193.78887161562503,
    "n_sig;879": 51167.43831411731,
    "n_sig;879_err": 282.67913837616845,
    "r_params": {
        "alphaL": 2.1602983710707275,
        "alphaL_Kpipi": 0.23984147888569726,
        "alphaR": -1.9254253243033932,
        "alphaR_Kpipi": -3.45169511727099,
        "fraction_Kpipi": 0.8861855867303668,
        "muL_Kpipi": 5214.656416664541,
        "muR_Kpipi": 5183.074248990296,
        "nL": 0.3305425660824878,
        "nL_Kpipi": 4.413073505098077,
        "nR": 5.404206861920197,
        "nR_Kpipi": 1.3686501931786665e-08,
        "r_bkgK": 0.034754054837981975,
        "sigmaL_Kpipi": 19.133710600596434,
        "sigmaR_Kpipi": 39.32384704379869
    },
    "sigmaL;879": 10.739671376054428,
    "sigmaL;879_err": 0.22639701845222127,
    "sigmaR;879": 18.419060104196014,
    "sigmaR;879_err": 0.25239722889198335
}