{
    "fit_ok": true,
    "frac;296": 0.32678476900064257,
    "frac;296_err": 0.017038587897059962,
    "info_fit": "------------------------------------------------------------------\n| FCN = -3.172e+05              |     Ncalls=105 (105 total)     |\n| EDM = 2.54e-05 (Goal: 0.001)  |            up = 0.5            |\n------------------------------------------------------------------\n|  Valid Min.   | Valid Param.  | Above EDM | Reached call limit |\n------------------------------------------------------------------\n|     True      |     True      |   False   |       False        |\n------------------------------------------------------------------\n| Hesse failed  |   Has cov.    | Accurate  | Pos. def. | Forced |\n------------------------------------------------------------------\n|     False     |     True      |   True    |   True    | False  |\n------------------------------------------------------------------",
    "info_params": "name           value    minuit_hesse    at limit\n----------  --------  --------------  ----------\nn_sig;296      51320     +/- 2.8e+02       False\u001b[0m\nn_bkg;296       6232     +/- 1.9e+02       False\u001b[0m\nfrac;296      0.3268     +/-   0.017       False\u001b[0m\nmu;296          5279     +/-   0.079       False\u001b[0m\nsigmaL;296     9.903     +/-    0.26       False\u001b[0m\nsigmaR;296     17.37     +/-    0.16       False\u001b[0m\nlambda;296  -0.00151     +/- 0.00024       False\u001b[0m",
    "lambda;296": -0.0015101860533771189,
    "lambda;296_err": 0.00024124601108558666,
    "mu;296": 5278.9774079758345,
    "mu;296_err": 0.07931152954275815,
    "n_bkg;296": 6232.233541902577,
    "n_bkg;296_err": 194.0517802676124,
    "n_sig;296": 51319.81600358266,
    "n_sig;296_err": 283.30200324582177,
    "r_params": {
        "alphaL": 1.9116568054098064,
        "alphaL_Kpipi": 0.23984147888569726,
        "alphaR": -1.9841447448136853,
        "alphaR_Kpipi": -3.45169511727099,
        "fraction_Kpipi": 0.8861855867303668,
        "muL_Kpipi": 5214.656416664541,
        "muR_Kpipi": 5183.074248990296,
        "nL": 0.3983484730329848,
        "nL_Kpipi": 4.413073505098077,
        "nR": 4.446172046284235,
        "nR_Kpipi": 1.3686501931786665e-08,
        "r_bkgK": 0.034754054837981975,
        "sigmaL_Kpipi": 19.133710600596434,
        "sigmaR_Kpipi": 39.32384704379869
    },
    "sigmaL;296": 9.903265235285165,
    "sigmaL;296_err": 0.25607927100676575,
    "sigmaR;296": 17.3666300130378,
    "sigmaR;296_err": 0.1638702488496786
}