{
    "fit_ok": true,
    "frac;142": 0.47844841079023737,
    "frac;142_err": 0.02821455613047714,
    "info_fit": "------------------------------------------------------------------\n| FCN = -3.172e+05              |     Ncalls=105 (105 total)     |\n| EDM = 3.29e-06 (Goal: 0.001)  |            up = 0.5            |\n------------------------------------------------------------------\n|  Valid Min.   | Valid Param.  | Above EDM | Reached call limit |\n------------------------------------------------------------------\n|     True      |     True      |   False   |       False        |\n------------------------------------------------------------------\n| Hesse failed  |   Has cov.    | Accurate  | Pos. def. | Forced |\n------------------------------------------------------------------\n|     False     |     True      |   True    |   True    | False  |\n------------------------------------------------------------------",
    "info_params": "name            value    minuit_hesse    at limit\n----------  ---------  --------------  ----------\nn_sig;142       50500     +/- 2.7e+02       False\u001b[0m\nn_bkg;142        7079     +/- 1.8e+02       False\u001b[0m\nfrac;142       0.4784     +/-   0.028       False\u001b[0m\nmu;142           5279     +/-   0.077       False\u001b[0m\nsigmaL;142      11.16     +/-    0.24       False\u001b[0m\nsigmaR;142      19.26     +/-    0.35       False\u001b[0m\nlambda;142  -0.002446     +/- 0.00019       False\u001b[0m",
    "lambda;142": -0.002446434956419913,
    "lambda;142_err": 0.00018838421534401212,
    "mu;142": 5278.81419985948,
    "mu;142_err": 0.07732687584731086,
    "n_bkg;142": 7079.113744064522,
    "n_bkg;142_err": 183.4825326329143,
    "n_sig;142": 50503.42839136944,
    "n_sig;142_err": 273.9093185535296,
    "r_params": {
        "alphaL": 2.2632173686218704,
        "alphaL_Kpipi": 0.23984147888569726,
        "alphaR": -1.993311018541294,
        "alphaR_Kpipi": -3.45169511727099,
        "fraction_Kpipi": 0.8861855867303668,
        "muL_Kpipi": 5214.656416664541,
        "muR_Kpipi": 5183.074248990296,
        "nL": 0.41416839530431604,
        "nL_Kpipi": 4.413073505098077,
        "nR": 5.801954601959614,
        "nR_Kpipi": 1.3686501931786665e-08,
        "r_bkgK": 0.034754054837981975,
        "sigmaL_Kpipi": 19.133710600596434,
        "sigmaR_Kpipi": 39.32384704379869
    },
    "sigmaL;142": 11.162796427935914,
    "sigmaL;142_err": 0.2391853687654783,
    "sigmaR;142": 19.263368316348682,
    "sigmaR;142_err": 0.34666501325437565
}