{
    "fit_ok": true,
    "frac;141": 0.3100886317206565,
    "frac;141_err": 0.01926764726420513,
    "info_fit": "------------------------------------------------------------------\n| FCN = -3.172e+05              |     Ncalls=101 (101 total)     |\n| EDM = 0.000135 (Goal: 0.001)  |            up = 0.5            |\n------------------------------------------------------------------\n|  Valid Min.   | Valid Param.  | Above EDM | Reached call limit |\n------------------------------------------------------------------\n|     True      |     True      |   False   |       False        |\n------------------------------------------------------------------\n| Hesse failed  |   Has cov.    | Accurate  | Pos. def. | Forced |\n------------------------------------------------------------------\n|     False     |     True      |   True    |   True    | False  |\n------------------------------------------------------------------",
    "info_params": "name             value    minuit_hesse    at limit\n----------  ----------  --------------  ----------\nn_sig;141        50790     +/- 2.7e+02       False\u001b[0m\nn_bkg;141         5671     +/- 1.8e+02       False\u001b[0m\nfrac;141        0.3101     +/-   0.019       False\u001b[0m\nmu;141            5279     +/-   0.079       False\u001b[0m\nsigmaL;141        9.99     +/-    0.27       False\u001b[0m\nsigmaR;141       17.28     +/-    0.18       False\u001b[0m\nlambda;141  -0.0008642     +/- 0.00025       False\u001b[0m",
    "lambda;141": -0.0008641602588216057,
    "lambda;141_err": 0.0002487226234965974,
    "mu;141": 5278.865459393108,
    "mu;141_err": 0.07887960636763054,
    "n_bkg;141": 5671.1326338524805,
    "n_bkg;141_err": 176.40407993432038,
    "n_sig;141": 50788.573734154255,
    "n_sig;141_err": 268.62600183887076,
    "r_params": {
        "alphaL": 2.032652256499463,
        "alphaL_Kpipi": 0.22800328763134406,
        "alphaR": -1.7656247571047547,
        "alphaR_Kpipi": -3.415065713106854,
        "fraction_Kpipi": 0.8791232879893547,
        "muL_Kpipi": 5216.2844451790015,
        "muR_Kpipi": 5188.806611375234,
        "nL": 0.4368034417751325,
        "nL_Kpipi": 4.345220319985395,
        "nR": 5.840596424652496,
        "nR_Kpipi": 0.00014028340132504007,
        "r_bkgK": 0.05660429121479057,
        "sigmaL_Kpipi": 18.857319176223765,
        "sigmaR_Kpipi": 38.91334509202569
    },
    "sigmaL;141": 9.990161286078973,
    "sigmaL;141_err": 0.2660862206760289,
    "sigmaR;141": 17.284648900911446,
    "sigmaR;141_err": 0.17912620973701832
}