{
    "fit_ok": true,
    "frac;1323": 0.56139669223335,
    "frac;1323_err": 0.022853518865463805,
    "info_fit": "------------------------------------------------------------------\n| FCN = -3.172e+05              |     Ncalls=105 (105 total)     |\n| EDM = 1.11e-05 (Goal: 0.001)  |            up = 0.5            |\n------------------------------------------------------------------\n|  Valid Min.   | Valid Param.  | Above EDM | Reached call limit |\n------------------------------------------------------------------\n|     True      |     True      |   False   |       False        |\n------------------------------------------------------------------\n| Hesse failed  |   Has cov.    | Accurate  | Pos. def. | Forced |\n------------------------------------------------------------------\n|     False     |     True      |   True    |   True    | False  |\n------------------------------------------------------------------",
    "info_params": "name             value    minuit_hesse    at limit\n-----------  ---------  --------------  ----------\nn_sig;1323       51740     +/- 2.9e+02       False\u001b[0m\nn_bkg;1323        7006     +/-   2e+02       False\u001b[0m\nfrac;1323       0.5614     +/-   0.023       False\u001b[0m\nmu;1323           5279     +/-   0.078       False\u001b[0m\nsigmaL;1323      11.86     +/-    0.19       False\u001b[0m\nsigmaR;1323      19.28     +/-    0.33       False\u001b[0m\nlambda;1323  -0.002471     +/- 0.00021       False\u001b[0m",
    "lambda;1323": -0.002471256715272291,
    "lambda;1323_err": 0.0002068806463612249,
    "mu;1323": 5278.880613341688,
    "mu;1323_err": 0.07824960107994762,
    "n_bkg;1323": 7005.501392350731,
    "n_bkg;1323_err": 196.85341037157983,
    "n_sig;1323": 51735.80273072727,
    "n_sig;1323_err": 289.1344371677879,
    "r_params": {
        "alphaL": 2.032652256499463,
        "alphaL_Kpipi": 0.2799648389569683,
        "alphaR": -1.7656247571047547,
        "alphaR_Kpipi": -3.326723755006851,
        "fraction_Kpipi": 0.874920766689698,
        "muL_Kpipi": 5214.850867322925,
        "muR_Kpipi": 5185.075535217284,
        "nL": 0.4368034417751325,
        "nL_Kpipi": 4.4307556973018905,
        "nR": 5.840596424652496,
        "nR_Kpipi": 8.400995946720966e-05,
        "r_bkgK": 0.011547023972918513,
        "sigmaL_Kpipi": 19.211631648937953,
        "sigmaR_Kpipi": 40.353987917025805
    },
    "sigmaL;1323": 11.859344081811878,
    "sigmaL;1323_err": 0.1928654583488502,
    "sigmaR;1323": 19.28292226599478,
    "sigmaR;1323_err": 0.33274121984689564
}