{
    "fit_ok": true,
    "frac;884": 0.45697111688357284,
    "frac;884_err": 0.02169292554663467,
    "info_fit": "------------------------------------------------------------------\n| FCN = -3.172e+05              |     Ncalls=106 (106 total)     |\n| EDM = 1.72e-05 (Goal: 0.001)  |            up = 0.5            |\n------------------------------------------------------------------\n|  Valid Min.   | Valid Param.  | Above EDM | Reached call limit |\n------------------------------------------------------------------\n|     True      |     True      |   False   |       False        |\n------------------------------------------------------------------\n| Hesse failed  |   Has cov.    | Accurate  | Pos. def. | Forced |\n------------------------------------------------------------------\n|     False     |     True      |   True    |   True    | False  |\n------------------------------------------------------------------",
    "info_params": "name            value    minuit_hesse    at limit\n----------  ---------  --------------  ----------\nn_sig;884       51440     +/- 2.8e+02       False\u001b[0m\nn_bkg;884        6329     +/- 1.9e+02       False\u001b[0m\nfrac;884        0.457     +/-   0.022       False\u001b[0m\nmu;884           5279     +/-   0.078       False\u001b[0m\nsigmaL;884      11.17     +/-    0.21       False\u001b[0m\nsigmaR;884      18.38     +/-    0.25       False\u001b[0m\nlambda;884  -0.001729     +/- 0.00023       False\u001b[0m",
    "lambda;884": -0.0017287777635425355,
    "lambda;884_err": 0.0002316905933071158,
    "mu;884": 5278.875481471297,
    "mu;884_err": 0.07844410291358972,
    "n_bkg;884": 6328.549757235804,
    "n_bkg;884_err": 192.12732370076097,
    "n_sig;884": 51435.15828306275,
    "n_sig;884_err": 282.98580602891406,
    "r_params": {
        "alphaL": 2.032652256499463,
        "alphaL_Kpipi": 0.2316590155935415,
        "alphaR": -1.7656247571047547,
        "alphaR_Kpipi": -3.645251598097879,
        "fraction_Kpipi": 0.8800885761888821,
        "muL_Kpipi": 5215.244179150184,
        "muR_Kpipi": 5184.376895267341,
        "nL": 0.4368034417751325,
        "nL_Kpipi": 4.413373189737035,
        "nR": 5.840596424652496,
        "nR_Kpipi": 0.00011769525780458026,
        "r_bkgK": 0.030590522476022543,
        "sigmaL_Kpipi": 18.555171286518895,
        "sigmaR_Kpipi": 38.43353693588773
    },
    "sigmaL;884": 11.166651064321776,
    "sigmaL;884_err": 0.2138922149804692,
    "sigmaR;884": 18.379137403090493,
    "sigmaR;884_err": 0.25179193991376747
}