{
    "fit_ok": true,
    "frac;255": 0.3426665183072425,
    "frac;255_err": 0.019849043314615154,
    "info_fit": "------------------------------------------------------------------\n| FCN = -3.172e+05              |     Ncalls=103 (103 total)     |\n| EDM = 2.43e-05 (Goal: 0.001)  |            up = 0.5            |\n------------------------------------------------------------------\n|  Valid Min.   | Valid Param.  | Above EDM | Reached call limit |\n------------------------------------------------------------------\n|     True      |     True      |   False   |       False        |\n------------------------------------------------------------------\n| Hesse failed  |   Has cov.    | Accurate  | Pos. def. | Forced |\n------------------------------------------------------------------\n|     False     |     True      |   True    |   True    | False  |\n------------------------------------------------------------------",
    "info_params": "name            value    minuit_hesse    at limit\n----------  ---------  --------------  ----------\nn_sig;255       50940     +/- 2.7e+02       False\u001b[0m\nn_bkg;255        5824     +/- 1.8e+02       False\u001b[0m\nfrac;255       0.3427     +/-    0.02       False\u001b[0m\nmu;255           5279     +/-   0.079       False\u001b[0m\nsigmaL;255      10.28     +/-    0.25       False\u001b[0m\nsigmaR;255       17.5     +/-    0.19       False\u001b[0m\nlambda;255  -0.001076     +/- 0.00025       False\u001b[0m",
    "lambda;255": -0.001076280096986057,
    "lambda;255_err": 0.0002458005323103374,
    "mu;255": 5278.871298450481,
    "mu;255_err": 0.07875771425663626,
    "n_bkg;255": 5823.767001909412,
    "n_bkg;255_err": 181.19267487207054,
    "n_sig;255": 50939.940954128404,
    "n_sig;255_err": 272.5476703989599,
    "r_params": {
        "alphaL": 2.032652256499463,
        "alphaL_Kpipi": 0.22948319390014943,
        "alphaR": -1.7656247571047547,
        "alphaR_Kpipi": -3.700589331643034,
        "fraction_Kpipi": 0.898860955455604,
        "muL_Kpipi": 5216.4798551412005,
        "muR_Kpipi": 5180.577975519153,
        "nL": 0.4368034417751325,
        "nL_Kpipi": 4.5376328015882335,
        "nR": 5.840596424652496,
        "nR_Kpipi": 0.00011488331387527342,
        "r_bkgK": 0.05048730845988278,
        "sigmaL_Kpipi": 18.848401068799074,
        "sigmaR_Kpipi": 41.11051943951208
    },
    "sigmaL;255": 10.28489452399976,
    "sigmaL;255_err": 0.24808756590108136,
    "sigmaR;255": 17.499699059921426,
    "sigmaR;255_err": 0.19263407142804503
}