{
    "fit_ok": true,
    "frac;846": 0.46533106424031384,
    "frac;846_err": 0.021988144854000007,
    "info_fit": "------------------------------------------------------------------\n| FCN = -3.172e+05              |     Ncalls=105 (105 total)     |\n| EDM = 1.71e-05 (Goal: 0.001)  |            up = 0.5            |\n------------------------------------------------------------------\n|  Valid Min.   | Valid Param.  | Above EDM | Reached call limit |\n------------------------------------------------------------------\n|     True      |     True      |   False   |       False        |\n------------------------------------------------------------------\n| Hesse failed  |   Has cov.    | Accurate  | Pos. def. | Forced |\n------------------------------------------------------------------\n|     False     |     True      |   True    |   True    | False  |\n------------------------------------------------------------------",
    "info_params": "name            value    minuit_hesse    at limit\n----------  ---------  --------------  ----------\nn_sig;846       51410     +/- 2.8e+02       False\u001b[0m\nn_bkg;846        6429     +/- 1.9e+02       False\u001b[0m\nfrac;846       0.4653     +/-   0.022       False\u001b[0m\nmu;846           5279     +/-   0.078       False\u001b[0m\nsigmaL;846      11.23     +/-    0.21       False\u001b[0m\nsigmaR;846       18.4     +/-    0.26       False\u001b[0m\nlambda;846  -0.001843     +/- 0.00023       False\u001b[0m",
    "lambda;846": -0.0018427783980501378,
    "lambda;846_err": 0.00022846607834932814,
    "mu;846": 5278.888051794348,
    "mu;846_err": 0.07839987115476031,
    "n_bkg;846": 6429.150290448344,
    "n_bkg;846_err": 193.52564495036543,
    "n_sig;846": 51411.60806240551,
    "n_sig;846_err": 283.9547512969339,
    "r_params": {
        "alphaL": 2.032652256499463,
        "alphaL_Kpipi": 0.24545660660370808,
        "alphaR": -1.7656247571047547,
        "alphaR_Kpipi": -3.9202891234780015,
        "fraction_Kpipi": 0.9144690871203357,
        "muL_Kpipi": 5215.4179538836925,
        "muR_Kpipi": 5179.679581386371,
        "nL": 0.4368034417751325,
        "nL_Kpipi": 4.5361752431670945,
        "nR": 5.840596424652496,
        "nR_Kpipi": 0.0001781795811666999,
        "r_bkgK": 0.02911187566877492,
        "sigmaL_Kpipi": 20.204273305392576,
        "sigmaR_Kpipi": 39.29268409161881
    },
    "sigmaL;846": 11.234477820142299,
    "sigmaL;846_err": 0.21213577491312635,
    "sigmaR;846": 18.396343259862984,
    "sigmaR;846_err": 0.25757835376326516
}