{
    "fit_ok": true,
    "frac;856": 0.29936229047906215,
    "frac;856_err": 0.014756061816384636,
    "info_fit": "------------------------------------------------------------------\n| FCN = -3.172e+05              |     Ncalls=101 (101 total)     |\n| EDM = 1.91e-05 (Goal: 0.001)  |            up = 0.5            |\n------------------------------------------------------------------\n|  Valid Min.   | Valid Param.  | Above EDM | Reached call limit |\n------------------------------------------------------------------\n|     True      |     True      |   False   |       False        |\n------------------------------------------------------------------\n| Hesse failed  |   Has cov.    | Accurate  | Pos. def. | Forced |\n------------------------------------------------------------------\n|     False     |     True      |   True    |   True    | False  |\n------------------------------------------------------------------",
    "info_params": "name           value    minuit_hesse    at limit\n----------  --------  --------------  ----------\nn_sig;856      51400     +/- 2.8e+02       False\u001b[0m\nn_bkg;856       6146     +/- 1.9e+02       False\u001b[0m\nfrac;856      0.2994     +/-   0.015       False\u001b[0m\nmu;856          5279     +/-    0.08       False\u001b[0m\nsigmaL;856     9.721     +/-    0.25       False\u001b[0m\nsigmaR;856     16.97     +/-    0.14       False\u001b[0m\nlambda;856  -0.00131     +/- 0.00024       False\u001b[0m",
    "lambda;856": -0.0013095209532545116,
    "lambda;856_err": 0.0002449985505499002,
    "mu;856": 5278.951064042073,
    "mu;856_err": 0.07977469359565174,
    "n_bkg;856": 6145.821603689292,
    "n_bkg;856_err": 192.1166654662025,
    "n_sig;856": 51402.65436719513,
    "n_sig;856_err": 282.3304963152567,
    "r_params": {
        "alphaL": 1.8767757730744297,
        "alphaL_Kpipi": 0.23984147888569726,
        "alphaR": -1.7655769333347857,
        "alphaR_Kpipi": -3.45169511727099,
        "fraction_Kpipi": 0.8861855867303668,
        "muL_Kpipi": 5214.656416664541,
        "muR_Kpipi": 5183.074248990296,
        "nL": 0.3593390908908447,
        "nL_Kpipi": 4.413073505098077,
        "nR": 9.420300066855361,
        "nR_Kpipi": 1.3686501931786665e-08,
        "r_bkgK": 0.034754054837981975,
        "sigmaL_Kpipi": 19.133710600596434,
        "sigmaR_Kpipi": 39.32384704379869
    },
    "sigmaL;856": 9.721205900289359,
    "sigmaL;856_err": 0.2523447511834634,
    "sigmaR;856": 16.966726598077955,
    "sigmaR;856_err": 0.14301323712347133
}