{
    "fit_ok": true,
    "frac;992": 0.4784459104507022,
    "frac;992_err": 0.022260947529521163,
    "info_fit": "------------------------------------------------------------------\n| FCN = -3.172e+05              |     Ncalls=101 (101 total)     |\n| EDM = 5.7e-05 (Goal: 0.001)   |            up = 0.5            |\n------------------------------------------------------------------\n|  Valid Min.   | Valid Param.  | Above EDM | Reached call limit |\n------------------------------------------------------------------\n|     True      |     True      |   False   |       False        |\n------------------------------------------------------------------\n| Hesse failed  |   Has cov.    | Accurate  | Pos. def. | Forced |\n------------------------------------------------------------------\n|     False     |     True      |   True    |   True    | False  |\n------------------------------------------------------------------",
    "info_params": "name            value    minuit_hesse    at limit\n----------  ---------  --------------  ----------\nn_sig;992       51440     +/- 2.9e+02       False\u001b[0m\nn_bkg;992        6561     +/- 1.9e+02       False\u001b[0m\nfrac;992       0.4784     +/-   0.022       False\u001b[0m\nmu;992           5279     +/-   0.078       False\u001b[0m\nsigmaL;992      11.33     +/-    0.21       False\u001b[0m\nsigmaR;992      18.48     +/-    0.27       False\u001b[0m\nlambda;992  -0.001999     +/- 0.00022       False\u001b[0m",
    "lambda;992": -0.0019991675443282453,
    "lambda;992_err": 0.00022354601347112664,
    "mu;992": 5278.885053325227,
    "mu;992_err": 0.07835248110795774,
    "n_bkg;992": 6561.003587324021,
    "n_bkg;992_err": 194.62470407271474,
    "n_sig;992": 51440.07426780681,
    "n_sig;992_err": 285.0950981445035,
    "r_params": {
        "alphaL": 2.032652256499463,
        "alphaL_Kpipi": 0.23108076672482947,
        "alphaR": -1.7656247571047547,
        "alphaR_Kpipi": -3.267829556553456,
        "fraction_Kpipi": 0.9055565906096721,
        "muL_Kpipi": 5216.940032591717,
        "muR_Kpipi": 5187.131755746403,
        "nL": 0.4368034417751325,
        "nL_Kpipi": 4.504336774115453,
        "nR": 5.840596424652496,
        "nR_Kpipi": 0.0003166105946543034,
        "r_bkgK": 0.02598446020163718,
        "sigmaL_Kpipi": 18.690101845213245,
        "sigmaR_Kpipi": 37.93766044756894
    },
    "sigmaL;992": 11.33271751993494,
    "sigmaL;992_err": 0.20929950019674268,
    "sigmaR;992": 18.483327506475803,
    "sigmaR;992_err": 0.2658031488842256
}