{
    "fit_ok": true,
    "frac;211": 0.497536791292143,
    "frac;211_err": 0.01676327407407446,
    "info_fit": "------------------------------------------------------------------\n| FCN = -3.172e+05              |     Ncalls=106 (106 total)     |\n| EDM = 0.000103 (Goal: 0.001)  |            up = 0.5            |\n------------------------------------------------------------------\n|  Valid Min.   | Valid Param.  | Above EDM | Reached call limit |\n------------------------------------------------------------------\n|     True      |     True      |   False   |       False        |\n------------------------------------------------------------------\n| Hesse failed  |   Has cov.    | Accurate  | Pos. def. | Forced |\n------------------------------------------------------------------\n|     False     |     True      |   True    |   True    | False  |\n------------------------------------------------------------------",
    "info_params": "name             value    minuit_hesse    at limit\n----------  ----------  --------------  ----------\nn_sig;211        52340     +/- 2.7e+02       False\u001b[0m\nn_bkg;211         5175     +/- 1.7e+02       False\u001b[0m\nfrac;211        0.4975     +/-   0.017       False\u001b[0m\nmu;211            5279     +/-   0.079       False\u001b[0m\nsigmaL;211       11.67     +/-    0.18       False\u001b[0m\nsigmaR;211       18.35     +/-    0.24       False\u001b[0m\nlambda;211  -0.0005034     +/- 0.00027       False\u001b[0m",
    "lambda;211": -0.000503380006992557,
    "lambda;211_err": 0.00026630418463814546,
    "mu;211": 5278.8546953134,
    "mu;211_err": 0.07897986265909272,
    "n_bkg;211": 5175.146062431679,
    "n_bkg;211_err": 170.13352845860783,
    "n_sig;211": 52342.788138798016,
    "n_sig;211_err": 272.3584015190245,
    "r_params": {
        "alphaL": 1.9960401498370015,
        "alphaL_Kpipi": 0.23984147888569726,
        "alphaR": -1.601192661713758,
        "alphaR_Kpipi": -3.45169511727099,
        "fraction_Kpipi": 0.8861855867303668,
        "muL_Kpipi": 5214.656416664541,
        "muR_Kpipi": 5183.074248990296,
        "nL": 0.4275170213171433,
        "nL_Kpipi": 4.413073505098077,
        "nR": 4.326242389341657,
        "nR_Kpipi": 1.3686501931786665e-08,
        "r_bkgK": 0.034754054837981975,
        "sigmaL_Kpipi": 19.133710600596434,
        "sigmaR_Kpipi": 39.32384704379869
    },
    "sigmaL;211": 11.670640651599957,
    "sigmaL;211_err": 0.18147749414507588,
    "sigmaR;211": 18.353755219463313,
    "sigmaR;211_err": 0.23816274202419443
}