{
    "fit_ok": true,
    "frac;638": 0.5658611955111426,
    "frac;638_err": 0.02263982738902753,
    "info_fit": "------------------------------------------------------------------\n| FCN = -3.172e+05              |     Ncalls=105 (105 total)     |\n| EDM = 1.03e-05 (Goal: 0.001)  |            up = 0.5            |\n------------------------------------------------------------------\n|  Valid Min.   | Valid Param.  | Above EDM | Reached call limit |\n------------------------------------------------------------------\n|     True      |     True      |   False   |       False        |\n------------------------------------------------------------------\n| Hesse failed  |   Has cov.    | Accurate  | Pos. def. | Forced |\n------------------------------------------------------------------\n|     False     |     True      |   True    |   True    | False  |\n------------------------------------------------------------------",
    "info_params": "name            value    minuit_hesse    at limit\n----------  ---------  --------------  ----------\nn_sig;638       51800     +/- 2.9e+02       False\u001b[0m\nn_bkg;638        6940     +/-   2e+02       False\u001b[0m\nfrac;638       0.5659     +/-   0.023       False\u001b[0m\nmu;638           5279     +/-   0.078       False\u001b[0m\nsigmaL;638      11.88     +/-    0.19       False\u001b[0m\nsigmaR;638      19.38     +/-    0.34       False\u001b[0m\nlambda;638  -0.002401     +/- 0.00021       False\u001b[0m",
    "lambda;638": -0.0024007501620183502,
    "lambda;638_err": 0.00020906064747613345,
    "mu;638": 5278.878099683483,
    "mu;638_err": 0.07824477079503087,
    "n_bkg;638": 6940.075408616307,
    "n_bkg;638_err": 196.78730614093223,
    "n_sig;638": 51796.28470307755,
    "n_sig;638_err": 289.2896949342983,
    "r_params": {
        "alphaL": 2.032652256499463,
        "alphaL_Kpipi": 0.23205454263409847,
        "alphaR": -1.7656247571047547,
        "alphaR_Kpipi": -3.8201179205069224,
        "fraction_Kpipi": 0.8776044133836356,
        "muL_Kpipi": 5213.525944427438,
        "muR_Kpipi": 5178.261739836992,
        "nL": 0.4368034417751325,
        "nL_Kpipi": 4.224696073327641,
        "nR": 5.840596424652496,
        "nR_Kpipi": 0.0003358006604705656,
        "r_bkgK": 0.011630902680414185,
        "sigmaL_Kpipi": 19.57940449202255,
        "sigmaR_Kpipi": 40.75126229045527
    },
    "sigmaL;638": 11.87953408644247,
    "sigmaL;638_err": 0.1905508143690883,
    "sigmaR;638": 19.378171169737364,
    "sigmaR;638_err": 0.3380914205616205
}