{
    "fit_ok": true,
    "frac;978": 0.3891018924693412,
    "frac;978_err": 0.0202617269976416,
    "info_fit": "------------------------------------------------------------------\n| FCN = -3.172e+05              |     Ncalls=104 (104 total)     |\n| EDM = 0.000207 (Goal: 0.001)  |            up = 0.5            |\n------------------------------------------------------------------\n|  Valid Min.   | Valid Param.  | Above EDM | Reached call limit |\n------------------------------------------------------------------\n|     True      |     True      |   False   |       False        |\n------------------------------------------------------------------\n| Hesse failed  |   Has cov.    | Accurate  | Pos. def. | Forced |\n------------------------------------------------------------------\n|     False     |     True      |   True    |   True    | False  |\n------------------------------------------------------------------",
    "info_params": "name            value    minuit_hesse    at limit\n----------  ---------  --------------  ----------\nn_sig;978       51210     +/- 2.8e+02       False\u001b[0m\nn_bkg;978        5909     +/- 1.8e+02       False\u001b[0m\nfrac;978       0.3891     +/-    0.02       False\u001b[0m\nmu;978           5279     +/-   0.079       False\u001b[0m\nsigmaL;978      10.64     +/-    0.23       False\u001b[0m\nsigmaR;978       17.9     +/-    0.21       False\u001b[0m\nlambda;978  -0.001199     +/- 0.00024       False\u001b[0m",
    "lambda;978": -0.0011986500095432645,
    "lambda;978_err": 0.0002443792274894796,
    "mu;978": 5278.871527256975,
    "mu;978_err": 0.07865149790682915,
    "n_bkg;978": 5909.148572347687,
    "n_bkg;978_err": 184.18720605194451,
    "n_sig;978": 51206.663998077405,
    "n_sig;978_err": 275.9622455999046,
    "r_params": {
        "alphaL": 2.032652256499463,
        "alphaL_Kpipi": 0.24185977419108212,
        "alphaR": -1.7656247571047547,
        "alphaR_Kpipi": -3.53324671804356,
        "fraction_Kpipi": 0.8992560256337181,
        "muL_Kpipi": 5213.707436562862,
        "muR_Kpipi": 5179.8629040929745,
        "nL": 0.4368034417751325,
        "nL_Kpipi": 4.4988952687664465,
        "nR": 5.840596424652496,
        "nR_Kpipi": 7.141649972096838e-05,
        "r_bkgK": 0.043349303325290196,
        "sigmaL_Kpipi": 19.82664128398791,
        "sigmaR_Kpipi": 41.21373498328958
    },
    "sigmaL;978": 10.637821248022025,
    "sigmaL;978_err": 0.22921374477427617,
    "sigmaR;978": 17.898075342570355,
    "sigmaR;978_err": 0.21320648993205915
}