{
    "fit_ok": true,
    "frac;1257": 0.6205922185011403,
    "frac;1257_err": 0.011493874503235338,
    "info_fit": "------------------------------------------------------------------\n| FCN = -3.171e+05              |     Ncalls=102 (102 total)     |\n| EDM = 1.7e-06 (Goal: 0.001)   |            up = 0.5            |\n------------------------------------------------------------------\n|  Valid Min.   | Valid Param.  | Above EDM | Reached call limit |\n------------------------------------------------------------------\n|     True      |     True      |   False   |       False        |\n------------------------------------------------------------------\n| Hesse failed  |   Has cov.    | Accurate  | Pos. def. | Forced |\n------------------------------------------------------------------\n|     False     |     True      |   True    |   True    | False  |\n------------------------------------------------------------------",
    "info_params": "name             value    minuit_hesse    at limit\n-----------  ---------  --------------  ----------\nn_sig;1257       54210     +/- 2.5e+02       False\u001b[0m\nn_bkg;1257        3236     +/- 1.1e+02       False\u001b[0m\nfrac;1257       0.6206     +/-   0.011       False\u001b[0m\nmu;1257           5279     +/-   0.079       False\u001b[0m\nsigmaL;1257      12.67     +/-    0.15       False\u001b[0m\nsigmaR;1257      19.68     +/-    0.28       False\u001b[0m\nlambda;1257  -1.06e-10     +/- 3.7e-08       False\u001b[0m",
    "lambda;1257": -1.0598995292543378e-10,
    "lambda;1257_err": 3.736830227129774e-08,
    "mu;1257": 5278.899670801135,
    "mu;1257_err": 0.07872038815435813,
    "n_bkg;1257": 3235.6936328809006,
    "n_bkg;1257_err": 113.4179124953995,
    "n_sig;1257": 54213.538243206596,
    "n_sig;1257_err": 250.62324484503935,
    "r_params": {
        "alphaL": 1.9932385747518562,
        "alphaL_Kpipi": 0.23984147888569726,
        "alphaR": -1.6413670741249975,
        "alphaR_Kpipi": -3.45169511727099,
        "fraction_Kpipi": 0.8861855867303668,
        "muL_Kpipi": 5214.656416664541,
        "muR_Kpipi": 5183.074248990296,
        "nL": 0.4465262383263247,
        "nL_Kpipi": 4.413073505098077,
        "nR": 1.382834760665336,
        "nR_Kpipi": 1.3686501931786665e-08,
        "r_bkgK": 0.034754054837981975,
        "sigmaL_Kpipi": 19.133710600596434,
        "sigmaR_Kpipi": 39.32384704379869
    },
    "sigmaL;1257": 12.672306478725915,
    "sigmaL;1257_err": 0.1466338018140681,
    "sigmaR;1257": 19.682364049762423,
    "sigmaR;1257_err": 0.28223867084407345
}