{
    "fit_ok": true,
    "frac;484": 0.4834525026526923,
    "frac;484_err": 0.02183868769664943,
    "info_fit": "------------------------------------------------------------------\n| FCN = -3.172e+05              |     Ncalls=106 (106 total)     |\n| EDM = 3.01e-05 (Goal: 0.001)  |            up = 0.5            |\n------------------------------------------------------------------\n|  Valid Min.   | Valid Param.  | Above EDM | Reached call limit |\n------------------------------------------------------------------\n|     True      |     True      |   False   |       False        |\n------------------------------------------------------------------\n| Hesse failed  |   Has cov.    | Accurate  | Pos. def. | Forced |\n------------------------------------------------------------------\n|     False     |     True      |   True    |   True    | False  |\n------------------------------------------------------------------",
    "info_params": "name            value    minuit_hesse    at limit\n----------  ---------  --------------  ----------\nn_sig;484       51540     +/- 2.8e+02       False\u001b[0m\nn_bkg;484        6447     +/- 1.9e+02       False\u001b[0m\nfrac;484       0.4835     +/-   0.022       False\u001b[0m\nmu;484           5279     +/-   0.078       False\u001b[0m\nsigmaL;484      11.35     +/-     0.2       False\u001b[0m\nsigmaR;484      18.61     +/-    0.27       False\u001b[0m\nlambda;484  -0.001869     +/- 0.00023       False\u001b[0m",
    "lambda;484": -0.0018692996780445142,
    "lambda;484_err": 0.00022717282617499006,
    "mu;484": 5278.877311136495,
    "mu;484_err": 0.07836212200543438,
    "n_bkg;484": 6447.332894514875,
    "n_bkg;484_err": 193.5039375296775,
    "n_sig;484": 51538.583128229526,
    "n_sig;484_err": 284.68894872703083,
    "r_params": {
        "alphaL": 2.032652256499463,
        "alphaL_Kpipi": 0.23532062373800278,
        "alphaR": -1.7656247571047547,
        "alphaR_Kpipi": -3.414640726154028,
        "fraction_Kpipi": 0.8907327100797675,
        "muL_Kpipi": 5214.420370854748,
        "muR_Kpipi": 5180.448619902428,
        "nL": 0.4368034417751325,
        "nL_Kpipi": 4.42659245003041,
        "nR": 5.840596424652496,
        "nR_Kpipi": 0.00016946888248790766,
        "r_bkgK": 0.026223960946595307,
        "sigmaL_Kpipi": 19.07842383479875,
        "sigmaR_Kpipi": 40.07491533479874
    },
    "sigmaL;484": 11.346127548237039,
    "sigmaL;484_err": 0.20481156517687676,
    "sigmaR;484": 18.608646520966936,
    "sigmaR;484_err": 0.2693047125316608
}