{
    "fit_ok": true,
    "frac;393": 0.33708662510710335,
    "frac;393_err": 0.019179374901870157,
    "info_fit": "------------------------------------------------------------------\n| FCN = -3.172e+05              |     Ncalls=104 (104 total)     |\n| EDM = 2.71e-05 (Goal: 0.001)  |            up = 0.5            |\n------------------------------------------------------------------\n|  Valid Min.   | Valid Param.  | Above EDM | Reached call limit |\n------------------------------------------------------------------\n|     True      |     True      |   False   |       False        |\n------------------------------------------------------------------\n| Hesse failed  |   Has cov.    | Accurate  | Pos. def. | Forced |\n------------------------------------------------------------------\n|     False     |     True      |   True    |   True    | False  |\n------------------------------------------------------------------",
    "info_params": "name             value    minuit_hesse    at limit\n----------  ----------  --------------  ----------\nn_sig;393        50980     +/- 2.7e+02       False\u001b[0m\nn_bkg;393         5662     +/- 1.8e+02       False\u001b[0m\nfrac;393        0.3371     +/-   0.019       False\u001b[0m\nmu;393            5279     +/-   0.079       False\u001b[0m\nsigmaL;393       10.21     +/-    0.25       False\u001b[0m\nsigmaR;393       17.54     +/-    0.19       False\u001b[0m\nlambda;393  -0.0008539     +/- 0.00025       False\u001b[0m",
    "lambda;393": -0.0008539329773286503,
    "lambda;393_err": 0.0002487425114004655,
    "mu;393": 5278.859997777142,
    "mu;393_err": 0.07883606080775926,
    "n_bkg;393": 5662.303917660984,
    "n_bkg;393_err": 176.3027466560825,
    "n_sig;393": 50979.61968409801,
    "n_sig;393_err": 269.5614946345929,
    "r_params": {
        "alphaL": 2.032652256499463,
        "alphaL_Kpipi": 0.2474170062963525,
        "alphaR": -1.7656247571047547,
        "alphaR_Kpipi": -3.61191113106079,
        "fraction_Kpipi": 0.8609584692933785,
        "muL_Kpipi": 5213.834597706787,
        "muR_Kpipi": 5186.496265906008,
        "nL": 0.4368034417751325,
        "nL_Kpipi": 4.751566033207021,
        "nR": 5.840596424652496,
        "nR_Kpipi": 0.00026824233585833395,
        "r_bkgK": 0.05282135099185672,
        "sigmaL_Kpipi": 19.41686541492214,
        "sigmaR_Kpipi": 40.209817865264775
    },
    "sigmaL;393": 10.208135870639556,
    "sigmaL;393_err": 0.24657818780444896,
    "sigmaR;393": 17.536136467196144,
    "sigmaR;393_err": 0.1881938934683853
}