{
    "fit_ok": true,
    "frac;1009": 0.48125621631704524,
    "frac;1009_err": 0.021654596234422084,
    "info_fit": "------------------------------------------------------------------\n| FCN = -3.172e+05              |     Ncalls=105 (105 total)     |\n| EDM = 1.11e-05 (Goal: 0.001)  |            up = 0.5            |\n------------------------------------------------------------------\n|  Valid Min.   | Valid Param.  | Above EDM | Reached call limit |\n------------------------------------------------------------------\n|     True      |     True      |   False   |       False        |\n------------------------------------------------------------------\n| Hesse failed  |   Has cov.    | Accurate  | Pos. def. | Forced |\n------------------------------------------------------------------\n|     False     |     True      |   True    |   True    | False  |\n------------------------------------------------------------------",
    "info_params": "name             value    minuit_hesse    at limit\n-----------  ---------  --------------  ----------\nn_sig;1009       51570     +/- 2.8e+02       False\u001b[0m\nn_bkg;1009        6382     +/- 1.9e+02       False\u001b[0m\nfrac;1009       0.4813     +/-   0.022       False\u001b[0m\nmu;1009           5279     +/-   0.078       False\u001b[0m\nsigmaL;1009      11.32     +/-    0.21       False\u001b[0m\nsigmaR;1009      18.63     +/-    0.27       False\u001b[0m\nlambda;1009  -0.001793     +/- 0.00023       False\u001b[0m",
    "lambda;1009": -0.0017934627902098932,
    "lambda;1009_err": 0.0002293203117707362,
    "mu;1009": 5278.869411399924,
    "mu;1009_err": 0.07839422122929089,
    "n_bkg;1009": 6381.715349858358,
    "n_bkg;1009_err": 192.67738849332153,
    "n_sig;1009": 51572.617009403904,
    "n_sig;1009_err": 284.19643076348274,
    "r_params": {
        "alphaL": 2.032652256499463,
        "alphaL_Kpipi": 0.21815300863229198,
        "alphaR": -1.7656247571047547,
        "alphaR_Kpipi": -3.5048936049361576,
        "fraction_Kpipi": 0.9004732910211709,
        "muL_Kpipi": 5213.7050945698775,
        "muR_Kpipi": 5184.901312621584,
        "nL": 0.4368034417751325,
        "nL_Kpipi": 4.315436903460022,
        "nR": 5.840596424652496,
        "nR_Kpipi": 0.0002719862417111025,
        "r_bkgK": 0.026806980857805734,
        "sigmaL_Kpipi": 18.324267318388618,
        "sigmaR_Kpipi": 38.58616624425525
    },
    "sigmaL;1009": 11.32339063965993,
    "sigmaL;1009_err": 0.20514468260283852,
    "sigmaR;1009": 18.63240975393071,
    "sigmaR;1009_err": 0.26748315215656626
}