{
    "fit_ok": true,
    "frac;163": 0.46772809099893076,
    "frac;163_err": 0.021913109278366677,
    "info_fit": "------------------------------------------------------------------\n| FCN = -3.172e+05              |     Ncalls=105 (105 total)     |\n| EDM = 1.37e-05 (Goal: 0.001)  |            up = 0.5            |\n------------------------------------------------------------------\n|  Valid Min.   | Valid Param.  | Above EDM | Reached call limit |\n------------------------------------------------------------------\n|     True      |     True      |   False   |       False        |\n------------------------------------------------------------------\n| Hesse failed  |   Has cov.    | Accurate  | Pos. def. | Forced |\n------------------------------------------------------------------\n|     False     |     True      |   True    |   True    | False  |\n------------------------------------------------------------------",
    "info_params": "name            value    minuit_hesse    at limit\n----------  ---------  --------------  ----------\nn_sig;163       51440     +/- 2.8e+02       False\u001b[0m\nn_bkg;163        6417     +/- 1.9e+02       False\u001b[0m\nfrac;163       0.4677     +/-   0.022       False\u001b[0m\nmu;163           5279     +/-   0.078       False\u001b[0m\nsigmaL;163      11.25     +/-    0.21       False\u001b[0m\nsigmaR;163      18.44     +/-    0.26       False\u001b[0m\nlambda;163  -0.001831     +/- 0.00023       False\u001b[0m",
    "lambda;163": -0.0018314775594360788,
    "lambda;163_err": 0.00022863580895954354,
    "mu;163": 5278.883148095347,
    "mu;163_err": 0.07839954903097222,
    "n_bkg;163": 6416.7543479986225,
    "n_bkg;163_err": 193.2204642195113,
    "n_sig;163": 51439.994540334585,
    "n_sig;163_err": 283.8902363196985,
    "r_params": {
        "alphaL": 2.032652256499463,
        "alphaL_Kpipi": 0.23912001256123216,
        "alphaR": -1.7656247571047547,
        "alphaR_Kpipi": -3.65677667326825,
        "fraction_Kpipi": 0.8682587578870926,
        "muL_Kpipi": 5214.9750561319,
        "muR_Kpipi": 5189.114631156731,
        "nL": 0.4368034417751325,
        "nL_Kpipi": 4.634143478887527,
        "nR": 5.840596424652496,
        "nR_Kpipi": 0.0001316950962490251,
        "r_bkgK": 0.028785081582056712,
        "sigmaL_Kpipi": 19.44792483874071,
        "sigmaR_Kpipi": 39.411855654335895
    },
    "sigmaL;163": 11.245316772447339,
    "sigmaL;163_err": 0.21118036258066633,
    "sigmaR;163": 18.440472096240555,
    "sigmaR;163_err": 0.2588250718206627
}