{
    "fit_ok": true,
    "frac;1324": 0.4868837879732976,
    "frac;1324_err": 0.02047896221123668,
    "info_fit": "------------------------------------------------------------------\n| FCN = -3.172e+05              |     Ncalls=101 (101 total)     |\n| EDM = 6.48e-05 (Goal: 0.001)  |            up = 0.5            |\n------------------------------------------------------------------\n|  Valid Min.   | Valid Param.  | Above EDM | Reached call limit |\n------------------------------------------------------------------\n|     True      |     True      |   False   |       False        |\n------------------------------------------------------------------\n| Hesse failed  |   Has cov.    | Accurate  | Pos. def. | Forced |\n------------------------------------------------------------------\n|     False     |     True      |   True    |   True    | False  |\n------------------------------------------------------------------",
    "info_params": "name             value    minuit_hesse    at limit\n-----------  ---------  --------------  ----------\nn_sig;1324       51420     +/- 2.8e+02       False\u001b[0m\nn_bkg;1324        6132     +/- 1.8e+02       False\u001b[0m\nfrac;1324       0.4869     +/-    0.02       False\u001b[0m\nmu;1324           5279     +/-    0.08       False\u001b[0m\nsigmaL;1324      11.61     +/-     0.2       False\u001b[0m\nsigmaR;1324      18.07     +/-    0.25       False\u001b[0m\nlambda;1324  -0.001531     +/- 0.00023       False\u001b[0m",
    "lambda;1324": -0.001530800383226491,
    "lambda;1324_err": 0.00022890362894281238,
    "mu;1324": 5278.867044498268,
    "mu;1324_err": 0.0795303328899061,
    "n_bkg;1324": 6131.710511680916,
    "n_bkg;1324_err": 182.31520489758336,
    "n_sig;1324": 51418.04937353158,
    "n_sig;1324_err": 276.3875375700683,
    "r_params": {
        "alphaL": 1.9192155283833043,
        "alphaL_Kpipi": 0.23984147888569726,
        "alphaR": -1.5483046556469713,
        "alphaR_Kpipi": -3.45169511727099,
        "fraction_Kpipi": 0.8861855867303668,
        "muL_Kpipi": 5214.656416664541,
        "muR_Kpipi": 5183.074248990296,
        "nL": 0.5913078437865678,
        "nL_Kpipi": 4.413073505098077,
        "nR": 8.330796068422767,
        "nR_Kpipi": 1.3686501931786665e-08,
        "r_bkgK": 0.034754054837981975,
        "sigmaL_Kpipi": 19.133710600596434,
        "sigmaR_Kpipi": 39.32384704379869
    },
    "sigmaL;1324": 11.610563816790805,
    "sigmaL;1324_err": 0.19764939490815697,
    "sigmaR;1324": 18.07273405281297,
    "sigmaR;1324_err": 0.24981433320411803
}