{
    "fit_ok": true,
    "frac;621": 0.4811248434929371,
    "frac;621_err": 0.02193097823443882,
    "info_fit": "------------------------------------------------------------------\n| FCN = -3.172e+05              |     Ncalls=103 (103 total)     |\n| EDM = 3.64e-05 (Goal: 0.001)  |            up = 0.5            |\n------------------------------------------------------------------\n|  Valid Min.   | Valid Param.  | Above EDM | Reached call limit |\n------------------------------------------------------------------\n|     True      |     True      |   False   |       False        |\n------------------------------------------------------------------\n| Hesse failed  |   Has cov.    | Accurate  | Pos. def. | Forced |\n------------------------------------------------------------------\n|     False     |     True      |   True    |   True    | False  |\n------------------------------------------------------------------",
    "info_params": "name            value    minuit_hesse    at limit\n----------  ---------  --------------  ----------\nn_sig;621       51510     +/- 2.8e+02       False\u001b[0m\nn_bkg;621        6465     +/- 1.9e+02       False\u001b[0m\nfrac;621       0.4811     +/-   0.022       False\u001b[0m\nmu;621           5279     +/-   0.078       False\u001b[0m\nsigmaL;621      11.33     +/-    0.21       False\u001b[0m\nsigmaR;621      18.57     +/-    0.27       False\u001b[0m\nlambda;621  -0.001888     +/- 0.00023       False\u001b[0m",
    "lambda;621": -0.0018883608451286255,
    "lambda;621_err": 0.00022667717526884376,
    "mu;621": 5278.8791155934505,
    "mu;621_err": 0.07836675390456452,
    "n_bkg;621": 6465.038101505014,
    "n_bkg;621_err": 193.6802273307127,
    "n_sig;621": 51511.361089876336,
    "n_sig;621_err": 284.6883399614103,
    "r_params": {
        "alphaL": 2.032652256499463,
        "alphaL_Kpipi": 0.23122060409390158,
        "alphaR": -1.7656247571047547,
        "alphaR_Kpipi": -3.6105306405587134,
        "fraction_Kpipi": 0.8499905066707057,
        "muL_Kpipi": 5215.390478676727,
        "muR_Kpipi": 5186.804099854742,
        "nL": 0.4368034417751325,
        "nL_Kpipi": 4.4357707066139485,
        "nR": 5.840596424652496,
        "nR_Kpipi": 7.799113430399606e-05,
        "r_bkgK": 0.026428918617207822,
        "sigmaL_Kpipi": 18.594456112412907,
        "sigmaR_Kpipi": 38.41296271438635
    },
    "sigmaL;621": 11.33408755801766,
    "sigmaL;621_err": 0.2064295583025569,
    "sigmaR;621": 18.571685791108216,
    "sigmaR;621_err": 0.26765819878390995
}