{
    "fit_ok": true,
    "frac;510": 0.4150241544486611,
    "frac;510_err": 0.021857383837897836,
    "info_fit": "------------------------------------------------------------------\n| FCN = -3.172e+05              |     Ncalls=104 (104 total)     |\n| EDM = 2.54e-05 (Goal: 0.001)  |            up = 0.5            |\n------------------------------------------------------------------\n|  Valid Min.   | Valid Param.  | Above EDM | Reached call limit |\n------------------------------------------------------------------\n|     True      |     True      |   False   |       False        |\n------------------------------------------------------------------\n| Hesse failed  |   Has cov.    | Accurate  | Pos. def. | Forced |\n------------------------------------------------------------------\n|     False     |     True      |   True    |   True    | False  |\n------------------------------------------------------------------",
    "info_params": "name            value    minuit_hesse    at limit\n----------  ---------  --------------  ----------\nn_sig;510       51230     +/- 2.8e+02       False\u001b[0m\nn_bkg;510        6189     +/- 1.9e+02       False\u001b[0m\nfrac;510        0.415     +/-   0.022       False\u001b[0m\nmu;510           5279     +/-   0.079       False\u001b[0m\nsigmaL;510      10.87     +/-    0.24       False\u001b[0m\nsigmaR;510      18.01     +/-    0.23       False\u001b[0m\nlambda;510  -0.001559     +/- 0.00024       False\u001b[0m",
    "lambda;510": -0.00155853769531894,
    "lambda;510_err": 0.00023847780082872683,
    "mu;510": 5278.879797254694,
    "mu;510_err": 0.0786472836852997,
    "n_bkg;510": 6188.587983184251,
    "n_bkg;510_err": 191.27544782957025,
    "n_sig;510": 51230.892924343796,
    "n_sig;510_err": 281.034042696904,
    "r_params": {
        "alphaL": 2.032652256499463,
        "alphaL_Kpipi": 0.24978321790004873,
        "alphaR": -1.7656247571047547,
        "alphaR_Kpipi": -3.5828820522167235,
        "fraction_Kpipi": 0.9007458321860403,
        "muL_Kpipi": 5215.737389434686,
        "muR_Kpipi": 5181.427142043137,
        "nL": 0.4368034417751325,
        "nL_Kpipi": 4.566772368997377,
        "nR": 5.840596424652496,
        "nR_Kpipi": 3.962720528382415e-05,
        "r_bkgK": 0.03741929355251893,
        "sigmaL_Kpipi": 19.19168146570515,
        "sigmaR_Kpipi": 38.942761552832415
    },
    "sigmaL;510": 10.868809513318809,
    "sigmaL;510_err": 0.23620750122136344,
    "sigmaR;510": 18.01203736478535,
    "sigmaR;510_err": 0.23003989285390786
}