{
    "fit_ok": true,
    "frac;25": 0.4012606933246688,
    "frac;25_err": 0.021012189316689064,
    "info_fit": "------------------------------------------------------------------\n| FCN = -3.172e+05              |     Ncalls=104 (104 total)     |\n| EDM = 5.43e-05 (Goal: 0.001)  |            up = 0.5            |\n------------------------------------------------------------------\n|  Valid Min.   | Valid Param.  | Above EDM | Reached call limit |\n------------------------------------------------------------------\n|     True      |     True      |   False   |       False        |\n------------------------------------------------------------------\n| Hesse failed  |   Has cov.    | Accurate  | Pos. def. | Forced |\n------------------------------------------------------------------\n|     False     |     True      |   True    |   True    | False  |\n------------------------------------------------------------------",
    "info_params": "name           value    minuit_hesse    at limit\n---------  ---------  --------------  ----------\nn_sig;25       51070     +/- 2.8e+02       False\u001b[0m\nn_bkg;25        6487     +/- 1.9e+02       False\u001b[0m\nfrac;25       0.4013     +/-   0.021       False\u001b[0m\nmu;25           5279     +/-   0.079       False\u001b[0m\nsigmaL;25       10.7     +/-    0.23       False\u001b[0m\nsigmaR;25       17.9     +/-    0.22       False\u001b[0m\nlambda;25  -0.001816     +/- 0.00022       False\u001b[0m",
    "lambda;25": -0.001815823203669284,
    "lambda;25_err": 0.00022464275351265914,
    "mu;25": 5278.915903911831,
    "mu;25_err": 0.07876095915516272,
    "n_bkg;25": 6486.608557817604,
    "n_bkg;25_err": 191.69371551031966,
    "n_sig;25": 51074.849332256075,
    "n_sig;25_err": 281.01510328406147,
    "r_params": {
        "alphaL": 1.9593925809190067,
        "alphaL_Kpipi": 0.23984147888569726,
        "alphaR": -1.8117932631483198,
        "alphaR_Kpipi": -3.45169511727099,
        "fraction_Kpipi": 0.8861855867303668,
        "muL_Kpipi": 5214.656416664541,
        "muR_Kpipi": 5183.074248990296,
        "nL": 0.49620244363543753,
        "nL_Kpipi": 4.413073505098077,
        "nR": 6.911373081145642,
        "nR_Kpipi": 1.3686501931786665e-08,
        "r_bkgK": 0.034754054837981975,
        "sigmaL_Kpipi": 19.133710600596434,
        "sigmaR_Kpipi": 39.32384704379869
    },
    "sigmaL;25": 10.698136929682967,
    "sigmaL;25_err": 0.2302898030495157,
    "sigmaR;25": 17.89994445235115,
    "sigmaR;25_err": 0.2151249972168334
}