{
    "fit_ok": true,
    "frac;513": 0.4722304111668706,
    "frac;513_err": 0.022013103861503916,
    "info_fit": "------------------------------------------------------------------\n| FCN = -3.172e+05              |     Ncalls=105 (105 total)     |\n| EDM = 2.78e-05 (Goal: 0.001)  |            up = 0.5            |\n------------------------------------------------------------------\n|  Valid Min.   | Valid Param.  | Above EDM | Reached call limit |\n------------------------------------------------------------------\n|     True      |     True      |   False   |       False        |\n------------------------------------------------------------------\n| Hesse failed  |   Has cov.    | Accurate  | Pos. def. | Forced |\n------------------------------------------------------------------\n|     False     |     True      |   True    |   True    | False  |\n------------------------------------------------------------------",
    "info_params": "name            value    minuit_hesse    at limit\n----------  ---------  --------------  ----------\nn_sig;513       51460     +/- 2.8e+02       False\u001b[0m\nn_bkg;513        6439     +/- 1.9e+02       False\u001b[0m\nfrac;513       0.4722     +/-   0.022       False\u001b[0m\nmu;513           5279     +/-   0.078       False\u001b[0m\nsigmaL;513      11.28     +/-    0.21       False\u001b[0m\nsigmaR;513      18.48     +/-    0.26       False\u001b[0m\nlambda;513  -0.001861     +/- 0.00023       False\u001b[0m",
    "lambda;513": -0.0018606746997671952,
    "lambda;513_err": 0.00022800968499015015,
    "mu;513": 5278.882346614206,
    "mu;513_err": 0.07840119289944336,
    "n_bkg;513": 6439.275423799779,
    "n_bkg;513_err": 193.62096477730503,
    "n_sig;513": 51461.195943114864,
    "n_sig;513_err": 284.3090031567175,
    "r_params": {
        "alphaL": 2.032652256499463,
        "alphaL_Kpipi": 0.23848937729352146,
        "alphaR": -1.7656247571047547,
        "alphaR_Kpipi": -3.29186899130235,
        "fraction_Kpipi": 0.8826142352620505,
        "muL_Kpipi": 5215.617871982995,
        "muR_Kpipi": 5181.033526720586,
        "nL": 0.4368034417751325,
        "nL_Kpipi": 4.696068940743479,
        "nR": 5.840596424652496,
        "nR_Kpipi": 4.599951754208364e-05,
        "r_bkgK": 0.02792129879610922,
        "sigmaL_Kpipi": 19.163441230240153,
        "sigmaR_Kpipi": 40.1154555687139
    },
    "sigmaL;513": 11.278592875755052,
    "sigmaL;513_err": 0.21098204082241562,
    "sigmaR;513": 18.475765773371183,
    "sigmaR;513_err": 0.2617220191193831
}