{
    "fit_ok": true,
    "frac;10": 0.4949478894040283,
    "frac;10_err": 0.020931505560110957,
    "info_fit": "------------------------------------------------------------------\n| FCN = -3.172e+05              |     Ncalls=104 (104 total)     |\n| EDM = 0.000152 (Goal: 0.001)  |            up = 0.5            |\n------------------------------------------------------------------\n|  Valid Min.   | Valid Param.  | Above EDM | Reached call limit |\n------------------------------------------------------------------\n|     True      |     True      |   False   |       False        |\n------------------------------------------------------------------\n| Hesse failed  |   Has cov.    | Accurate  | Pos. def. | Forced |\n------------------------------------------------------------------\n|     False     |     True      |   True    |   True    | False  |\n------------------------------------------------------------------",
    "info_params": "name           value    minuit_hesse    at limit\n---------  ---------  --------------  ----------\nn_sig;10       51680     +/- 2.8e+02       False\u001b[0m\nn_bkg;10        5865     +/- 1.8e+02       False\u001b[0m\nfrac;10       0.4949     +/-   0.021       False\u001b[0m\nmu;10           5279     +/-   0.079       False\u001b[0m\nsigmaL;10      11.55     +/-     0.2       False\u001b[0m\nsigmaR;10       18.6     +/-    0.27       False\u001b[0m\nlambda;10  -0.001212     +/- 0.00025       False\u001b[0m",
    "lambda;10": -0.0012117393703552914,
    "lambda;10_err": 0.0002454216189847123,
    "mu;10": 5278.811684224347,
    "mu;10_err": 0.07859085972496366,
    "n_bkg;10": 5865.302519909876,
    "n_bkg;10_err": 184.7013706818437,
    "n_sig;10": 51675.64341099197,
    "n_sig;10_err": 278.7677362411109,
    "r_params": {
        "alphaL": 2.0953782943048584,
        "alphaL_Kpipi": 0.23984147888569726,
        "alphaR": -1.5781819874025158,
        "alphaR_Kpipi": -3.45169511727099,
        "fraction_Kpipi": 0.8861855867303668,
        "muL_Kpipi": 5214.656416664541,
        "muR_Kpipi": 5183.074248990296,
        "nL": 0.3980746886522143,
        "nL_Kpipi": 4.413073505098077,
        "nR": 7.6650137322520635,
        "nR_Kpipi": 1.3686501931786665e-08,
        "r_bkgK": 0.034754054837981975,
        "sigmaL_Kpipi": 19.133710600596434,
        "sigmaR_Kpipi": 39.32384704379869
    },
    "sigmaL;10": 11.553970013501527,
    "sigmaL;10_err": 0.19549522420825377,
    "sigmaR;10": 18.59633107679206,
    "sigmaR;10_err": 0.2749975489169678
}