{
    "fit_ok": true,
    "frac;778": 0.5099364001908535,
    "frac;778_err": 0.022193178118914973,
    "info_fit": "------------------------------------------------------------------\n| FCN = -3.172e+05              |     Ncalls=105 (105 total)     |\n| EDM = 4.61e-06 (Goal: 0.001)  |            up = 0.5            |\n------------------------------------------------------------------\n|  Valid Min.   | Valid Param.  | Above EDM | Reached call limit |\n------------------------------------------------------------------\n|     True      |     True      |   False   |       False        |\n------------------------------------------------------------------\n| Hesse failed  |   Has cov.    | Accurate  | Pos. def. | Forced |\n------------------------------------------------------------------\n|     False     |     True      |   True    |   True    | False  |\n------------------------------------------------------------------",
    "info_params": "name            value    minuit_hesse    at limit\n----------  ---------  --------------  ----------\nn_sig;778       51620     +/- 2.9e+02       False\u001b[0m\nn_bkg;778        6607     +/-   2e+02       False\u001b[0m\nfrac;778       0.5099     +/-   0.022       False\u001b[0m\nmu;778           5279     +/-   0.078       False\u001b[0m\nsigmaL;778      11.52     +/-     0.2       False\u001b[0m\nsigmaR;778      18.83     +/-    0.29       False\u001b[0m\nlambda;778  -0.002055     +/- 0.00022       False\u001b[0m",
    "lambda;778": -0.002055285574284263,
    "lambda;778_err": 0.00022149961630100074,
    "mu;778": 5278.880243337388,
    "mu;778_err": 0.07830898288268302,
    "n_bkg;778": 6606.918949969359,
    "n_bkg;778_err": 195.16942728245618,
    "n_sig;778": 51618.05789227973,
    "n_sig;778_err": 286.5378581741846,
    "r_params": {
        "alphaL": 2.032652256499463,
        "alphaL_Kpipi": 0.24115993503825248,
        "alphaR": -1.7656247571047547,
        "alphaR_Kpipi": -3.066110235249063,
        "fraction_Kpipi": 0.8799329432784482,
        "muL_Kpipi": 5214.248167725784,
        "muR_Kpipi": 5182.458686765869,
        "nL": 0.4368034417751325,
        "nL_Kpipi": 4.649492227043023,
        "nR": 5.840596424652496,
        "nR_Kpipi": 0.00036977191095004,
        "r_bkgK": 0.021563072914675678,
        "sigmaL_Kpipi": 19.584884430469714,
        "sigmaR_Kpipi": 36.96056694480571
    },
    "sigmaL;778": 11.522393686841705,
    "sigmaL;778_err": 0.1999053754787648,
    "sigmaR;778": 18.831896525850055,
    "sigmaR;778_err": 0.28911055160442706
}