{
    "fit_ok": true,
    "frac;259": 0.41827819501020863,
    "frac;259_err": 0.020723597342360515,
    "info_fit": "------------------------------------------------------------------\n| FCN = -3.172e+05              |     Ncalls=106 (106 total)     |\n| EDM = 2.12e-05 (Goal: 0.001)  |            up = 0.5            |\n------------------------------------------------------------------\n|  Valid Min.   | Valid Param.  | Above EDM | Reached call limit |\n------------------------------------------------------------------\n|     True      |     True      |   False   |       False        |\n------------------------------------------------------------------\n| Hesse failed  |   Has cov.    | Accurate  | Pos. def. | Forced |\n------------------------------------------------------------------\n|     False     |     True      |   True    |   True    | False  |\n------------------------------------------------------------------",
    "info_params": "name            value    minuit_hesse    at limit\n----------  ---------  --------------  ----------\nn_sig;259       51270     +/- 2.8e+02       False\u001b[0m\nn_bkg;259        6284     +/- 1.9e+02       False\u001b[0m\nfrac;259       0.4183     +/-   0.021       False\u001b[0m\nmu;259           5279     +/-   0.079       False\u001b[0m\nsigmaL;259      10.88     +/-    0.22       False\u001b[0m\nsigmaR;259      17.98     +/-    0.22       False\u001b[0m\nlambda;259  -0.001636     +/- 0.00023       False\u001b[0m",
    "lambda;259": -0.0016360710713535648,
    "lambda;259_err": 0.00023279399733255543,
    "mu;259": 5278.89495648736,
    "mu;259_err": 0.07878910749960526,
    "n_bkg;259": 6283.595271418099,
    "n_bkg;259_err": 190.7548136398088,
    "n_sig;259": 51271.07282860006,
    "n_sig;259_err": 281.10744427758647,
    "r_params": {
        "alphaL": 1.9809572918418925,
        "alphaL_Kpipi": 0.23984147888569726,
        "alphaR": -1.7525000228258176,
        "alphaR_Kpipi": -3.45169511727099,
        "fraction_Kpipi": 0.8861855867303668,
        "muL_Kpipi": 5214.656416664541,
        "muR_Kpipi": 5183.074248990296,
        "nL": 0.47226808913061624,
        "nL_Kpipi": 4.413073505098077,
        "nR": 6.607161809819926,
        "nR_Kpipi": 1.3686501931786665e-08,
        "r_bkgK": 0.034754054837981975,
        "sigmaL_Kpipi": 19.133710600596434,
        "sigmaR_Kpipi": 39.32384704379869
    },
    "sigmaL;259": 10.880252026992654,
    "sigmaL;259_err": 0.22089718035015063,
    "sigmaR;259": 17.984267451595912,
    "sigmaR;259_err": 0.22287943139188907
}