{
    "fit_ok": true,
    "frac;1593": 0.37661837756773114,
    "frac;1593_err": 0.019786203279537506,
    "info_fit": "------------------------------------------------------------------\n| FCN = -3.172e+05              |     Ncalls=105 (105 total)     |\n| EDM = 5.97e-06 (Goal: 0.001)  |            up = 0.5            |\n------------------------------------------------------------------\n|  Valid Min.   | Valid Param.  | Above EDM | Reached call limit |\n------------------------------------------------------------------\n|     True      |     True      |   False   |       False        |\n------------------------------------------------------------------\n| Hesse failed  |   Has cov.    | Accurate  | Pos. def. | Forced |\n------------------------------------------------------------------\n|     False     |     True      |   True    |   True    | False  |\n------------------------------------------------------------------",
    "info_params": "name             value    minuit_hesse    at limit\n-----------  ---------  --------------  ----------\nn_sig;1593       51230     +/- 2.8e+02       False\u001b[0m\nn_bkg;1593        6323     +/- 1.9e+02       False\u001b[0m\nfrac;1593       0.3766     +/-    0.02       False\u001b[0m\nmu;1593           5279     +/-   0.078       False\u001b[0m\nsigmaL;1593      10.42     +/-    0.23       False\u001b[0m\nsigmaR;1593      17.87     +/-     0.2       False\u001b[0m\nlambda;1593  -0.001603     +/- 0.00024       False\u001b[0m",
    "lambda;1593": -0.0016029391272426863,
    "lambda;1593_err": 0.00023534797705829628,
    "mu;1593": 5278.905598289304,
    "mu;1593_err": 0.07842685900596348,
    "n_bkg;1593": 6322.596633261635,
    "n_bkg;1593_err": 193.83236659745498,
    "n_sig;1593": 51233.21824671996,
    "n_sig;1593_err": 282.90899573927805,
    "r_params": {
        "alphaL": 2.038137085277157,
        "alphaL_Kpipi": 0.23984147888569726,
        "alphaR": -1.9034716921547319,
        "alphaR_Kpipi": -3.45169511727099,
        "fraction_Kpipi": 0.8861855867303668,
        "muL_Kpipi": 5214.656416664541,
        "muR_Kpipi": 5183.074248990296,
        "nL": 0.3715606569131145,
        "nL_Kpipi": 4.413073505098077,
        "nR": 5.77821299462763,
        "nR_Kpipi": 1.3686501931786665e-08,
        "r_bkgK": 0.034754054837981975,
        "sigmaL_Kpipi": 19.133710600596434,
        "sigmaR_Kpipi": 39.32384704379869
    },
    "sigmaL;1593": 10.418223070648148,
    "sigmaL;1593_err": 0.23189193941349837,
    "sigmaR;1593": 17.870809628184098,
    "sigmaR;1593_err": 0.20417149967257092
}