{
    "fit_ok": true,
    "frac;254": 0.48538243835996797,
    "frac;254_err": 0.01974254210602053,
    "info_fit": "------------------------------------------------------------------\n| FCN = -3.172e+05              |     Ncalls=103 (103 total)     |\n| EDM = 7.89e-06 (Goal: 0.001)  |            up = 0.5            |\n------------------------------------------------------------------\n|  Valid Min.   | Valid Param.  | Above EDM | Reached call limit |\n------------------------------------------------------------------\n|     True      |     True      |   False   |       False        |\n------------------------------------------------------------------\n| Hesse failed  |   Has cov.    | Accurate  | Pos. def. | Forced |\n------------------------------------------------------------------\n|     False     |     True      |   True    |   True    | False  |\n------------------------------------------------------------------",
    "info_params": "name            value    minuit_hesse    at limit\n----------  ---------  --------------  ----------\nn_sig;254       51780     +/- 2.8e+02       False\u001b[0m\nn_bkg;254        5761     +/- 1.8e+02       False\u001b[0m\nfrac;254       0.4854     +/-    0.02       False\u001b[0m\nmu;254           5279     +/-   0.079       False\u001b[0m\nsigmaL;254      11.54     +/-    0.19       False\u001b[0m\nsigmaR;254      18.34     +/-    0.25       False\u001b[0m\nlambda;254  -0.001084     +/- 0.00025       False\u001b[0m",
    "lambda;254": -0.001084355853478075,
    "lambda;254_err": 0.000249829334399717,
    "mu;254": 5278.825083948087,
    "mu;254_err": 0.07892943256867103,
    "n_bkg;254": 5761.258700103107,
    "n_bkg;254_err": 183.1492641556174,
    "n_sig;254": 51775.76666819066,
    "n_sig;254_err": 278.14459594577545,
    "r_params": {
        "alphaL": 2.040343204586689,
        "alphaL_Kpipi": 0.23984147888569726,
        "alphaR": -1.5583144058084397,
        "alphaR_Kpipi": -3.45169511727099,
        "fraction_Kpipi": 0.8861855867303668,
        "muL_Kpipi": 5214.656416664541,
        "muR_Kpipi": 5183.074248990296,
        "nL": 0.42369753306929675,
        "nL_Kpipi": 4.413073505098077,
        "nR": 7.542699187849765,
        "nR_Kpipi": 1.3686501931786665e-08,
        "r_bkgK": 0.034754054837981975,
        "sigmaL_Kpipi": 19.133710600596434,
        "sigmaR_Kpipi": 39.32384704379869
    },
    "sigmaL;254": 11.535402249560676,
    "sigmaL;254_err": 0.1938899506780487,
    "sigmaR;254": 18.335409259239427,
    "sigmaR;254_err": 0.2542438158700007
}