{
    "fit_ok": true,
    "frac;514": 0.2733394200722943,
    "frac;514_err": 0.01829904178103616,
    "info_fit": "------------------------------------------------------------------\n| FCN = -3.172e+05              |     Ncalls=101 (101 total)     |\n| EDM = 0.000222 (Goal: 0.001)  |            up = 0.5            |\n------------------------------------------------------------------\n|  Valid Min.   | Valid Param.  | Above EDM | Reached call limit |\n------------------------------------------------------------------\n|     True      |     True      |   False   |       False        |\n------------------------------------------------------------------\n| Hesse failed  |   Has cov.    | Accurate  | Pos. def. | Forced |\n------------------------------------------------------------------\n|     False     |     True      |   True    |   True    | False  |\n------------------------------------------------------------------",
    "info_params": "name            value    minuit_hesse    at limit\n----------  ---------  --------------  ----------\nn_sig;514       50600     +/- 2.6e+02       False\u001b[0m\nn_bkg;514        5527     +/- 1.7e+02       False\u001b[0m\nfrac;514       0.2733     +/-   0.018       False\u001b[0m\nmu;514           5279     +/-   0.079       False\u001b[0m\nsigmaL;514      9.613     +/-    0.28       False\u001b[0m\nsigmaR;514      17.04     +/-    0.16       False\u001b[0m\nlambda;514  -0.000645     +/- 0.00025       False\u001b[0m",
    "lambda;514": -0.0006449805115631702,
    "lambda;514_err": 0.00024849005588635026,
    "mu;514": 5278.860748248938,
    "mu;514_err": 0.07894441083827462,
    "n_bkg;514": 5527.399265078305,
    "n_bkg;514_err": 169.789372403657,
    "n_sig;514": 50604.21605730969,
    "n_sig;514_err": 263.59844113087877,
    "r_params": {
        "alphaL": 2.032652256499463,
        "alphaL_Kpipi": 0.25438163371448536,
        "alphaR": -1.7656247571047547,
        "alphaR_Kpipi": -3.600031887180485,
        "fraction_Kpipi": 0.892066483073669,
        "muL_Kpipi": 5215.743344826993,
        "muR_Kpipi": 5182.508930191962,
        "nL": 0.4368034417751325,
        "nL_Kpipi": 4.426259869258906,
        "nR": 5.840596424652496,
        "nR_Kpipi": 2.303758269185679e-05,
        "r_bkgK": 0.06327546692110869,
        "sigmaL_Kpipi": 19.57197282675168,
        "sigmaR_Kpipi": 38.64420638646666
    },
    "sigmaL;514": 9.612849047864234,
    "sigmaL;514_err": 0.2839695450123908,
    "sigmaR;514": 17.0424501546113,
    "sigmaR;514_err": 0.1643453751207009
}