{
    "fit_ok": false,
    "frac;629": 0.22062277530716054,
    "frac;629_err": 0.015238579657965672,
    "info_fit": "------------------------------------------------------------------\n| FCN = -3.171e+05              |     Ncalls=103 (103 total)     |\n| EDM = 0.00154 (Goal: 0.001)   |            up = 0.5            |\n------------------------------------------------------------------\n|  Valid Min.   | Valid Param.  | Above EDM | Reached call limit |\n------------------------------------------------------------------\n|     True      |     True      |   False   |       False        |\n------------------------------------------------------------------\n| Hesse failed  |   Has cov.    | Accurate  | Pos. def. | Forced |\n------------------------------------------------------------------\n|     False     |     True      |   True    |   True    | False  |\n------------------------------------------------------------------",
    "info_params": "name             value    minuit_hesse    at limit\n----------  ----------  --------------  ----------\nn_sig;629        50380     +/- 2.5e+02       False\u001b[0m\nn_bkg;629         5192     +/- 1.4e+02       False\u001b[0m\nfrac;629        0.2206     +/-   0.015       False\u001b[0m\nmu;629            5279     +/-   0.079       False\u001b[0m\nsigmaL;629       9.001     +/-    0.29       False\u001b[0m\nsigmaR;629       16.76     +/-    0.14       False\u001b[0m\nlambda;629  -0.0001123     +/- 0.00022       False\u001b[0m",
    "lambda;629": -0.00011232377500094981,
    "lambda;629_err": 0.00022023611984633838,
    "mu;629": 5278.832782764326,
    "mu;629_err": 0.07899627054343067,
    "n_bkg;629": 5192.203854878611,
    "n_bkg;629_err": 138.13694247491486,
    "n_sig;629": 50375.05377394138,
    "n_sig;629_err": 245.18531914050078,
    "r_params": {
        "alphaL": 2.032652256499463,
        "alphaL_Kpipi": 0.262259260866318,
        "alphaR": -1.7656247571047547,
        "alphaR_Kpipi": -3.2637242903675743,
        "fraction_Kpipi": 0.8779078321013811,
        "muL_Kpipi": 5214.798807791577,
        "muR_Kpipi": 5180.684940515236,
        "nL": 0.4368034417751325,
        "nL_Kpipi": 4.185055774640355,
        "nR": 5.840596424652496,
        "nR_Kpipi": 0.00024315802810162041,
        "r_bkgK": 0.07473739931140244,
        "sigmaL_Kpipi": 19.494685626078404,
        "sigmaR_Kpipi": 38.71189411988343
    },
    "sigmaL;629": 9.001475657122832,
    "sigmaL;629_err": 0.291615412964433,
    "sigmaR;629": 16.75623959620534,
    "sigmaR;629_err": 0.13559378973129768
}