{
    "fit_ok": true,
    "frac;870": 0.4476750669343814,
    "frac;870_err": 0.023151745717310095,
    "info_fit": "------------------------------------------------------------------\n| FCN = -3.172e+05              |     Ncalls=103 (103 total)     |\n| EDM = 1.87e-05 (Goal: 0.001)  |            up = 0.5            |\n------------------------------------------------------------------\n|  Valid Min.   | Valid Param.  | Above EDM | Reached call limit |\n------------------------------------------------------------------\n|     True      |     True      |   False   |       False        |\n------------------------------------------------------------------\n| Hesse failed  |   Has cov.    | Accurate  | Pos. def. | Forced |\n------------------------------------------------------------------\n|     False     |     True      |   True    |   True    | False  |\n------------------------------------------------------------------",
    "info_params": "name            value    minuit_hesse    at limit\n----------  ---------  --------------  ----------\nn_sig;870       51310     +/- 2.8e+02       False\u001b[0m\nn_bkg;870        6243     +/- 1.9e+02       False\u001b[0m\nfrac;870       0.4477     +/-   0.023       False\u001b[0m\nmu;870           5279     +/-   0.078       False\u001b[0m\nsigmaL;870      11.08     +/-    0.23       False\u001b[0m\nsigmaR;870      18.46     +/-    0.27       False\u001b[0m\nlambda;870  -0.001554     +/- 0.00024       False\u001b[0m",
    "lambda;870": -0.0015542445690925194,
    "lambda;870_err": 0.00023827936296659803,
    "mu;870": 5278.819996362332,
    "mu;870_err": 0.07824547050086678,
    "n_bkg;870": 6242.51722182609,
    "n_bkg;870_err": 194.1438089021686,
    "n_sig;870": 51310.925228692984,
    "n_sig;870_err": 283.40528058530396,
    "r_params": {
        "alphaL": 2.150760215634478,
        "alphaL_Kpipi": 0.23984147888569726,
        "alphaR": -1.687913234516573,
        "alphaR_Kpipi": -3.45169511727099,
        "fraction_Kpipi": 0.8861855867303668,
        "muL_Kpipi": 5214.656416664541,
        "muR_Kpipi": 5183.074248990296,
        "nL": 0.3459659538091835,
        "nL_Kpipi": 4.413073505098077,
        "nR": 9.460222158833167,
        "nR_Kpipi": 1.3686501931786665e-08,
        "r_bkgK": 0.034754054837981975,
        "sigmaL_Kpipi": 19.133710600596434,
        "sigmaR_Kpipi": 39.32384704379869
    },
    "sigmaL;870": 11.082945143716133,
    "sigmaL;870_err": 0.22533732230179737,
    "sigmaR;870": 18.46121856040881,
    "sigmaR;870_err": 0.26802731490254567
}