{
    "fit_ok": true,
    "frac;323": 0.33398301819172693,
    "frac;323_err": 0.019301363649332805,
    "info_fit": "------------------------------------------------------------------\n| FCN = -3.172e+05              |     Ncalls=103 (103 total)     |\n| EDM = 2.68e-05 (Goal: 0.001)  |            up = 0.5            |\n------------------------------------------------------------------\n|  Valid Min.   | Valid Param.  | Above EDM | Reached call limit |\n------------------------------------------------------------------\n|     True      |     True      |   False   |       False        |\n------------------------------------------------------------------\n| Hesse failed  |   Has cov.    | Accurate  | Pos. def. | Forced |\n------------------------------------------------------------------\n|     False     |     True      |   True    |   True    | False  |\n------------------------------------------------------------------",
    "info_params": "name             value    minuit_hesse    at limit\n----------  ----------  --------------  ----------\nn_sig;323        50960     +/- 2.7e+02       False\u001b[0m\nn_bkg;323         5661     +/- 1.8e+02       False\u001b[0m\nfrac;323         0.334     +/-   0.019       False\u001b[0m\nmu;323            5279     +/-   0.079       False\u001b[0m\nsigmaL;323       10.19     +/-    0.25       False\u001b[0m\nsigmaR;323       17.49     +/-    0.19       False\u001b[0m\nlambda;323  -0.0008555     +/- 0.00025       False\u001b[0m",
    "lambda;323": -0.0008555241545689096,
    "lambda;323_err": 0.00024922243048233013,
    "mu;323": 5278.864364894916,
    "mu;323_err": 0.07882035711283135,
    "n_bkg;323": 5661.12397735235,
    "n_bkg;323_err": 176.5880798883234,
    "n_sig;323": 50961.17220757604,
    "n_sig;323_err": 269.6264578973568,
    "r_params": {
        "alphaL": 2.032652256499463,
        "alphaL_Kpipi": 0.2134876815660468,
        "alphaR": -1.7656247571047547,
        "alphaR_Kpipi": -3.2411922806062363,
        "fraction_Kpipi": 0.8937460194648621,
        "muL_Kpipi": 5215.393973991303,
        "muR_Kpipi": 5183.729225274231,
        "nL": 0.4368034417751325,
        "nL_Kpipi": 4.539471541964549,
        "nR": 5.840596424652496,
        "nR_Kpipi": 0.0001313186170909647,
        "r_bkgK": 0.053232450308518614,
        "sigmaL_Kpipi": 19.191661203446003,
        "sigmaR_Kpipi": 39.358814149942624
    },
    "sigmaL;323": 10.190696166393128,
    "sigmaL;323_err": 0.2511450790818134,
    "sigmaR;323": 17.492746403116573,
    "sigmaR;323_err": 0.18722929259125246
}