{
    "fit_ok": true,
    "frac;253": 0.3614775810953222,
    "frac;253_err": 0.010709206206890276,
    "info_fit": "------------------------------------------------------------------\n| FCN = -3.172e+05              |     Ncalls=104 (104 total)     |\n| EDM = 8.21e-06 (Goal: 0.001)  |            up = 0.5            |\n------------------------------------------------------------------\n|  Valid Min.   | Valid Param.  | Above EDM | Reached call limit |\n------------------------------------------------------------------\n|     True      |     True      |   False   |       False        |\n------------------------------------------------------------------\n| Hesse failed  |   Has cov.    | Accurate  | Pos. def. | Forced |\n------------------------------------------------------------------\n|     False     |     True      |   True    |   True    | False  |\n------------------------------------------------------------------",
    "info_params": "name             value    minuit_hesse    at limit\n----------  ----------  --------------  ----------\nn_sig;253        52640     +/- 2.4e+02       False\u001b[0m\nn_bkg;253         4865     +/- 1.1e+02       False\u001b[0m\nfrac;253        0.3615     +/-   0.011       False\u001b[0m\nmu;253            5279     +/-    0.08       False\u001b[0m\nsigmaL;253        10.7     +/-    0.24       False\u001b[0m\nsigmaR;253       17.03     +/-    0.12       False\u001b[0m\nlambda;253  -1.113e-10     +/- 8.5e-08       False\u001b[0m",
    "lambda;253": -1.1129436261470005e-10,
    "lambda;253_err": 8.507888849484501e-08,
    "mu;253": 5278.8598593155875,
    "mu;253_err": 0.07960858332966181,
    "n_bkg;253": 4865.087532106727,
    "n_bkg;253_err": 105.93260778105767,
    "n_sig;253": 52639.66067873533,
    "n_sig;253_err": 240.98937439809544,
    "r_params": {
        "alphaL": 1.9040320771089063,
        "alphaL_Kpipi": 0.23984147888569726,
        "alphaR": -1.6145258479799676,
        "alphaR_Kpipi": -3.45169511727099,
        "fraction_Kpipi": 0.8861855867303668,
        "muL_Kpipi": 5214.656416664541,
        "muR_Kpipi": 5183.074248990296,
        "nL": 0.3137598297101415,
        "nL_Kpipi": 4.413073505098077,
        "nR": 4.451131920420973,
        "nR_Kpipi": 1.3686501931786665e-08,
        "r_bkgK": 0.034754054837981975,
        "sigmaL_Kpipi": 19.133710600596434,
        "sigmaR_Kpipi": 39.32384704379869
    },
    "sigmaL;253": 10.700896184714306,
    "sigmaL;253_err": 0.23707327142827678,
    "sigmaR;253": 17.033121326755513,
    "sigmaR;253_err": 0.12409260227594228
}